iter,stage,env_steps,mean_rew,success_rate,mean_depth_mm,ep_done,approx_kl,entropy,pol_loss,val_loss,steps_per_s
0,5,192000,6.975773334503174,0.1983750093756195,38.01610510175427,2000,0.005272638355731031,5.514708608388901,-0.0008495406049746634,5576.176452636719,98224.23565995866
1,5,384000,6.964233875274658,0.19759375821134503,38.01077179362377,2000,0.00517656119923534,5.514331147074699,6.646663314313628e-05,5204.332595825195,130240.36665643108
2,5,576000,7.0857954025268555,0.20231771688486333,38.00637100931878,2000,0.004584389890524718,5.5139667093753815,-0.00022494667246064637,3968.1733779907227,129111.05207510725
3,5,768000,7.108591079711914,0.20204688550317465,37.991897163291775,2000,0.005072476532805015,5.524599060416222,-0.000817664627902559,3925.91512298584,129470.62576593558
4,5,960000,7.069806098937988,0.20106250844279808,38.01473013435801,2000,0.004693299315088856,5.5287818014621735,-0.0008051464626532834,3839.732467651367,129895.2197487437
5,5,1152000,7.091647624969482,0.20163542735584392,37.977820351719856,2000,0.004986738493113083,5.531314522027969,-0.0008222844464853551,3259.5934143066406,129698.92124123655
6,5,1344000,7.161350250244141,0.20356250887743954,38.03913712128997,2000,0.004413417995684239,5.533954858779907,-0.0009380394367326517,2822.825553894043,129171.94597986269
7,5,1536000,7.116197109222412,0.20342709155253638,38.01085448140899,2000,0.00457969758527664,5.538995072245598,-0.0011768771792048938,3189.3453216552734,129802.78071750907
8,5,1728000,7.05742073059082,0.19963021811418002,37.998417034745216,2000,0.005397112674506689,5.538031592965126,-0.0010301732672814978,3162.5673294067383,130011.82033046972
9,5,1920000,7.139586925506592,0.20247917689509146,37.99605682864785,2000,0.005196716862895606,5.5415429919958115,-0.0015336520623350225,2821.5759048461914,129232.42563026358
10,5,2112000,7.191304683685303,0.20431771731819026,38.02986016869545,2000,0.004919332107931648,5.5449507385492325,-0.0016827856197210167,2477.3426361083984,129107.32356183045
11,5,2304000,7.366640090942383,0.21157813400714076,38.063085888822876,2000,0.005357599283466699,5.545086547732353,-0.0016387614133464012,2167.765224456787,129105.1724660634
12,5,2496000,7.332291603088379,0.21083334463764913,38.04315975680947,2000,0.005162809400579137,5.544132575392723,-0.0012035959016429842,2051.723003387451,130200.93235693229
13,5,2688000,7.342422962188721,0.2119375099628087,38.08056629573306,2000,0.004977829060265018,5.545050099492073,-0.001193253566640351,2271.4417266845703,129900.65924724439
14,5,2880000,7.352980613708496,0.21273438545116127,38.08843263052404,2000,0.004698927249448995,5.546061247587204,-0.0018039385530528307,2477.6223068237305,129840.39243378436
15,5,3072000,7.36963415145874,0.21454688454165685,38.09733281036218,2000,0.004737575419700685,5.5369954109191895,-0.0015027770341475843,2688.4419326782227,129598.66869781681
16,5,3264000,7.559654712677002,0.22172396865486613,38.058752600258835,2000,0.004836138212507647,5.54003643989563,-0.0009004655901208025,2065.600643157959,127922.45272684416
17,5,3456000,7.458699703216553,0.21727605137008746,38.04481212235987,2000,0.004934141420021965,5.535079389810562,-0.0013299640904733678,1967.5435409545898,129508.60428937028
18,5,3648000,7.459006309509277,0.2175885526642863,38.065742487708725,2000,0.004740821499115554,5.524370908737183,-0.0007781346909752074,2138.864303588867,128787.27429144064
19,5,3840000,7.398065090179443,0.2142604274686164,38.03034442042311,2000,0.005017944652703589,5.514321759343147,-0.001045718331624812,2271.2880935668945,128544.55905575072
20,5,4032000,7.626825332641602,0.22513021948058545,38.117228054751955,2000,0.004648623978316516,5.516134813427925,-0.0011076193944745683,1899.5699653625488,129669.0035463924
21,5,4224000,7.570971488952637,0.2228750103040511,38.11836536601186,2000,0.004821123892082446,5.518606215715408,-0.0010443318878969876,2249.8804244995117,128423.76580787513
22,5,4416000,7.500635147094727,0.2184010509069291,38.02658412605524,2000,0.00434538489378368,5.512460455298424,-0.0014037856992104025,1892.9610786437988,128329.02544057366
23,5,4608000,7.520809173583984,0.21903646817008848,38.09995485469699,2000,0.005091128752532918,5.5037699937820435,-0.0012224221109136124,1819.6824951171875,128730.58520539253
24,5,4800000,7.605118274688721,0.2240416771674063,38.11823052416245,2000,0.004140468910642084,5.505418211221695,-0.0013985020141262794,2016.3693656921387,129317.60056664243
25,5,4992000,7.602783679962158,0.2231145943521066,38.0856446971496,2000,0.004607572675013216,5.514864876866341,-0.0015096571616766141,1900.5264167785645,128630.89061029517
26,5,5184000,7.606204509735107,0.22349480297634727,38.05855522491038,2000,0.0046410264771257065,5.519137531518936,-0.0011878336927111377,2026.112133026123,129342.54439574773
27,5,5376000,7.628684043884277,0.22476563716494033,38.11338736986121,2000,0.004805325736924715,5.5200070440769196,-0.001797430049009563,1894.1996040344238,128265.17019747362
28,5,5568000,7.6415910720825195,0.22476563718737452,38.05485571424166,2000,0.0042369550166962075,5.520152702927589,-0.0011119844230051967,1752.752628326416,128983.14487004504
29,5,5760000,7.737462043762207,0.22972917744543034,38.142841866860785,2000,0.004323927488003393,5.512528419494629,-0.0013360161215132393,1664.0255432128906,128807.36291846096
30,5,5952000,7.738872528076172,0.23003126026621126,38.125321174661316,2000,0.00397625002254548,5.507160767912865,-0.0016828715729388932,1960.6938743591309,127382.84692209109
31,5,6144000,7.7815937995910645,0.23173959463262386,38.0991500398765,2000,0.003970614285021538,5.5145086497068405,-0.0012970753037109262,1569.9549407958984,127603.42497556821
32,5,6336000,7.677359104156494,0.22688021927630567,38.0283536699911,2000,0.003982852842268285,5.510193690657616,-0.0012050697532686172,1855.260383605957,127783.20727044587
33,5,6528000,7.768033027648926,0.23246355104674876,38.04682156971345,2000,0.00562441244900401,5.506069108843803,-0.000809676967037376,1739.50341796875,128509.61559046988
34,5,6720000,7.674240589141846,0.2261510521529999,38.02825037762523,2000,0.0041534814346038465,5.503253161907196,-0.001763735441272729,1905.9666862487793,128604.14540963132
35,5,6912000,7.632467269897461,0.22479688670136966,38.06197929941118,2000,0.00469496561828904,5.5070895701646805,-0.0006592358276975574,1912.4221954345703,127813.06861593285
36,5,7104000,7.7212395668029785,0.22761459373214166,38.0329617621998,2000,0.004617558835889213,5.507327437400818,-0.0009712471420471047,1737.7595024108887,128454.68926448285
37,5,7296000,7.765083312988281,0.22972917904068405,38.003051202744246,2000,0.0037869805726416725,5.504262253642082,-0.001214306633301021,1705.0253067016602,127669.7096938486
38,5,7488000,7.852994918823242,0.23525522036895077,38.07898170811435,2000,0.005039053115081821,5.502869710326195,-0.0007486545991923776,1672.141040802002,129246.45801138204
39,5,7680000,7.859189987182617,0.23497917758625894,38.061834040408336,2000,0.004732820045086558,5.495578691363335,-0.0009449603949178709,1617.156650543213,127658.991090148
40,5,7872000,7.7762837409973145,0.23116667748521044,38.07934288183848,2000,0.004208212139497243,5.494835659861565,-0.0014245229685911909,1728.7361602783203,129344.79472454978
41,5,8064000,7.930019378662109,0.23733334322726782,38.066329701182745,2000,0.004816057544579963,5.4980059415102005,-0.0007906675257345341,1336.3535690307617,127799.41796064739
42,5,8256000,7.86334753036499,0.236020844951175,38.035264956454434,2000,0.004714805921772494,5.498782157897949,-0.00101165717069307,1768.093650817871,128890.89385734306
43,5,8448000,7.88967752456665,0.23605209324765988,38.04514956691613,2000,0.0043599541543080725,5.501278758049011,-0.0011333646532420971,1793.4270668029785,128417.73673237923
44,5,8640000,7.873722076416016,0.23491667664347915,38.05510532607635,2000,0.004101962280823504,5.49665729701519,-0.0014322757397167152,1742.0515518188477,128121.01149271907
45,5,8832000,7.850201606750488,0.23440105245875506,38.097634721547365,2000,0.004039747158914302,5.49760265648365,-0.0007330414152875164,1715.1707191467285,127861.8049166379
46,5,9024000,7.842691898345947,0.23440105219378893,38.124313700944185,2000,0.003488518332676903,5.503305718302727,-0.0007576223248406677,1804.3261642456055,128925.3256833676
47,5,9216000,7.922445774078369,0.23795834397181656,38.14435809478164,2000,0.0036791696268725638,5.504219025373459,-0.001231625530635938,1611.898235321045,127942.66829243387
48,5,9408000,7.96254825592041,0.23873438673520772,38.16591955410937,2000,0.00418982305407796,5.497712358832359,-0.0014588840166283035,1564.104232788086,128227.93018792817
49,5,9600000,7.836335182189941,0.23354167870396245,38.04685791643957,2000,0.003814561623740397,5.494220241904259,-0.0009143098998265486,1776.5654411315918,128453.27478252946
50,5,9792000,8.022684097290039,0.2430312626062611,38.19078275064627,2000,0.003914717715272367,5.492253795266151,-0.0008942719323385973,1798.8997383117676,127845.67288507672
51,5,9984000,7.903935432434082,0.23619271963373953,38.05308005337914,2000,0.004840809170784874,5.485653325915337,-0.0007721723832219141,1593.1386909484863,128002.89260923938
52,5,10176000,7.841352939605713,0.2338385515910583,38.0188907229652,2000,0.004549412382349453,5.476225286722183,-0.0012192994181532413,1766.66019821167,128623.6141005813
53,5,10368000,8.008977890014648,0.24199480334330778,38.149347081780434,2000,0.00390773292921464,5.471147641539574,-0.0013739764308411395,1586.1198463439941,128205.0707610779
54,5,10560000,7.980846405029297,0.24081772141047017,38.18324861830721,2000,0.004125675689800122,5.465559482574463,-0.0011896393766335223,1860.421230316162,128757.0601827369
55,5,10752000,7.844980239868164,0.23403126078665082,38.06834997981787,2000,0.0043831094228662555,5.4617462158203125,-0.0008670235174577101,1784.8351974487305,126979.6872309049
56,5,10944000,8.029692649841309,0.24299480378067528,38.20293213613331,2000,0.003970467629221576,5.455897271633148,-0.0014764699990337249,1580.8603897094727,127296.2551272522
57,5,11136000,7.922940254211426,0.2362656364778862,38.08136682088176,2000,0.004465992480885084,5.451317697763443,-0.0009956027770385845,1521.286361694336,128643.68307681043
58,5,11328000,8.000482559204102,0.24034376283755896,38.1484831298391,2000,0.0051072860723846425,5.450437322258949,-0.0011839331600640435,1376.5560874938965,128453.10909423459
59,5,11520000,8.092347145080566,0.2452239706490218,38.18828670680523,2000,0.0044013743225659735,5.450888469815254,-0.001640685464735725,1384.3433227539062,128755.49734462178
60,5,11712000,8.04694652557373,0.244286469446403,38.21678220729033,2000,0.004345813086731751,5.443198025226593,-0.001469030473458588,1819.4807472229004,128522.23166699911
61,5,11904000,7.953937530517578,0.2378906350077159,38.11487213087579,2000,0.004565021354656591,5.439364954829216,-0.0013309067468298963,1508.2381706237793,127416.16325559828
62,5,12096000,8.075407028198242,0.24394272065304298,38.2162140297393,2000,0.004593390593906711,5.439217299222946,-0.0005748564599343808,1639.3285789489746,127684.78516584505
63,5,12288000,8.034972190856934,0.24131251264467815,38.16455179825425,2000,0.004308939803318937,5.439882710576057,-0.0014078410058573354,1430.4446067810059,127603.81270518352
64,5,12480000,8.081360816955566,0.2445625112674558,38.237641206011176,2000,0.00424575489182219,5.437785714864731,-0.0008334366839335416,1501.7594833374023,127160.85138523704
65,5,12672000,8.01840591430664,0.2406406385895631,38.1269238392512,2000,0.003580335334714621,5.432853013277054,-0.0011073705682065338,1397.9584655761719,126974.95984505843
66,5,12864000,8.059525489807129,0.24295834374061087,38.16092187538743,2000,0.004140900562619211,5.436294183135033,-0.0009898274144006791,1496.0789794921875,127304.88984087478
67,5,13056000,8.047765731811523,0.2427500134199363,38.17486220598221,2000,0.004008763885309845,5.435341522097588,-0.0014461087425843289,1626.1393508911133,127596.2044591059
68,5,13248000,8.07675552368164,0.2441718878908432,38.18121365830302,2000,0.004024967835604909,5.4312968254089355,-0.0013797854217045824,1555.8022575378418,127874.20971303168
69,5,13440000,8.041502952575684,0.2416250116111769,38.12784851901233,2000,0.00424625911383434,5.429182931780815,-0.001641324774595887,1501.0598831176758,127960.76978690898
70,5,13632000,8.085686683654785,0.24343751318095505,38.208273362368345,2000,0.004859633418309389,5.418792724609375,-0.0012227316792632337,1381.9570121765137,128557.21479253304
71,5,13824000,8.046967506408691,0.2426250110638648,38.17176613522073,2000,0.004919105143208681,5.414971143007278,-0.0005343471832475188,1512.643211364746,127943.45632921798
72,5,14016000,8.173360824584961,0.2483593872863518,38.23663034786781,2000,0.0051401235597052924,5.4100146144628525,-0.0006011991162040431,1456.0878677368164,126510.6019856754
73,5,14208000,8.154982566833496,0.24750522087924764,38.19765951298177,2000,0.004330970873338329,5.406986683607101,-0.0012382156003809541,1415.7608222961426,127220.00794034444
74,5,14400000,8.118563652038574,0.24468230243534586,38.2147299622496,2000,0.006222636176651579,5.4068198800086975,-1.243030510522658e-05,1350.660530090332,127451.4079294423
75,5,14592000,8.035511016845703,0.24142709422085318,38.25209348835051,2000,0.004813017183798368,5.4086596220731735,-0.0011630427629540918,1563.9644584655762,127104.06917680541
76,5,14784000,8.2251615524292,0.24975001205772665,38.27378917361299,2000,0.0046581728324914945,5.4014992117881775,-0.0007345252006416558,1313.19482421875,127011.23581654076
77,5,14976000,8.220062255859375,0.25054688622791826,38.26258157255749,2000,0.004186221833641562,5.397423505783081,-0.0012612319401341665,1481.9047088623047,127476.97505745706
78,5,15168000,8.113879203796387,0.2439583448946602,38.20429156782726,2000,0.004676223437980902,5.392140448093414,-0.0012414340903461607,1269.061508178711,125623.51999242687
79,5,15360000,8.056817054748535,0.24278125996594704,38.18807122359673,2000,0.0044619367757744235,5.391106337308884,-0.0010663046841159485,1613.276008605957,127363.68744993008
80,5,15552000,8.190710067749023,0.2490885537226859,38.30823954194784,2000,0.0040692673703112345,5.390586942434311,-0.001292482806093176,1623.7797737121582,127149.8585840833
81,5,15744000,8.267550468444824,0.2522187619069882,38.26677880218873,2000,0.003333999529588863,5.3880755007267,-0.0012475569535581599,1299.151424407959,126997.05960060524
82,5,15936000,8.09135913848877,0.2435677183433048,38.262574945266046,2000,0.0041121675155494225,5.385290160775185,-0.0012705295808359551,1508.4091110229492,127226.9492083782
83,5,16128000,8.165122032165527,0.24648959603049056,38.21717569883913,2000,0.003856207449590636,5.383098736405373,-0.0013917145740833803,1394.633945465088,127170.83985006988
84,5,16320000,8.164185523986816,0.24714584373638596,38.266027454286814,2000,0.004068473166640614,5.3765950202941895,-0.0012064177526553976,1569.515525817871,126044.79788452995
85,5,16512000,8.177265167236328,0.24850521914777346,38.273152098680534,2000,0.004765668899194379,5.373491957783699,-0.001089324062149899,1494.421543121338,125624.6731860416
86,5,16704000,8.17086410522461,0.24715105208573127,38.222711422791086,2000,0.003908128471235006,5.3714455515146255,-0.0014796318892535965,1484.8298568725586,126836.76154329938
87,5,16896000,8.06993579864502,0.24164063631057311,38.12292600826671,2000,0.004092449927712245,5.371370181441307,-0.001547074507243451,1507.8080406188965,127329.9987147376
88,5,17088000,8.178738594055176,0.24674480495802223,38.239889624218144,2000,0.004324768724298336,5.371538579463959,-0.0011089300944604474,1385.117748260498,126527.79361670175
89,5,17280000,8.19211483001709,0.2471354281248447,38.25676609079043,2000,0.0048338927233611065,5.369023442268372,-0.0007906608758503353,1436.7582778930664,126386.57385392743
90,5,17472000,8.164705276489258,0.2473073028225675,38.27945060903827,2000,0.004752844603625517,5.363322347402573,-0.000772814763166707,1651.062297821045,127452.05870219707
91,5,17664000,8.228466987609863,0.24968751125258373,38.29436006397009,2000,0.003904093039428215,5.35619555413723,-0.0015087461113125755,1323.543888092041,127852.88369155872
92,5,17856000,8.148730278015137,0.2454583438187304,38.214272875649236,2000,0.004369660020233521,5.3459001034498215,-0.0009794367260838044,1365.401756286621,125641.73002359374
93,5,18048000,8.103189468383789,0.2421770947330515,38.21133646989862,2000,0.0038897148540587914,5.342875525355339,-0.0016617949804640375,1507.362636566162,127413.34639564932
94,5,18240000,8.18414306640625,0.24671876294754233,38.24306825672587,2000,0.00451783980662003,5.338485389947891,-0.0013112662950334197,1394.6680221557617,126870.12612064803
95,5,18432000,8.154829025268555,0.24480209452243193,38.26068698490659,2000,0.004251892750704429,5.326494067907333,-0.0010509965458140869,1304.0265502929688,126913.90976654722
96,5,18624000,8.283061027526855,0.25198959590973874,38.28637205126385,2000,0.0040351748845084065,5.316562041640282,-0.0013023279479966732,1297.6668548583984,127194.15751492132
97,5,18816000,8.194921493530273,0.24711459424482504,38.2836846994857,2000,0.00417081470400929,5.30923555791378,-0.0012133537657064153,1271.679141998291,127052.54158658387
98,5,19008000,8.203568458557129,0.24829167794208237,38.31856212640802,2000,0.00440039834449029,5.304942354559898,-0.001459977469361995,1424.7170181274414,127354.33483300795
99,5,19200000,8.204336166381836,0.24792709445258274,38.272828878213964,2000,0.004842381224904484,5.303775638341904,-0.0010839345486601815,1386.3195419311523,127177.51191450586
100,5,19392000,8.253443717956543,0.25069792779201333,38.26309073654314,2000,0.004477225334364149,5.301867187023163,-0.0006513565024306445,1633.6424293518066,126473.26758157315
101,5,19584000,8.250346183776855,0.24988022110058714,38.301807180047035,2000,0.003890763981976006,5.300772055983543,-0.00112599943895475,1629.2491493225098,126911.07480292038
102,5,19776000,8.265259742736816,0.2495260537646876,38.23090510489419,2000,0.003866373661679974,5.28962530195713,-0.0014597668232454453,1195.3668899536133,126694.79570626038
103,5,19968000,8.264891624450684,0.2511979296602173,38.36007086684307,2000,0.0033222867411483725,5.266201511025429,-0.001583405325845888,1576.3642883300781,127265.82855008218
104,5,20160000,8.267147064208984,0.250062512007086,38.30343018844724,2000,0.003792034318707012,5.258427307009697,-0.001017388158288668,1566.0220413208008,125613.87952681957
105,5,20352000,8.2948579788208,0.25072397029362037,38.29580099259814,2000,0.004901833691760352,5.26144951581955,-0.000716243573151587,1200.8603248596191,126900.14418289799
106,5,20544000,8.248485565185547,0.2501666791589135,38.322254375865064,2000,0.004735735037043921,5.258537113666534,-0.0006068239708838519,1608.747745513916,127193.99952217913
107,5,20736000,8.444538116455078,0.25982813693917706,38.356581876675286,2000,0.003786916945946968,5.253722071647644,-0.001335170312813716,1390.2090873718262,126549.32542912276
108,5,20928000,8.245368003845215,0.2487031385262526,38.26751388361057,2000,0.005283021996806685,5.248599350452423,-0.001158513909103931,1262.7358322143555,127234.62115410768
109,5,21120000,8.348461151123047,0.25480730168055743,38.34171462804079,2000,0.0038733001369716177,5.248058632016182,-0.0010590101028356003,1566.943260192871,126614.15305787922
110,5,21312000,8.195799827575684,0.24690105215025446,38.247151193519436,2000,0.004121268419558573,5.247265562415123,-0.0009512033739156323,1430.772087097168,126909.01438866301
111,5,21504000,8.293304443359375,0.2507135537459059,38.336199681585036,2000,0.004129988125467207,5.241937831044197,-0.0013116129466652637,1543.982021331787,125047.93886812228
112,5,21696000,8.225826263427734,0.24753126160976535,38.29437107530733,2000,0.0041235429813605146,5.233553245663643,-0.0013097298642605892,1554.1588249206543,127511.11295780333
113,5,21888000,8.305346488952637,0.25180209466755815,38.274589811762176,2000,0.004164563727793093,5.2315715700387955,-0.0011363680205249693,1385.7678833007812,127668.35447030296
114,5,22080000,8.406235694885254,0.2557083448342989,38.31665187763671,2000,0.004845751418203391,5.229650795459747,-0.0009759931883763784,1017.7623271942139,126991.59336690968
115,5,22272000,8.33702564239502,0.2526770960200035,38.37626179556052,2000,0.005238594110104411,5.229123517870903,-0.0004283692037461151,1328.0449829101562,126704.1860681845
116,5,22464000,8.344170570373535,0.2531562620054804,38.268645806858935,2000,0.005259751320380021,5.2251056879758835,-0.0005356255716151281,1245.948055267334,127837.1221273649
117,5,22656000,8.425174713134766,0.25806251118956425,38.412042104949556,2000,0.004775062439613974,5.216464772820473,-0.0006761144711049383,1376.8196754455566,127567.8542840773
118,5,22848000,8.485368728637695,0.2595781375257502,38.389062137032546,2000,0.004251683392055082,5.2106112986803055,-0.0012791662165909656,1062.2451419830322,128326.5018020155
119,5,23040000,8.303208351135254,0.25144271989423334,38.33457617710034,2000,0.003913365515298209,5.2015498876571655,-0.0010013223122768977,1412.2898406982422,128198.25971782532
120,5,23232000,8.384797096252441,0.25582813672068977,38.34161152752737,2000,0.003466868670114004,5.190342009067535,-0.0012615806668136997,1454.0906867980957,126223.73815641084
121,5,23424000,8.383301734924316,0.2554739695782094,38.364572989443936,2000,0.003495014454909934,5.186509609222412,-0.001143829516763617,1503.2451095581055,126373.96622728594
122,5,23616000,8.335539817810059,0.2522916793150216,38.34471490482489,2000,0.0034972050412773875,5.185783565044403,-0.0012779270109604113,1440.1801300048828,126927.11714727248
123,5,23808000,8.371788024902344,0.2545104282144166,38.39142307949563,2000,0.0036392168955790144,5.179433837532997,-0.0013662921228387859,1522.132957458496,128372.57212191349
124,5,24000000,8.364425659179688,0.25421355412678776,38.328805796802044,2000,0.003261275487696065,5.175370529294014,-0.0015404998816848092,1628.0703468322754,128243.79795686407
125,5,24192000,8.33156967163086,0.2518281382041702,38.31483845536908,2000,0.0034663635942294296,5.171245187520981,-0.0013012364647693175,1349.652416229248,127846.95849691995
126,5,24384000,8.443861961364746,0.2576875124856694,38.382000939299665,2000,0.003716682481989364,5.161806970834732,-0.0013438480855256785,1149.1895427703857,127365.55160074461
127,5,24576000,8.344782829284668,0.2522604293105057,38.30320773025354,2000,0.00473319621083404,5.157601162791252,-0.0006954932778171496,1312.2355766296387,128155.74194901154
128,5,24768000,8.331933975219727,0.2515573042461862,38.33501177902023,2000,0.004192824128321566,5.154688447713852,-0.0008148900597007014,1437.6871032714844,127772.19487023102
129,5,24960000,8.429834365844727,0.2563593874116729,38.33995788047711,2000,0.005019730941538,5.159759655594826,-0.0004961801751051098,1309.3922233581543,126426.32750514027
130,5,25152000,8.354390144348145,0.2523437609306711,38.2970032642285,2000,0.004391915118884454,5.162086606025696,-0.0010127674586328794,1266.8272438049316,127350.93127163744
131,5,25344000,8.2980318069458,0.24927084600434077,38.320193429787956,2000,0.004367500498323351,5.152754694223404,-0.0013014576356908947,1190.801010131836,127029.79764057975
132,5,25536000,8.35212516784668,0.252286470450296,38.333856915434204,2000,0.004550980891314491,5.14572611451149,-0.0009427682743989863,1320.6893196105957,127607.22105928377
133,5,25728000,8.390640258789062,0.25377084591430804,38.38655777461827,2000,0.0037674772679165483,5.1419848799705505,-0.0010095838333654683,1282.5186195373535,127472.54562950747
134,5,25920000,8.444791793823242,0.256947929818125,38.42296084264914,2000,0.0041768843944980025,5.141165629029274,-0.0010724788717197953,1278.5119667053223,126511.69674812071
135,5,26112000,8.425455093383789,0.2550468875700365,38.37392972409725,2000,0.004215073892385894,5.134339660406113,-0.0014306242874226882,1133.2591495513916,126267.58109263958
136,5,26304000,8.408989906311035,0.25555209485294955,38.39596956844131,2000,0.003864415433830197,5.126039698719978,-0.0011398079733453415,1313.7607460021973,127348.24070413978
137,5,26496000,8.34898853302002,0.2523177207713161,38.34693457496663,2000,0.0033831773730222878,5.118370339274406,-0.0007735995031907805,1604.046298980713,127506.53661171618
138,5,26688000,8.415509223937988,0.25526042874116683,38.36996050551534,2000,0.003996065005599424,5.113176539540291,-0.0012169030896984623,1456.5784645080566,125821.13922701651
139,5,26880000,8.300591468811035,0.24934376163340252,38.35702112813791,2000,0.0036331453419455387,5.112150922417641,-0.0011563167242911732,1519.0743598937988,127109.40044477265
140,5,27072000,8.413732528686523,0.25500521865130094,38.3567349743098,2000,0.004270626639297309,5.108900994062424,-0.0014755429278920928,1295.764778137207,127052.39882500248
141,5,27264000,8.467683792114258,0.25806771899321274,38.37979334716996,2000,0.0034883686717997395,5.103507816791534,-0.0010361804670537822,1388.9738082885742,125859.69076310335
142,5,27456000,8.51340389251709,0.2597604276864634,38.443403761833906,2000,0.004433819317736683,5.098932683467865,-0.0010987526825374516,1144.5354709625244,125917.28570131627
143,5,27648000,8.5613431930542,0.26215626223711297,38.44829733359317,2000,0.0034137943357491207,5.097097679972649,-0.0013317892553459387,1390.346092224121,126262.63473248454
144,5,27840000,8.464380264282227,0.2577031381042616,38.43007187731564,2000,0.003989618711110476,5.094344303011894,-0.001004289732691177,1543.8853645324707,126449.62991848875
145,5,28032000,8.417628288269043,0.25453126159967115,38.3490494924287,2000,0.004229177999707949,5.088735848665237,-0.0006202898002811708,1267.6950912475586,126677.69982795331
146,5,28224000,8.418782234191895,0.2550260547353294,38.386403664946556,2000,0.004263745387045978,5.083144098520279,-0.0014597963863707264,1300.4827880859375,126633.09401684912
147,5,28416000,8.538959503173828,0.26083855486831453,38.44139519830545,2000,0.003665277076661977,5.077841222286224,-0.001321917927270988,1338.3427200317383,126721.24777690583
148,5,28608000,8.466203689575195,0.25674480540086125,38.35089960259696,2000,0.00319154577303319,5.073404848575592,-0.0012911437320326513,1230.3159561157227,127375.3978387698
149,5,28800000,8.493929862976074,0.258447928026726,38.39614101996025,2000,0.004047558458334002,5.064934179186821,-0.001582314016559394,1184.3127784729004,126249.44572108088
150,5,28992000,8.438075065612793,0.2552760545719745,38.39496699472269,2000,0.003540331374698627,5.052704602479935,-0.0012457272884489612,1179.8338165283203,126939.76573377402
151,5,29184000,8.52879810333252,0.25907813785973605,38.384792525942125,2000,0.0044678138050197325,5.043783247470856,-0.0014051034902422543,1067.64058303833,127448.76455216263
152,5,29376000,8.44357967376709,0.2556458444857223,38.366280334691204,2000,0.004759496474061355,5.040073961019516,-0.0010020987811572013,1327.1312408447266,127349.01053516736
153,5,29568000,8.479325294494629,0.2578177200078547,38.39159404486418,2000,0.004661053030208376,5.036984339356422,-0.0005170683953110711,1395.577247619629,127256.736583094
154,5,29760000,8.434837341308594,0.2562083463538632,38.36803683514396,2000,0.0036453493978770013,5.035704091191292,-0.001219507571477152,1380.9885368347168,127450.48322281626
155,5,29952000,8.4217529296875,0.2548489702458028,38.43454410950653,2000,0.004366899134736743,5.032032564282417,-0.001057505010976456,1403.894863128662,127535.93228369746
156,5,30144000,8.514366149902344,0.2586614697459784,38.40439550578594,2000,0.004275417777505938,5.025124132633209,-0.0017160342422357644,1162.4196434020996,126863.53857683297
157,5,30336000,8.48447036743164,0.2572239708606503,38.360022308925785,2000,0.003733743979716868,5.01675520837307,-0.001127528175857151,1173.2229499816895,124893.74323332791
158,5,30528000,8.442584991455078,0.2553177190529823,38.36766119798025,2000,0.003763585624605187,5.008197769522667,-0.001351956646317376,1172.8408851623535,126521.83411005187
159,5,30720000,8.481571197509766,0.2579895946613154,38.45881679312637,2000,0.003567389814750639,5.003460869193077,-0.0011667632122680516,1285.7206420898438,126892.50371309853
160,5,30912000,8.522966384887695,0.2598541792989029,38.41980758681893,2000,0.003388379351439652,5.001668080687523,-0.001257121884350454,1455.211196899414,126659.76857271
161,5,31104000,8.516485214233398,0.25873959571981686,38.4013128913939,2000,0.00402900385323058,4.996781155467033,-0.001454320012271637,1275.509479522705,126534.96634870353
162,5,31296000,8.566208839416504,0.2609375108744037,38.39972253019611,2000,0.004131816394733812,4.992466896772385,-0.0009842577810559305,1117.6358470916748,127163.5797743064
163,5,31488000,8.485157012939453,0.257468762132703,38.45480650973817,2000,0.0035310661196320606,4.986784994602203,-0.001249682218713133,1318.6617240905762,126997.63703112604
164,5,31680000,8.51205825805664,0.2578958451407137,38.36821813074251,2000,0.0035724515873929094,4.979902982711792,-0.0010561790113570169,1196.2690830230713,127041.57842893167
165,5,31872000,8.513411521911621,0.25818751193643646,38.4589456692338,2000,0.0040608574824218535,4.975418791174889,-0.0016328750621141808,1254.672664642334,126849.03217621181
166,5,32064000,8.535075187683105,0.2590573025057286,38.39631581430634,2000,0.0038708126219377526,4.969536006450653,-0.0014431793965741235,1405.3915824890137,125380.17440008526
167,5,32256000,8.517663955688477,0.2592864704371702,38.446726862341166,2000,0.0030061423533188636,4.965330854058266,-0.0008244974769695546,1404.8286972045898,126830.65400724324
168,5,32448000,8.499666213989258,0.2574218862888908,38.41260457535585,2000,0.0036450918977013053,4.960827678442001,-0.0012242704735854204,1228.3325443267822,126792.0452527092
169,5,32640000,8.511809349060059,0.2576354291377356,38.427611319969095,2000,0.0034731112570201145,4.957077279686928,-0.0011724636588041903,1245.906120300293,126658.3462217826
170,5,32832000,8.485027313232422,0.25671355507680954,38.379442962507405,2000,0.0043305852257277955,4.951396748423576,-0.0009868123065643886,1335.4198989868164,125832.92813044692
171,5,33024000,8.543959617614746,0.25911980264148343,38.42668288697799,2000,0.003867979467934976,4.943214982748032,-0.0012912245456391247,1135.0736408233643,127240.51982956182
172,5,33216000,8.570950508117676,0.260677096017389,38.43144139026602,2000,0.005542879267838238,4.933802366256714,-0.0005198566332182963,1218.389003753662,126873.95784613535
173,5,33408000,8.437078475952148,0.253593759835591,38.31372642889619,2000,0.003811033450862547,4.930792152881622,-0.0014002531556798203,1163.5138778686523,126722.84651687056
174,5,33600000,8.515033721923828,0.2587812607246936,38.47949939221144,2000,0.0035419728325481042,4.926804348826408,-0.0010693114936657366,1293.9438648223877,126515.83681274117
175,5,33792000,8.577204704284668,0.260776052969959,38.361394388601184,2000,0.003786819710585407,4.9222777634859085,-0.0013214664759289008,1169.470043182373,126022.60550931314
176,5,33984000,8.485021591186523,0.25564584688193764,38.34259025255839,2000,0.0046085163343668675,4.916239649057388,-0.0008429322897427483,1201.3455505371094,126339.66276584307
177,5,34176000,8.548861503601074,0.2587604287728027,38.42136051567892,2000,0.004114139220163147,4.908811450004578,-0.001031850796607614,1092.0282287597656,126599.00051719505
178,5,34368000,8.470109939575195,0.2547812613441541,38.33008661493659,2000,0.0036063706337542203,4.898313865065575,-0.0012606204127223464,1197.5567169189453,127047.28250810725
179,5,34560000,8.57059097290039,0.26012501342847827,38.42165433242917,2000,0.004103343396547041,4.889305546879768,-0.0010839403703357675,1151.3967208862305,125560.4109375302
180,5,34752000,8.609874725341797,0.26177605262576736,38.43463402489821,2000,0.004379990864040638,4.882798045873642,-0.0010160360429836146,1206.6919574737549,127840.66544648471
181,5,34944000,8.587435722351074,0.260125012902184,38.43428052465121,2000,0.004131376802717572,4.873911499977112,-0.0014394972567970399,1012.4039878845215,127195.0079799807
182,5,35136000,8.461753845214844,0.2541927196167914,38.37674801237881,2000,0.0042997879210064024,4.8657026290893555,-0.0014167064628054504,1125.867696762085,127073.22363525015
183,5,35328000,8.586119651794434,0.261255220029246,38.4450423642993,2000,0.004152944170573998,4.8666029423475266,-0.0005872413257748121,1302.4705963134766,127668.65727929701
184,5,35520000,8.511468887329102,0.2567031373825254,38.36582861095667,2000,0.0030235314241144826,4.868216708302498,-0.001219695225245232,1307.376277923584,126278.55615925016
185,5,35712000,8.51122760772705,0.2567864717354193,38.37708120172223,2000,0.004182109940685526,4.862985923886299,-0.000738186489797954,1259.2987976074219,126042.51214297175
186,5,35904000,8.648930549621582,0.2633125149386615,38.455252005408205,2000,0.003477002555611154,4.858511835336685,-0.0013577055813129846,1060.107707977295,126547.23103722052
187,5,36096000,8.535467147827148,0.2582187630493233,38.40398290877541,2000,0.004345467385957209,4.84954372048378,-0.0008309604490932543,1124.463321685791,126819.8950528915
188,5,36288000,8.594326972961426,0.2613073045328444,38.40254148716728,2000,0.004262194486567748,4.838915392756462,-0.0011118140273538302,1154.5568962097168,126963.93468021716
189,5,36480000,8.54341983795166,0.2579218888804462,38.383319068700075,2000,0.004142677680288517,4.830476313829422,-0.0007743854230568559,1276.761920928955,126439.52102609063
190,5,36672000,8.50278091430664,0.2563958454641882,38.34561439355215,2000,0.003524499301968416,4.827093526721001,-0.0013419668714789168,1369.5687141418457,126563.50539667418
191,5,36864000,8.449603080749512,0.25322397069430735,38.321998957544565,2000,0.005110947590748156,4.82506750524044,-0.0007525252922278014,1341.339756011963,127312.67840243266
192,5,37056000,8.551448822021484,0.25785938816443377,38.349995985627174,2000,0.005389196574008867,4.82136344909668,0.0002390325485066569,1264.933937072754,125566.75642842053
193,5,37248000,8.502396583557129,0.256244804215991,38.37307532131672,2000,0.0037816438892477877,4.814421519637108,-0.0012659855328820413,1393.9282035827637,127603.28759043872
194,5,37440000,8.584431648254395,0.25991667996459,38.33809761082133,2000,0.003922321729483279,4.807234540581703,-0.0013580712202383438,1291.709487915039,127078.21688857028
195,5,37632000,8.593920707702637,0.2604635533850039,38.37267768134674,2000,0.005284679307844882,4.808107793331146,-0.0008447316502042668,1278.236961364746,126571.272338506
196,5,37824000,8.640985488891602,0.26289584302624763,38.40057059998313,2000,0.004576821168700312,4.803900092840195,-0.0008440293813691824,1187.8003902435303,127698.95431330522
197,5,38016000,8.633708000183105,0.2615208446095494,38.34935842143992,2000,0.003976504224743015,4.7911553382873535,-0.0011933563955608406,898.594877243042,126568.2523354972
198,5,38208000,8.583733558654785,0.25960417770814576,38.394335079317294,2000,0.004722715463460189,4.77567695081234,-0.0009333646314644284,1361.4621200561523,126919.62520518438
199,5,38400000,8.59276008605957,0.26021876190012944,38.3693464503934,2000,0.0036015580289119192,4.7726182490587234,-0.0007867261704177508,1215.4714069366455,127919.14171468747
200,5,38592000,8.686203956604004,0.2643541793240729,38.344592922367156,2000,0.004527903771221947,4.771137461066246,-0.0008526073752364027,980.6547584533691,127658.70445312509
201,5,38784000,8.596001625061035,0.25995313700635353,38.369656498233475,2000,0.003962579452597613,4.762665942311287,-0.001167486403574003,994.3340930938721,127575.37073684944
202,5,38976000,8.566033363342285,0.2591354283886176,38.38575257112583,2000,0.0038421483445369303,4.760652720928192,-0.0012941135864821263,1246.5358657836914,127431.66564695444
203,5,39168000,8.59855842590332,0.260354178523509,38.33605486775438,2000,0.004210791778644002,4.756289646029472,-0.0009464045497225015,1062.3323516845703,126683.61660570836
204,5,39360000,8.605697631835938,0.25958334526755306,38.3512645252049,2000,0.004271208692836807,4.752297803759575,-0.0007831304137653206,1155.442548751831,126803.84370220668
205,5,39552000,8.626375198364258,0.26121876277526707,38.36652773742875,2000,0.00389699536750171,4.746982648968697,-0.0008883420809979725,1040.3252506256104,127202.02202763289
206,5,39744000,8.621867179870605,0.26183334607109526,38.374680853138365,2000,0.0042061484236425445,4.743803724646568,-0.0007483577405764663,1140.5992221832275,127739.89041616593
207,5,39936000,8.591558456420898,0.25917188882582803,38.35462002456188,2000,0.004047439187643859,4.738475188612938,-0.0012550881610877695,1136.4139575958252,126325.68493208222
208,5,40128000,8.610773086547852,0.2605000129393981,38.376530392716326,2000,0.003891352818240802,4.73151071369648,-0.001136276783199719,1261.071144104004,127334.18001322809
209,5,40320000,8.586808204650879,0.25988542932949105,38.397920629630484,2000,0.003475681405475675,4.723392903804779,-0.0014664400523543009,1259.6468467712402,127536.09934227659
210,5,40512000,8.603780746459961,0.2603906369501298,38.361387287576996,2000,0.0039058900245096673,4.715570360422134,-0.0011571962713787798,1256.0846672058105,127129.14821564678
211,5,40704000,8.585916519165039,0.2597448037849972,38.465592854345836,2000,0.003372433982088599,4.706845536828041,-0.001349442694845493,1422.9912948608398,127048.05055451038
212,5,40896000,8.642277717590332,0.2625677220457874,38.3992091914018,2000,0.0036108152746261724,4.697686433792114,-0.0010880225172513747,1239.198184967041,126848.82702197216
213,5,41088000,8.643067359924316,0.2614479276174582,38.402293644845486,2000,0.00350226438122081,4.6897309720516205,-0.001513027189503191,1031.9588985443115,127911.68226969143
214,5,41280000,8.587864875793457,0.2591510544807534,38.41165204718709,2000,0.004657710056325114,4.6848902106285095,-0.00040670295857125893,1198.4363842010498,127154.65601116655
215,5,41472000,8.688170433044434,0.26399480267597636,38.46269993235668,2000,0.004267476024387484,4.674363002181053,-0.0007036856795821222,1080.3501987457275,127129.05250749427
216,5,41664000,8.616324424743652,0.26124480460202903,38.42241885140538,2000,0.00364473064268047,4.665621981024742,-0.0010092529983012355,1333.4248275756836,127286.38939262633
217,5,41856000,8.624518394470215,0.2612760562878975,38.416371359179415,2000,0.003728961667953022,4.663318574428558,-0.0009553252441492077,1361.4188117980957,127377.89907702507
218,5,42048000,8.627832412719727,0.2612760547860186,38.408238691588245,2000,0.004695757187592485,4.6555682718753815,-0.0006507952075480716,1179.775505065918,127797.49864497766
219,5,42240000,8.649215698242188,0.26271355331967544,38.42008440320691,2000,0.004491418252107297,4.643495127558708,-0.0006444888461487608,1435.48335647583,127278.68057637544
220,5,42432000,8.648920059204102,0.26169272086553974,38.39543507620692,2000,0.004249987131012559,4.638550892472267,-0.0008897380739654182,1158.3360538482666,126543.72944516632
221,5,42624000,8.626692771911621,0.26158334624597046,38.422570346544184,2000,0.00452820172145342,4.631242871284485,-0.0011027796535927337,1232.7856826782227,127216.0105555345
222,5,42816000,8.672517776489258,0.26315105514974374,38.383898785958685,2000,0.005234970716012567,4.620782479643822,-0.0005967310862615705,983.9901809692383,127064.46626452838
223,5,43008000,8.634541511535645,0.2618229286951343,38.39177264086902,2000,0.004671094586024993,4.616378992795944,-0.0008316192556776514,1258.0727081298828,126558.60072532494
224,5,43200000,8.605159759521484,0.26051563851130294,38.38554564118385,2000,0.004319315118103989,4.612254276871681,-0.0006738720630892203,1350.4148750305176,126114.56232197837
225,5,43392000,8.683060646057129,0.26310417916647566,38.396169202402234,2000,0.0032324227899104413,4.6099933087825775,-0.0008595772579838012,1062.7523784637451,127282.46183709714
226,5,43584000,8.63530158996582,0.2616406362218792,38.383173589905105,2000,0.003613970213365972,4.608395457267761,-0.00111296947216033,1322.41841506958,127737.41351825732
227,5,43776000,8.623817443847656,0.26075522074279434,38.37220665067434,2000,0.003469546272205963,4.603373736143112,-0.0011543721520865802,1474.3140678405762,127759.41522385541
228,5,43968000,8.574437141418457,0.25752605303569,38.360334971919656,2000,0.0034345957825874726,4.596403390169144,-0.0012446250693756156,1226.3664073944092,127894.89503846168
229,5,44160000,8.626656532287598,0.2613333446467247,38.445522179206215,2000,0.003210395671989927,4.587484106421471,-0.0006740468784300901,1389.9292335510254,126280.30329593676
230,5,44352000,8.53470516204834,0.2564531372154306,38.37719085688392,2000,0.0031687524493948654,4.582702353596687,-0.0012633406724944507,1316.377426147461,127802.10304398577
231,5,44544000,8.712451934814453,0.2641979282677009,38.42654441917936,2000,0.003280151190871647,4.577852785587311,-0.0012406549312800053,1015.9807224273682,126541.79094723004
232,5,44736000,8.723549842834473,0.2654479300460177,38.45638592541218,2000,0.004137635569158499,4.5701920092105865,-0.0013551293002365128,1166.137502670288,127576.67872262877
233,5,44928000,8.638225555419922,0.2613125119169126,38.41590637589494,2000,0.003927337299074379,4.559939458966255,-0.0008434354576820624,1228.402328491211,128039.73602108679
234,5,45120000,8.611307144165039,0.25998438795977563,38.36812110431492,2000,0.003937383209461888,4.5483871549367905,-0.0014338146708610111,1321.330451965332,127112.29198871565
235,5,45312000,8.66299057006836,0.26313021973934764,38.46635918691754,2000,0.0033609380543663664,4.535054385662079,-0.0013591369668120024,1479.8911781311035,126819.23966139066
236,5,45504000,8.639525413513184,0.2600625130520105,38.317147687620796,2000,0.0033450746678512014,4.52222104370594,-0.001020206529418033,1164.3903942108154,127114.85460759955
237,5,45696000,8.691756248474121,0.2632708451073995,38.44549826532602,2000,0.003723660317800144,4.511628419160843,-0.0013127714219649533,1046.7650890350342,127675.14353437028
238,5,45888000,8.660723686218262,0.2617656363460507,38.36380369899174,2000,0.003946310668926645,4.502643272280693,-0.001109697171159496,1274.4095191955566,125914.80904212521
239,5,46080000,8.681783676147461,0.2631718870337257,38.380536529545985,2000,0.004390988901728031,4.493153095245361,-0.0007637826147401938,1290.9070510864258,126578.62307312644
240,5,46272000,8.620444297790527,0.2600677206877056,38.38710166141391,2000,0.004000251947145442,4.484089910984039,-0.0012317290563714778,1414.104866027832,126935.11735103228
241,5,46464000,8.622360229492188,0.2594270948623792,38.389656438181795,2000,0.0037630059894145224,4.477513790130615,-0.001277265324461041,1253.0782737731934,128124.44915729751
242,5,46656000,8.571524620056152,0.25703126120545977,38.34564987197518,2000,0.0035713634865678634,4.471073225140572,-0.001367203823519958,1222.8019752502441,126523.62708915767
243,5,46848000,8.681374549865723,0.26178646937902766,38.37558748200536,2000,0.0044292481616794235,4.460855305194855,-0.0009152958832601144,902.3883209228516,127187.04306108916
244,5,47040000,8.696565628051758,0.26275001285466715,38.40090585065385,2000,0.004716875562609253,4.448922783136368,-0.0008679487968947797,1282.5598754882812,127322.13913876888
245,5,47232000,8.68258285522461,0.26302084498396044,38.46995465923101,2000,0.003812843009295949,4.44430935382843,-0.001045324592723773,1368.525016784668,126351.1892528803
246,5,47424000,8.62252426147461,0.2589479287332021,38.36666772390405,2000,0.004400108911169813,4.433491125702858,-0.0013122985114932817,1243.3485527038574,126533.32273188
247,5,47616000,8.654346466064453,0.2614166794058595,38.440248270208635,2000,0.004092040835370424,4.422832727432251,-0.0013115714459672745,1416.20707321167,127549.45374771088
248,5,47808000,8.619355201721191,0.2586093858814517,38.34099211667975,2000,0.003329844673722014,4.4162209033966064,-0.0010623939315337338,1027.2318954467773,128114.79213300328
249,5,48000000,8.616972923278809,0.2592864713436332,38.36365005622307,2000,0.003797729098868635,4.40518681704998,-0.0008869789426171337,1276.492244720459,128171.86565523785
250,5,48192000,8.70137882232666,0.2630989721728838,38.39011355986198,2000,0.005244653829174543,4.395553216338158,-0.0002272479569569441,1182.6523170471191,127736.39763590152
251,5,48384000,8.695709228515625,0.2631145952558048,38.395035238315664,2000,0.003995413651961523,4.388884678483009,-0.0011848924532387173,1315.1685104370117,127564.70271510827
252,5,48576000,8.689847946166992,0.2628698043045006,38.39628983537356,2000,0.004080375474106404,4.38014329969883,-0.0009587140930307214,1212.9288940429688,127356.91507837895
253,5,48768000,8.702024459838867,0.26303126235446445,38.40150756326815,2000,0.004133599898176424,4.374769300222397,-0.0009744539809162234,1342.6361141204834,127726.94193602563
254,5,48960000,8.68260383605957,0.26117188660161145,38.351667738209166,2000,0.0035957600539137866,4.367833063006401,-0.001120347270301636,1081.7839374542236,126925.79786304523
255,5,49152000,8.760603904724121,0.26518230315074715,38.45370243117213,2000,0.004136725237088593,4.355783998966217,-0.0011426213854264233,988.8571910858154,126777.61948855202
256,5,49344000,8.621007919311523,0.25873438833878026,38.342825857301555,2000,0.004720690453686983,4.340005248785019,-0.0007810303654878226,1377.0651321411133,127327.66189893389
257,5,49536000,8.599959373474121,0.25870313651042426,38.35341982667645,2000,0.005090859714381321,4.330506876111031,-0.0005166311430002679,1582.718116760254,127927.73669269048
258,5,49728000,8.641165733337402,0.25951563719354453,38.31784589278201,2000,0.004324921984332229,4.324598118662834,-0.000637143294170528,1269.2347450256348,127744.71062715728
259,5,49920000,8.754817962646484,0.26533855475645396,38.38433566813668,2000,0.004106047104622125,4.315700754523277,-0.0012154458190707373,1271.2982864379883,127253.87253940452
260,5,50112000,8.702851295471191,0.26218230479874666,38.396615688999496,2000,0.004051697253074964,4.3107490092515945,-0.001030574803280615,1297.466812133789,127833.21021660455
261,5,50304000,8.711145401000977,0.2630573038010577,38.381706027934946,2000,0.0034323110027714085,4.305801868438721,-0.00183063996570354,1208.1671257019043,128144.85143836612
262,5,50496000,8.716473579406738,0.26329688680743857,38.36593561184903,2000,0.004028596106528615,4.298338025808334,-0.000991029036299551,1175.388132095337,126776.83294253962
263,5,50688000,8.726755142211914,0.263187512406148,38.42217062662045,2000,0.003947345647255136,4.291432291269302,-0.0006026279133948265,1038.8727378845215,127579.16142604157
264,5,50880000,8.717633247375488,0.2633125111121141,38.39154772212108,2000,0.004608635119434136,4.283950701355934,-0.0010049512150089868,1138.959156036377,127445.23090904644
265,5,51072000,8.693501472473145,0.2626458459247563,38.37374669561783,2000,0.003870051546381245,4.278430551290512,-0.0010798554078519373,1287.3311347961426,128128.41807266038
266,5,51264000,8.671184539794922,0.261473971543334,38.370332200080156,2000,0.003557800590230427,4.271666422486305,-0.0011510320295613496,1332.9669380187988,126741.01123665813
267,5,51456000,8.648860931396484,0.26046876248862344,38.34480342889825,2000,0.0038157090523794346,4.264096722006798,-0.001189333982381413,1593.4502182006836,128402.5442016447
268,5,51648000,8.686309814453125,0.26122397006959847,38.37408221388856,2000,0.0033837597803600752,4.259672597050667,-0.0012593864546488476,1355.0608367919922,128041.04534778446
269,5,51840000,8.646310806274414,0.259036469587348,38.3332047102352,2000,0.004236595178983407,4.254971697926521,-0.0012353538204479264,1222.2562828063965,127440.51616758137
270,5,52032000,8.64005184173584,0.258421886725652,38.33988018333912,2000,0.00398598216736961,4.247568681836128,-0.0012405389234118047,1077.0700550079346,128340.15008215189
271,5,52224000,8.746506690979004,0.26475521946546604,38.37791238414744,2000,0.0038749711959681007,4.237040773034096,-0.0011299220504952245,1202.6991882324219,127188.69578459638
272,5,52416000,8.663673400878906,0.25965105346585915,38.312576080982886,2000,0.0037135023105802287,4.228022754192352,-0.0014266208929143431,1157.3397884368896,127561.47129961649
273,5,52608000,8.705060005187988,0.2618125131236108,38.3522301223129,2000,0.003840031244035348,4.216133996844292,-0.0016441696727724775,1092.0194988250732,127755.991253307
274,5,52800000,8.746535301208496,0.26390105378413864,38.38034012789527,2000,0.003650319617850374,4.206809937953949,-0.0009734154650686833,1175.3271179199219,128734.70544107274
275,5,52992000,8.743553161621094,0.2644062631879933,38.39621037368973,2000,0.0035548269217251793,4.200324848294258,-0.0010184404554820503,1395.7539024353027,127365.90299316538
276,5,53184000,8.594292640686035,0.2563489710810245,38.23678472630369,2000,0.004697176703310109,4.194704502820969,-0.0009080734613462482,1174.746654510498,128948.36406694207
277,5,53376000,8.678001403808594,0.2605104282659643,38.39348243549466,2000,0.004829582671964698,4.186186447739601,-0.0008729610281079658,1222.6947059631348,128208.48956910547
278,5,53568000,8.683612823486328,0.26142188713796105,38.374794652064644,2000,0.004226056395894073,4.176306962966919,-0.0006404927444236819,1219.6697082519531,128171.18577680357
279,5,53760000,8.738554000854492,0.263994803818908,38.440028722708426,2000,0.003474385691263404,4.168670624494553,-0.0010628519103192957,1280.264949798584,127700.03755021027
280,5,53952000,8.708553314208984,0.262640637976195,38.36065789684653,2000,0.0038571876953647014,4.162205100059509,-0.0009004469807223359,1473.3363418579102,126542.36391016378
281,5,54144000,8.749787330627441,0.2648125123026451,38.38348110765219,2000,0.004057371224325229,4.15247106552124,-0.0010410271423779704,1279.458324432373,128282.01046700019
282,5,54336000,8.7523775100708,0.2644375130912522,38.39917874460419,2000,0.0046931857868330595,4.1414845287799835,-0.0006279225226535345,1205.4983749389648,128754.79019477384
283,5,54528000,8.738056182861328,0.2640000116716692,38.44605481686691,2000,0.004743133227059541,4.130975604057312,-0.0009391128860443132,1293.7719383239746,127344.52994500643
284,5,54720000,8.731663703918457,0.2628906372095419,38.346121326709785,2000,0.005219997128588151,4.123838260769844,-0.0009817471848805326,1178.096206665039,126834.9039581262
285,5,54912000,8.707939147949219,0.2617291802210578,38.35649532576402,2000,0.0035428388858126728,4.117066532373428,-0.0010644497133398545,1316.4539070129395,127701.9563175919
286,5,55104000,8.747369766235352,0.2638854288979928,38.39275462677082,2000,0.004028843148436864,4.111470282077789,-0.0009276316837372178,1296.7317123413086,126962.42430194397
287,5,55296000,8.751152038574219,0.2635833456988621,38.338802001439035,2000,0.003704193063982529,4.1074245274066925,-0.0011670296007650904,1139.014102935791,128313.57236723474
288,5,55488000,8.671226501464844,0.2601458455931909,38.28915409464389,2000,0.003274845771918382,4.104904517531395,-0.0010035819955191982,1195.1478862762451,128566.74001813376
289,5,55680000,8.931648254394531,0.2720833470442206,38.481751357515655,2000,0.004454432368152385,4.096780627965927,-0.0007375872773991432,1132.6566905975342,127147.02410199083
290,5,55872000,8.805551528930664,0.2672135538893296,38.484514984767884,2000,0.003432468523295637,4.087640881538391,-0.0011255755335923823,1329.6851501464844,127223.99090686585
291,5,56064000,8.81421184539795,0.2659479292609224,38.399378487840295,2000,0.0036555555360585773,4.080662623047829,-0.0010341162414988503,1037.4341678619385,127294.52111851801
292,5,56256000,8.762511253356934,0.26403647064701846,38.38851770261923,2000,0.004005839578802503,4.071158081293106,-0.0012159873767814133,1100.405673980713,128098.1279470198
293,5,56448000,8.70991039276123,0.2620468894231938,38.35669753824671,2000,0.003895493907269461,4.061432093381882,-0.0009844422902460792,1291.5800018310547,127467.25113278301
294,5,56640000,8.678824424743652,0.2600729282918716,38.35822900508841,2000,0.003314442019560375,4.053911030292511,-0.0012392098096825066,1519.4840965270996,127498.49664726431
295,5,56832000,8.764140129089355,0.2652708457062545,38.442021541918315,2000,0.0039052096135371098,4.047178685665131,-0.001432252377981058,1534.6161499023438,127893.96694741625
296,5,57024000,8.652888298034668,0.25927605355233635,38.33511066312591,2000,0.0036463780610016955,4.038923025131226,-0.0013918977174398606,1446.1760787963867,127800.15166060867
297,5,57216000,8.690055847167969,0.2605885540172797,38.32490854461988,2000,0.0038966054317667517,4.027639746665955,-0.0017316168623437989,1270.6304664611816,128835.87297078718
298,5,57408000,8.733534812927246,0.26286459693740954,38.37867973993222,2000,0.0031224163985134543,4.016857787966728,-0.0011103449851361802,1326.8684883117676,128007.16191615893
299,5,57600000,8.737874031066895,0.26174480327669397,38.37551376285652,2000,0.003304458199301738,4.005093634128571,-0.0012090945810996345,1126.4719314575195,127278.2571880371
300,5,57792000,8.728804588317871,0.26126563684071397,38.332471104959644,2000,0.004815855139871324,3.993482917547226,-0.001185421066111303,987.1914043426514,128307.04868842552
301,5,57984000,8.798635482788086,0.26503126286661427,38.354601345956326,2000,0.003526612237323812,3.980992406606674,-0.0012878683705821459,1088.2703762054443,127738.64375342544
302,5,58176000,8.740666389465332,0.263223969660127,38.35640792734921,2000,0.003494922467968231,3.9730463176965714,-0.00044725393183853157,1355.7912063598633,127890.39903639801
303,5,58368000,8.738428115844727,0.2620416794676809,38.34856517364582,2000,0.003149165261173037,3.968250133097172,-0.0011268444250163157,1139.667724609375,127496.58432664645
304,5,58560000,8.811537742614746,0.26595834686971404,38.37068538119396,2000,0.002866185011343385,3.9624344930052757,-0.0012332483229329227,1273.4250717163086,126372.60718110789
305,5,58752000,8.773856163024902,0.26406771983783983,38.35077378836771,2000,0.003255352248430425,3.9567532017827034,-0.0012118856880078965,1387.363712310791,127273.82434619017
306,5,58944000,8.845877647399902,0.2670104299019537,38.4116743033131,2000,0.0034891053759905227,3.9507543742656708,-0.0010998245134032913,1090.522071838379,126371.63900596066
307,5,59136000,8.700980186462402,0.25949480420543597,38.365186930944525,2000,0.0040133769823733,3.94198227673769,-0.0018654439809324685,1058.2692203521729,127890.827444262
308,5,59328000,8.855179786682129,0.2683541788058695,38.41169543688496,2000,0.003565947031922409,3.9311985298991203,-0.001549536457787326,1191.0656070709229,125798.77595451682
309,5,59520000,8.726380348205566,0.26114584614454844,38.318434078867234,2000,0.004107690808642171,3.9233371019363403,-0.0012733171015497646,1059.4907321929932,127622.14681221973
310,5,59712000,8.731230735778809,0.2616250144795534,38.33761149520675,2000,0.004436528480131527,3.9150974676012993,-0.0008417831877522985,1308.7409706115723,127276.57454577503
311,5,59904000,8.780040740966797,0.2643437630340486,38.348195719222225,2000,0.003571863282035341,3.9047187715768814,-0.0009614269459916613,1343.4504928588867,127919.95400297004
312,5,60096000,8.800814628601074,0.26431251281489193,38.42546476547917,2000,0.003808868466498097,3.8967289105057716,-0.0012794078829756472,1019.8591442108154,128628.9032396195
313,5,60288000,8.767860412597656,0.26401563875818584,38.35303345384697,2000,0.0038568523598805776,3.8880065381526947,-0.0010671495333838266,1259.365592956543,127713.92939899526
314,5,60480000,8.719955444335938,0.2608073029235432,38.364570484807096,2000,0.003794761111072152,3.8796372413635254,-0.0008186996328731766,1190.7397117614746,127856.20549551632
315,5,60672000,8.771574974060059,0.2624635549964296,38.35833215713501,2000,0.0038142212987634927,3.868892088532448,-0.001093868162115541,1086.097972869873,128071.5227375207
316,5,60864000,8.788213729858398,0.26377084701137693,38.368857346475124,2000,0.0041658371400359745,3.858294300734997,-0.0010797985705721658,1088.9614219665527,127841.06534368185
317,5,61056000,8.779399871826172,0.26400522157443146,38.3980567244192,2000,0.0035099237017614873,3.847442239522934,-0.0010194749593210872,1292.4043464660645,127048.24113989454
318,5,61248000,8.780179023742676,0.2633073033563657,38.327246521910034,2000,0.003557399428667854,3.8381176814436913,-0.0013568076533374551,1008.2795715332031,127926.97177858523
319,5,61440000,8.803037643432617,0.2639843881897832,38.41147430241108,2000,0.004055220641806953,3.827818848192692,-0.0015368163185485173,996.9390602111816,128117.0701337743
320,5,61632000,8.738017082214355,0.26176042979993025,38.37289212395748,2000,0.004306148344321019,3.8171111419796944,-0.0009950200458774816,1392.8077239990234,127581.19982646177
321,5,61824000,8.788743019104004,0.2639635563118645,38.41946019728979,2000,0.00359927870684381,3.8109365329146385,-0.001147611521048475,1255.0407829284668,128221.01832953427
322,5,62016000,8.768026351928711,0.26315105403530953,38.340476878608264,2000,0.004265984399607986,3.806426726281643,-0.0013686499069081037,1241.035545349121,127998.94358344552
323,5,62208000,8.83382511138916,0.26536980497015367,38.389015017698206,2000,0.0033307163757757136,3.7956922873854637,-0.0009089925830494394,922.2018756866455,127693.96167075176
324,5,62400000,8.7498197555542,0.26188542868900794,38.340350526074566,2000,0.004475390407916467,3.786344401538372,-0.00038883613706275355,1119.5811729431152,128373.61729097321
325,5,62592000,8.795964241027832,0.2636250125785106,38.404853800932564,2000,0.003867093230117462,3.7784294486045837,-0.000998487621473032,1105.1730270385742,128374.0768382088
326,5,62784000,8.780367851257324,0.26351563713190745,38.32142326577256,2000,0.003184693683845885,3.770079270005226,-0.001406141949701123,1212.586929321289,127650.730411122
327,5,62976000,8.831161499023438,0.2654791791774187,38.39470779026548,2000,0.0036865531023650006,3.7660948038101196,-0.0013660101612913422,1152.7050495147705,127400.3157576809
328,5,63168000,8.817634582519531,0.2644218890727643,38.353045558556914,2000,0.0031503418936942307,3.758822314441204,-0.0013102210150464089,1032.5831832885742,127289.26333909789
329,5,63360000,8.808863639831543,0.26529688827758946,38.449479676783085,2000,0.003459262588012886,3.7521184235811234,-0.0006595875038328813,1306.6938743591309,128266.82389574821
330,5,63552000,8.792218208312988,0.2637135552201168,38.34146762390932,2000,0.004817835421805895,3.7472647726535797,-0.0005683306906121288,1177.306972503662,128010.96012653473
331,5,63744000,8.792532920837402,0.263109387102304,38.39518689364195,2000,0.0036317153482911327,3.738678678870201,-0.0008390176972170593,1109.289140701294,127871.00083676417
332,5,63936000,8.900472640991211,0.2682448038764657,38.37034112106388,2000,0.004069741024577522,3.7297769859433174,-0.0009980414456549624,843.2868213653564,127877.27302845068
333,5,64128000,8.84548282623291,0.26636980320593767,38.373545822377004,2000,0.004329169380602252,3.7171149998903275,-0.0010483231492344203,1222.2388954162598,127834.02422293824
334,5,64320000,8.80547046661377,0.26389063578668964,38.393710446854435,2000,0.0035132447037321962,3.710327625274658,-0.0011362497725713183,1064.4415493011475,128281.81504954922
335,5,64512000,8.772406578063965,0.26242188846723974,38.35592927349111,2000,0.0034555805202932527,3.704744152724743,-0.0007810855627212732,1151.3296852111816,128258.02539320596
336,5,64704000,8.818889617919922,0.2655364713009476,38.4364068886886,2000,0.0032881694044869306,3.6979715451598167,-0.001357813889967474,1346.932201385498,127664.65185515929
337,5,64896000,8.661218643188477,0.25831251150702883,38.281557659929,2000,0.003618661793652188,3.6920286417007446,-0.0007138304110867466,1494.4306411743164,128420.16011397289
338,5,65088000,8.738936424255371,0.2600729303582436,38.34417282541593,2000,0.003603897445592641,3.6888965368270874,-0.000895191258223349,1172.1205520629883,127974.68609403033
339,5,65280000,8.793144226074219,0.26367188675734116,38.36584333951274,2000,0.0033505238668597795,3.683603823184967,-0.0008341420480064698,1108.5144290924072,128406.37913846942
340,5,65472000,8.855596542358398,0.2665312630718593,38.402392807106175,2000,0.0032663126454038627,3.6763615757226944,-0.0009432555298189982,1142.3644752502441,128622.4985069522
341,5,65664000,8.826736450195312,0.2659218883242526,38.43406921066344,2000,0.0035380749239096385,3.66810093075037,-0.0007183517946032225,1248.710189819336,127702.27984304613
342,5,65856000,8.821188926696777,0.26505730395911087,38.41150634735823,2000,0.003488328180401977,3.6603251174092293,-0.0008878896569513017,1143.9260654449463,127943.34463954697
343,5,66048000,8.824231147766113,0.264859386653067,38.390964874376856,2000,0.0028505127026789215,3.6546253636479378,-0.0010688297170418082,1147.3939228057861,128641.70056360526
344,5,66240000,8.837640762329102,0.2656875123223775,38.40137826030453,2000,0.003969613782273278,3.646036706864834,-0.0011872426512127277,1124.640480041504,128570.0438321924
345,5,66432000,8.78830337524414,0.2632552208300088,38.405726409206785,2000,0.0038780349432830305,3.6341668218374252,-0.0011273205122961372,1154.058994293213,127271.82258305862
346,5,66624000,8.815145492553711,0.2641041786282585,38.38568516075611,2000,0.004167126934810465,3.6258739307522774,-0.0011242358668823726,1098.2335319519043,128389.29345621877
347,5,66816000,8.727166175842285,0.2601770957177602,38.336401019245386,2000,0.0030584037273753625,3.617107681930065,-0.0014616188523177698,1125.6684322357178,128204.79425101644
348,5,67008000,8.765155792236328,0.2615208459052762,38.35981500645479,2000,0.0035499533995583393,3.610084094107151,-0.0013849003717041342,1005.5051136016846,128847.24770597157
349,5,67200000,8.719056129455566,0.25953126039530616,38.31429725885391,2000,0.004356846671173115,3.604687198996544,-0.0007994533170858631,1133.4985599517822,128107.82639215371
350,5,67392000,8.835186004638672,0.266041677659814,38.40113691240549,2000,0.003738698958264043,3.5983434468507767,-0.0012016774235235061,1393.3759231567383,129024.76847148452
351,5,67584000,8.823720932006836,0.26578647103148495,38.40968345602354,2000,0.0036858773602446784,3.5934670194983482,-0.0016809987196211296,1147.897165298462,127428.6894439889
352,5,67776000,8.843986511230469,0.26579168002293346,38.3982146071891,2000,0.003468619920046573,3.5856404453516006,-0.0012850589755544206,1106.9816341400146,128614.04727551447
353,5,67968000,8.806604385375977,0.26450522211234784,38.42343352859219,2000,0.0032343453372801964,3.579184591770172,-0.0012710102880646446,1141.2349758148193,128330.49680070534
354,5,68160000,8.854230880737305,0.2661666790778933,38.40306335563461,2000,0.003930450268487526,3.5730247795581818,-0.0009903843738356954,1150.7598342895508,127978.62415663185
355,5,68352000,8.856056213378906,0.26629688713182986,38.42605999484658,2000,0.0036996331335685667,3.5646081939339638,-0.001061190645032184,1434.110668182373,128662.4343240283
356,5,68544000,8.780961036682129,0.2626979286136096,38.32789110516509,2000,0.0032846998023402796,3.558230146765709,-0.001381334973302728,1130.80904006958,127279.19551352732
357,5,68736000,8.737850189208984,0.2603229294503156,38.379963506013155,2000,0.003908558888690704,3.549906186759472,-0.0011766027225803555,1204.3818321228027,128669.03868437723
358,5,68928000,8.780412673950195,0.26222397072645737,38.37119705602527,2000,0.00427942833051323,3.541201613843441,-0.0013704265247724834,1121.7426109313965,128127.24248270066
359,5,69120000,8.944886207580566,0.2700052205782413,38.42721371849378,2000,0.0030386421833706392,3.5324581041932106,-0.0013214543960771152,1063.306100845337,128661.21563418346
360,5,69312000,8.788291931152344,0.2623489716030842,38.386608048031725,2000,0.0034142881313649343,3.5228080302476883,-0.0010509619623917388,1133.5652523040771,127786.89873342535
361,5,69504000,8.925078392028809,0.26903647061287,38.410657685250044,2000,0.007748345282569062,3.518049545586109,0.000963627896453545,953.5433330535889,128030.52264939396
362,5,69696000,8.852518081665039,0.26575001307355706,38.422695023318134,2000,0.004277644438831586,3.5121220871806145,-0.001198510017729859,1244.35005569458,128001.11608435318
363,5,69888000,8.808605194091797,0.264557303556406,38.37141435034573,2000,0.0029279471701641677,3.507474273443222,-0.0010556957342942042,1392.6212425231934,129005.33331705205
364,5,70080000,8.852151870727539,0.2656562627398671,38.435600930204,2000,0.003793559424474853,3.5023842826485634,-0.0008442637699772604,1078.4203987121582,128760.83075048489
365,5,70272000,8.83705997467041,0.2654948030770659,38.44256666985651,2000,0.0034679888548901847,3.494413875043392,-0.0009737404106999747,1179.8044509887695,127545.69583764205
366,5,70464000,8.838788986206055,0.265000013955311,38.40846373016635,2000,0.004351741506300945,3.4873446077108383,-0.0010410281117856357,1069.743553161621,127299.34888142018
367,5,70656000,8.931803703308105,0.2692604277690407,38.42997801552216,2000,0.0030469163157916535,3.480571672320366,-0.0009178626705761417,912.630163192749,127671.44672218162
368,5,70848000,8.858750343322754,0.26626563764511957,38.41321141521136,2000,0.003412018180359154,3.472881019115448,-0.0011908656154986375,1120.222173690796,128030.95933891927
369,5,71040000,8.842293739318848,0.2654114703018422,38.350912134473525,2000,0.002886756163151101,3.467247523367405,-0.0008803096125120646,1063.0141830444336,127375.56760288693
370,5,71232000,8.827547073364258,0.26421876308146847,38.364739976047225,2000,0.0031028225905029086,3.4635360836982727,-0.0010382087568814313,1175.850175857544,128846.57560416129
371,5,71424000,8.926469802856445,0.2687552193195491,38.44465143357714,2000,0.00362341980099639,3.4576811715960503,-0.0015167194994774036,965.6396350860596,127976.21826445802
372,5,71616000,8.798328399658203,0.26333334643034806,38.40230959405502,2000,0.003930076351966516,3.4481678903102875,-0.0009817194913921412,1339.9742851257324,128236.25615118201
373,5,71808000,8.804540634155273,0.2636823042545681,38.37036989380916,2000,0.0030886229157719436,3.4425298422574997,-0.0009356451050734904,1393.3569030761719,128485.91024446256
374,5,72000000,8.818662643432617,0.2631927219469314,38.39119818558296,2000,0.0033687242769956383,3.435227870941162,-0.0009381399318044714,1161.5041236877441,128251.41903627683
375,5,72192000,8.904248237609863,0.26763543073563295,38.38427185500041,2000,0.003606845569510672,3.428543284535408,-0.0008579407344768697,993.6275520324707,128357.17059789185
376,5,72384000,8.73856258392334,0.2603593884584067,38.33209431792299,2000,0.002802414745497424,3.4207128062844276,-0.0010217235676464043,1341.4846687316895,128205.91408152708
377,5,72576000,8.864916801452637,0.2659479258703262,38.43141273471216,2000,0.0035462867058862063,3.410531133413315,-0.0014699581521426808,1071.516689300537,128751.01013581321
378,5,72768000,8.819518089294434,0.26451042929087026,38.39774530132612,2000,0.003573139715891252,3.4026046097278595,-0.0008343860560557914,1337.6629943847656,128164.60864292743
379,5,72960000,8.870253562927246,0.26625522136722185,38.46624171361327,2000,0.0032775248472850446,3.3980577513575554,-0.001018622333958774,1277.1877307891846,128194.9279063131
380,5,73152000,8.911710739135742,0.26771876288451796,38.43721466884017,2000,0.00408071198830294,3.3930905163288116,-0.0010011605536419665,988.4957542419434,127726.55048532535
381,5,73344000,8.817818641662598,0.2629583454405899,38.342469811439514,2000,0.004395254965168231,3.38697412610054,-0.0009394153098583047,1153.1522121429443,128382.70730830629
382,5,73536000,8.859207153320312,0.2653125118255654,38.41354748234153,2000,0.0030238775802669537,3.382408209145069,-0.0012202433244965505,1123.0690155029297,127174.28728065931
383,5,73728000,8.797398567199707,0.26223438931750326,38.44112629070878,2000,0.002509724475413047,3.3757159262895584,-0.0014539421723611667,1151.7093257904053,126113.42662419759
384,5,73920000,8.845527648925781,0.26484897139137803,38.40208397184809,2000,0.002602898023157954,3.3722455948591232,-0.0012016938690067036,1066.373634338379,127929.80253115618
385,5,74112000,8.71324634552002,0.2586354291239938,38.34341383849581,2000,0.0035958767029223987,3.3677359744906425,-0.0010256128080072813,1282.5048522949219,128114.84274358128
386,5,74304000,8.811138153076172,0.2632187650724518,38.364285914848246,2000,0.0034994949141158374,3.3641811832785606,-0.0009176771704915154,1475.656192779541,128106.01874848819
387,5,74496000,8.834080696105957,0.26430209453125525,38.41287969922026,2000,0.0034532906828098967,3.3599455431103706,-0.0013795434138046403,1327.1444129943848,128936.5833073276
388,5,74688000,8.822100639343262,0.26387501221991744,38.372031688069306,2000,0.0030969667864701456,3.355552189052105,-0.0010411817231670284,1261.0516357421875,127816.85769897372
389,5,74880000,8.850592613220215,0.2654375125827452,38.37944530695677,2000,0.002971690998635798,3.353372246026993,-0.0008690359491083655,1301.2874603271484,128450.58779107059
390,5,75072000,8.85408878326416,0.2650937638045434,38.39553292406102,2000,0.0028734472157909002,3.3497791290283203,-0.0009003790210044826,1084.376573562622,128329.18300543017
391,5,75264000,8.78411865234375,0.26228126273538993,38.39372814819217,2000,0.0042098757779652565,3.3452315479516983,-0.0013652973584612482,1447.29638671875,128652.69991808682
392,5,75456000,8.880967140197754,0.2668020955576746,38.42450545107325,2000,0.0032790611430197417,3.3406798765063286,-0.0010482412528745044,1208.3860549926758,128266.37025843644
393,5,75648000,8.822904586791992,0.2634948042068572,38.34315698469678,2000,0.003860694189294009,3.3335906639695168,-0.0012312630358337628,1213.0559692382812,128050.36963743043
394,5,75840000,8.855887413024902,0.2650573049401525,38.35650480786959,2000,0.0037151229336644387,3.326245240867138,-0.0010744209350832534,1214.6279106140137,128829.85407038983
395,5,76032000,8.84138298034668,0.26423438985996955,38.35196597377459,2000,0.003529608137421744,3.3205670341849327,-0.0016526781837455928,1023.1549816131592,127895.16510071841
396,5,76224000,8.830257415771484,0.26359897150723555,38.27928136599561,2000,0.0033859994110195385,3.31603279709816,-0.001374403957015602,1028.147554397583,128231.29720202481
397,5,76416000,8.880029678344727,0.2667968882657685,38.38030293645958,2000,0.0037627020951040355,3.3121918737888336,-0.0010279242060278193,1212.911563873291,126925.28586689007
398,5,76608000,8.854450225830078,0.26459896980425884,38.33138510771096,2000,0.003862131581117867,3.3076451644301414,-0.0007865498896535428,1081.0596084594727,128096.0744476169
399,5,76800000,8.886569023132324,0.2671250131261331,38.365268583099045,2000,0.0038699589908113355,3.3011935651302338,-0.0011632968780759256,1120.8307609558105,128150.54878584418
400,5,76992000,8.933124542236328,0.2682448052679926,38.39583548282584,2000,0.0032218842977211684,3.2942900955677032,-0.0008830543429212412,1122.3167057037354,127567.52703372379
401,5,77184000,8.854273796081543,0.2647760556058832,38.33365774154663,2000,0.003283590573075347,3.2879085168242455,-0.0007569581302959705,1179.7490196228027,128349.31515516996
402,5,77376000,8.930272102355957,0.26879167907585116,38.44907105093201,2000,0.004107377320304903,3.2823482751846313,-0.0005663193649638742,1211.994369506836,127973.31781941811
403,5,77568000,8.82385540008545,0.2633958450302695,38.34096906458338,2000,0.0030126505113657956,3.276572935283184,-0.0012407755502863438,1126.7926273345947,127362.28396932397
404,5,77760000,8.87040901184082,0.26562501267653715,38.35183802867929,2000,0.0034148735040022693,3.273603305220604,-0.001224208490214096,1121.2115154266357,127487.7172116866
405,5,77952000,8.898957252502441,0.26705209536582214,38.35836940010389,2000,0.0037274935700746317,3.2707939445972443,-0.0012458623550628545,1214.0091190338135,127354.59670685536
406,5,78144000,8.974770545959473,0.2702552208326476,38.40641628578305,2000,0.00265192985277099,3.2636056318879128,-0.0012671255062741693,978.4190196990967,128566.27048142394
407,5,78336000,8.86767864227295,0.2653541786645898,38.41557899738351,2000,0.0031041843930215696,3.256862848997116,-0.000941699763870929,1024.6396827697754,128342.95221910886
408,5,78528000,8.77169418334961,0.2602708464291936,38.30626647360623,2000,0.003988156541352511,3.2525217086076736,-0.0009133969288086519,1270.2645092010498,128791.35720592046
409,5,78720000,8.958035469055176,0.27045313670714677,38.422998194893204,2000,0.002670493674396618,3.2501214146614075,-0.0013557440520344244,1070.8414001464844,128098.23298233858
410,5,78912000,8.921359062194824,0.26783334464137926,38.38575656712055,2000,0.0036651722224414693,3.2446289137005806,-0.0012350838848078638,1173.6092433929443,128205.52011551817
411,5,79104000,8.836207389831543,0.2627135541636865,38.291985930874944,2000,0.002490833322695833,3.237646274268627,-0.001089024562517693,984.5901565551758,127546.24809959019
412,5,79296000,8.823698997497559,0.26251563796661986,38.336132568617664,2000,0.0031045489611897237,3.230934649705887,-0.0011910193925359636,1083.9249801635742,128404.10432134816
413,5,79488000,8.886908531188965,0.26623959572255745,38.40079302340746,2000,0.0038944575816349247,3.227371282875538,-0.0009308035562298755,1175.5181427001953,126704.11081476197
414,5,79680000,8.868995666503906,0.2651093884602839,38.34389901906252,2000,0.003113592465510011,3.221255697309971,-0.0009473608048438109,1242.3915061950684,127378.0882036949
415,5,79872000,8.90957260131836,0.2677916792763426,38.368258698532976,2000,0.0034849800348553533,3.2165295407176018,-0.001444783054466825,1279.774803161621,128134.50979826464
416,5,80064000,8.852141380310059,0.2643125121364089,38.3295619164904,2000,0.0033548511647240944,3.2118871584534645,-0.0014343389002533513,1219.742088317871,127710.57038573295
417,5,80256000,8.8677396774292,0.26466667835848057,38.35362055152655,2000,0.00379677923787676,3.206372395157814,-0.0011721396358552738,976.6066055297852,127233.31890907133
418,5,80448000,8.826038360595703,0.2632604303010642,38.38055870433649,2000,0.0036821782528325755,3.200419031083584,-0.0006371526833390817,1073.9218788146973,128696.8069845663
419,5,80640000,8.82582950592041,0.26364584490329435,38.31461983049909,2000,0.003629438761282168,3.195939227938652,-0.0014211818731837411,1148.556640625,127957.4839079484
420,5,80832000,8.897721290588379,0.26645313699433854,38.35355496903261,2000,0.004081114983916147,3.19307854026556,-0.0008444434640750842,1106.1819515228271,128439.76654324136
421,5,81024000,8.858363151550293,0.2648802208732377,38.38056500442326,2000,0.0038347770407563056,3.1884329691529274,-0.0010141821667275508,1261.6404876708984,128138.1633515307
422,5,81216000,8.873336791992188,0.26584376330962795,38.35432571296891,2000,0.003565154437526266,3.1850775480270386,-0.0012540973659724841,1336.2725639343262,127519.47203076104
423,5,81408000,8.845953941345215,0.26362501209647843,38.31823021359742,2000,0.0039452145003718506,3.180513307452202,-0.000977772258238474,1200.6096286773682,128197.45818571775
424,5,81600000,8.887277603149414,0.2658802222031227,38.331783593942724,2000,0.003857379647340474,3.174846164882183,-0.000888695386947802,1085.1963901519775,128431.5952325481
425,5,81792000,8.990729331970215,0.27003126268573396,38.41927189255754,2000,0.0029110244844232497,3.1681473553180695,-0.0011273995460214792,894.521562576294,128202.64248281077
426,5,81984000,8.81638240814209,0.26187501278218406,38.2737805088982,2000,0.003351952734987812,3.1622123271226883,-0.0013087078013995779,1124.5981578826904,128501.87529541603
427,5,82176000,9.02641773223877,0.2731198029165777,38.461314007639885,2000,0.003120572257442597,3.1558579206466675,-0.0015029248074824864,1077.7685432434082,127499.50028722793
428,5,82368000,8.881701469421387,0.2654895950581704,38.324214551597834,2000,0.0035059735980563986,3.151574321091175,-0.0011333728552926914,1078.2290153503418,127998.78537565711
429,5,82560000,8.887179374694824,0.2651823063588381,38.37471919630965,2000,0.0030261320626814303,3.1472187489271164,-0.001001357451059448,896.2386894226074,128373.02994552405
430,5,82752000,8.864710807800293,0.2645156383502278,38.28184056639051,2000,0.0028294388466141157,3.14315989613533,-0.0011718788846337702,1128.5702781677246,128276.4319494544
431,5,82944000,8.874493598937988,0.2654010541070117,38.38312125205994,2000,0.0027058058856297695,3.139988422393799,-0.001243702466126706,1188.7903232574463,127380.099732825
432,5,83136000,8.9176607131958,0.267661471920898,38.39433802167574,2000,0.0025073956008855036,3.1384392976760864,-0.0009529970884614158,1191.0593643188477,129058.25436819959
433,5,83328000,8.972146987915039,0.2698541787873789,38.405620577434696,2000,0.0029449335157720885,3.1352538242936134,-0.0014613258899771608,1064.9568538665771,128788.49243393565
434,5,83520000,8.970155715942383,0.2702187626952461,38.44431535465022,2000,0.002690177871572816,3.1304836347699165,-0.0015066678920447885,1179.7944927215576,128823.38142686812
435,5,83712000,8.915569305419922,0.26693230454232736,38.394753801325955,2000,0.00282488103395008,3.124130852520466,-0.0014810493245249745,1052.6691493988037,129187.39945557954
436,5,83904000,8.812566757202148,0.2616875143030484,38.31311980262399,2000,0.0028644278306189028,3.116675466299057,-0.0010421266799767182,1168.419672012329,127667.40988426765
437,5,84096000,8.848990440368652,0.2639427206583302,38.347919760892786,2000,0.0027861154705921473,3.1104414016008377,-0.0014182389152210817,1258.8264904022217,128638.06047557421
438,5,84288000,8.942112922668457,0.26769792826477595,38.32616418025767,2000,0.002749153840241589,3.106057107448578,-0.0007229792845464544,1101.6194648742676,127562.89638303035
439,5,84480000,8.868062019348145,0.26467188939750486,38.35913725259403,2000,0.0030785749763478365,3.10252196341753,-0.0009911375232150021,1115.051254272461,128769.50225112788
440,5,84672000,8.835082054138184,0.26254167929861677,38.33136015509566,2000,0.0034372473906357018,3.0977115854620934,-0.0012289183014217997,993.6294326782227,128640.27575675762
441,5,84864000,9.01107120513916,0.27090105524075625,38.45447862520814,2000,0.0038333830647946654,3.0932667702436447,-0.0013136200741428183,809.8273391723633,126903.62174297904
442,5,85056000,8.902636528015137,0.2664791763757724,38.46444185016056,2000,0.003782118464150698,3.0865725353360176,-0.00124341759192248,1191.869119644165,128065.69428537594
443,5,85248000,8.829547882080078,0.26310938776320353,38.38772266730666,2000,0.0025242988945768374,3.083122096955776,-0.0009047669141182269,1221.3477878570557,128818.39079296649
444,5,85440000,8.903166770935059,0.26694792980379134,38.3832248604546,2000,0.003793196410095942,3.0805680006742477,-0.0008196938856599445,1364.8940925598145,128748.66075742051
445,5,85632000,8.883336067199707,0.2658177194552991,38.415235171715416,2000,0.0023546428983075504,3.077965296804905,-0.0011547018780220242,1217.1588859558105,127764.45829967306
446,5,85824000,8.84696102142334,0.26401563835982716,38.39885285248359,2000,0.002931997822503342,3.0758586823940277,-0.0014399036062968662,1340.643424987793,128338.3034469778
447,5,86016000,8.967705726623535,0.26883334463006275,38.440892778337,2000,0.0025221401317079076,3.074808582663536,-0.0010976761714118766,1000.832010269165,127733.17654967672
448,5,86208000,8.81352710723877,0.2614791786885083,38.36479607472817,2000,0.0027205928592696493,3.070508688688278,-0.0010678015351004433,1117.3424091339111,127827.48428106606
449,5,86400000,8.880597114562988,0.2649010553626188,38.43092713256677,2000,0.0027495592001311395,3.0671019479632378,-0.0014139862012143567,1122.3999328613281,127410.0888264561
450,5,86592000,8.925192832946777,0.26667188679372583,38.40227240075668,2000,0.003510692647854738,3.061403803527355,-0.0014194372579368064,841.5881195068359,128556.51851195139
451,5,86784000,8.876495361328125,0.26461980411719804,38.3923415603737,2000,0.003075253644351808,3.052217587828636,-0.0010134080057468964,904.440673828125,128538.86130073998
452,5,86976000,8.87079906463623,0.2641875122365794,38.36743689700961,2000,0.0033777557732149327,3.0468115732073784,-0.0010831851566308615,1018.842924118042,127990.55019997117
453,5,87168000,8.931344032287598,0.26752605378654454,38.41845615270237,2000,0.003238648665222478,3.044762685894966,-0.0009481707111262949,1052.522445678711,128568.74656339455
454,5,87360000,8.904168128967285,0.2662708453705515,38.42693831150731,2000,0.002177274774442295,3.041243515908718,-0.0007341665190097046,1222.8301486968994,127810.30437409258
455,5,87552000,8.974165916442871,0.2695312635132723,38.40781628278395,2000,0.002791916828157201,3.038871943950653,-0.00129584037586028,1112.5239353179932,127448.45499998491
456,5,87744000,8.954337120056152,0.2688229287129313,38.39911227611204,2000,0.0025479338994531045,3.0366112664341927,-0.0009238719920858784,1193.406867980957,128576.2106025238
457,5,87936000,8.879823684692383,0.26496876098099165,38.44573032235106,2000,0.0028580666587889325,3.0344263315200806,-0.001286022868953296,1045.921480178833,128009.17962207698
458,5,88128000,8.942599296569824,0.26747396959338704,38.42726159095764,2000,0.003386339559874614,3.0308085158467293,-0.0012755441393892397,1006.8792762756348,128021.52135659779
459,5,88320000,8.896567344665527,0.2653281358670938,38.38004091506203,2000,0.0026396227371806164,3.0275532230734825,-0.0009785280490177684,1172.8301334381104,128386.23380692152
460,5,88512000,8.963859558105469,0.2684062628801864,38.449635833501816,2000,0.002833342121646029,3.0244854763150215,-0.001682508517660608,881.7064723968506,128844.90761012031
461,5,88704000,8.969989776611328,0.2695416808819573,38.43598577007651,2000,0.002491485016509011,3.021059535443783,-0.0008816208746793563,1105.693748474121,128223.02531767501
462,5,88896000,9.044862747192383,0.27257293093255913,38.491307781388365,2000,0.0025821324868071927,3.017996557056904,-0.0012141727220296161,878.3825626373291,127985.24722637927
463,5,89088000,8.994132995605469,0.27029168053983693,38.46848924458027,2000,0.003682358642955179,3.0153705328702927,-0.0012229559242769028,982.4058132171631,128727.34330353144
464,5,89280000,8.919707298278809,0.2669218865315391,38.463017492865525,2000,0.0030355309771912323,3.0125261545181274,-0.0007261218346457099,1059.5242004394531,127292.25480884708
465,5,89472000,8.9678955078125,0.26864063657497655,38.42204203580817,2000,0.0028499966091767442,3.00823737680912,-0.001124106160204974,794.4419250488281,128304.18621446445
466,5,89664000,8.921122550964355,0.26726042908740055,38.464419318673514,2000,0.004070498232661826,3.004411242902279,-0.0005801292263640789,1300.322166442871,128011.44379608131
467,5,89856000,8.9446439743042,0.26775522087882564,38.385849030688405,2000,0.002541878345029544,3.0016459822654724,-0.001224131133312767,816.5650672912598,128442.42670433417
468,5,90048000,8.922937393188477,0.26679688834034704,38.39026984696587,2000,0.002998511718685523,2.9975187331438065,-0.0006329905563688953,1233.2994918823242,128816.03005830635
469,5,90240000,8.977076530456543,0.2688906369548931,38.43916014085213,2000,0.002585452957955571,2.9948868975043297,-0.0011497587320263847,992.4378643035889,126961.28554087252
470,5,90432000,8.875494956970215,0.26461980273901037,38.34461677695314,2000,0.0023255826493817355,2.991679832339287,-0.0015160457077172396,1047.2687168121338,127796.56933038028
471,5,90624000,8.94632625579834,0.268036471224453,38.42395515367389,2000,0.0024283763609625267,2.989349015057087,-0.0009487652605457697,1231.4573593139648,127064.27125949782
472,5,90816000,8.870251655578613,0.2651718871305396,38.36192271237572,2000,0.002711806616892014,2.987494707107544,-0.0011179310249644914,1319.0047416687012,128237.53507027737
473,5,91008000,8.88497543334961,0.26581772018471383,38.432383459061384,2000,0.002359018289362816,2.9858053028583527,-0.001113435107413352,1375.8346786499023,127601.7559401607
474,5,91200000,8.927756309509277,0.2674895963112552,38.440115286658205,2000,0.0023439055029011793,2.984614185988903,-0.0010502567811272456,1259.488380432129,127728.9262655022
475,5,91392000,8.896700859069824,0.264848971566001,38.35239476027588,2000,0.0021586411965263327,2.984358072280884,-0.0010177728217968252,1191.6673851013184,128451.20781756713
476,5,91584000,8.93053913116455,0.2672239692207465,38.384854881713785,2000,0.0026297501985112215,2.981898695230484,-0.0014919257889687287,1316.624610900879,127709.09876616955
477,5,91776000,8.857348442077637,0.2636510554887839,38.35794813372195,2000,0.0025404540885447247,2.9787531346082687,-0.0010368214230993544,1087.4331798553467,128680.32058570287
478,5,91968000,8.902987480163574,0.2658958455649554,38.37851138661305,2000,0.0029042926599965255,2.976807974278927,-0.001174184801584488,1183.506492614746,127302.65793676225
479,5,92160000,8.896086692810059,0.2655885550205615,38.36888670300444,2000,0.0027259433778720754,2.972452364861965,-0.0011226018916659086,1244.8602676391602,128087.34959459442
480,5,92352000,8.874011993408203,0.2637343868676301,38.35349531347553,2000,0.002558331633458387,2.9688628390431404,-0.0011804429632320534,1234.0030670166016,127809.38840037351
481,5,92544000,8.820022583007812,0.26184897043034044,38.25163639631743,2000,0.002055171338322302,2.9671346247196198,-0.0006916706843185239,1286.176965713501,128779.50897799528
482,5,92736000,8.89721965789795,0.2657135563895281,38.36724812661608,2000,0.002402162815011856,2.9657480493187904,-0.0009748920047059073,1240.6152420043945,126224.56623140154
483,5,92928000,8.92995834350586,0.2676145978760663,38.4160895049572,2000,0.0027183153452642744,2.96204287558794,-0.0011295886015432188,1201.8208904266357,127829.29045815014
484,5,93120000,8.898750305175781,0.26604688554410433,38.38582002992431,2000,0.002273174205870719,2.9589068964123726,-0.0010124610234925058,1269.733039855957,127596.18274914942
485,5,93312000,8.90750789642334,0.26611980533137586,38.39396922414502,2000,0.002342860560861179,2.9559871330857277,-0.0010213384512098855,1232.9452667236328,128098.92490693023
486,5,93504000,8.94880199432373,0.26853126235315966,38.39113243855536,2000,0.0023596083621365907,2.953437440097332,-0.0013357004063436761,1292.9877891540527,128224.0129074797
487,5,93696000,8.904643058776855,0.2655781366811425,38.42930335737765,2000,0.0028735198785677027,2.9518549367785454,-0.0009024257524288259,1101.9453086853027,126739.31549414663
488,5,93888000,8.969066619873047,0.2686198027671101,38.41415557265282,2000,0.003144367762688491,2.949225403368473,-0.001361373236363761,976.2605609893799,124698.49065740523
489,5,94080000,8.91318130493164,0.2657343876471714,38.29910164318668,2000,0.0030081889179176258,2.9450312927365303,-0.0010969165555252403,1041.8408012390137,126001.69245517033
490,5,94272000,8.930418014526367,0.2666823033159744,38.354307762657605,2000,0.0021060185669969853,2.9406426921486855,-0.001046866139517988,1210.705680847168,126841.07030442476
491,5,94464000,8.936594009399414,0.26670313854810956,38.37378231746455,2000,0.002776460813797413,2.9359434247016907,-0.0014383579675723013,1023.528528213501,126373.44120244407
492,5,94656000,8.9380521774292,0.2666875121036962,38.3560319946458,2000,0.002613929686514291,2.9332127571105957,-0.0014358504486153834,983.2802715301514,127767.0258578101
493,5,94848000,8.984701156616211,0.27020313628296816,38.47872024433067,2000,0.0018656125458231462,2.9310248121619225,-0.0009694776586002263,1347.0807762145996,127804.18439165404
494,5,95040000,8.863483428955078,0.263718762264034,38.33827703073621,2000,0.0022495737214145856,2.928970642387867,-0.0008270430989796296,1307.9420318603516,127654.1979688811
495,5,95232000,8.927770614624023,0.2669010551677881,38.399794502804674,2000,0.00272738211215498,2.9267865270376205,-0.0010978261325362837,1179.3268356323242,128604.98735473907
496,5,95424000,8.824565887451172,0.2624375135043617,38.35989362125596,2000,0.0025778190749812593,2.923138566315174,-0.0009008304532471811,1344.824462890625,128137.8990168969
497,5,95616000,8.954401016235352,0.2676875102018433,38.44445165246725,2000,0.0031228896789883345,2.92230511456728,-0.0010020946929216734,1076.526309967041,127814.6400566806
498,5,95808000,8.932318687438965,0.2669687627900809,38.412734013050795,2000,0.002314230515973882,2.9207411110401154,-0.0013949102843184846,1182.341709136963,129710.3517916257
499,5,96000000,8.918828964233398,0.2661614708607279,38.43570993312945,2000,0.002135331054027724,2.918174348771572,-0.0009067548726306995,1175.9549980163574,127211.26168395104
500,5,96192000,8.979504585266113,0.26893230538735224,38.363732278967895,2000,0.0016415520027623365,2.916271612048149,-0.0009531178238830762,1258.3676872253418,128041.23687626088
501,5,96384000,8.964155197143555,0.26772397205968446,38.39666214833657,2000,0.002842216239051898,2.914142832159996,-0.0014444774515141034,854.4053726196289,127381.75012823078
502,5,96576000,8.916831016540527,0.26605209625025356,38.36209989090761,2000,0.0023704052287200003,2.9096740633249283,-0.0009520101475573028,1218.4221668243408,127049.84654362508
503,5,96768000,8.930075645446777,0.2658073036739855,38.35778172997137,2000,0.0025966171263680712,2.9059247821569443,-0.0013234187763373484,915.6346015930176,127388.30099731177
504,5,96960000,8.869009971618652,0.2625989699075338,38.337647292762995,2000,0.0020477827022144374,2.9014059007167816,-0.001096395353670232,1065.9180030822754,127875.112646243
505,5,97152000,8.934100151062012,0.26715105552951474,38.4220922489961,2000,0.0018757359639457738,2.8986430168151855,-0.0005135493920533918,1233.1801528930664,128582.56784026061
506,5,97344000,8.951552391052246,0.26839063722521433,38.419397267202534,2000,0.002622365963969059,2.898183897137642,-0.0011524488934355759,1409.0229835510254,128205.5313297989
507,5,97536000,8.909367561340332,0.26554688721383474,38.35192555313309,2000,0.002934055847921023,2.8978737220168114,-0.0010410700151624042,1172.8715114593506,127346.69954589735
508,5,97728000,9.038113594055176,0.27175522337590036,38.48683516308665,2000,0.002353597818727092,2.8971144407987595,-0.0009567973338562297,1102.872579574585,128053.26392715835
509,5,97920000,8.919808387756348,0.266161471184508,38.40082758354644,2000,0.0024826125542761757,2.895837426185608,-0.0009524895076538087,1326.8928985595703,128248.27643490615
510,5,98112000,8.85977840423584,0.26321876038552244,38.35295194014907,2000,0.0030951977809054385,2.8941966965794563,-0.0013382639253904927,1249.1588020324707,127619.24958610418
511,5,98304000,8.90696907043457,0.2655208467155414,38.38755847886205,2000,0.0018134018338490307,2.8917423859238625,-0.0011886697266163537,1133.743688583374,126419.6944851152
512,5,98496000,8.908347129821777,0.26597396980044624,38.46275436319411,2000,0.0022944562505120628,2.88994512706995,-0.001028400321956724,1316.411464691162,127463.91913271359
513,5,98688000,8.934694290161133,0.2668698036947414,38.427536703025304,2000,0.0021991980030246217,2.887284018099308,-0.0008641825893391797,1093.7540225982666,128200.36974152207
514,5,98880000,8.937905311584473,0.26682813985219883,38.40971082448959,2000,0.0031174241804577257,2.883480452001095,-0.0013904161105529056,1192.6504173278809,128056.07780342753
515,5,99072000,8.97845458984375,0.26784376449965447,38.38078125628332,2000,0.0026665849541605002,2.8815707564353943,-0.000711794920448483,849.590124130249,128356.97855762843
516,5,99264000,8.914604187011719,0.2661458475267864,38.378424391771354,2000,0.0020016963462197376,2.879039153456688,-0.0008544068166429497,1161.741985321045,127771.48215222573
517,5,99456000,8.929121017456055,0.2662812621298751,38.35188460598389,2000,0.002085075608210904,2.878119006752968,-0.0009468826538068242,1109.377643585205,128070.11411810858
518,5,99648000,8.857677459716797,0.2632239685881359,38.32089149206877,2000,0.0024660760050774153,2.876927062869072,-0.0012706572279057582,1231.270393371582,128834.30692311337
519,5,99840000,8.912896156311035,0.26584897150496545,38.36188959578673,2000,0.002815305110195669,2.8744369223713875,-0.0011915677750948817,1089.9863586425781,128370.75107418033
520,5,100032000,8.897445678710938,0.2654635547484456,38.412758983671665,2000,0.0029644867025344843,2.871786944568157,-0.0010980623546856805,1375.5028686523438,127215.58244216532
521,5,100224000,8.975279808044434,0.2684895949660131,38.43847673634688,2000,0.002165214184666489,2.8698793798685074,-0.001125437325299572,1032.874755859375,127740.11953907243
522,5,100416000,8.925745010375977,0.2659843887704483,38.391219755013786,2000,0.002689862213335198,2.8679943531751633,-0.0009459873285777576,1029.179796218872,128604.97253551535
523,5,100608000,8.882721900939941,0.2641562636144954,38.37079610675573,2000,0.00286772652476551,2.8656430318951607,-0.0014257258617362822,1144.7054767608643,127853.29209727833
524,5,100800000,8.8837308883667,0.26477605522268277,38.415185096363224,2000,0.0015051108898883267,2.8636294901371,-0.0007820062800050209,1202.1630859375,129093.35487879958
525,5,100992000,8.882205963134766,0.2652656384434522,38.36595091347893,2000,0.00137495125909224,2.8620236814022064,-0.000933879488002276,1337.1988792419434,127299.07516642722
526,5,101184000,8.896126747131348,0.2644687622402368,38.327267137666546,2000,0.00197294411661339,2.860538601875305,-0.0008390811026401934,1318.7813034057617,127956.86957677398
527,5,101376000,8.929285049438477,0.2663281371690876,38.37541311482588,2000,0.002301137958977656,2.8588615879416466,-0.0012195588490158116,1061.1014766693115,129311.09075426206
528,5,101568000,8.890382766723633,0.2655312620627228,38.40000950420896,2000,0.0026178398985648513,2.8569272458553314,-0.0005711532730856561,1336.2532920837402,128724.18872620413
529,5,101760000,8.91693115234375,0.2650468873034697,38.39203376943866,2000,0.0022587121488346976,2.8555821552872658,-0.000683320763073425,953.7898540496826,127797.85514812275
530,5,101952000,8.93741512298584,0.2661198040411061,38.35463914088905,2000,0.0023877508934031857,2.853485569357872,-0.000947279637102838,947.8663635253906,128703.9074967258
531,5,102144000,8.916550636291504,0.2654427197194309,38.3919023151199,2000,0.0022878043248135,2.850596584379673,-0.0009389993456352386,1063.579725265503,128288.94116200684
532,5,102336000,8.897114753723145,0.26496355392070353,38.354190868635975,2000,0.0023281684863744254,2.8481481820344925,-0.0010106146528414683,1265.225658416748,128383.61649502073
533,5,102528000,8.931682586669922,0.26632292945638864,38.35195690269271,2000,0.0023341613857483026,2.847271591424942,-0.0012757984585505255,1256.0507545471191,128854.67925717426
534,5,102720000,8.846162796020508,0.2626406375335743,38.34368244123956,2000,0.0019178960902723544,2.846683293581009,-0.0008117811412375886,1353.3644104003906,127822.46482146853
535,5,102912000,8.956809997558594,0.267395846701523,38.36272672687968,2000,0.0018146817186175251,2.8450062572956085,-0.0008589696994931728,1003.922830581665,128205.16861197143
536,5,103104000,8.940648078918457,0.2666718873406353,38.41352891859909,2000,0.0017579260504935537,2.842824801802635,-0.0004974882140231784,1127.129903793335,127724.3108218505
537,5,103296000,8.959433555603027,0.2675104296279945,38.39411587392291,2000,0.002122846954452147,2.842074766755104,-0.0008474049791402649,1076.0283184051514,129177.96855599909
538,5,103488000,8.884232521057129,0.2642656387682412,38.370217721909285,2000,0.0025419767346647887,2.841242827475071,-0.0009469681515383854,1213.095085144043,129373.47198937647
539,5,103680000,9.012701034545898,0.27036459616162273,38.44135373644531,2000,0.0018933139706399163,2.839902602136135,-0.0011020707383977424,1216.1157627105713,126499.06039721695
540,5,103872000,8.994280815124512,0.27002084442574414,38.423519261181355,2000,0.0018380288225771438,2.8390211910009384,-0.0008851618056269217,1209.4542179107666,128244.1196913321
541,5,104064000,8.907957077026367,0.2647552205144166,38.350133790945016,2000,0.0021026330499595777,2.838527984917164,-0.0008411606286244933,1016.986967086792,129123.38715558112
542,5,104256000,8.90500259399414,0.26507813526526053,38.370216162254415,2000,0.0018342788452114303,2.8373117074370384,-0.0008292222573800245,1245.9364395141602,128497.59614748729
543,5,104448000,8.894556045532227,0.2644635537605306,38.33302579137186,2000,0.002077593078305656,2.835783429443836,-0.0010720628629314888,1083.2747478485107,128913.90150092823
544,5,104640000,8.89876651763916,0.26466147093500086,38.371225671221815,2000,0.0018545048210274542,2.834553174674511,-0.000816855235825642,1226.807258605957,127312.63365689592
545,5,104832000,8.957618713378906,0.2675156383326491,38.37316783890128,2000,0.002116571735851419,2.833001457154751,-0.000986342580517885,1182.274082183838,128238.8108465305
546,5,105024000,8.976347923278809,0.26895313879625365,38.43760448756317,2000,0.001966412926294049,2.8322082087397575,-0.0007650909076346579,1253.788963317871,128815.98597779515
547,5,105216000,9.002205848693848,0.2698020947373152,38.44273400182525,2000,0.0016721563023781236,2.8318701311945915,-0.0007446616509696469,944.8230323791504,129063.11794049616
548,5,105408000,8.89847469329834,0.26489063932846574,38.39455746859312,2000,0.001115537356974526,2.8303785771131516,-0.0004125784616917372,1280.1682205200195,128039.99679234029
549,5,105600000,8.943421363830566,0.2671510543259501,38.34620474278927,2000,0.002281432160403253,2.829643949866295,-0.0009071732704342139,1261.898639678955,129155.3378055046
550,5,105792000,8.962529182434082,0.26755209599105,38.40540926282605,2000,0.0017765028620894269,2.828527957201004,-0.0007430847272189567,1082.2913398742676,127275.826594638
551,5,105984000,9.048136711120605,0.2720104291711323,38.38152075341592,2000,0.0018096669664661655,2.827887140214443,-0.0008675277194925002,995.8100032806396,128373.74604040783
552,5,106176000,8.96366024017334,0.26789584614925843,38.426933820048966,2000,0.0022450914252682835,2.8272157460451126,-0.0007687138049732312,1222.4235019683838,128880.78425275492
553,5,106368000,8.977363586425781,0.26856251384197094,38.40212889884909,2000,0.0012523084926730627,2.825995497405529,-0.0006642651987931458,1021.2987022399902,129393.75979281035
554,5,106560000,8.91958999633789,0.26502605269949225,38.324347630143166,2000,0.002010624940799212,2.8247772455215454,-0.0011169755755062738,1036.2164402008057,128190.00964105934
555,5,106752000,8.914071083068848,0.2657135550386253,38.35203423102697,2000,0.0014083230929112095,2.823483370244503,-0.0007462851726813824,1169.8918323516846,127324.6247775226
556,5,106944000,8.881063461303711,0.2638385555977341,38.305157950147986,2000,0.0017514647538260583,2.8222280368208885,-0.0009102534427256614,958.4162425994873,128426.32582973085
557,5,107136000,8.910606384277344,0.26507293014825944,38.31306990981102,2000,0.0016355528393457164,2.8217959478497505,-0.000781049038778292,1109.5393676757812,128690.69497080274
558,5,107328000,8.910673141479492,0.2649739723134796,38.31682914495468,2000,0.0019296186751122033,2.821484759449959,-0.0008175556549758767,1096.4888095855713,128194.07514726558
559,5,107520000,8.942806243896484,0.26778647035826,38.37044116854668,2000,0.0009926145112926082,2.8202915340662003,-0.0006514765325391636,1135.2084274291992,129830.11428748346
560,5,107712000,8.878317832946777,0.2646406377898529,38.32009654430052,2000,0.0016844415829388379,2.8195816799998283,-0.0006827504021202913,1761.521385192871,128876.68243104818
561,5,107904000,8.887800216674805,0.2635312632937712,38.287724574406944,2000,0.001552363461509304,2.818801887333393,-0.0007732021983883897,1149.8328456878662,128614.42316778941
562,5,108096000,8.94638442993164,0.2670677208570851,38.364394726852574,2000,0.0012661358278212437,2.817757986485958,-0.0005909592964599142,1226.2056922912598,128386.96567515042
563,5,108288000,8.888175964355469,0.26421876256669447,38.32385525355736,2000,0.001448998028135598,2.8171519115567207,-0.0006042023915142636,1090.208574295044,125744.92282933427
564,5,108480000,8.935011863708496,0.26570834492243495,38.28207116131671,2000,0.0020462338115442777,2.8166003823280334,-0.0010641427766131528,917.568000793457,126583.94248419417
565,5,108672000,8.998910903930664,0.26928647123531846,38.36937712443372,2000,0.0018183644687143619,2.816006623208523,-0.000843081583525418,1088.0008506774902,128378.97833966016
566,5,108864000,8.956839561462402,0.2672395963769911,38.27231620096912,2000,0.0016589399529754398,2.815201535820961,-0.0007833390188807243,915.9038410186768,125075.99408973024
567,5,109056000,8.960673332214355,0.2681718887057893,38.39854986593127,2000,0.0015694720480417673,2.8145707547664642,-0.0008486201872983656,1254.0439147949219,127503.53549080923
568,5,109248000,8.959929466247559,0.2675416801290946,38.34106525530418,2000,0.0016607363197030447,2.8139989972114563,-0.0008638201898065745,983.578649520874,129696.89897445336
569,5,109440000,8.952948570251465,0.2672291789701073,38.33491391067704,2000,0.0020814364462407864,2.8131767883896828,-0.0008946821526478743,951.5617122650146,126765.56437029889
570,5,109632000,8.887557029724121,0.2640156386369199,38.29119913528363,2000,0.0015226326033953227,2.8120158091187477,-0.0007139390954762348,1114.2937641143799,129055.56508531152
571,5,109824000,8.895718574523926,0.2638906370272404,38.299728931238256,2000,0.0009885955847894201,2.8116068243980408,-0.000660607449390227,873.4060325622559,126424.14736128086
572,5,110016000,8.928422927856445,0.26544792952093604,38.29071588193377,2000,0.0014766965269864957,2.8110752925276756,-0.0006194431628046004,961.4337902069092,127259.75208197278
573,5,110208000,9.001510620117188,0.2694531383179613,38.34008699965974,2000,0.0014906828834693117,2.8102506175637245,-0.0007655820213585685,1003.1119270324707,128409.68330399915
574,5,110400000,8.865130424499512,0.2628385547680712,38.342188105608024,2000,0.001297261746628163,2.809290297329426,-0.0008027077064980404,1111.7899150848389,126720.61573772627
575,5,110592000,8.940643310546875,0.26687501329858304,38.37500722706318,2000,0.0013262100428070578,2.8084345906972885,-0.0007504897184844594,1172.7066593170166,125999.2180142637
576,5,110784000,8.92585563659668,0.2660625119866988,38.372912825395666,2000,0.0011520068605904085,2.808209478855133,-0.0005522711708181305,1146.2309112548828,128212.02824863284
577,5,110976000,8.9804105758667,0.26818230182774033,38.339197189857565,2000,0.001722628790004059,2.8080890849232674,-0.0007641556794624194,961.3527355194092,128319.84379644529
578,5,111168000,8.9371919631958,0.2663906359739485,38.3452953013281,2000,0.0011175251877871967,2.8076915740966797,-0.0006722700186401198,1061.022108078003,129106.0889582202
579,5,111360000,8.979484558105469,0.269239595716499,38.38826805601517,2000,0.0006170019359134776,2.8072753101587296,-0.00033322578800554226,1185.9501457214355,126161.88127442387
580,5,111552000,8.890289306640625,0.2644635539072624,38.34739873558283,2000,0.0009517835459802865,2.807126060128212,-0.0004167241215782269,1403.7109832763672,126493.83420550688
581,5,111744000,8.939496994018555,0.2662239718568647,38.353208535040416,2000,0.0010981227384191938,2.80686604231596,-0.0004277836171127092,915.9634094238281,128034.5139235641
582,5,111936000,8.926881790161133,0.2665468876803061,38.34552747787287,2000,0.001004081748553591,2.8064035400748253,-0.0003668465969894896,1066.441780090332,128718.58057142548
583,5,112128000,8.880566596984863,0.2637031374415528,38.356187167267,2000,0.0011124295757472674,2.80598596483469,-0.0004575389230012661,1103.7194995880127,128035.29736696425
584,5,112320000,8.978470802307129,0.26890626277357416,38.382883440703154,2000,0.0010864109411846817,2.80561825633049,-0.0004695246434494038,1056.3911247253418,127588.00166936334
585,5,112512000,8.950274467468262,0.26718751293932047,38.35983695182949,2000,0.0012687491428416686,2.80535376816988,-0.0006133350341315236,1225.4965286254883,128657.94110142278
586,5,112704000,8.942465782165527,0.26629688795280043,38.372858741010226,2000,0.00042428251444731613,2.805195912718773,-0.0004344457815932401,1100.2542190551758,128158.43253057818
587,5,112896000,8.887700080871582,0.2645052201114595,38.39159024568895,2000,0.0005771761378619913,2.8050920590758324,-0.0003785257649724372,1336.0585021972656,128605.09968361324
588,5,113088000,9.05246639251709,0.2719948044535461,38.42897118690113,2000,0.0006009048215916066,2.8049041256308556,-0.0003688756078190636,1103.4484233856201,127885.04055462047
589,5,113280000,8.964005470275879,0.2674166806658225,38.39957236436506,2000,0.0018527151351019969,2.804755710065365,-0.0007710174868407194,1185.7586727142334,127831.80947254883
590,5,113472000,9.025635719299316,0.2707239706087421,38.42014622067412,2000,0.000276020491587918,2.8046037033200264,-0.00017246559559680463,1151.9265327453613,127538.27962790661
591,5,113664000,8.959101676940918,0.26727605412391614,38.41496660808722,2000,0.0003492580380028143,2.804403454065323,-0.00027265435215895195,1145.7979049682617,128320.10742463452
592,5,113856000,8.891382217407227,0.264625012293133,38.3909581489861,2000,0.0001968431504632967,2.8042233884334564,-0.0002474773591529811,1231.7860069274902,129039.24083941727
593,5,114048000,8.969135284423828,0.26776563819172833,38.36344590845207,2000,0.00026268545191487913,2.804170459508896,-0.00023859857560637465,1044.696527481079,128023.68830853327
594,5,114240000,8.85314655303955,0.2625677231129278,38.29498114374777,2000,5.5099830176187636e-05,2.8041036874055862,-7.538903150816623e-05,1100.5525913238525,128827.50812322108
595,5,114432000,8.985502243041992,0.26885418052916066,38.39297197510799,2000,0.00036553632473126235,2.804064668715,-0.00020060019414813723,1012.0520572662354,127444.54239185365
596,5,114624000,8.93561840057373,0.2668437639901337,38.429213191072144,2000,8.652311517302891e-05,2.8039985075592995,-0.00011360157168383012,1212.5218238830566,127830.09888603825
597,5,114816000,8.934371948242188,0.26609897099964047,38.356071089704834,2000,3.7118926730500545e-05,2.8039722219109535,-0.00012247440190549241,1030.4540710449219,128919.37503002022
598,5,115008000,8.892605781555176,0.26445313627724926,38.37817908078432,2000,1.7904016738123918e-05,2.8039354756474495,-6.207625119714066e-05,1175.078176498413,129914.63811176737
599,5,115200000,9.059731483459473,0.27265626300140866,38.43663432573279,2000,3.3266498354819762e-06,2.803931847214699,-2.59593534792657e-05,1008.2022933959961,128676.28687599344
