v -0.008073 -0.008957 -0.000200
v -0.007805 -0.008657 -0.000374
v -0.007774 -0.010633 -0.000073
v -0.007835 -0.009325 -0.000309
v -0.007932 -0.007940 -0.000247
v -0.007784 -0.006895 -0.000095
v -0.007872 -0.006832 -0.000395
v -0.007836 -0.005801 0.000287
v -0.007927 -0.005461 0.000946
v -0.007818 -0.005239 0.001613
v -0.007625 -0.014750 -0.000282
v -0.007533 -0.014171 -0.000269
v -0.007654 -0.013705 -0.000289
v -0.007614 -0.011328 -0.000011
v -0.007778 -0.009833 -0.000264
v -0.007823 -0.009910 0.000043
v -0.007125 -0.009750 -0.000250
v -0.007625 -0.009750 0.000000
v -0.007265 -0.009560 0.000049
v -0.007569 -0.008408 -0.000305
v -0.007325 -0.008208 -0.000380
v -0.007359 -0.007848 -0.000635
v -0.007068 -0.008122 -0.000500
v -0.007625 -0.007500 -0.000375
v -0.007105 -0.007697 -0.000533
v -0.007639 -0.006842 -0.000658
v -0.007605 -0.006247 -0.000838
v -0.007516 -0.005427 -0.000051
v -0.007750 -0.005375 0.000750
v -0.007420 -0.005599 0.000979
v -0.007644 -0.005060 0.000828
v -0.007171 -0.005018 0.002003
v -0.007611 -0.004970 0.002200
v -0.007500 -0.005000 0.000625
v -0.007537 -0.004625 0.001365
v -0.007601 -0.003984 0.000746
v -0.007516 -0.003759 0.000113
v -0.007374 -0.018020 -0.000208
v -0.007375 -0.016250 -0.000250
v -0.007281 -0.016000 -0.000219
v -0.007281 -0.015375 -0.000219
v -0.007360 -0.015015 -0.000326
v -0.007426 -0.012536 -0.000078
v -0.006922 -0.012130 -0.000386
v -0.007375 -0.011750 -0.000250
v -0.007245 -0.011872 -0.000231
v -0.007264 -0.010463 -0.000151
v -0.007174 -0.010332 -0.000274
v -0.007062 -0.009219 -0.000281
v -0.007243 -0.007333 -0.000142
v -0.007450 -0.006928 -0.000385
v -0.007219 -0.006769 -0.000625
v -0.007029 -0.006262 -0.000567
v -0.007250 -0.005750 0.000125
v -0.007279 -0.005154 0.000948
v -0.007375 -0.005000 0.000500
v -0.007122 -0.005278 0.000178
v -0.007160 -0.004885 0.001360
v -0.007250 -0.004875 0.000500
v -0.007650 -0.004727 0.001362
v -0.007382 -0.004651 0.001870
v -0.007299 -0.004843 0.002273
v -0.007142 -0.004522 0.000840
v -0.007073 -0.004058 0.000213
v -0.007527 -0.003803 -0.000412
v -0.007380 -0.003832 0.000446
v -0.007031 -0.019625 -0.000219
v -0.007109 -0.019266 -0.000332
v -0.007154 -0.017786 -0.000294
v -0.007047 -0.017000 -0.000266
v -0.006250 -0.015281 -0.000375
v -0.006750 -0.014438 -0.000375
v -0.006583 -0.014167 -0.000375
v -0.007000 -0.012500 -0.000125
v -0.007125 -0.012250 -0.002250
v -0.007031 -0.011875 -0.002219
v -0.007016 -0.011640 -0.002281
v -0.007173 -0.011449 -0.000211
v -0.006901 -0.011380 -0.000213
v -0.007500 -0.011250 0.000125
v -0.006876 -0.011107 -0.000142
v -0.007137 -0.010772 -0.002299
v -0.007000 -0.010000 -0.000125
v -0.007107 -0.009781 -0.002280
v -0.007189 -0.009181 -0.002018
v -0.007125 -0.008750 -0.000250
v -0.007042 -0.008667 -0.000250
v -0.006779 -0.008350 -0.000154
v -0.007154 -0.008514 -0.002328
v -0.007197 -0.007018 -0.002416
v -0.007161 -0.007408 -0.002251
v -0.007000 -0.007000 -0.000375
v -0.007320 -0.005968 -0.000315
v -0.006970 -0.005788 -0.000173
v -0.007081 -0.005635 -0.000548
v -0.007240 -0.005610 0.000452
v -0.007482 -0.005735 -0.000279
v -0.007037 -0.004798 0.000335
v -0.006982 -0.004875 0.000982
v -0.006763 -0.004674 0.002462
v -0.007000 -0.004500 0.000625
v -0.006972 -0.004186 0.001564
v -0.006973 -0.003800 -0.000788
v -0.006945 -0.003876 -0.000555
v -0.007073 -0.003999 0.001151
v -0.007067 -0.003915 0.001290
v -0.006949 -0.003492 -0.000940
v -0.007044 -0.003508 0.000392
v -0.007072 -0.003242 -0.000700
v -0.006775 -0.003100 -0.000440
v -0.007131 -0.003265 -0.000209
v -0.006819 -0.024175 0.000060
v -0.006877 -0.021998 -0.000262
v -0.006781 -0.021500 -0.000219
v -0.006531 -0.021437 -0.000344
v -0.006256 -0.021255 -0.000364
v -0.006750 -0.018625 -0.000375
v -0.007031 -0.017438 -0.000219
v -0.006989 -0.016636 -0.000228
v -0.006797 -0.015281 -0.002266
v -0.006714 -0.014281 -0.002309
v -0.006979 -0.014121 -0.000032
v -0.006827 -0.013729 -0.002275
v -0.007299 -0.013311 -0.000213
v -0.006726 -0.013283 -0.002323
v -0.006822 -0.012547 -0.002278
v -0.006406 -0.012984 -0.000219
v -0.007531 -0.012000 0.000031
v -0.006746 -0.012033 -0.000154
v -0.006250 -0.011500 -0.002375
v -0.006750 -0.011125 -0.001875
v -0.006957 -0.010567 -0.002275
v -0.006656 -0.010672 -0.000125
v -0.006875 -0.009750 -0.002000
v -0.006750 -0.009500 -0.001875
v -0.007328 -0.008650 0.000005
v -0.006638 -0.008307 -0.001823
v -0.006568 -0.008646 -0.002333
v -0.006893 -0.007854 -0.002219
v -0.006770 -0.007210 0.000065
v -0.006500 -0.007500 -0.002375
v -0.006546 -0.007639 -0.001840
v -0.006917 -0.007167 -0.000125
v -0.006634 -0.006537 -0.002315
v -0.006750 -0.006000 -0.000625
v -0.006409 -0.006128 -0.000375
v -0.006879 -0.005488 -0.002521
v -0.006753 -0.005565 0.000065
v -0.007000 -0.005000 0.000875
v -0.006681 -0.004977 -0.003239
v -0.006804 -0.005044 -0.002544
v -0.006613 -0.004596 0.002141
v -0.006612 -0.004374 0.000924
v -0.006818 -0.004432 0.001465
v -0.006714 -0.004195 0.001967
v -0.005813 -0.004125 0.000937
v -0.006847 -0.003995 0.001075
v -0.006835 -0.003475 -0.000205
v -0.006776 -0.003367 -0.001040
v -0.006969 -0.003149 0.000322
v -0.006447 -0.025687 -0.000153
v -0.006616 -0.025110 -0.000006
v -0.006186 -0.024680 -0.000075
v -0.006797 -0.023750 -0.000016
v -0.005762 -0.023321 -0.000065
v -0.006883 -0.023242 -0.000025
v -0.007125 -0.023000 0.000076
v -0.006587 -0.022433 -0.000228
v -0.006250 -0.022000 -0.000375
v -0.006654 -0.021839 -0.000213
v -0.006250 -0.020250 -0.000375
v -0.007375 -0.019000 -0.000197
v -0.006250 -0.018250 -0.000375
v -0.006250 -0.017375 -0.000375
v -0.006698 -0.016776 -0.002234
v -0.006375 -0.017375 0.000000
v -0.006500 -0.016583 -0.002394
v -0.006187 -0.016438 -0.000312
v -0.006812 -0.016250 -0.002313
v -0.006641 -0.015687 -0.002297
v -0.005750 -0.015894 -0.002468
v -0.006000 -0.015313 -0.002375
v -0.006500 -0.014750 -0.000125
v -0.006650 -0.014000 -0.000275
v -0.006250 -0.013951 -0.002381
v -0.006500 -0.013375 -0.000125
v -0.006163 -0.013105 -0.002256
v -0.006562 -0.013081 -0.002085
v -0.006250 -0.012000 -0.002375
v -0.007500 -0.011000 0.000125
v -0.006250 -0.010625 -0.002375
v -0.006487 -0.010755 -0.001761
v -0.006730 -0.010182 -0.002312
v -0.007225 -0.009883 0.000077
v -0.006541 -0.009420 -0.002205
v -0.006281 -0.009344 -0.000063
v -0.006666 -0.009100 -0.002433
v -0.006652 -0.008674 -0.002247
v -0.006631 -0.008465 -0.001791
v -0.006850 -0.008267 0.000125
v -0.006998 -0.008100 -0.000023
v -0.006625 -0.007750 -0.000250
v -0.006315 -0.007160 -0.002470
v -0.006625 -0.007250 -0.002000
v -0.006269 -0.007227 -0.000167
v -0.006841 -0.006583 -0.002386
v -0.006897 -0.006647 -0.000125
v -0.006611 -0.006361 -0.000125
v -0.006833 -0.006273 -0.002315
v -0.006177 -0.006139 -0.002208
v -0.006196 -0.005750 -0.000321
v -0.006393 -0.005361 -0.002777
v -0.006303 -0.005250 -0.000125
v -0.006500 -0.004875 0.000750
v -0.006349 -0.005381 -0.002215
v -0.006504 -0.004701 -0.003082
v -0.006625 -0.004625 0.000625
v -0.006476 -0.004649 -0.003718
v -0.006446 -0.004466 0.001374
v -0.006625 -0.004250 0.001500
v -0.006355 -0.003517 -0.000951
v -0.006625 -0.003339 -0.001290
v -0.006351 -0.030488 0.000329
v -0.006313 -0.030000 0.000188
v -0.006355 -0.028984 0.000233
v -0.006230 -0.026676 0.000155
v -0.006586 -0.026272 0.000285
v -0.005822 -0.026709 0.000108
v -0.006670 -0.025982 0.000236
v -0.006177 -0.025040 0.000386
v -0.005594 -0.023875 0.000094
v -0.007125 -0.022750 -0.000000
v -0.006344 -0.021312 0.000000
v -0.006801 -0.020819 -0.000215
v -0.006094 -0.020688 0.000125
v -0.007031 -0.020250 -0.000219
v -0.006321 -0.019822 -0.002367
v -0.006125 -0.019875 -0.000281
v -0.007031 -0.019938 -0.000219
v -0.006411 -0.019690 -0.002206
v -0.006500 -0.019250 -0.000125
v -0.006431 -0.018918 -0.002138
v -0.006307 -0.018879 -0.000081
v -0.006369 -0.018310 -0.002333
v -0.006625 -0.018000 -0.002211
v -0.006281 -0.017020 -0.001918
v -0.006094 -0.015937 -0.000281
v -0.006250 -0.015750 -0.002125
v -0.007281 -0.015687 -0.000219
v -0.006641 -0.015078 -0.000063
v -0.006000 -0.014375 -0.002375
v -0.006250 -0.014750 -0.002125
v -0.005750 -0.014250 -0.000125
v -0.006139 -0.013205 -0.002002
v -0.006951 -0.012837 -0.000012
v -0.006999 -0.012309 0.000117
v -0.005875 -0.010750 0.000000
v -0.006341 -0.009875 -0.002273
v -0.006635 -0.010069 -0.001847
v -0.006250 -0.010250 0.000125
v -0.006380 -0.010000 0.000245
v -0.006208 -0.009490 -0.002621
v -0.006490 -0.009260 -0.001875
v -0.006313 -0.009062 0.000250
v -0.006102 -0.008116 0.000090
v -0.006438 -0.007048 -0.001961
v -0.006321 -0.006562 -0.000234
v -0.006487 -0.006881 -0.002442
v -0.006113 -0.006915 -0.002097
v -0.006250 -0.006500 -0.000125
v -0.006281 -0.006656 0.000125
v -0.006214 -0.005741 -0.002652
v -0.006676 -0.005595 -0.002089
v -0.006250 -0.005500 0.000125
v -0.005964 -0.005578 -0.000089
v -0.006303 -0.005397 -0.002594
v -0.006250 -0.005250 0.000375
v -0.006200 -0.004946 -0.003531
v -0.006250 -0.005125 0.000500
v -0.006000 -0.004875 0.001000
v -0.006259 -0.004717 0.000399
v -0.006375 -0.004562 0.000813
v -0.006250 -0.004125 -0.003500
v -0.006393 -0.004320 -0.003114
v -0.006157 -0.004085 -0.003068
v -0.006713 -0.004442 -0.003394
v -0.006389 -0.004125 -0.000139
v -0.006250 -0.003750 -0.000375
v -0.006438 -0.003875 0.000687
v -0.006391 -0.003710 -0.002684
v -0.006246 -0.003124 -0.002758
v -0.006187 -0.003559 -0.001682
v -0.006029 -0.003554 -0.000071
v -0.006187 -0.002964 -0.001652
v -0.006366 -0.002777 -0.001227
v -0.006302 -0.003160 -0.000726
v -0.006327 -0.003018 -0.000695
v -0.006263 -0.002393 -0.000716
v -0.006142 -0.002422 -0.001061
v -0.006044 -0.030929 0.000152
v -0.006078 -0.031243 0.000445
v -0.006065 -0.030409 0.000096
v -0.005557 -0.029917 0.000234
v -0.006167 -0.029917 0.000375
v -0.005563 -0.029687 0.000250
v -0.005594 -0.029188 0.000250
v -0.006108 -0.028036 0.000193
v -0.006031 -0.027625 0.000156
v -0.006000 -0.026000 0.000125
v -0.006000 -0.025000 0.000125
v -0.006049 -0.024448 0.000261
v -0.005696 -0.024169 0.000005
v -0.005875 -0.024000 0.000000
v -0.005922 -0.023969 0.000312
v -0.006140 -0.023665 -0.002019
v -0.006195 -0.023484 0.000164
v -0.006296 -0.022827 -0.002036
v -0.005750 -0.023000 -0.000125
v -0.006324 -0.022426 -0.001948
v -0.006000 -0.022813 0.000125
v -0.006000 -0.021500 0.000125
v -0.006137 -0.021118 -0.002018
v -0.006125 -0.021406 -0.000250
v -0.006024 -0.021274 -0.002379
v -0.005750 -0.020750 -0.000125
v -0.006126 -0.020526 -0.002117
v -0.005633 -0.020272 0.000014
v -0.005875 -0.020000 -0.002250
v -0.005875 -0.019875 -0.000125
v -0.006153 -0.019072 -0.000218
v -0.005750 -0.018625 -0.002375
v -0.006063 -0.018938 0.000125
v -0.006080 -0.018722 -0.000253
v -0.006000 -0.018250 0.000125
v -0.006459 -0.018155 -0.002205
v -0.005500 -0.017063 0.000063
v -0.006192 -0.016850 -0.002363
v -0.006313 -0.016375 0.000063
v -0.006270 -0.016191 -0.001921
v -0.006000 -0.016250 -0.000125
v -0.006269 -0.015995 -0.002116
v -0.005911 -0.015089 -0.000125
v -0.006086 -0.015040 -0.002113
v -0.006013 -0.014356 -0.002035
v -0.006000 -0.014000 0.000125
v -0.005960 -0.013316 -0.002400
v -0.006222 -0.012778 -0.002375
v -0.005917 -0.012833 -0.002125
v -0.005750 -0.012875 -0.000125
v -0.005767 -0.012419 -0.002839
v -0.006431 -0.011959 -0.002040
v -0.006014 -0.012208 0.000153
v -0.005859 -0.011406 0.000000
v -0.006063 -0.011375 0.000250
v -0.006239 -0.010756 -0.002380
v -0.006278 -0.011341 -0.002062
v -0.006250 -0.011250 0.000125
v -0.006000 -0.011000 -0.000125
v -0.006125 -0.011000 0.000250
v -0.006289 -0.010433 -0.001847
v -0.005969 -0.010500 0.000312
v -0.006125 -0.010544 -0.002706
v -0.006156 -0.010062 -0.002594
v -0.006073 -0.010077 -0.000025
v -0.006191 -0.009596 -0.001963
v -0.005437 -0.009937 0.000250
v -0.005375 -0.008500 -0.003500
v -0.006063 -0.008844 -0.002813
v -0.006125 -0.009500 -0.002250
v -0.006063 -0.008781 0.000000
v -0.006187 -0.008313 -0.002688
v -0.006271 -0.008183 0.000316
v -0.006125 -0.008187 -0.002188
v -0.006505 -0.007995 -0.002375
v -0.006198 -0.007340 -0.002022
v -0.006063 -0.007500 -0.002813
v -0.006027 -0.007891 0.000110
v -0.005771 -0.007258 0.000438
v -0.006024 -0.006350 -0.002300
v -0.005555 -0.006342 0.000056
v -0.006000 -0.006250 0.000125
v -0.006125 -0.006594 -0.002750
v -0.006165 -0.005845 -0.002125
v -0.006083 -0.005167 0.000625
v -0.006139 -0.005375 -0.003111
v -0.005912 -0.005137 0.000089
v -0.006000 -0.005000 -0.003125
v -0.006011 -0.005197 -0.002650
v -0.006000 -0.004750 -0.004125
v -0.005992 -0.004673 -0.003169
v -0.005716 -0.004570 0.000838
v -0.006000 -0.004500 -0.004125
v -0.005830 -0.004226 0.001046
v -0.005611 -0.004500 0.001375
v -0.006146 -0.003909 -0.002946
v -0.006000 -0.004000 -0.000125
v -0.006058 -0.003854 -0.002856
v -0.006019 -0.003977 -0.000125
v -0.006500 -0.003875 -0.000000
v -0.006614 -0.003885 0.000090
v -0.006267 -0.003887 0.001051
v -0.006141 -0.003447 -0.002006
v -0.006000 -0.003625 -0.001000
v -0.005725 -0.003590 -0.000797
v -0.006525 -0.003499 -0.000374
v -0.006000 -0.003250 -0.002625
v -0.006063 -0.002750 -0.001812
v -0.005861 -0.002515 -0.001932
v -0.006106 -0.003150 -0.001146
v -0.006112 -0.002618 -0.000703
v -0.005857 -0.033034 0.000484
v -0.005709 -0.032400 0.000416
v -0.005515 -0.030550 0.000443
v -0.005844 -0.029313 0.000500
v -0.005903 -0.028551 0.000344
v -0.005951 -0.028067 -0.001773
v -0.006076 -0.028053 0.000278
v -0.005758 -0.026389 0.000506
v -0.005643 -0.026332 0.000386
v -0.005638 -0.025500 0.000162
v -0.005948 -0.025425 0.000102
v -0.005750 -0.025000 0.000375
v -0.005011 -0.024055 0.000559
v -0.005625 -0.023625 -0.002125
v -0.005242 -0.023497 -0.002136
v -0.005687 -0.023250 -0.000063
v -0.005576 -0.022995 -0.001776
v -0.005882 -0.021982 -0.000125
v -0.006299 -0.021941 0.000098
v -0.005577 -0.021214 -0.002110
v -0.005150 -0.021331 0.000375
v -0.006000 -0.021000 0.000125
v -0.005764 -0.020816 -0.002141
v -0.006045 -0.020070 0.000150
v -0.006063 -0.020125 -0.001937
v -0.005715 -0.019727 -0.002172
v -0.005644 -0.019698 -0.001846
v -0.006017 -0.019038 0.000172
v -0.005687 -0.019437 -0.000063
v -0.005594 -0.018875 0.000000
v -0.006188 -0.017785 0.000078
v -0.005667 -0.017461 0.000068
v -0.006187 -0.016875 0.000063
v -0.005632 -0.016888 -0.002458
v -0.005750 -0.016500 0.000125
v -0.006313 -0.015812 0.000063
v -0.005313 -0.015500 -0.003062
v -0.006000 -0.015450 -0.001869
v -0.005375 -0.015000 -0.003000
v -0.005808 -0.014658 -0.000091
v -0.006092 -0.014908 0.000125
v -0.006246 -0.014081 -0.001913
v -0.005625 -0.014047 -0.002828
v -0.006192 -0.013577 -0.001763
v -0.006250 -0.013438 0.000156
v -0.005499 -0.013156 -0.003160
v -0.005625 -0.012875 -0.003000
v -0.005797 -0.013156 0.000250
v -0.006141 -0.012753 -0.002088
v -0.005881 -0.012786 -0.000042
v -0.005922 -0.012063 -0.000109
v -0.005750 -0.011500 -0.002875
v -0.005211 -0.011709 0.000205
v -0.005813 -0.011375 -0.002313
v -0.006000 -0.011000 -0.002125
v -0.005840 -0.011089 -0.002970
v -0.005875 -0.010611 -0.002889
v -0.005813 -0.010500 -0.002563
v -0.005496 -0.010433 0.000196
v -0.005609 -0.010188 -0.003266
v -0.005792 -0.010750 -0.002333
v -0.005875 -0.009533 -0.002467
v -0.005375 -0.009750 0.000250
v -0.005500 -0.009031 -0.003500
v -0.006063 -0.008875 -0.002313
v -0.006250 -0.008625 0.000312
v -0.005336 -0.008313 0.000242
v -0.005358 -0.007851 -0.003439
v -0.005600 -0.007600 0.000125
v -0.005813 -0.007375 -0.003062
v -0.005875 -0.007250 -0.002500
v -0.005656 -0.007188 0.000125
v -0.005625 -0.007125 -0.003375
v -0.005813 -0.006500 -0.003062
v -0.005974 -0.006285 -0.002390
v -0.005545 -0.006545 0.000125
v -0.006037 -0.006146 0.000125
v -0.005991 -0.006095 -0.002343
v -0.005813 -0.005750 -0.003062
v -0.005813 -0.005750 0.000312
v -0.005823 -0.005410 -0.002572
v -0.005750 -0.005625 0.000500
v -0.005645 -0.005302 -0.003403
v -0.005796 -0.005072 -0.003766
v -0.005608 -0.004473 -0.004135
v -0.005718 -0.004403 -0.004052
v -0.005911 -0.004592 -0.003620
v -0.005813 -0.004188 -0.003250
v -0.005812 -0.004082 0.000102
v -0.005866 -0.003557 -0.002614
v -0.005860 -0.003839 -0.001678
v -0.005885 -0.003669 -0.003249
v -0.005758 -0.003581 -0.002327
v -0.005750 -0.003625 -0.000250
v -0.005817 -0.003260 -0.003313
v -0.005835 -0.003262 -0.002804
v -0.005776 -0.003175 -0.002375
v -0.005875 -0.003250 -0.001750
v -0.005847 -0.002960 -0.002967
v -0.005196 -0.003140 -0.000461
v -0.005694 -0.002894 -0.002990
v -0.005959 -0.002752 -0.001949
v -0.005906 -0.003215 -0.001612
v -0.005762 -0.002157 -0.001535
v -0.005708 -0.035449 0.000430
v -0.005500 -0.035500 0.000125
v -0.005601 -0.034790 0.000206
v -0.005634 -0.034212 0.000368
v -0.005771 -0.033623 0.000405
v -0.005145 -0.033547 0.000399
v -0.005439 -0.033762 0.000775
v -0.005250 -0.033125 0.000375
v -0.005250 -0.032750 0.000375
v -0.005250 -0.031750 0.000375
v -0.006033 -0.031344 0.000565
v -0.005385 -0.030948 0.000601
v -0.005460 -0.030643 0.000808
v -0.005590 -0.030344 -0.001454
v -0.005667 -0.030417 0.000625
v -0.005421 -0.030108 -0.001543
v -0.005620 -0.029814 -0.001719
v -0.005344 -0.029581 -0.001771
v -0.005820 -0.028941 -0.001457
v -0.005523 -0.028500 0.000305
v -0.005250 -0.028750 -0.001875
v -0.005375 -0.028125 0.000375
v -0.005375 -0.027625 0.000375
v -0.005625 -0.027000 -0.001750
v -0.005375 -0.027313 0.000375
v -0.005532 -0.026553 -0.001408
v -0.005250 -0.026500 0.000375
v -0.005568 -0.026282 -0.001721
v -0.005592 -0.025850 -0.001776
v -0.005610 -0.025617 0.000373
v -0.005469 -0.025355 0.000243
v -0.005357 -0.024250 -0.002018
v -0.005643 -0.023925 -0.002037
v -0.005750 -0.023500 0.000375
v -0.005560 -0.023382 -0.001602
v -0.005750 -0.023250 0.000375
v -0.005500 -0.022813 -0.002125
v -0.005250 -0.023250 0.000875
v -0.005845 -0.022272 -0.001990
v -0.005750 -0.022625 -0.000125
v -0.005187 -0.022375 0.000875
v -0.005656 -0.021923 -0.002046
v -0.005500 -0.021750 0.000625
v -0.005909 -0.021421 -0.001910
v -0.005500 -0.021375 0.000625
v -0.005500 -0.021000 -0.002375
v -0.005486 -0.020764 -0.001875
v -0.005375 -0.020250 -0.002500
v -0.005323 -0.020073 0.000125
v -0.005667 -0.019917 0.000375
v -0.005199 -0.019582 -0.002214
v -0.005937 -0.019750 0.000250
v -0.005375 -0.019250 0.000125
v -0.005172 -0.018781 -0.002953
v -0.005714 -0.019250 -0.001911
v -0.005845 -0.018659 -0.001810
v -0.005125 -0.018461 -0.003039
v -0.005625 -0.018500 0.000375
v -0.005750 -0.018000 -0.002375
v -0.005891 -0.018000 -0.000156
v -0.006093 -0.017814 0.000096
v -0.005750 -0.017750 -0.002375
v -0.005699 -0.017529 -0.002397
v -0.006016 -0.017656 -0.002172
v -0.005750 -0.017250 -0.002375
v -0.005910 -0.017041 -0.002086
v -0.005540 -0.016621 -0.002689
v -0.005726 -0.016521 -0.002080
v -0.005739 -0.016558 -0.000095
v -0.005625 -0.016401 0.000150
v -0.005758 -0.016076 -0.002469
v -0.005645 -0.016210 -0.001920
v -0.005581 -0.015665 -0.002292
v -0.005500 -0.015750 -0.000125
v -0.005750 -0.015750 0.000125
v -0.005125 -0.015188 -0.003375
v -0.005581 -0.015365 -0.000071
v -0.005563 -0.014750 -0.002813
v -0.005344 -0.014438 0.000125
v -0.005437 -0.014250 -0.002937
v -0.005625 -0.014000 -0.002750
v -0.005803 -0.014053 -0.002125
v -0.005461 -0.013656 -0.002383
v -0.005656 -0.013687 -0.000063
v -0.005375 -0.013562 -0.003250
v -0.005625 -0.013500 -0.002250
v -0.005625 -0.013131 -0.002476
v -0.005650 -0.013150 -0.002200
v -0.005375 -0.013125 0.000125
v -0.005500 -0.012500 -0.002625
v -0.005656 -0.011937 -0.002469
v -0.005303 -0.012447 0.000125
v -0.006000 -0.011812 0.000250
v -0.005625 -0.011625 -0.003187
v -0.005673 -0.011324 -0.003131
v -0.005530 -0.011412 -0.002657
v -0.005200 -0.011603 0.000321
v -0.005781 -0.010906 0.000406
v -0.005375 -0.010833 -0.003500
v -0.005833 -0.010417 0.000375
v -0.005375 -0.009750 -0.003500
v -0.005750 -0.009750 0.000375
v -0.005500 -0.009500 0.000125
v -0.005375 -0.009250 0.000250
v -0.005563 -0.009000 -0.002813
v -0.005563 -0.008250 -0.003312
v -0.005875 -0.008250 -0.002500
v -0.005609 -0.008406 0.000500
v -0.006125 -0.008250 -0.002250
v -0.005375 -0.007750 0.000625
v -0.005574 -0.007648 -0.003401
v -0.005781 -0.007500 0.000438
v -0.005313 -0.006875 0.000625
v -0.005625 -0.006812 -0.003375
v -0.005875 -0.006750 -0.002500
v -0.005776 -0.006526 0.000375
v -0.005563 -0.006250 -0.002813
v -0.005625 -0.006063 -0.003375
v -0.005428 -0.005248 -0.003829
v -0.005637 -0.005673 0.000075
v -0.005563 -0.005250 -0.002813
v -0.005674 -0.005039 0.000840
v -0.005267 -0.005073 -0.004308
v -0.005827 -0.004713 0.000550
v -0.005194 -0.004592 0.001320
v -0.005250 -0.004000 -0.003625
v -0.005625 -0.004000 -0.003250
v -0.005388 -0.003780 0.000372
v -0.005469 -0.003938 -0.003844
v -0.005625 -0.003750 -0.003500
v -0.005500 -0.003750 -0.003625
v -0.005500 -0.003625 0.000750
v -0.005741 -0.004166 0.001668
v -0.005321 -0.003625 0.000750
v -0.005543 -0.003109 -0.002625
v -0.005672 -0.003547 -0.001799
v -0.005750 -0.003375 -0.001250
v -0.005500 -0.003125 0.000000
v -0.005500 -0.003375 0.000250
v -0.005550 -0.002927 -0.003436
v -0.005568 -0.003169 -0.002021
v -0.005687 -0.003125 -0.000438
v -0.005286 -0.003142 -0.002708
v -0.005375 -0.002471 -0.002500
v -0.005668 -0.002429 -0.001430
v -0.005236 -0.036623 0.001121
v -0.005261 -0.036308 0.000399
v -0.005367 -0.036200 0.000655
v -0.005288 -0.036031 0.001128
v -0.005130 -0.035865 0.000120
v -0.005344 -0.035674 0.000722
v -0.005095 -0.035204 -0.000053
v -0.005270 -0.034953 0.000595
v -0.005154 -0.034389 0.000088
v -0.005015 -0.034144 0.000365
v -0.005500 -0.033000 0.000625
v -0.005934 -0.032191 0.000521
v -0.005281 -0.031500 -0.001469
v -0.005500 -0.031625 0.000625
v -0.005358 -0.030844 -0.001488
v -0.005332 -0.031118 0.000446
v -0.005250 -0.030875 -0.001250
v -0.005272 -0.030453 -0.001079
v -0.005351 -0.030002 -0.001764
v -0.005169 -0.029397 -0.001742
v -0.005500 -0.029000 0.000625
v -0.005557 -0.028520 -0.001439
v -0.005250 -0.028750 0.000375
v -0.005500 -0.028500 0.000625
v -0.005620 -0.028145 0.000609
v -0.005500 -0.027500 0.000625
v -0.006281 -0.027250 0.000281
v -0.005274 -0.027351 -0.001726
v -0.005250 -0.027125 0.000375
v -0.005178 -0.026453 -0.001855
v -0.005250 -0.026250 0.000375
v -0.005433 -0.025989 0.000192
v -0.005625 -0.026000 0.000500
v -0.005779 -0.025596 -0.001711
v -0.005279 -0.025957 -0.001610
v -0.005313 -0.025000 0.000813
v -0.005500 -0.024750 -0.001875
v -0.005526 -0.024750 0.000125
v -0.005754 -0.024504 0.000375
v -0.005824 -0.024038 -0.001712
v -0.005451 -0.023904 -0.001539
v -0.005125 -0.023250 -0.002500
v -0.005344 -0.023112 -0.001853
v -0.004911 -0.022198 -0.002767
v -0.005375 -0.022000 -0.002250
v -0.005250 -0.022000 0.000875
v -0.005750 -0.021625 -0.000125
v -0.005447 -0.021887 0.000610
v -0.005375 -0.021017 -0.002483
v -0.005125 -0.020767 -0.002233
v -0.005500 -0.020750 0.000625
v -0.005414 -0.019914 0.000625
v -0.005264 -0.020089 -0.002772
v -0.005375 -0.019625 -0.002688
v -0.005500 -0.019250 0.000375
v -0.005573 -0.019361 -0.002441
v -0.005875 -0.018500 -0.001875
v -0.006187 -0.018562 0.000063
v -0.005731 -0.018190 -0.001930
v -0.005250 -0.018000 0.000125
v -0.005625 -0.018250 0.000375
v -0.005125 -0.017875 -0.003125
v -0.005644 -0.017574 0.000224
v -0.005330 -0.016503 -0.002419
v -0.005375 -0.017125 -0.003000
v -0.005187 -0.016313 -0.003187
v -0.005444 -0.016192 -0.002355
v -0.005750 -0.015250 -0.002125
v -0.005250 -0.015250 0.000125
v -0.005729 -0.015437 0.000208
v -0.004938 -0.015000 0.000375
v -0.005313 -0.014625 -0.002563
v -0.005672 -0.014656 0.000312
v -0.005375 -0.014779 -0.003221
v -0.005375 -0.014250 -0.002500
v -0.005500 -0.014250 0.000438
v -0.005375 -0.014042 -0.003208
v -0.005375 -0.014052 -0.002698
v -0.005797 -0.013844 0.000250
v -0.005125 -0.013750 -0.003500
v -0.004875 -0.013625 0.000875
v -0.005500 -0.012750 0.000375
v -0.005404 -0.012557 -0.003449
v -0.006000 -0.012250 -0.002125
v -0.005542 -0.012458 0.000375
v -0.005449 -0.012165 -0.003237
v -0.005489 -0.011809 -0.002590
v -0.005375 -0.012000 -0.002750
v -0.005375 -0.012000 0.000500
v -0.004875 -0.011125 -0.004125
v -0.005125 -0.010250 -0.003750
v -0.005187 -0.010375 0.000375
v -0.004875 -0.010000 -0.003500
v -0.005250 -0.009750 -0.003625
v -0.005687 -0.010000 -0.002625
v -0.005375 -0.009711 -0.003539
v -0.005375 -0.009437 -0.003000
v -0.005594 -0.009062 0.000500
v -0.005250 -0.009062 -0.003813
v -0.006063 -0.008625 -0.002313
v -0.005172 -0.009031 0.000312
v -0.005375 -0.008000 -0.003000
v -0.005297 -0.007972 -0.003857
v -0.005251 -0.007935 -0.003151
v -0.005332 -0.007545 -0.003307
v -0.005152 -0.007500 0.000460
v -0.005125 -0.006812 -0.004000
v -0.005375 -0.006875 -0.003250
v -0.005375 -0.007000 -0.003000
v -0.005313 -0.006750 -0.003813
v -0.005058 -0.007350 0.000405
v -0.005313 -0.006500 -0.003813
v -0.005375 -0.006438 -0.003125
v -0.005375 -0.006313 -0.003688
v -0.005375 -0.006000 -0.003000
v -0.005454 -0.005760 0.000161
v -0.005225 -0.005926 -0.003974
v -0.005375 -0.005500 -0.003750
v -0.005383 -0.005043 -0.003209
v -0.005375 -0.005687 -0.003125
v -0.005510 -0.005449 0.000652
v -0.005033 -0.005269 0.000687
v -0.005559 -0.004956 -0.003265
v -0.005444 -0.005099 0.000406
v -0.005398 -0.004576 0.000835
v -0.005293 -0.005061 0.001063
v -0.005167 -0.004417 -0.004375
v -0.005396 -0.004729 -0.003754
v -0.005125 -0.004556 -0.004028
v -0.005118 -0.004245 0.001050
v -0.005250 -0.004000 -0.004125
v -0.005250 -0.003875 -0.004000
v -0.005375 -0.003750 -0.003750
v -0.004750 -0.003750 -0.004375
v -0.005361 -0.003787 -0.002227
v -0.006000 -0.003625 -0.001500
v -0.005000 -0.003761 0.001386
v -0.005828 -0.003875 0.001297
v -0.005250 -0.003500 -0.003375
v -0.005279 -0.003644 -0.001596
v -0.005016 -0.003524 -0.000337
v -0.005463 -0.003475 -0.002971
v -0.005250 -0.003250 -0.003125
v -0.005458 -0.002340 -0.001786
v -0.004987 -0.036483 0.000367
v -0.004929 -0.036853 0.001022
v -0.005125 -0.036000 0.000000
v -0.005099 -0.035728 -0.000319
v -0.005000 -0.035500 0.000375
v -0.005000 -0.034875 0.000000
v -0.005000 -0.034875 0.000500
v -0.005250 -0.034250 0.000625
v -0.005247 -0.033393 0.000706
v -0.004972 -0.032858 -0.001057
v -0.005088 -0.032783 -0.001820
v -0.005274 -0.032955 -0.001421
v -0.005509 -0.032491 0.000625
v -0.005126 -0.032393 -0.001675
v -0.005250 -0.032125 0.000375
v -0.005150 -0.032031 -0.001529
v -0.004625 -0.031750 0.001500
v -0.005250 -0.031000 0.000875
v -0.004908 -0.031608 -0.001692
v -0.004812 -0.031500 0.001312
v -0.005237 -0.030763 -0.001625
v -0.004779 -0.030899 -0.001478
v -0.005000 -0.030750 0.000625
v -0.004512 -0.030102 -0.002357
v -0.005187 -0.030250 0.000438
v -0.005056 -0.029954 -0.001902
v -0.005552 -0.029552 0.000625
v -0.005184 -0.029681 -0.001679
v -0.005063 -0.029750 0.001063
v -0.005513 -0.029195 -0.001401
v -0.005250 -0.029250 0.000375
v -0.004664 -0.028508 -0.002486
v -0.005063 -0.028812 -0.001500
v -0.004938 -0.028375 -0.002188
v -0.005184 -0.028057 -0.001574
v -0.004875 -0.027750 -0.002250
v -0.005266 -0.027654 -0.001787
v -0.005000 -0.027125 -0.002250
v -0.005241 -0.026757 -0.001595
v -0.004914 -0.027185 0.001152
v -0.005094 -0.026750 0.001031
v -0.005243 -0.026606 -0.001888
v -0.005062 -0.026511 -0.001919
v -0.005125 -0.026250 -0.002250
v -0.004969 -0.025500 -0.002406
v -0.004756 -0.025481 0.001350
v -0.004625 -0.025000 -0.002750
v -0.005250 -0.025750 0.000375
v -0.005621 -0.025355 0.000492
v -0.005125 -0.025000 -0.002250
v -0.004875 -0.024750 -0.002500
v -0.005000 -0.024250 0.001125
v -0.005000 -0.024000 -0.002375
v -0.004875 -0.023750 0.000750
v -0.005125 -0.023756 -0.002417
v -0.005062 -0.023447 0.000978
v -0.005000 -0.023250 -0.001875
v -0.005000 -0.023000 0.000875
v -0.004875 -0.022938 -0.002813
v -0.004916 -0.023010 0.000704
v -0.005068 -0.022022 0.000561
v -0.004731 -0.022814 0.000708
v -0.005198 -0.021955 -0.001972
v -0.005125 -0.021986 -0.002693
v -0.005250 -0.021750 -0.001875
v -0.005129 -0.021495 0.000486
v -0.004875 -0.021250 -0.003000
v -0.005156 -0.021375 -0.002094
v -0.005187 -0.021500 -0.001937
v -0.004917 -0.021014 -0.003083
v -0.005160 -0.020826 0.000581
v -0.005125 -0.020437 -0.002875
v -0.005125 -0.020250 -0.002250
v -0.005125 -0.020250 0.000750
v -0.004812 -0.020125 -0.003312
v -0.005125 -0.020211 -0.002289
v -0.005010 -0.020010 0.000375
v -0.004625 -0.019500 -0.003500
v -0.004828 -0.019063 0.000547
v -0.005437 -0.018875 0.000500
v -0.005203 -0.018562 0.000234
v -0.005125 -0.018000 -0.002500
v -0.005125 -0.017260 -0.003240
v -0.005125 -0.017500 -0.002500
v -0.005437 -0.017250 -0.000063
v -0.005125 -0.017344 -0.002656
v -0.005235 -0.016864 -0.002531
v -0.005422 -0.017063 0.000453
v -0.004875 -0.016750 -0.003500
v -0.004422 -0.016922 0.000982
v -0.005250 -0.016750 0.000625
v -0.005625 -0.016500 0.000250
v -0.005437 -0.016250 -0.000063
v -0.004746 -0.015746 0.000625
v -0.005125 -0.015594 -0.003406
v -0.005063 -0.015250 -0.002813
v -0.005125 -0.014965 -0.002785
v -0.005250 -0.015000 0.000625
v -0.005125 -0.014833 -0.003417
v -0.004875 -0.014500 -0.003750
v -0.005125 -0.014067 -0.002933
v -0.005000 -0.014125 0.000375
v -0.005125 -0.013750 0.000250
v -0.005063 -0.013750 -0.003062
v -0.005125 -0.013500 -0.003750
v -0.004953 -0.013344 0.000422
v -0.005137 -0.012943 -0.003598
v -0.005176 -0.012942 -0.003387
v -0.005208 -0.013250 -0.002917
v -0.005161 -0.012500 -0.002964
v -0.005250 -0.012750 0.000125
v -0.004625 -0.012500 0.000625
v -0.004875 -0.011500 -0.004000
v -0.005437 -0.011688 0.000500
v -0.004984 -0.011500 0.000797
v -0.005063 -0.011000 -0.003813
v -0.005590 -0.010977 -0.002789
v -0.005000 -0.011000 0.000375
v -0.005169 -0.010942 0.000764
v -0.005125 -0.010594 -0.003906
v -0.005313 -0.010500 -0.003062
v -0.005125 -0.010375 0.000781
v -0.005125 -0.009535 -0.003965
v -0.005563 -0.010000 0.000500
v -0.004958 -0.009525 -0.003642
v -0.005563 -0.009500 0.000500
v -0.005125 -0.008938 -0.003375
v -0.005125 -0.009750 -0.003250
v -0.004750 -0.009000 0.000625
v -0.004875 -0.008750 -0.004250
v -0.005028 -0.008014 -0.003583
v -0.005000 -0.009000 0.000875
v -0.005000 -0.008500 0.000375
v -0.004875 -0.008250 -0.004250
v -0.004572 -0.008415 0.001180
v -0.005125 -0.008000 -0.004000
v -0.005313 -0.007840 0.000317
v -0.005024 -0.007723 0.000640
v -0.005125 -0.007500 -0.004000
v -0.005161 -0.007398 -0.004067
v -0.004959 -0.006907 -0.004559
v -0.004500 -0.007000 0.001375
v -0.005437 -0.006438 0.000625
v -0.005063 -0.006375 -0.003563
v -0.005458 -0.005792 0.000625
v -0.005098 -0.006283 -0.004561
v -0.005065 -0.005516 -0.004545
v -0.005179 -0.005780 0.000875
v -0.005125 -0.005674 -0.003711
v -0.004938 -0.005984 -0.003703
v -0.005125 -0.005250 -0.004250
v -0.005124 -0.005012 -0.003586
v -0.005127 -0.004985 -0.003993
v -0.004966 -0.004126 -0.003804
v -0.005000 -0.003892 0.000630
v -0.005125 -0.004000 -0.003750
v -0.005125 -0.003741 -0.003500
v -0.004500 -0.003875 -0.001000
v -0.004750 -0.003750 -0.000875
v -0.005250 -0.003842 -0.000967
v -0.005125 -0.003155 -0.003440
v -0.005338 -0.003520 -0.000160
v -0.005430 -0.003319 -0.000385
v -0.004941 -0.003563 0.000795
v -0.005000 -0.003625 0.001000
v -0.005125 -0.003245 -0.004005
v -0.005166 -0.003120 -0.002354
v -0.005000 -0.003375 -0.000750
v -0.004900 -0.002625 -0.002975
v -0.004893 -0.002687 -0.004382
v -0.004960 -0.001997 -0.002827
v -0.005331 -0.002692 -0.002066
v -0.005124 -0.002162 -0.001957
v -0.005028 -0.001697 -0.002287
v -0.004780 -0.036289 -0.001123
v -0.004853 -0.035436 0.000164
v -0.004941 -0.036093 -0.000585
v -0.004920 -0.036063 -0.000305
v -0.004875 -0.036000 0.000750
v -0.004819 -0.035801 -0.000362
v -0.004718 -0.035348 0.000295
v -0.005000 -0.035000 0.000375
v -0.004500 -0.034875 0.001000
v -0.005250 -0.034500 0.000625
v -0.004750 -0.034500 0.001125
v -0.004821 -0.034298 -0.002049
v -0.004750 -0.034250 0.000625
v -0.004631 -0.034276 -0.001772
v -0.004938 -0.033870 -0.001697
v -0.004960 -0.033680 0.000460
v -0.005224 -0.033844 0.000643
v -0.004875 -0.033500 -0.001500
v -0.004617 -0.033577 -0.001511
v -0.005023 -0.033498 0.000627
v -0.005125 -0.033571 0.000929
v -0.004750 -0.033375 -0.001250
v -0.004132 -0.033324 0.001612
v -0.005000 -0.032875 0.001125
v -0.004701 -0.032760 -0.001640
v -0.004750 -0.032625 -0.001750
v -0.004522 -0.031545 -0.002125
v -0.004827 -0.031440 -0.002077
v -0.004750 -0.031250 -0.001375
v -0.005107 -0.031250 0.000518
v -0.004875 -0.030750 -0.002000
v -0.004625 -0.031000 -0.001750
v -0.004750 -0.030562 0.001375
v -0.004375 -0.030375 0.001250
v -0.005000 -0.030000 -0.001375
v -0.004734 -0.030125 0.001391
v -0.005000 -0.029500 -0.001375
v -0.004875 -0.029898 -0.002025
v -0.004875 -0.029550 -0.002250
v -0.004875 -0.029375 -0.001625
v -0.005281 -0.029125 0.000844
v -0.004875 -0.029000 -0.002250
v -0.004924 -0.029054 -0.001397
v -0.004625 -0.028875 0.001000
v -0.004938 -0.028000 0.001187
v -0.005250 -0.027563 -0.001688
v -0.004938 -0.027500 0.001187
v -0.004875 -0.027500 -0.002500
v -0.004641 -0.027438 0.000984
v -0.004875 -0.027021 -0.002479
v -0.004375 -0.026938 0.001215
v -0.004469 -0.026812 -0.002906
v -0.004875 -0.027044 -0.001956
v -0.004750 -0.026875 0.001375
v -0.004938 -0.026250 0.001187
v -0.004812 -0.026250 -0.002563
v -0.004375 -0.026375 0.001125
v -0.004375 -0.025500 -0.003000
v -0.005000 -0.025875 -0.001875
v -0.004620 -0.025276 0.001033
v -0.004750 -0.025250 0.000875
v -0.005000 -0.025031 -0.001875
v -0.004750 -0.025000 0.000875
v -0.004873 -0.025224 0.001157
v -0.005516 -0.024844 -0.001672
v -0.004875 -0.024544 -0.002706
v -0.004875 -0.024000 -0.002500
v -0.004875 -0.023750 -0.002750
v -0.004936 -0.023753 -0.001936
v -0.004811 -0.023610 0.001140
v -0.004625 -0.023250 -0.003000
v -0.004569 -0.023406 -0.002556
v -0.004875 -0.023500 0.000750
v -0.004845 -0.023524 0.000944
v -0.004875 -0.023083 -0.002167
v -0.004740 -0.023093 0.000827
v -0.004875 -0.023000 -0.002750
v -0.004864 -0.022972 0.000888
v -0.005250 -0.022375 -0.001875
v -0.005033 -0.022741 0.000879
v -0.004750 -0.022250 0.000625
v -0.004875 -0.021974 -0.002455
v -0.005123 -0.021814 0.000713
v -0.005051 -0.021382 0.000643
v -0.004625 -0.021356 -0.003421
v -0.004736 -0.021088 0.000625
v -0.004656 -0.021437 -0.002719
v -0.005125 -0.020767 -0.002983
v -0.005149 -0.020692 0.000641
v -0.004875 -0.020441 -0.002587
v -0.004750 -0.020500 0.000625
v -0.004812 -0.019625 -0.003312
v -0.005000 -0.020000 -0.002625
v -0.004828 -0.019562 0.000547
v -0.004625 -0.019375 0.001250
v -0.004625 -0.019000 -0.003000
v -0.004719 -0.018875 0.001156
v -0.004855 -0.018558 -0.003352
v -0.004554 -0.018343 -0.003119
v -0.004875 -0.018250 -0.002750
v -0.004875 -0.017750 -0.002750
v -0.004688 -0.017500 0.000687
v -0.004583 -0.017250 0.001292
v -0.004750 -0.016875 0.001125
v -0.004875 -0.016636 -0.003614
v -0.005063 -0.016375 -0.002813
v -0.004594 -0.016438 0.001125
v -0.004875 -0.016125 -0.003625
v -0.004812 -0.016000 0.001063
v -0.004875 -0.015875 -0.003750
v -0.004744 -0.015836 0.000859
v -0.004925 -0.015577 -0.003623
v -0.004875 -0.015696 -0.003054
v -0.004938 -0.015375 0.000875
v -0.004625 -0.014750 -0.004000
v -0.004812 -0.014625 -0.003312
v -0.004461 -0.014531 0.000758
v -0.004875 -0.014250 -0.003750
v -0.004562 -0.014125 0.000625
v -0.004391 -0.013750 0.000797
v -0.004875 -0.013979 -0.003938
v -0.004903 -0.013508 -0.003277
v -0.004625 -0.013000 -0.004250
v -0.004688 -0.012750 -0.003688
v -0.004750 -0.012250 0.000625
v -0.004906 -0.011937 -0.003469
v -0.004734 -0.011631 -0.004242
v -0.005375 -0.011250 -0.003000
v -0.004583 -0.011000 0.000792
v -0.005058 -0.011036 0.000781
v -0.004875 -0.010521 -0.004229
v -0.004875 -0.010750 -0.003500
v -0.004625 -0.010125 -0.004500
v -0.004875 -0.010610 -0.003640
v -0.004547 -0.010688 0.000766
v -0.004594 -0.010250 0.001125
v -0.004625 -0.009625 0.001156
v -0.004438 -0.009375 0.000875
v -0.004784 -0.009382 -0.004459
v -0.004875 -0.009125 -0.004250
v -0.004812 -0.008875 -0.003813
v -0.004875 -0.008625 -0.004500
v -0.004719 -0.008625 0.000656
v -0.004750 -0.008000 0.000625
v -0.004875 -0.007771 -0.004479
v -0.004875 -0.007750 -0.004000
v -0.004625 -0.007656 -0.004750
v -0.004719 -0.007375 0.001156
v -0.004860 -0.006942 -0.004323
v -0.004875 -0.007375 -0.003750
v -0.005087 -0.006471 -0.004567
v -0.004875 -0.006562 -0.003750
v -0.004504 -0.005746 0.000875
v -0.005187 -0.006000 0.000687
v -0.004512 -0.006131 -0.004965
v -0.004938 -0.005893 0.000438
v -0.004944 -0.005556 0.000625
v -0.004944 -0.005556 0.001125
v -0.004750 -0.005750 0.001125
v -0.004302 -0.005250 -0.005073
v -0.004784 -0.004519 -0.004360
v -0.004819 -0.005022 -0.004284
v -0.004875 -0.005250 0.001250
v -0.004750 -0.004938 -0.004688
v -0.004667 -0.005067 0.001583
v -0.004875 -0.004750 0.001000
v -0.004875 -0.004500 -0.004250
v -0.004818 -0.004407 0.001333
v -0.004929 -0.004429 -0.004625
v -0.004490 -0.003939 0.001314
v -0.005209 -0.004236 0.001669
v -0.004812 -0.003500 -0.004312
v -0.004532 -0.003464 -0.002531
v -0.004871 -0.003635 -0.001298
v -0.004500 -0.003375 0.000250
v -0.004694 -0.003118 -0.004441
v -0.004750 -0.003000 -0.003875
v -0.005105 -0.003363 -0.002082
v -0.004750 -0.003000 -0.003125
v -0.004764 -0.003146 -0.000460
v -0.004800 -0.003135 0.000170
v -0.004967 -0.003340 0.000371
v -0.005068 -0.002785 -0.003825
v -0.004892 -0.002564 -0.002458
v -0.004833 -0.002069 -0.002285
v -0.005161 -0.001762 -0.002106
v -0.004491 -0.036440 -0.000926
v -0.004475 -0.035352 -0.000262
v -0.004500 -0.035250 -0.000125
v -0.004859 -0.035029 0.000013
v -0.004000 -0.035375 0.001000
v -0.004369 -0.034619 0.000669
v -0.004500 -0.034750 0.001125
v -0.004625 -0.034500 0.000500
v -0.004625 -0.034500 0.001250
v -0.004500 -0.034625 0.001250
v -0.004250 -0.034325 0.001625
v -0.004889 -0.034361 0.000375
v -0.004625 -0.034250 0.000750
v -0.004312 -0.034250 0.001063
v -0.004700 -0.034411 -0.002150
v -0.004650 -0.033538 -0.001818
v -0.004500 -0.033750 0.000875
v -0.004375 -0.033750 0.001000
v -0.004125 -0.033625 0.001375
v -0.004581 -0.033095 -0.001810
v -0.004750 -0.033250 -0.001125
v -0.004562 -0.033000 -0.001312
v -0.004257 -0.032907 0.001852
v -0.004518 -0.032830 -0.001997
v -0.004312 -0.032250 -0.002313
v -0.004375 -0.032594 -0.001656
v -0.004695 -0.032156 0.000930
v -0.004375 -0.031970 -0.002280
v -0.004531 -0.032219 0.001594
v -0.004726 -0.031516 -0.001383
v -0.004688 -0.031156 0.001438
v -0.004469 -0.030625 -0.002406
v -0.004625 -0.030000 -0.001750
v -0.004523 -0.029883 -0.002578
v -0.004499 -0.029703 -0.002075
v -0.004625 -0.029750 -0.001750
v -0.004750 -0.029250 -0.001875
v -0.004688 -0.029000 0.001438
v -0.004969 -0.028758 -0.001648
v -0.004375 -0.028250 0.001250
v -0.004500 -0.028250 0.001625
v -0.004625 -0.028000 -0.002500
v -0.004625 -0.027831 -0.002598
v -0.004250 -0.028000 0.001375
v -0.004625 -0.027544 -0.002206
v -0.004800 -0.027300 -0.001775
v -0.004107 -0.027553 0.001546
v -0.004432 -0.027900 0.001655
v -0.004500 -0.026750 0.001125
v -0.004500 -0.026750 0.001375
v -0.004500 -0.026500 0.001125
v -0.004312 -0.026250 -0.003062
v -0.004250 -0.026250 0.001125
v -0.004526 -0.025276 0.001375
v -0.004564 -0.024881 0.001162
v -0.004625 -0.024768 -0.002923
v -0.004625 -0.024750 -0.002250
v -0.004625 -0.024500 -0.002500
v -0.004625 -0.024000 -0.002250
v -0.004612 -0.024117 0.001117
v -0.004654 -0.023933 0.001054
v -0.004750 -0.023250 0.001125
v -0.004625 -0.022950 -0.003228
v -0.004719 -0.023000 -0.002406
v -0.004375 -0.022500 -0.003500
v -0.004625 -0.022594 -0.002656
v -0.004875 -0.022250 0.001000
v -0.004839 -0.021842 -0.003021
v -0.004625 -0.021094 -0.002906
v -0.004562 -0.020750 -0.003563
v -0.004661 -0.020582 -0.002883
v -0.004688 -0.020500 0.001187
v -0.004375 -0.019597 -0.003903
v -0.004625 -0.019750 -0.003500
v -0.005125 -0.019500 -0.002500
v -0.004625 -0.019938 0.001250
v -0.004625 -0.019544 -0.003706
v -0.004625 -0.018500 -0.003750
v -0.004571 -0.018892 -0.003138
v -0.004559 -0.018847 -0.003363
v -0.004625 -0.018500 0.000750
v -0.003892 -0.018424 0.001435
v -0.004500 -0.018000 0.001375
v -0.004284 -0.017673 -0.004090
v -0.004875 -0.018037 -0.002963
v -0.004578 -0.017812 0.000797
v -0.004556 -0.016947 -0.003932
v -0.004282 -0.017290 0.001078
v -0.005125 -0.017000 -0.002750
v -0.004500 -0.016750 0.000875
v -0.004625 -0.016667 -0.003833
v -0.004312 -0.016250 -0.004312
v -0.004625 -0.016500 -0.003250
v -0.004625 -0.016386 -0.003364
v -0.004388 -0.016767 0.000931
v -0.004438 -0.015937 -0.004188
v -0.004688 -0.015750 -0.003187
v -0.004375 -0.015000 -0.004250
v -0.004500 -0.014750 0.000625
v -0.004562 -0.014750 0.001063
v -0.004625 -0.014803 -0.004197
v -0.004625 -0.014500 -0.003500
v -0.004625 -0.014333 -0.004167
v -0.004625 -0.014294 -0.003706
v -0.004667 -0.013750 -0.003458
v -0.004797 -0.014375 0.000922
v -0.004406 -0.014062 -0.004469
v -0.004367 -0.013687 -0.004508
v -0.004500 -0.013500 0.000625
v -0.005187 -0.013250 0.000625
v -0.004500 -0.013000 0.000625
v -0.004625 -0.012886 -0.004364
v -0.004906 -0.012438 0.000875
v -0.004625 -0.012250 -0.004438
v -0.005000 -0.012167 -0.003375
v -0.004579 -0.011903 -0.003865
v -0.004784 -0.011793 -0.004079
v -0.004750 -0.011750 0.000875
v -0.004625 -0.011250 -0.003750
v -0.004576 -0.010588 -0.004552
v -0.004562 -0.010375 -0.004062
v -0.004375 -0.010125 0.000875
v -0.004601 -0.010042 -0.004732
v -0.004339 -0.010189 -0.004302
v -0.004312 -0.009688 -0.005063
v -0.004625 -0.009294 -0.004206
v -0.004625 -0.009250 -0.004000
v -0.004000 -0.008375 -0.005375
v -0.004625 -0.008750 -0.004000
v -0.004353 -0.008397 0.000875
v -0.004388 -0.007961 0.001057
v -0.004406 -0.007438 0.001375
v -0.004469 -0.007250 -0.004906
v -0.004384 -0.006914 -0.004982
v -0.004625 -0.007000 0.000750
v -0.004410 -0.006591 -0.004572
v -0.004653 -0.006126 -0.004564
v -0.004500 -0.005750 0.001375
v -0.004500 -0.005500 0.000875
v -0.004250 -0.005250 0.001375
v -0.004313 -0.004915 -0.004892
v -0.004500 -0.004865 0.001375
v -0.004625 -0.004750 0.001750
v -0.004321 -0.004522 0.001587
v -0.004375 -0.004125 -0.004875
v -0.004500 -0.004125 -0.004250
v -0.004781 -0.003699 -0.002208
v -0.004562 -0.003833 -0.004562
v -0.004750 -0.003750 -0.003875
v -0.004264 -0.003605 -0.002567
v -0.004500 -0.003500 0.000125
v -0.004750 -0.003792 0.001488
v -0.004570 -0.003364 -0.000453
v -0.004532 -0.003065 -0.002794
v -0.004655 -0.002698 -0.004666
v -0.004375 -0.002652 -0.004402
v -0.004595 -0.001913 -0.002992
v -0.004636 -0.002201 -0.002816
v -0.004208 -0.036851 -0.001732
v -0.004316 -0.036331 -0.001814
v -0.004361 -0.035930 -0.002488
v -0.004250 -0.036125 -0.000500
v -0.004480 -0.035875 -0.000250
v -0.004000 -0.035625 0.000500
v -0.004250 -0.035375 -0.000250
v -0.004000 -0.035375 0.000850
v -0.004374 -0.034935 -0.002716
v -0.004312 -0.034875 0.001187
v -0.004250 -0.034875 0.000500
v -0.004180 -0.034406 -0.002292
v -0.004562 -0.034000 0.001312
v -0.004375 -0.033469 -0.002031
v -0.004375 -0.033250 -0.002000
v -0.004138 -0.033125 0.001763
v -0.004375 -0.033050 -0.002250
v -0.004375 -0.032250 -0.001750
v -0.004062 -0.032250 0.001563
v -0.004375 -0.031750 -0.002250
v -0.004625 -0.031625 0.001000
v -0.004375 -0.031500 -0.002250
v -0.004753 -0.032003 -0.001357
v -0.004375 -0.031250 -0.002500
v -0.004312 -0.030875 -0.002062
v -0.004250 -0.031063 0.001375
v -0.003516 -0.030750 0.002109
v -0.004312 -0.030844 0.001812
v -0.004681 -0.030263 -0.001681
v -0.004750 -0.029875 0.000875
v -0.004312 -0.029500 -0.002813
v -0.004269 -0.029868 -0.002364
v -0.005250 -0.029500 0.000375
v -0.004906 -0.029500 0.001219
v -0.004312 -0.029000 -0.002813
v -0.003875 -0.028750 0.001750
v -0.004750 -0.028375 -0.001875
v -0.004250 -0.028583 0.001875
v -0.003797 -0.027406 -0.003578
v -0.004417 -0.027814 -0.002283
v -0.003983 -0.027911 0.001375
v -0.004359 -0.027281 -0.003016
v -0.003625 -0.026750 -0.003750
v -0.004323 -0.026848 0.001544
v -0.003875 -0.026250 -0.003500
v -0.004875 -0.026500 -0.002000
v -0.004250 -0.026000 -0.002625
v -0.004375 -0.025292 -0.003125
v -0.004547 -0.025375 -0.002328
v -0.004250 -0.024750 -0.003375
v -0.004375 -0.024831 -0.002598
v -0.004375 -0.024500 -0.003250
v -0.004250 -0.024250 0.001125
v -0.004312 -0.024000 0.001563
v -0.004312 -0.023875 -0.002813
v -0.004375 -0.023750 -0.003250
v -0.004375 -0.023529 -0.003328
v -0.004375 -0.023000 -0.003500
v -0.004312 -0.022875 0.001563
v -0.003875 -0.022500 -0.004000
v -0.004396 -0.022885 -0.002872
v -0.004188 -0.022625 0.001187
v -0.004562 -0.022500 0.001312
v -0.004375 -0.022325 -0.003675
v -0.004312 -0.022250 -0.003062
v -0.004875 -0.021750 0.001000
v -0.004469 -0.021875 0.000906
v -0.004375 -0.021611 -0.003639
v -0.004375 -0.021750 -0.003000
v -0.004125 -0.021198 -0.004052
v -0.004425 -0.021173 -0.003027
v -0.004750 -0.020750 0.000625
v -0.004500 -0.020625 0.001375
v -0.004338 -0.020584 -0.003796
v -0.004154 -0.020448 -0.003891
v -0.004562 -0.020125 -0.003062
v -0.004188 -0.020063 0.001187
v -0.004312 -0.019375 -0.004062
v -0.004339 -0.019500 -0.003536
v -0.004625 -0.019250 -0.003000
v -0.004250 -0.018750 0.001625
v -0.004188 -0.018625 0.001187
v -0.004312 -0.018125 -0.004062
v -0.004027 -0.017996 -0.004352
v -0.004625 -0.018000 -0.003250
v -0.004235 -0.017985 0.001125
v -0.004417 -0.017917 0.001375
v -0.004359 -0.017625 -0.003516
v -0.004825 -0.017262 -0.003038
v -0.004375 -0.017000 -0.004250
v -0.004358 -0.017331 -0.004173
v -0.004322 -0.016992 -0.003763
v -0.004325 -0.016976 0.001183
v -0.004188 -0.016750 0.000937
v -0.004375 -0.016250 0.001250
v -0.004506 -0.015765 0.000927
v -0.004250 -0.015500 0.000875
v -0.004250 -0.015250 -0.004375
v -0.004625 -0.015500 -0.003500
v -0.004672 -0.015031 0.001016
v -0.004500 -0.015250 0.000687
v -0.004375 -0.014990 -0.004472
v -0.004784 -0.014760 -0.003331
v -0.004375 -0.014632 -0.003975
v -0.004719 -0.014000 0.000969
v -0.004312 -0.013312 0.001312
v -0.004250 -0.013000 -0.004625
v -0.004500 -0.012992 -0.003883
v -0.004906 -0.012938 0.000875
v -0.004375 -0.012750 -0.004750
v -0.003994 -0.012256 -0.005125
v -0.004375 -0.012555 -0.004045
v -0.004875 -0.012000 0.000875
v -0.003813 -0.011625 -0.005250
v -0.004593 -0.011770 -0.004238
v -0.004562 -0.011625 0.000656
v -0.003813 -0.011000 -0.005250
v -0.004500 -0.011250 0.001125
v -0.004600 -0.010641 -0.004009
v -0.004562 -0.010875 0.001125
v -0.004360 -0.010554 -0.004624
v -0.004455 -0.010300 -0.004749
v -0.004373 -0.009505 -0.004354
v -0.004500 -0.009750 0.001125
v -0.004000 -0.009375 -0.005375
v -0.003649 -0.009101 -0.005238
v -0.004625 -0.009125 0.001125
v -0.004000 -0.008875 -0.005375
v -0.004250 -0.009000 0.000875
v -0.004438 -0.008875 0.001219
v -0.004160 -0.008431 0.000998
v -0.004000 -0.007625 -0.005375
v -0.004625 -0.008125 -0.004250
v -0.004333 -0.008075 0.001187
v -0.004788 -0.007488 0.000696
v -0.003863 -0.007167 -0.005030
v -0.004712 -0.007202 -0.004212
v -0.004125 -0.007125 0.001125
v -0.004125 -0.006750 0.001125
v -0.004470 -0.005866 -0.004930
v -0.004500 -0.005917 0.001375
v -0.004681 -0.005966 -0.004394
v -0.004375 -0.005274 0.001750
v -0.004250 -0.005000 0.001375
v -0.004464 -0.005000 -0.004411
v -0.004500 -0.004750 0.001875
v -0.004212 -0.004353 0.001760
v -0.004250 -0.003917 -0.004875
v -0.004312 -0.003750 -0.004312
v -0.004250 -0.003625 -0.001750
v -0.004436 -0.003811 -0.001750
v -0.004260 -0.003699 -0.000745
v -0.004378 -0.003625 0.000694
v -0.004396 -0.003917 0.001833
v -0.004250 -0.003625 -0.001000
v -0.004250 -0.003625 0.000000
v -0.004000 -0.003292 -0.003083
v -0.004500 -0.003375 -0.001500
v -0.004673 -0.003386 -0.001003
v -0.004553 -0.003240 0.000615
v -0.004195 -0.002990 -0.004887
v -0.003967 -0.002947 -0.004679
v -0.004554 -0.002866 -0.002843
v -0.004250 -0.002625 -0.004750
v -0.004584 -0.002319 -0.003090
v -0.004512 -0.001670 -0.003001
v -0.004092 -0.038005 -0.002259
v -0.003785 -0.037981 -0.001869
v -0.004403 -0.037489 -0.001013
v -0.004281 -0.036875 -0.000969
v -0.004125 -0.036250 -0.002500
v -0.003739 -0.036603 -0.001818
v -0.004378 -0.036533 -0.001056
v -0.003997 -0.036641 -0.000831
v -0.003970 -0.036694 -0.002226
v -0.004000 -0.036250 -0.001125
v -0.004293 -0.036012 -0.000421
v -0.003775 -0.036086 -0.002336
v -0.004183 -0.036024 -0.002071
v -0.003947 -0.035765 -0.002643
v -0.004000 -0.035875 -0.000750
v -0.004250 -0.035875 -0.000750
v -0.004062 -0.035563 -0.000250
v -0.003917 -0.035875 0.000250
v -0.004233 -0.035469 -0.002895
v -0.004000 -0.035500 -0.003125
v -0.004276 -0.035339 0.000036
v -0.004000 -0.035250 0.000375
v -0.003906 -0.035156 0.001312
v -0.003836 -0.035159 -0.002846
v -0.004002 -0.034612 -0.002352
v -0.004271 -0.034793 -0.001882
v -0.004064 -0.034839 0.000735
v -0.004160 -0.034700 0.000956
v -0.003891 -0.034250 0.001484
v -0.004089 -0.034561 0.001625
v -0.003469 -0.034000 0.001906
v -0.004090 -0.033802 -0.002250
v -0.003813 -0.033750 -0.002062
v -0.004302 -0.033698 0.001625
v -0.004217 -0.034034 -0.001599
v -0.003993 -0.033427 0.001425
v -0.003875 -0.033300 -0.002700
v -0.003875 -0.032500 -0.002750
v -0.004192 -0.033108 -0.001645
v -0.003938 -0.032875 0.001812
v -0.004325 -0.032729 -0.001786
v -0.004125 -0.033000 0.001500
v -0.003813 -0.032475 0.001813
v -0.004125 -0.032250 -0.002500
v -0.004125 -0.032000 -0.002000
v -0.004105 -0.032545 0.002011
v -0.004125 -0.031946 -0.002733
v -0.004188 -0.031750 0.001937
v -0.003875 -0.030979 -0.003021
v -0.004125 -0.031744 -0.002113
v -0.004094 -0.031625 0.001531
v -0.004125 -0.031250 -0.002250
v -0.004062 -0.031375 0.002062
v -0.004062 -0.031000 -0.002813
v -0.003891 -0.031250 0.001734
v -0.004000 -0.030750 0.002125
v -0.004125 -0.030500 -0.002750
v -0.004125 -0.030224 -0.002955
v -0.004125 -0.030250 -0.002250
v -0.004000 -0.030250 -0.002375
v -0.004094 -0.030375 0.001531
v -0.003688 -0.029875 -0.003437
v -0.004334 -0.030076 -0.002344
v -0.004062 -0.030000 0.001563
v -0.004469 -0.029875 0.001656
v -0.003875 -0.029000 -0.003250
v -0.003750 -0.029500 0.001875
v -0.003952 -0.028702 0.002125
v -0.004062 -0.028750 -0.002563
v -0.003753 -0.028553 0.002115
v -0.003901 -0.028246 0.001717
v -0.004000 -0.028250 0.001875
v -0.003797 -0.027906 -0.003578
v -0.004231 -0.028127 -0.002938
v -0.004167 -0.028000 -0.002458
v -0.004125 -0.027250 0.001500
v -0.004211 -0.027125 0.001484
v -0.004000 -0.026750 0.001375
v -0.004359 -0.026375 -0.002516
v -0.004062 -0.026250 0.001812
v -0.004125 -0.026000 -0.003250
v -0.004125 -0.025676 -0.003431
v -0.004337 -0.025361 0.001082
v -0.003958 -0.025500 -0.002917
v -0.004125 -0.025250 -0.003500
v -0.004125 -0.025375 -0.002875
v -0.004161 -0.024832 -0.002883
v -0.004451 -0.024801 0.000941
v -0.004188 -0.024500 0.001187
v -0.004125 -0.024375 0.001750
v -0.004125 -0.024071 -0.003679
v -0.004125 -0.024000 -0.003500
v -0.003875 -0.024000 -0.003250
v -0.004250 -0.023750 0.001125
v -0.004587 -0.023635 -0.002529
v -0.004000 -0.023508 -0.003867
v -0.004000 -0.023625 -0.003250
v -0.004125 -0.023500 -0.003250
v -0.004125 -0.023500 -0.003000
v -0.004125 -0.023375 0.001750
v -0.003875 -0.022500 -0.003500
v -0.003875 -0.022264 -0.004236
v -0.004188 -0.022500 0.001187
v -0.004542 -0.022077 -0.002757
v -0.004125 -0.021882 -0.003475
v -0.003750 -0.021500 0.001625
v -0.004375 -0.021750 -0.003750
v -0.004078 -0.021312 0.001297
v -0.004375 -0.021500 -0.003250
v -0.004062 -0.020625 0.001812
v -0.004142 -0.020788 -0.004139
v -0.004198 -0.020340 -0.004131
v -0.004125 -0.020375 -0.003500
v -0.004062 -0.020063 0.001812
v -0.004062 -0.020000 -0.004312
v -0.004161 -0.019750 -0.003464
v -0.004281 -0.019625 0.001094
v -0.003880 -0.018806 -0.004495
v -0.004188 -0.019000 0.001187
v -0.004375 -0.018750 -0.003500
v -0.004188 -0.018500 -0.003688
v -0.003922 -0.018550 0.001556
v -0.004188 -0.018098 0.001646
v -0.004016 -0.018011 -0.004383
v -0.004125 -0.017750 -0.003750
v -0.004255 -0.017526 0.001396
v -0.003928 -0.017662 -0.004000
v -0.004168 -0.017350 -0.004209
v -0.004272 -0.017066 -0.003876
v -0.003750 -0.015750 -0.004875
v -0.004062 -0.016250 0.001563
v -0.004625 -0.015875 -0.003500
v -0.004061 -0.015633 -0.004682
v -0.004062 -0.015750 0.001563
v -0.004062 -0.015500 -0.004062
v -0.004125 -0.015250 -0.004000
v -0.003956 -0.015026 -0.004944
v -0.004175 -0.015094 -0.004012
v -0.004094 -0.015125 0.001531
v -0.003750 -0.014750 -0.005125
v -0.003500 -0.014000 -0.005375
v -0.004062 -0.014375 -0.004312
v -0.003938 -0.013875 0.001187
v -0.003875 -0.013375 0.001750
v -0.004406 -0.013250 -0.004469
v -0.004438 -0.013312 -0.003938
v -0.003893 -0.012857 -0.005125
v -0.004172 -0.013219 0.000953
v -0.004000 -0.012875 -0.004500
v -0.004094 -0.012938 -0.004344
v -0.004000 -0.012750 -0.004625
v -0.004062 -0.012750 0.001063
v -0.003781 -0.012563 0.001344
v -0.004094 -0.012625 0.001531
v -0.004500 -0.012000 0.000625
v -0.004312 -0.012250 0.001312
v -0.003437 -0.011750 -0.005437
v -0.003750 -0.011250 -0.005375
v -0.003786 -0.010750 -0.004839
v -0.004406 -0.011233 0.000736
v -0.004625 -0.010777 -0.003973
v -0.004062 -0.010750 0.001063
v -0.003750 -0.010250 -0.005375
v -0.004219 -0.010500 0.000969
v -0.004125 -0.010250 0.001500
v -0.003953 -0.009937 0.001672
v -0.003938 -0.009500 0.001187
v -0.004625 -0.008562 -0.004125
v -0.004000 -0.008125 0.001125
v -0.004250 -0.008000 0.001375
v -0.004000 -0.007750 0.001125
v -0.004566 -0.007853 0.001206
v -0.004250 -0.007000 0.001375
v -0.003898 -0.006936 -0.005407
v -0.004438 -0.006625 0.001375
v -0.003250 -0.006500 -0.005125
v -0.004250 -0.006750 -0.004625
v -0.004250 -0.006250 0.001375
v -0.003921 -0.005717 -0.004921
v -0.004022 -0.005733 0.001833
v -0.004000 -0.005240 0.002125
v -0.004166 -0.005064 -0.005039
v -0.003931 -0.004541 -0.004721
v -0.004268 -0.004393 -0.004500
v -0.003578 -0.004181 -0.005133
v -0.003875 -0.004215 0.001854
v -0.003656 -0.003688 -0.004875
v -0.004117 -0.003769 -0.004721
v -0.004125 -0.003500 -0.004500
v -0.004000 -0.003625 -0.002500
v -0.003250 -0.003625 -0.001500
v -0.003844 -0.003603 0.000112
v -0.004181 -0.003375 0.001250
v -0.004231 -0.003207 -0.002597
v -0.004125 -0.003375 -0.001750
v -0.004000 -0.003375 0.000250
v -0.004176 -0.002809 -0.004500
v -0.004415 -0.002178 -0.003370
v -0.004071 -0.002062 -0.002992
v -0.003784 -0.039937 -0.002395
v -0.003711 -0.039246 -0.002564
v -0.003851 -0.038490 -0.002023
v -0.003825 -0.038340 -0.002307
v -0.003317 -0.037799 -0.000973
v -0.003790 -0.037738 -0.002098
v -0.003838 -0.037160 -0.001870
v -0.003524 -0.036810 -0.001161
v -0.003825 -0.036852 -0.002398
v -0.003750 -0.036375 -0.000500
v -0.004039 -0.036072 -0.002759
v -0.003750 -0.036250 -0.000875
v -0.003750 -0.035875 -0.000250
v -0.003681 -0.035667 0.000493
v -0.003875 -0.035500 -0.002500
v -0.003679 -0.035666 0.000912
v -0.003262 -0.035372 0.000856
v -0.003638 -0.034881 -0.002783
v -0.003933 -0.035126 -0.002258
v -0.003946 -0.034806 -0.002089
v -0.003791 -0.034901 0.001196
v -0.003875 -0.034250 0.002000
v -0.003500 -0.034500 0.002125
v -0.003750 -0.034250 0.002125
v -0.003875 -0.034125 -0.002625
v -0.003875 -0.033500 -0.002750
v -0.003875 -0.033500 -0.002000
v -0.003750 -0.033500 -0.002125
v -0.004125 -0.033294 -0.001956
v -0.003744 -0.033179 0.001675
v -0.003813 -0.033026 0.002015
v -0.003875 -0.032193 -0.002986
v -0.003875 -0.032250 -0.002250
v -0.003516 -0.031906 -0.003359
v -0.003688 -0.031500 0.001937
v -0.003341 -0.031084 -0.003347
v -0.004000 -0.030625 -0.002375
v -0.003875 -0.030498 -0.003216
v -0.003875 -0.030319 -0.002625
v -0.003375 -0.029750 0.002250
v -0.003625 -0.029250 -0.003500
v -0.003663 -0.029508 0.002383
v -0.003875 -0.028686 -0.003421
v -0.003750 -0.029000 -0.002875
v -0.003625 -0.028382 -0.003250
v -0.004113 -0.028328 -0.003004
v -0.003739 -0.027956 0.001625
v -0.004125 -0.027750 -0.002750
v -0.003750 -0.027500 0.001625
v -0.004075 -0.028014 0.001805
v -0.003813 -0.027000 -0.003563
v -0.003969 -0.027208 0.001607
v -0.004625 -0.027000 -0.002250
v -0.003875 -0.025974 -0.003705
v -0.003875 -0.026000 -0.003000
v -0.003625 -0.025927 -0.003455
v -0.003875 -0.025573 -0.003205
v -0.003672 -0.025812 0.001703
v -0.003969 -0.025500 0.001906
v -0.003750 -0.025250 0.001625
v -0.003375 -0.025250 -0.004250
v -0.003719 -0.024875 0.001656
v -0.003875 -0.024000 -0.004000
v -0.003903 -0.024588 -0.003769
v -0.003875 -0.023873 -0.003484
v -0.003938 -0.023844 0.001937
v -0.004125 -0.023250 -0.003250
v -0.003750 -0.023500 0.002125
v -0.003875 -0.022875 -0.004125
v -0.004078 -0.023125 0.001297
v -0.003625 -0.022500 -0.003750
v -0.003875 -0.022500 -0.004250
v -0.003672 -0.022563 0.001703
v -0.003969 -0.022375 0.001906
v -0.003917 -0.022264 -0.003583
v -0.004031 -0.021875 0.001844
v -0.003750 -0.021875 0.001625
v -0.004375 -0.021375 0.001500
v -0.003875 -0.021250 -0.004250
v -0.003625 -0.021536 -0.004500
v -0.003875 -0.021125 0.002000
v -0.003578 -0.020750 -0.004797
v -0.003891 -0.020844 0.001484
v -0.003625 -0.020500 -0.004750
v -0.003609 -0.020500 0.001766
v -0.003625 -0.019250 -0.004750
v -0.003750 -0.019250 0.002125
v -0.003813 -0.019000 -0.004062
v -0.003725 -0.018765 0.001878
v -0.003750 -0.019000 0.002125
v -0.003750 -0.018750 -0.004625
v -0.003702 -0.018670 -0.004835
v -0.003820 -0.018627 -0.004157
v -0.003707 -0.018649 0.001704
v -0.003910 -0.018448 -0.004598
v -0.003875 -0.017917 -0.004150
v -0.003760 -0.017760 0.001375
v -0.003688 -0.017406 -0.004938
v -0.004022 -0.017566 -0.004126
v -0.003813 -0.017500 0.001312
v -0.003563 -0.016250 -0.005063
v -0.003750 -0.016500 -0.004375
v -0.003453 -0.016625 0.001672
v -0.004375 -0.016329 -0.003671
v -0.004250 -0.016000 0.000875
v -0.003875 -0.015750 -0.004250
v -0.004683 -0.015638 0.000911
v -0.003736 -0.015389 -0.005000
v -0.003570 -0.015375 0.001555
v -0.003760 -0.014974 -0.004613
v -0.003719 -0.014750 0.001406
v -0.003700 -0.014300 -0.005125
v -0.004094 -0.014375 0.001531
v -0.003938 -0.014250 0.001187
v -0.004031 -0.013875 0.001594
v -0.003500 -0.013500 -0.005375
v -0.004625 -0.013500 -0.003750
v -0.003750 -0.013000 -0.005125
v -0.003635 -0.012865 -0.004875
v -0.004062 -0.013000 0.001563
v -0.004062 -0.012500 -0.004562
v -0.003634 -0.012266 -0.004975
v -0.003500 -0.012125 -0.005437
v -0.003688 -0.012000 0.001438
v -0.004094 -0.011875 0.001531
v -0.004375 -0.012125 -0.004250
v -0.003719 -0.011750 0.001406
v -0.003813 -0.011250 0.001812
v -0.003688 -0.010750 0.001937
v -0.003750 -0.010625 -0.005375
v -0.003719 -0.010750 0.001406
v -0.003523 -0.010406 0.002102
v -0.003500 -0.010250 -0.005125
v -0.003667 -0.010083 -0.005125
v -0.004000 -0.010000 -0.005375
v -0.003815 -0.010007 -0.005054
v -0.004688 -0.009750 0.000625
v -0.003625 -0.009688 -0.005375
v -0.003000 -0.009250 -0.005375
v -0.004062 -0.009000 0.001563
v -0.003750 -0.008625 -0.005125
v -0.003609 -0.008625 0.001516
v -0.004000 -0.008000 -0.005375
v -0.003688 -0.007250 0.001438
v -0.003920 -0.006931 -0.004954
v -0.003219 -0.006500 0.001906
v -0.004062 -0.006063 0.001250
v -0.003962 -0.006054 0.001675
v -0.003500 -0.005750 -0.004875
v -0.003750 -0.005750 0.001375
v -0.003750 -0.005625 0.002000
v -0.003875 -0.005500 0.002000
v -0.003375 -0.005250 -0.005000
v -0.003924 -0.005313 0.001594
v -0.003750 -0.004889 0.001875
v -0.003875 -0.004625 -0.005125
v -0.004456 -0.004352 0.001964
v -0.004087 -0.004115 0.002135
v -0.002885 -0.004288 -0.004933
v -0.004605 -0.003378 -0.002900
v -0.003062 -0.003625 -0.000063
v -0.003656 -0.003625 -0.000219
v -0.003881 -0.003452 0.000688
v -0.003625 -0.003375 -0.001094
v -0.003750 -0.003375 0.001500
v -0.003500 -0.003375 -0.002250
v -0.003565 -0.039989 0.000318
v -0.003805 -0.039269 -0.002017
v -0.003500 -0.039625 -0.000500
v -0.003679 -0.039785 -0.000120
v -0.003651 -0.038827 -0.002249
v -0.003604 -0.038710 -0.000301
v -0.003694 -0.038582 -0.002375
v -0.003500 -0.038375 -0.000250
v -0.003250 -0.037625 -0.002875
v -0.003619 -0.037943 -0.000440
v -0.003625 -0.036917 -0.001917
v -0.003625 -0.037000 -0.001750
v -0.003611 -0.036686 -0.002327
v -0.003383 -0.037094 -0.000801
v -0.003125 -0.036750 -0.000750
v -0.003625 -0.036500 -0.000500
v -0.003148 -0.036947 -0.000205
v -0.003670 -0.036232 -0.002724
v -0.003547 -0.036232 -0.002346
v -0.003625 -0.036250 -0.000750
v -0.003500 -0.036250 -0.000625
v -0.003500 -0.036000 -0.002875
v -0.003500 -0.036125 -0.000500
v -0.003500 -0.036000 -0.000375
v -0.003625 -0.036000 0.000250
v -0.003625 -0.035958 0.000542
v -0.003625 -0.035563 0.000188
v -0.003625 -0.035500 0.000250
v -0.003461 -0.035575 0.001080
v -0.003431 -0.035323 -0.003023
v -0.003500 -0.035375 0.000500
v -0.003605 -0.035340 0.001424
v -0.003500 -0.035125 0.001750
v -0.003500 -0.035000 0.001875
v -0.003486 -0.034889 0.001547
v -0.003719 -0.034750 0.001906
v -0.003500 -0.034875 0.002000
v -0.003500 -0.034750 0.002125
v -0.003625 -0.034396 -0.002854
v -0.003808 -0.034250 -0.002058
v -0.003500 -0.034250 0.001875
v -0.003625 -0.034250 0.002250
v -0.003625 -0.034014 -0.002986
v -0.003625 -0.034000 -0.002500
v -0.003625 -0.033317 -0.002433
v -0.003625 -0.032904 -0.003096
v -0.003500 -0.033000 -0.003125
v -0.003521 -0.033226 0.001860
v -0.003606 -0.032994 0.002304
v -0.003500 -0.033125 -0.002625
v -0.003682 -0.032877 0.002208
v -0.003625 -0.032380 -0.003120
v -0.003625 -0.032750 0.002000
v -0.003750 -0.032099 -0.002580
v -0.003703 -0.032125 0.001922
v -0.003166 -0.031772 -0.003702
v -0.003406 -0.031813 -0.002969
v -0.003625 -0.030474 -0.002955
v -0.003563 -0.030125 -0.003563
v -0.003688 -0.030250 0.001937
v -0.003546 -0.029362 -0.003717
v -0.003656 -0.029437 -0.002969
v -0.003715 -0.029209 0.001852
v -0.003410 -0.029204 0.002550
v -0.003605 -0.028818 -0.003752
v -0.003336 -0.028666 0.002075
v -0.003359 -0.028687 -0.004016
v -0.003940 -0.028505 -0.002701
v -0.003437 -0.028063 -0.003938
v -0.003676 -0.028218 0.002067
v -0.003266 -0.027516 -0.004109
v -0.003375 -0.026847 -0.004028
v -0.004250 -0.027500 -0.002625
v -0.003125 -0.027125 0.002250
v -0.003875 -0.027000 0.002000
v -0.003563 -0.026875 -0.003312
v -0.003458 -0.026250 -0.003417
v -0.003312 -0.026750 0.002062
v -0.003250 -0.026750 0.002625
v -0.003625 -0.026250 0.001750
v -0.003813 -0.026125 0.002062
v -0.003625 -0.026399 -0.003879
v -0.003250 -0.026000 -0.004375
v -0.003563 -0.026000 0.002313
v -0.003813 -0.025750 0.002062
v -0.003875 -0.025500 -0.003250
v -0.003594 -0.025375 0.001781
v -0.003875 -0.025250 0.002000
v -0.003332 -0.024794 -0.003988
v -0.003625 -0.024750 -0.003500
v -0.003563 -0.024750 0.002313
v -0.003553 -0.024590 -0.004251
v -0.003625 -0.024544 -0.003706
v -0.003625 -0.024250 -0.004250
v -0.003688 -0.024250 -0.003437
v -0.003656 -0.024344 0.002219
v -0.003750 -0.024000 0.001625
v -0.003563 -0.024000 0.002313
v -0.003546 -0.023612 -0.004467
v -0.003625 -0.023750 0.001750
v -0.003602 -0.023286 -0.004487
v -0.003625 -0.022774 -0.004476
v -0.003625 -0.023000 -0.003750
v -0.003563 -0.023000 0.002313
v -0.003625 -0.022667 -0.004000
v -0.003813 -0.021875 -0.003813
v -0.003500 -0.021625 -0.004750
v -0.003625 -0.021250 -0.004000
v -0.003625 -0.021500 -0.004750
v -0.003625 -0.021060 -0.004690
v -0.003500 -0.021125 -0.004250
v -0.003708 -0.021000 -0.003917
v -0.003250 -0.020750 0.002625
v -0.003406 -0.020875 0.001969
v -0.003917 -0.020748 -0.003849
v -0.003281 -0.020250 -0.005094
v -0.003500 -0.020000 -0.004875
v -0.003813 -0.020125 -0.004062
v -0.003672 -0.020063 0.001703
v -0.004125 -0.019875 -0.003750
v -0.003378 -0.019567 0.002442
v -0.003625 -0.019000 -0.004250
v -0.003714 -0.018792 -0.004208
v -0.003428 -0.018912 -0.004500
v -0.003581 -0.018761 0.001938
v -0.003563 -0.018250 -0.005063
v -0.003500 -0.018250 0.001625
v -0.003875 -0.018250 0.001750
v -0.003760 -0.018104 -0.004383
v -0.003375 -0.017375 -0.005250
v -0.003375 -0.017500 0.001750
v -0.003625 -0.017438 0.002000
v -0.004000 -0.017000 0.001125
v -0.004062 -0.017000 0.001563
v -0.003000 -0.016000 -0.005625
v -0.003500 -0.016500 0.001625
v -0.003547 -0.016562 0.002078
v -0.003586 -0.016062 0.002039
v -0.003750 -0.016000 -0.004375
v -0.003835 -0.015471 -0.004445
v -0.003594 -0.015750 0.001531
v -0.003463 -0.015375 -0.005175
v -0.003500 -0.015500 -0.004625
v -0.003688 -0.015000 0.001937
v -0.003500 -0.015000 0.001625
v -0.003859 -0.014750 0.001766
v -0.003500 -0.014250 -0.005375
v -0.003500 -0.014250 -0.004875
v -0.003625 -0.014000 -0.004750
v -0.003688 -0.013750 0.001937
v -0.003393 -0.013607 -0.005375
v -0.003688 -0.013750 0.001438
v -0.003625 -0.013500 0.001500
v -0.003500 -0.013000 -0.004875
v -0.003609 -0.012466 -0.005300
v -0.003688 -0.013000 0.001438
v -0.003250 -0.012500 0.002375
v -0.003625 -0.012187 0.002000
v -0.003563 -0.012125 0.001563
v -0.003500 -0.011625 -0.005125
v -0.003500 -0.011250 -0.005125
v -0.003433 -0.011089 -0.005147
v -0.003688 -0.011000 0.001438
v -0.003688 -0.009750 0.001937
v -0.002929 -0.009821 -0.005375
v -0.003312 -0.010000 0.001812
v -0.003625 -0.009500 0.001500
v -0.003688 -0.009250 0.001937
v -0.004000 -0.009125 0.001125
v -0.003656 -0.009000 0.001969
v -0.003250 -0.008750 -0.005125
v -0.003250 -0.008250 -0.005375
v -0.003594 -0.008000 0.002031
v -0.003409 -0.007227 -0.004875
v -0.003688 -0.007000 0.001937
v -0.003524 -0.006845 -0.005064
v -0.003563 -0.006875 0.001563
v -0.003656 -0.006750 0.001969
v -0.003125 -0.006250 -0.005000
v -0.003453 -0.006125 0.002172
v -0.003750 -0.006000 0.001375
v -0.003429 -0.005571 -0.005125
v -0.003625 -0.005750 0.002000
v -0.003869 -0.005386 -0.004882
v -0.003281 -0.005719 0.001875
v -0.003500 -0.005250 0.002625
v -0.003437 -0.005125 -0.004625
v -0.003500 -0.005125 0.002000
v -0.003250 -0.005000 0.002375
v -0.003500 -0.005000 0.002625
v -0.003661 -0.004392 -0.004704
v -0.003500 -0.004750 0.002125
v -0.003750 -0.004500 0.001875
v -0.003414 -0.004260 0.002721
v -0.003750 -0.004250 0.001875
v -0.003663 -0.003846 0.002200
v -0.003350 -0.003993 0.002625
v -0.003958 -0.003875 0.001350
v -0.004255 -0.003396 -0.004709
v -0.003000 -0.003625 -0.001000
v -0.003344 -0.003625 -0.000969
v -0.003775 -0.003650 0.001197
v -0.003964 -0.003656 0.001759
v -0.003625 -0.003633 0.002049
v -0.003592 -0.003330 -0.002815
v -0.003781 -0.003375 -0.000656
v -0.003500 -0.003375 -0.000125
v -0.003500 -0.003125 0.001500
v -0.003864 -0.003199 0.000063
v -0.003688 -0.003125 0.000813
v -0.003813 -0.003125 0.000937
v -0.003829 -0.002946 -0.004863
v -0.003500 -0.002500 -0.003125
v -0.003775 -0.002802 -0.002848
v -0.003464 -0.002049 -0.003440
v -0.003500 -0.002250 -0.002875
v -0.003489 -0.001779 -0.003542
v -0.003467 -0.001596 -0.003528
v -0.003422 -0.040093 0.000366
v -0.003250 -0.040000 0.000375
v -0.003468 -0.039998 -0.002589
v -0.003330 -0.039872 -0.002716
v -0.003338 -0.039586 -0.002112
v -0.003275 -0.039812 -0.000674
v -0.003110 -0.039655 -0.003097
v -0.003368 -0.039250 -0.002125
v -0.003375 -0.039224 -0.002571
v -0.003250 -0.038750 -0.000375
v -0.003375 -0.038500 -0.002750
v -0.003464 -0.038536 -0.002125
v -0.003250 -0.038625 -0.000500
v -0.003500 -0.038500 -0.002125
v -0.003237 -0.038282 -0.000653
v -0.003879 -0.038177 -0.000591
v -0.003250 -0.038000 -0.002875
v -0.003371 -0.037444 -0.001158
v -0.003500 -0.037500 -0.002125
v -0.003473 -0.037251 -0.000863
v -0.003532 -0.037560 -0.000622
v -0.003250 -0.036667 -0.002375
v -0.003381 -0.037122 -0.001297
v -0.003248 -0.036842 -0.002868
v -0.003312 -0.036781 -0.000969
v -0.003250 -0.036625 -0.003000
v -0.003437 -0.036453 -0.000016
v -0.003250 -0.036625 0.000000
v -0.003474 -0.036501 -0.002789
v -0.003250 -0.036375 -0.000500
v -0.003375 -0.036250 -0.000500
v -0.003250 -0.036375 0.000500
v -0.003250 -0.035875 0.000188
v -0.003375 -0.035500 -0.003000
v -0.003375 -0.035708 0.001292
v -0.003643 -0.035425 -0.002312
v -0.003250 -0.035250 0.000875
v -0.003250 -0.035250 0.001875
v -0.003247 -0.035127 0.001118
v -0.003375 -0.035000 0.002000
v -0.003250 -0.035125 0.002000
v -0.003250 -0.035000 0.002125
v -0.003375 -0.034875 -0.003250
v -0.003125 -0.034750 0.002500
v -0.003375 -0.034500 0.002250
v -0.003125 -0.034364 0.002636
v -0.003443 -0.034426 -0.002465
v -0.003250 -0.034500 0.001875
v -0.003375 -0.034250 0.002000
v -0.003250 -0.034250 0.002625
v -0.003125 -0.033750 -0.003500
v -0.003719 -0.034000 0.002156
v -0.003375 -0.033500 -0.003250
v -0.002937 -0.033750 0.002438
v -0.003375 -0.033344 -0.003406
v -0.003250 -0.033250 0.002125
v -0.003375 -0.032774 -0.003476
v -0.003375 -0.032844 -0.002906
v -0.003205 -0.032964 0.002205
v -0.003250 -0.032500 -0.003625
v -0.003437 -0.032500 -0.002688
v -0.003312 -0.032500 0.002313
v -0.003766 -0.032250 0.002359
v -0.003344 -0.032125 0.002281
v -0.003703 -0.031937 0.002422
v -0.003312 -0.031750 0.002313
v -0.003270 -0.031407 -0.003659
v -0.003703 -0.031438 0.002422
v -0.003189 -0.031192 -0.003193
v -0.003344 -0.031125 0.002281
v -0.003375 -0.030750 -0.003750
v -0.003397 -0.030900 -0.003410
v -0.003417 -0.030750 -0.002958
v -0.003703 -0.030687 0.002422
v -0.003219 -0.030375 -0.003906
v -0.003344 -0.030500 0.002781
v -0.003187 -0.030250 0.002438
v -0.004141 -0.030250 0.001984
v -0.003484 -0.029938 0.002641
v -0.003125 -0.029742 -0.004008
v -0.003463 -0.029728 0.002640
v -0.003239 -0.029500 0.002420
v -0.003332 -0.029340 -0.003453
v -0.003337 -0.028895 0.002227
v -0.003350 -0.029209 -0.003875
v -0.003354 -0.028689 -0.003432
v -0.003355 -0.028659 0.002605
v -0.003375 -0.028250 0.002250
v -0.003265 -0.028173 0.002329
v -0.003125 -0.028000 0.002250
v -0.003271 -0.027754 0.002607
v -0.003563 -0.027625 -0.003312
v -0.003201 -0.027657 0.002703
v -0.003312 -0.027250 0.002062
v -0.003375 -0.027000 -0.004000
v -0.003328 -0.027125 -0.003547
v -0.003273 -0.027004 0.002613
v -0.003082 -0.026775 -0.004520
v -0.003375 -0.026698 -0.003552
v -0.003000 -0.026500 -0.004625
v -0.003125 -0.026750 0.002250
v -0.003187 -0.026187 -0.004438
v -0.003375 -0.026033 -0.003717
v -0.003312 -0.026250 0.002062
v -0.003172 -0.026313 0.002703
v -0.003469 -0.025500 0.002406
v -0.003125 -0.025750 -0.004500
v -0.003531 -0.025062 -0.003594
v -0.003312 -0.025500 0.002062
v -0.003312 -0.025000 0.002062
v -0.003813 -0.024875 0.002062
v -0.003419 -0.024992 -0.004425
v -0.003375 -0.024750 -0.003750
v -0.003071 -0.024017 -0.004864
v -0.003406 -0.024625 0.001969
v -0.003375 -0.024500 0.002500
v -0.003282 -0.024769 -0.004121
v -0.003312 -0.024250 0.002062
v -0.003312 -0.024125 -0.004562
v -0.003406 -0.023875 0.002469
v -0.003183 -0.023672 -0.004617
v -0.003625 -0.024000 -0.003750
v -0.003250 -0.023750 -0.004125
v -0.003406 -0.023625 0.001969
v -0.003484 -0.023438 0.002391
v -0.003312 -0.022875 -0.004812
v -0.003375 -0.022783 -0.004217
v -0.003406 -0.023125 0.001969
v -0.003406 -0.022875 0.002469
v -0.003312 -0.022750 0.002062
v -0.003312 -0.022250 -0.004812
v -0.003312 -0.022250 0.002062
v -0.003375 -0.022250 0.002500
v -0.003375 -0.022000 -0.004750
v -0.003297 -0.021938 0.002578
v -0.003304 -0.021788 -0.004971
v -0.003375 -0.021403 -0.004455
v -0.003375 -0.021500 -0.004250
v -0.003187 -0.021125 -0.005187
v -0.003312 -0.020500 -0.005063
v -0.003437 -0.020500 0.002438
v -0.003250 -0.020500 0.002625
v -0.003250 -0.020250 0.002625
v -0.003406 -0.020188 -0.004469
v -0.003212 -0.019713 0.002625
v -0.003250 -0.019750 -0.005375
v -0.003375 -0.019977 -0.005023
v -0.003500 -0.019750 0.002375
v -0.003406 -0.019500 -0.005094
v -0.003500 -0.019500 -0.004375
v -0.003151 -0.019616 0.002232
v -0.003355 -0.019043 -0.005252
v -0.003488 -0.019167 0.001866
v -0.003250 -0.019250 0.002125
v -0.003062 -0.018750 -0.005563
v -0.003506 -0.018914 -0.004642
v -0.003250 -0.019125 0.002000
v -0.003312 -0.018500 0.002313
v -0.003109 -0.018281 -0.005516
v -0.003250 -0.018500 0.001875
v -0.003625 -0.018250 -0.004500
v -0.003359 -0.018063 0.002266
v -0.003156 -0.017625 -0.005469
v -0.003563 -0.017750 0.002062
v -0.003656 -0.017313 -0.004469
v -0.003187 -0.017250 0.002438
v -0.002852 -0.016856 -0.005687
v -0.003125 -0.017000 0.002000
v -0.003906 -0.016750 -0.004219
v -0.003000 -0.016250 -0.005625
v -0.003312 -0.016250 0.002313
v -0.003375 -0.016062 0.001750
v -0.003000 -0.015750 -0.005625
v -0.003000 -0.015250 -0.005625
v -0.003312 -0.015500 -0.004812
v -0.003312 -0.015500 0.002313
v -0.003250 -0.015125 0.001875
v -0.003375 -0.014750 -0.004875
v -0.003312 -0.014750 0.002313
v -0.003500 -0.014250 0.002125
v -0.003062 -0.014687 -0.005375
v -0.003500 -0.014250 0.001625
v -0.003359 -0.013813 0.002266
v -0.003250 -0.013750 -0.005125
v -0.003187 -0.013750 0.001937
v -0.003250 -0.013500 -0.005375
v -0.003250 -0.013500 -0.005125
v -0.003219 -0.013500 0.001906
v -0.003234 -0.013187 0.001891
v -0.003406 -0.013375 0.002219
v -0.003389 -0.012611 -0.005375
v -0.003250 -0.012750 0.002375
v -0.003375 -0.012750 0.001750
v -0.003094 -0.012625 0.002031
v -0.003500 -0.012000 -0.005125
v -0.003125 -0.012000 -0.005625
v -0.003234 -0.012187 0.001891
v -0.003938 -0.011625 0.001688
v -0.003375 -0.011563 0.001750
v -0.003500 -0.011250 0.002125
v -0.003250 -0.011250 -0.005625
v -0.003250 -0.011125 0.001875
v -0.003406 -0.010875 0.002219
v -0.003375 -0.010750 0.001750
v -0.003250 -0.010500 -0.005625
v -0.003337 -0.010291 -0.005398
v -0.003125 -0.010250 0.002000
v -0.003204 -0.010158 -0.005158
v -0.003125 -0.009875 0.002000
v -0.003156 -0.009187 0.001969
v -0.003312 -0.009000 0.002313
v -0.003000 -0.008750 -0.005375
v -0.003500 -0.008500 0.002125
v -0.003155 -0.008373 -0.005025
v -0.003250 -0.008625 0.001875
v -0.003644 -0.008166 -0.005185
v -0.003312 -0.008250 0.002313
v -0.003750 -0.008000 -0.005125
v -0.003375 -0.008062 0.001750
v -0.003636 -0.007530 -0.005200
v -0.003375 -0.007750 0.001750
v -0.003062 -0.007750 0.002062
v -0.003125 -0.007250 0.002000
v -0.003312 -0.007250 0.002313
v -0.003029 -0.007221 -0.005125
v -0.003219 -0.007000 0.001906
v -0.003375 -0.006250 0.001750
v -0.003250 -0.006000 -0.005125
v -0.003250 -0.006000 -0.004625
v -0.003083 -0.005667 -0.004875
v -0.003250 -0.005250 0.002125
v -0.003022 -0.005493 0.002653
v -0.003250 -0.005125 0.002750
v -0.003200 -0.004800 0.002875
v -0.003250 -0.004500 -0.004875
v -0.003250 -0.004250 0.002375
v -0.003375 -0.004000 0.002000
v -0.003250 -0.004000 0.002125
v -0.003250 -0.004125 0.002250
v -0.003478 -0.003737 -0.004647
v -0.003250 -0.003875 0.002000
v -0.003019 -0.003643 0.002768
v -0.003125 -0.003500 -0.004875
v -0.003163 -0.003516 -0.002577
v -0.003125 -0.003500 -0.002188
v -0.002813 -0.003625 0.000469
v -0.003250 -0.003625 0.000250
v -0.003250 -0.003525 0.000600
v -0.003250 -0.003554 0.001429
v -0.003375 -0.003500 0.002000
v -0.003250 -0.003500 0.002125
v -0.003187 -0.002844 -0.004969
v -0.003935 -0.003041 -0.004626
v -0.003429 -0.003375 -0.001179
v -0.003000 -0.003375 0.000250
v -0.003250 -0.003125 0.000500
v -0.003395 -0.003345 0.000824
v -0.002987 -0.002827 -0.002875
v -0.003045 -0.003085 -0.002585
v -0.003239 -0.003123 -0.002308
v -0.003625 -0.003125 0.000625
v -0.003125 -0.002750 -0.003000
v -0.003577 -0.003000 -0.003125
v -0.003602 -0.002641 -0.004999
v -0.003250 -0.002500 -0.003125
v -0.003350 -0.002583 -0.002875
v -0.003147 -0.001819 -0.003245
v -0.003214 -0.002214 -0.002875
v -0.003410 -0.001370 -0.003801
v -0.003003 -0.001086 -0.003812
v -0.003125 -0.040000 -0.000500
v -0.002875 -0.040000 0.000000
v -0.002931 -0.040049 0.000050
v -0.003258 -0.040122 -0.000285
v -0.003125 -0.039385 -0.002211
v -0.002997 -0.039288 -0.002955
v -0.003128 -0.039477 -0.000204
v -0.003125 -0.039000 -0.002500
v -0.003125 -0.038750 -0.002250
v -0.003014 -0.039086 -0.000372
v -0.003206 -0.038746 -0.000092
v -0.002500 -0.038500 -0.003625
v -0.002500 -0.038000 -0.003625
v -0.003125 -0.038250 -0.000500
v -0.003000 -0.038250 -0.000375
v -0.002937 -0.038000 -0.003187
v -0.003250 -0.038250 -0.000125
v -0.002875 -0.037500 0.000000
v -0.003125 -0.037375 -0.003125
v -0.003125 -0.037251 -0.000392
v -0.003125 -0.037250 -0.003000
v -0.003125 -0.037367 -0.000896
v -0.002865 -0.037183 0.000240
v -0.003062 -0.037000 -0.002563
v -0.003125 -0.036909 -0.000750
v -0.003125 -0.036875 -0.003250
v -0.003000 -0.036750 0.000125
v -0.003125 -0.036542 -0.003208
v -0.003125 -0.036474 -0.002705
v -0.003000 -0.036625 -0.000500
v -0.003125 -0.036500 -0.000500
v -0.003062 -0.036562 0.000500
v -0.002656 -0.036375 -0.003719
v -0.003125 -0.036250 -0.000250
v -0.003000 -0.036375 -0.000250
v -0.003000 -0.036250 0.000875
v -0.003125 -0.036000 -0.003250
v -0.003000 -0.036125 0.000250
v -0.003062 -0.036063 0.001250
v -0.003500 -0.035750 -0.002375
v -0.003000 -0.035875 0.000500
v -0.003062 -0.035750 0.000562
v -0.003062 -0.035813 0.001500
v -0.003125 -0.035500 0.001750
v -0.003062 -0.035500 -0.003312
v -0.003125 -0.035500 0.001000
v -0.003125 -0.035500 0.002000
v -0.002875 -0.035250 -0.003750
v -0.003125 -0.035250 -0.002750
v -0.003125 -0.035250 0.001250
v -0.003000 -0.034906 -0.003625
v -0.003125 -0.035000 -0.003000
v -0.003000 -0.035125 0.001611
v -0.003039 -0.035015 0.001851
v -0.003125 -0.034875 -0.002750
v -0.002912 -0.034800 0.001913
v -0.003000 -0.034406 -0.003625
v -0.003187 -0.034500 -0.002688
v -0.003000 -0.034500 0.002125
v -0.002875 -0.034278 0.002472
v -0.003125 -0.034250 0.002750
v -0.002875 -0.033694 -0.003806
v -0.002563 -0.034000 0.002813
v -0.003250 -0.033875 -0.002875
v -0.003781 -0.033750 0.002094
v -0.003000 -0.033625 -0.003750
v -0.003000 -0.033500 -0.003125
v -0.003125 -0.033375 -0.003125
v -0.003167 -0.033000 -0.002958
v -0.003125 -0.033250 0.002250
v -0.003375 -0.033194 0.002556
v -0.003125 -0.032750 -0.003250
v -0.003125 -0.032981 0.002500
v -0.003062 -0.033000 0.003062
v -0.003000 -0.033125 0.003000
v -0.002656 -0.032750 0.002969
v -0.003875 -0.032500 0.002250
v -0.003046 -0.032112 -0.003967
v -0.003375 -0.032250 -0.003000
v -0.003125 -0.032000 -0.003750
v -0.003000 -0.032000 0.002625
v -0.003250 -0.031875 0.002875
v -0.003125 -0.031750 -0.003250
v -0.002994 -0.031598 -0.003561
v -0.003125 -0.031500 -0.003250
v -0.002875 -0.031625 0.002750
v -0.003187 -0.031312 0.002937
v -0.003165 -0.031432 -0.003946
v -0.003000 -0.031000 0.002625
v -0.003437 -0.031000 0.002688
v -0.002813 -0.030750 -0.004312
v -0.002750 -0.030750 0.002875
v -0.002813 -0.030375 -0.004312
v -0.003297 -0.030125 -0.003328
v -0.003062 -0.030250 0.003062
v -0.002813 -0.030000 -0.004312
v -0.002875 -0.029750 -0.003750
v -0.003000 -0.029500 -0.004375
v -0.003191 -0.029493 -0.003441
v -0.003125 -0.029250 -0.004000
v -0.003066 -0.028979 -0.004330
v -0.003214 -0.029036 -0.003625
v -0.003136 -0.029044 0.002762
v -0.003101 -0.028798 0.002454
v -0.003219 -0.028469 -0.004156
v -0.003125 -0.028500 0.002500
v -0.003145 -0.028696 0.002758
v -0.003000 -0.028250 -0.004375
v -0.003219 -0.028313 -0.003656
v -0.003277 -0.028256 0.002673
v -0.003072 -0.028132 0.002718
v -0.002781 -0.027625 -0.004594
v -0.003570 -0.027922 -0.003305
v -0.003125 -0.027875 0.002500
v -0.003125 -0.027500 -0.003750
v -0.002929 -0.027526 0.002691
v -0.003000 -0.027500 0.002875
v -0.002900 -0.027136 -0.004439
v -0.003125 -0.027000 -0.003750
v -0.002954 -0.026950 0.002706
v -0.003000 -0.027125 0.003000
v -0.003125 -0.026724 -0.003955
v -0.003088 -0.026958 0.002441
v -0.003000 -0.026500 0.002375
v -0.002937 -0.025875 0.002438
v -0.002813 -0.025500 -0.004812
v -0.002937 -0.025500 0.002438
v -0.003125 -0.025250 -0.004500
v -0.003000 -0.025250 -0.004625
v -0.003125 -0.025250 -0.004000
v -0.002937 -0.025250 0.002438
v -0.003219 -0.025250 0.002656
v -0.003125 -0.025000 -0.004750
v -0.003125 -0.024958 -0.004250
v -0.002937 -0.024250 0.002937
v -0.003156 -0.024312 -0.004219
v -0.003000 -0.024000 -0.004875
v -0.002937 -0.024000 0.002438
v -0.002937 -0.023750 0.002937
v -0.003125 -0.023750 -0.004250
v -0.003210 -0.023344 -0.004309
v -0.002937 -0.023500 0.002438
v -0.002937 -0.023250 0.002937
v -0.003096 -0.023408 -0.005038
v -0.003157 -0.023444 -0.004648
v -0.003156 -0.022781 -0.004469
v -0.003187 -0.022750 0.002688
v -0.003062 -0.022500 -0.005063
v -0.002937 -0.022625 0.002438
v -0.003391 -0.022500 0.002484
v -0.002849 -0.022305 -0.005273
v -0.002813 -0.022250 -0.004812
v -0.003125 -0.022000 -0.005250
v -0.003125 -0.022000 -0.004500
v -0.002827 -0.021830 -0.005526
v -0.003175 -0.021869 -0.004466
v -0.002937 -0.022000 0.002438
v -0.003000 -0.021375 -0.005375
v -0.002813 -0.021500 -0.005063
v -0.003359 -0.021437 0.002516
v -0.003125 -0.021375 0.002250
v -0.002845 -0.021186 0.003006
v -0.002831 -0.020661 0.002943
v -0.003000 -0.020625 -0.005375
v -0.003375 -0.021250 -0.004500
v -0.002875 -0.020750 0.002500
v -0.003625 -0.020929 -0.004250
v -0.003053 -0.020618 0.002693
v -0.002914 -0.020507 0.002453
v -0.002794 -0.020392 0.002499
v -0.003125 -0.020000 -0.004750
v -0.003000 -0.020000 0.002375
v -0.003083 -0.019792 -0.005000
v -0.003125 -0.019750 -0.004750
v -0.003000 -0.019500 0.002625
v -0.003106 -0.019489 -0.005030
v -0.003110 -0.019407 0.002415
v -0.003061 -0.019362 -0.005432
v -0.003187 -0.019250 -0.004688
v -0.002917 -0.019250 0.002208
v -0.002375 -0.018500 -0.006125
v -0.003000 -0.019000 0.002125
v -0.002937 -0.018750 0.002188
v -0.003545 -0.018764 0.002070
v -0.002500 -0.018250 -0.006125
v -0.003312 -0.018375 -0.004812
v -0.002828 -0.018437 0.002297
v -0.002750 -0.017750 -0.005875
v -0.003062 -0.018000 -0.005063
v -0.003125 -0.018000 0.002000
v -0.003000 -0.017750 0.002625
v -0.003078 -0.017625 0.002047
v -0.003062 -0.017250 -0.005563
v -0.002937 -0.017250 -0.005187
v -0.003312 -0.017125 -0.004812
v -0.003312 -0.017000 0.002313
v -0.003062 -0.016750 0.002062
v -0.002813 -0.016750 0.002313
v -0.003312 -0.016500 -0.004812
v -0.002813 -0.016250 0.002313
v -0.003500 -0.015750 -0.004625
v -0.003062 -0.015750 0.002062
v -0.003312 -0.015750 0.002313
v -0.003200 -0.015250 -0.004925
v -0.003205 -0.015205 -0.005375
v -0.002906 -0.015125 0.002219
v -0.002750 -0.014750 -0.005625
v -0.003000 -0.015000 -0.005125
v -0.002750 -0.014750 0.002375
v -0.003000 -0.014750 0.002625
v -0.003384 -0.014295 -0.004946
v -0.002813 -0.014500 0.002313
v -0.003250 -0.014000 -0.005125
v -0.003000 -0.013750 -0.005625
v -0.003094 -0.013875 0.002031
v -0.003125 -0.013438 -0.005500
v -0.003250 -0.013250 -0.005125
v -0.003048 -0.012763 -0.005601
v -0.003000 -0.012750 -0.005625
v -0.002875 -0.012500 0.002250
v -0.002813 -0.012250 -0.005500
v -0.002952 -0.012473 0.002368
v -0.003250 -0.012250 0.002375
v -0.002844 -0.012000 0.002281
v -0.002875 -0.011500 0.002250
v -0.002902 -0.011358 -0.005437
v -0.002906 -0.011125 0.002219
v -0.003000 -0.010875 -0.005375
v -0.002893 -0.010607 -0.005375
v -0.002750 -0.010250 -0.005375
v -0.002813 -0.010500 0.002313
v -0.003281 -0.009875 0.002344
v -0.003312 -0.009437 -0.005000
v -0.002937 -0.009500 0.002188
v -0.003000 -0.009000 0.002625
v -0.003068 -0.008582 -0.005182
v -0.002813 -0.008750 0.002313
v -0.003062 -0.008250 0.002062
v -0.003125 -0.007750 -0.005250
v -0.003104 -0.007396 -0.005125
v -0.003062 -0.007500 -0.004688
v -0.003500 -0.007625 0.002125
v -0.002755 -0.007041 -0.004690
v -0.003014 -0.006611 -0.005000
v -0.003000 -0.006750 -0.004625
v -0.003312 -0.006500 0.002313
v -0.003000 -0.006000 0.002625
v -0.002926 -0.005767 -0.004817
v -0.003300 -0.005450 0.001875
v -0.002750 -0.005500 0.002375
v -0.003125 -0.005375 -0.004500
v -0.003000 -0.005250 0.002375
v -0.003250 -0.005000 0.002875
v -0.003141 -0.004891 -0.004875
v -0.002893 -0.004818 0.002628
v -0.003111 -0.004611 -0.004625
v -0.003000 -0.004250 -0.004625
v -0.003232 -0.004482 0.002875
v -0.003167 -0.004000 -0.004542
v -0.002946 -0.004196 0.002625
v -0.003010 -0.003860 -0.004825
v -0.002750 -0.003625 0.002000
v -0.003000 -0.003375 -0.002000
v -0.003000 -0.003625 -0.001250
v -0.003000 -0.003625 -0.000750
v -0.003125 -0.003500 0.002250
v -0.003000 -0.003375 -0.001750
v -0.002786 -0.003375 -0.000968
v -0.003250 -0.003375 -0.000818
v -0.003000 -0.003250 0.001875
v -0.003000 -0.003375 0.002000
v -0.003431 -0.003375 0.001750
v -0.002937 -0.002875 -0.005000
v -0.003500 -0.002750 -0.004625
v -0.003064 -0.003327 -0.002861
v -0.003250 -0.003125 -0.001750
v -0.003375 -0.003250 -0.001688
v -0.003000 -0.003125 0.000500
v -0.003250 -0.003125 0.001500
v -0.002826 -0.002714 -0.002625
v -0.003020 -0.002702 -0.004637
v -0.003250 -0.002750 -0.002625
v -0.003074 -0.002398 -0.003125
v -0.003000 -0.002250 -0.002875
v -0.003000 -0.002000 -0.002875
v -0.002919 -0.001859 -0.003873
v -0.003113 -0.001514 -0.003338
v -0.002783 -0.001136 -0.003707
v -0.002732 -0.040103 -0.003053
v -0.002919 -0.039869 -0.002817
v -0.002630 -0.039803 0.000059
v -0.002766 -0.039794 0.000635
v -0.002597 -0.039470 -0.003564
v -0.002845 -0.039871 -0.002832
v -0.002750 -0.039500 -0.002875
v -0.002625 -0.039375 0.000000
v -0.002656 -0.039344 0.000813
v -0.002914 -0.039277 -0.003055
v -0.002813 -0.039250 -0.000188
v -0.002725 -0.038881 0.000567
v -0.003062 -0.039125 0.000063
v -0.003053 -0.039071 -0.003053
v -0.002896 -0.038903 -0.002723
v -0.002625 -0.038750 0.000000
v -0.002875 -0.038833 0.000333
v -0.002875 -0.038750 0.000250
v -0.002734 -0.038188 -0.002891
v -0.002875 -0.038000 -0.000500
v -0.002625 -0.038208 -0.000042
v -0.002993 -0.037921 -0.000197
v -0.002875 -0.038000 0.000250
v -0.002625 -0.037736 -0.003514
v -0.002969 -0.037813 -0.002656
v -0.002750 -0.037750 -0.000375
v -0.002625 -0.037500 -0.003500
v -0.002875 -0.037500 -0.002750
v -0.002625 -0.037250 -0.003750
v -0.002844 -0.037194 -0.003064
v -0.002875 -0.037250 -0.002750
v -0.002875 -0.037254 -0.000714
v -0.002875 -0.037207 -0.000557
v -0.002886 -0.037211 0.000278
v -0.002875 -0.037000 -0.000250
v -0.002418 -0.036760 -0.003946
v -0.002906 -0.036688 -0.002781
v -0.002868 -0.036758 0.000272
v -0.002661 -0.036955 0.000514
v -0.002750 -0.036750 0.000625
v -0.002500 -0.036750 -0.003875
v -0.002852 -0.036648 -0.000152
v -0.002625 -0.036500 0.001000
v -0.002875 -0.036250 0.000036
v -0.002750 -0.036250 0.000375
v -0.002625 -0.036500 0.001423
v -0.002875 -0.036250 0.001250
v -0.002937 -0.036125 -0.002937
v -0.002750 -0.036125 0.000500
v -0.002813 -0.036000 0.000562
v -0.002775 -0.036100 0.001620
v -0.002875 -0.035750 -0.003500
v -0.002813 -0.035813 0.000750
v -0.002750 -0.035750 0.001125
v -0.002875 -0.035750 0.001750
v -0.002661 -0.035964 0.002000
v -0.002803 -0.035233 -0.003839
v -0.002875 -0.035500 -0.003500
v -0.002750 -0.035500 0.001375
v -0.002750 -0.035687 0.002188
v -0.002750 -0.035500 0.002375
v -0.002875 -0.035224 -0.003205
v -0.002750 -0.035375 0.001500
v -0.002625 -0.035250 0.002000
v -0.002875 -0.034833 0.002167
v -0.003125 -0.035000 0.002500
v -0.002344 -0.034500 -0.004219
v -0.003125 -0.034625 -0.003000
v -0.003125 -0.034500 0.002750
v -0.002500 -0.034000 -0.004125
v -0.003125 -0.034250 -0.003000
v -0.002813 -0.034250 0.002563
v -0.002937 -0.034063 -0.003187
v -0.002778 -0.033867 -0.003980
v -0.002875 -0.033474 -0.003455
v -0.003125 -0.033406 -0.003733
v -0.002813 -0.033250 0.003062
v -0.003125 -0.033000 -0.003750
v -0.002688 -0.033125 0.002813
v -0.002969 -0.032750 0.003156
v -0.002656 -0.032500 0.002969
v -0.002875 -0.032250 -0.004000
v -0.002750 -0.032250 -0.004125
v -0.002875 -0.032250 -0.003500
v -0.002969 -0.032250 0.003156
v -0.002724 -0.032178 -0.003724
v -0.002719 -0.032125 0.002906
v -0.002825 -0.031800 -0.004250
v -0.002839 -0.031732 -0.003804
v -0.002875 -0.031750 -0.003500
v -0.002891 -0.031813 0.003234
v -0.002750 -0.031500 -0.004375
v -0.002781 -0.031375 0.003344
v -0.002813 -0.031000 -0.004312
v -0.002719 -0.031125 0.002906
v -0.003000 -0.030625 -0.003625
v -0.002813 -0.030250 -0.003813
v -0.002719 -0.030375 0.002906
v -0.002750 -0.030000 0.002875
v -0.002844 -0.029750 0.003281
v -0.002840 -0.029432 -0.004020
v -0.002875 -0.029500 -0.003750
v -0.002797 -0.029625 0.002828
v -0.002875 -0.029500 0.003250
v -0.002813 -0.029250 -0.004062
v -0.002750 -0.029250 0.002875
v -0.002792 -0.029083 -0.004500
v -0.002730 -0.029069 -0.004077
v -0.002563 -0.029250 0.003062
v -0.002700 -0.028550 -0.004625
v -0.002625 -0.028625 0.003000
v -0.002891 -0.028812 0.003234
v -0.002781 -0.028375 0.003344
v -0.003125 -0.027750 0.003000
v -0.002500 -0.028000 -0.004875
v -0.002250 -0.027500 -0.005125
v -0.002750 -0.027500 -0.004125
v -0.002835 -0.027565 0.002990
v -0.002686 -0.027575 0.003119
v -0.002875 -0.027250 -0.004000
v -0.003120 -0.027144 0.002812
v -0.002919 -0.027269 0.003081
v -0.002695 -0.026740 -0.004725
v -0.002820 -0.027097 -0.004227
v -0.002821 -0.026767 -0.004357
v -0.002875 -0.027000 0.002750
v -0.002750 -0.026500 -0.004375
v -0.002813 -0.026500 0.002563
v -0.002750 -0.026250 -0.004875
v -0.002844 -0.026125 0.003031
v -0.002500 -0.026000 -0.005125
v -0.002937 -0.026000 0.002937
v -0.002500 -0.025750 -0.005125
v -0.003172 -0.025906 -0.003953
v -0.002937 -0.025750 0.002937
v -0.002813 -0.025750 -0.004312
v -0.002643 -0.025107 -0.005125
v -0.002813 -0.025250 0.003062
v -0.002625 -0.025250 -0.004500
v -0.002750 -0.025000 -0.004625
v -0.002563 -0.024750 -0.005313
v -0.002859 -0.024969 -0.004422
v -0.002688 -0.024750 0.002688
v -0.002859 -0.024813 0.003016
v -0.002969 -0.024500 -0.004906
v -0.002750 -0.024500 -0.004625
v -0.002813 -0.024500 0.002563
v -0.002781 -0.024375 0.003094
v -0.002750 -0.024000 -0.005125
v -0.002750 -0.023750 -0.004625
v -0.002438 -0.024250 0.002937
v -0.002551 -0.023503 -0.005405
v -0.003011 -0.023564 -0.004566
v -0.002750 -0.023500 -0.004875
v -0.002813 -0.023750 0.002563
v -0.002813 -0.023500 0.003062
v -0.002937 -0.023125 0.002438
v -0.002500 -0.023000 -0.005625
v -0.002688 -0.023125 -0.004938
v -0.002937 -0.022750 0.002937
v -0.002813 -0.022500 -0.004812
v -0.002937 -0.022250 0.002937
v -0.002784 -0.022083 -0.005529
v -0.002875 -0.022000 -0.004750
v -0.002750 -0.022000 -0.004875
v -0.002500 -0.021250 -0.005875
v -0.003500 -0.021750 0.001875
v -0.002729 -0.021229 0.003125
v -0.002500 -0.020750 -0.005875
v -0.002688 -0.021009 0.002824
v -0.002749 -0.020818 0.002620
v -0.002865 -0.020422 0.002734
v -0.002500 -0.020000 -0.005875
v -0.002796 -0.019862 -0.005717
v -0.002759 -0.019656 -0.005181
v -0.002803 -0.019805 0.002349
v -0.002898 -0.019782 -0.005424
v -0.002750 -0.019500 0.002375
v -0.002846 -0.019408 -0.005788
v -0.002785 -0.019439 -0.005375
v -0.002500 -0.018750 -0.006125
v -0.002922 -0.019156 -0.005199
v -0.003250 -0.019000 0.002375
v -0.002813 -0.018500 -0.005313
v -0.002813 -0.018250 -0.005313
v -0.002463 -0.017712 -0.006125
v -0.002563 -0.018000 0.002563
v -0.003312 -0.017750 -0.004812
v -0.002594 -0.017750 0.002531
v -0.002875 -0.017438 0.002750
v -0.002750 -0.017000 -0.005875
v -0.002688 -0.017250 0.002438
v -0.002813 -0.017000 -0.005313
v -0.002875 -0.016875 0.002750
v -0.002543 -0.016830 -0.005877
v -0.002750 -0.016500 -0.005375
v -0.002594 -0.016562 0.002531
v -0.002844 -0.016500 0.002781
v -0.002750 -0.016125 -0.005375
v -0.003000 -0.016250 0.002625
v -0.002750 -0.015750 -0.005375
v -0.002688 -0.015750 0.002438
v -0.002750 -0.015750 0.002875
v -0.002250 -0.015500 -0.005625
v -0.002594 -0.015500 0.002531
v -0.002625 -0.015250 -0.005625
v -0.002750 -0.015000 -0.005625
v -0.002797 -0.014971 -0.005125
v -0.002688 -0.015000 0.002438
v -0.003156 -0.015188 0.002469
v -0.002644 -0.014416 -0.005685
v -0.002844 -0.014250 0.002781
v -0.002693 -0.014057 -0.005651
v -0.002688 -0.013750 0.002937
v -0.002750 -0.013875 0.002375
v -0.003000 -0.013750 0.002625
v -0.002688 -0.013500 0.002438
v -0.002750 -0.013500 0.002875
v -0.002937 -0.013187 -0.005063
v -0.003000 -0.013250 0.002625
v -0.002875 -0.012812 -0.005125
v -0.002875 -0.012750 0.002250
v -0.002757 -0.013031 -0.005413
v -0.002878 -0.012541 0.002501
v -0.002528 -0.012417 -0.005319
v -0.002750 -0.012250 0.002375
v -0.002516 -0.011688 -0.005328
v -0.003000 -0.011750 0.002625
v -0.002764 -0.011611 -0.005000
v -0.002813 -0.011625 0.002313
v -0.003000 -0.011125 -0.005125
v -0.002688 -0.010937 -0.005313
v -0.002981 -0.010750 -0.005106
v -0.003000 -0.010875 0.002625
v -0.002875 -0.010250 -0.005000
v -0.003000 -0.009875 -0.005000
v -0.002625 -0.010000 -0.005250
v -0.002517 -0.009983 -0.005125
v -0.002813 -0.009813 0.002313
v -0.003000 -0.009875 0.002625
v -0.002764 -0.009361 -0.004750
v -0.003156 -0.009437 0.002469
v -0.002792 -0.008250 -0.004667
v -0.003000 -0.008500 0.002625
v -0.003008 -0.008018 -0.005191
v -0.003000 -0.008125 0.002625
v -0.002820 -0.008088 -0.004863
v -0.002728 -0.008079 -0.004879
v -0.002750 -0.008125 0.002375
v -0.002920 -0.007894 -0.004722
v -0.002688 -0.007750 0.002438
v -0.002844 -0.007625 0.002781
v -0.002875 -0.007750 -0.005000
v -0.003000 -0.007500 0.002625
v -0.002813 -0.007312 0.002313
v -0.003000 -0.007125 0.002625
v -0.003089 -0.006911 -0.004625
v -0.002750 -0.006750 -0.004375
v -0.002813 -0.006812 0.002313
v -0.003156 -0.006750 0.002469
v -0.002750 -0.006500 -0.004875
v -0.003312 -0.006375 -0.004750
v -0.002813 -0.006500 0.002313
v -0.002625 -0.006000 -0.004750
v -0.003000 -0.006000 -0.004625
v -0.002813 -0.006063 0.002313
v -0.002417 -0.006083 -0.004625
v -0.002813 -0.005750 0.002313
v -0.003000 -0.005750 0.002625
v -0.002750 -0.005250 0.002375
v -0.002679 -0.005071 0.002625
v -0.002673 -0.004923 -0.004625
v -0.002889 -0.004689 0.003125
v -0.002750 -0.004500 0.002625
v -0.002786 -0.004515 0.003286
v -0.002800 -0.004200 -0.004875
v -0.002750 -0.004250 -0.004375
v -0.002813 -0.004250 0.003062
v -0.002750 -0.003750 -0.004625
v -0.003242 -0.003836 0.001717
v -0.002750 -0.003750 0.002125
v -0.002650 -0.003886 0.002625
v -0.002750 -0.003750 0.002875
v -0.002750 -0.003625 -0.000500
v -0.002750 -0.003625 0.001000
v -0.003039 -0.003656 0.001543
v -0.002750 -0.003375 0.002500
v -0.002750 -0.003250 -0.004875
v -0.002500 -0.003375 -0.000000
v -0.002750 -0.003375 0.000500
v -0.002500 -0.003375 0.000750
v -0.002750 -0.003375 0.001250
v -0.002875 -0.003250 0.002000
v -0.002750 -0.003250 0.002125
v -0.002750 -0.003375 0.002250
v -0.002750 -0.003000 -0.004625
v -0.003083 -0.003125 -0.001083
v -0.003000 -0.003125 -0.000750
v -0.002875 -0.002750 -0.003000
v -0.002876 -0.002499 -0.004668
v -0.002500 -0.002375 -0.005000
v -0.002798 -0.002719 -0.004611
v -0.002375 -0.002500 -0.003125
v -0.002750 -0.002500 -0.002875
v -0.002796 -0.002256 -0.004655
v -0.002813 -0.002250 -0.004188
v -0.003022 -0.002152 -0.003229
v -0.002842 -0.001979 -0.003920
v -0.003122 -0.001862 -0.003456
v -0.002765 -0.001608 -0.004339
v -0.002375 -0.002000 -0.002875
v -0.002750 -0.001750 -0.004625
v -0.002655 -0.001788 -0.003749
v -0.002875 -0.001500 -0.004000
v -0.002694 -0.001597 -0.003583
v -0.002782 -0.001239 -0.004624
v -0.002576 -0.000908 -0.004262
v -0.002811 -0.000913 -0.003976
v -0.002562 -0.040153 -0.003491
v -0.002615 -0.039933 -0.003045
v -0.002500 -0.040000 -0.003125
v -0.002536 -0.040072 0.000774
v -0.002701 -0.039842 0.000255
v -0.002391 -0.039610 -0.003175
v -0.002423 -0.038827 -0.003625
v -0.002563 -0.039125 -0.003062
v -0.002625 -0.038972 0.000222
v -0.002554 -0.038686 -0.003585
v -0.002625 -0.038833 0.000833
v -0.002750 -0.038750 -0.002875
v -0.002375 -0.038312 0.000312
v -0.002644 -0.038344 0.000575
v -0.002500 -0.037937 0.000188
v -0.002583 -0.037438 0.000044
v -0.002688 -0.037813 0.000500
v -0.002625 -0.037389 0.000861
v -0.002654 -0.037380 0.000406
v -0.002714 -0.037036 -0.003125
v -0.002625 -0.037006 -0.000078
v -0.002675 -0.036725 -0.003225
v -0.002625 -0.037000 0.001000
v -0.002500 -0.036625 0.000500
v -0.002375 -0.036500 0.001750
v -0.002375 -0.036250 0.001000
v -0.002625 -0.036250 0.001500
v -0.002625 -0.036250 0.002000
v -0.002313 -0.036000 -0.004062
v -0.002625 -0.036000 -0.003250
v -0.002500 -0.036000 -0.003375
v -0.002625 -0.036000 0.000861
v -0.002500 -0.036125 0.001000
v -0.002625 -0.036000 0.001147
v -0.002500 -0.036000 0.002375
v -0.002713 -0.035823 -0.003828
v -0.002625 -0.035500 0.001714
v -0.002500 -0.035875 0.002500
v -0.002589 -0.035482 -0.003554
v -0.002688 -0.035500 -0.003187
v -0.002660 -0.035439 0.001912
v -0.002625 -0.035250 0.002750
v -0.002477 -0.035399 -0.003947
v -0.002500 -0.035000 -0.004125
v -0.002375 -0.035250 0.002250
v -0.002250 -0.034950 0.003375
v -0.002375 -0.035133 0.003231
v -0.002250 -0.034750 -0.004375
v -0.002375 -0.034750 0.002750
v -0.002688 -0.034750 0.002937
v -0.002375 -0.034250 -0.003750
v -0.002625 -0.034643 0.002500
v -0.002625 -0.034500 0.002750
v -0.002625 -0.034500 0.003250
v -0.002625 -0.034625 0.003125
v -0.002500 -0.034500 0.003375
v -0.002563 -0.034250 -0.004062
v -0.002625 -0.034250 0.002750
v -0.002750 -0.034125 0.003125
v -0.002625 -0.034000 -0.003500
v -0.002438 -0.033750 0.002937
v -0.002813 -0.033625 0.003062
v -0.002598 -0.033560 -0.004202
v -0.002667 -0.033795 -0.003552
v -0.002294 -0.033294 0.003128
v -0.002429 -0.033451 0.003429
v -0.002250 -0.033000 -0.004625
v -0.002540 -0.033068 0.003535
v -0.002719 -0.033062 -0.003656
v -0.002625 -0.033000 0.003000
v -0.002781 -0.032563 -0.003594
v -0.002000 -0.032000 -0.004875
v -0.002500 -0.032000 -0.004375
v -0.002575 -0.031800 -0.004000
v -0.002446 -0.031679 -0.004500
v -0.002696 -0.031483 -0.003946
v -0.002625 -0.031625 0.003000
v -0.002563 -0.031500 0.003563
v -0.003078 -0.031227 -0.003551
v -0.002563 -0.031250 0.003062
v -0.002719 -0.031000 0.003406
v -0.002500 -0.030750 -0.004625
v -0.002313 -0.030750 0.003312
v -0.002875 -0.030687 0.003250
v -0.002250 -0.030250 -0.004875
v -0.002688 -0.030500 0.003437
v -0.002375 -0.030250 0.003250
v -0.002844 -0.030125 0.003281
v -0.002875 -0.030000 -0.003750
v -0.002438 -0.030000 0.003187
v -0.002250 -0.029750 -0.004875
v -0.002344 -0.029625 0.003281
v -0.002750 -0.029750 -0.004375
v -0.002438 -0.029250 0.003688
v -0.002500 -0.029250 -0.004625
v -0.002419 -0.028775 -0.004431
v -0.002375 -0.029125 0.003250
v -0.002875 -0.028750 -0.004000
v -0.002500 -0.028500 -0.004875
v -0.002500 -0.028500 -0.004375
v -0.002475 -0.028025 -0.004875
v -0.003125 -0.028500 -0.003750
v -0.002563 -0.028250 0.003062
v -0.002564 -0.027804 0.003564
v -0.003125 -0.028000 -0.003750
v -0.002522 -0.027632 0.003117
v -0.002314 -0.027854 0.003691
v -0.002500 -0.027250 -0.004375
v -0.002250 -0.027250 -0.005125
v -0.002724 -0.027047 0.002958
v -0.002250 -0.027000 -0.005125
v -0.002515 -0.026981 0.003099
v -0.002375 -0.026750 -0.005000
v -0.002575 -0.026550 -0.004500
v -0.002500 -0.026750 0.002875
v -0.002438 -0.026500 0.002937
v -0.002395 -0.026455 -0.005025
v -0.002500 -0.026250 -0.004625
v -0.002313 -0.026250 0.003062
v -0.002375 -0.026000 0.003500
v -0.002594 -0.025812 0.002781
v -0.002813 -0.025500 0.003062
v -0.002625 -0.025250 -0.005000
v -0.002500 -0.025250 -0.005125
v -0.002417 -0.025083 -0.004875
v -0.002594 -0.025313 0.002781
v -0.002563 -0.025000 0.002813
v -0.002488 -0.024512 -0.004875
v -0.002438 -0.024500 0.002937
v -0.002453 -0.024438 0.003422
v -0.002781 -0.024187 -0.004594
v -0.002250 -0.024250 -0.005125
v -0.002813 -0.024000 0.003062
v -0.002315 -0.023644 -0.005292
v -0.002625 -0.023750 -0.004750
v -0.002375 -0.023750 -0.005000
v -0.002563 -0.023625 -0.004938
v -0.002500 -0.023500 -0.005125
v -0.002750 -0.023250 -0.005375
v -0.002594 -0.023062 0.002781
v -0.002469 -0.023125 0.003406
v -0.002563 -0.022750 -0.005063
v -0.002544 -0.022397 -0.005162
v -0.002594 -0.022563 0.002781
v -0.002616 -0.022378 -0.005463
v -0.002625 -0.022250 -0.005000
v -0.002563 -0.022250 0.002813
v -0.002583 -0.022000 0.003292
v -0.002619 -0.022188 -0.005465
v -0.002625 -0.022000 -0.005250
v -0.002725 -0.021750 -0.005125
v -0.002375 -0.022000 0.003000
v -0.002500 -0.021750 -0.005875
v -0.002425 -0.021770 0.003063
v -0.002216 -0.021284 -0.006125
v -0.002500 -0.021750 -0.005375
v -0.002584 -0.021265 0.002800
v -0.002424 -0.021117 0.002858
v -0.002000 -0.020750 -0.006375
v -0.002688 -0.020813 -0.005187
v -0.002515 -0.020839 0.002671
v -0.002453 -0.020375 -0.005922
v -0.002367 -0.020800 0.002780
v -0.002688 -0.020312 -0.005187
v -0.002500 -0.020250 0.002625
v -0.002750 -0.020000 -0.005125
v -0.002625 -0.019750 -0.005250
v -0.002500 -0.019750 -0.005375
v -0.002372 -0.019728 -0.006025
v -0.002375 -0.019250 -0.006125
v -0.002375 -0.019000 -0.006125
v -0.002563 -0.019000 0.003062
v -0.002375 -0.018750 0.002750
v -0.002531 -0.018250 0.002594
v -0.003000 -0.018125 0.002625
v -0.002375 -0.018000 -0.006125
v -0.002563 -0.018000 0.003062
v -0.002500 -0.017750 -0.005625
v -0.002656 -0.017750 0.002969
v -0.002705 -0.017705 -0.005875
v -0.002563 -0.017500 0.002563
v -0.002500 -0.017250 0.003125
v -0.002500 -0.017375 -0.005625
v -0.002733 -0.016739 -0.005585
v -0.002676 -0.016000 -0.005699
v -0.002563 -0.016250 0.003062
v -0.002594 -0.016062 0.002531
v -0.002500 -0.016000 -0.005875
v -0.002750 -0.015500 -0.005375
v -0.002781 -0.015500 0.002844
v -0.002500 -0.015000 0.003125
v -0.002702 -0.015202 -0.005375
v -0.002500 -0.015125 0.002625
v -0.002688 -0.015000 0.002937
v -0.002500 -0.014750 0.003125
v -0.002284 -0.014628 0.003216
v -0.002438 -0.014438 0.002688
v -0.002500 -0.014000 -0.005375
v -0.002500 -0.013750 -0.005125
v -0.002563 -0.014000 0.002563
v -0.002625 -0.013250 -0.005500
v -0.002325 -0.013386 -0.005337
v -0.002500 -0.013500 0.003125
v -0.002375 -0.013250 0.002750
v -0.002250 -0.013250 -0.005375
v -0.002599 -0.013051 0.003008
v -0.002914 -0.012557 -0.005230
v -0.002438 -0.012500 0.002688
v -0.002375 -0.012250 0.002750
v -0.002750 -0.012250 -0.005125
v -0.003125 -0.012000 0.002500
v -0.002208 -0.011500 -0.005083
v -0.002500 -0.011500 -0.004875
v -0.002438 -0.011688 0.002688
v -0.002828 -0.011437 0.002797
v -0.002313 -0.011437 -0.005125
v -0.002688 -0.011250 0.002937
v -0.002594 -0.011063 0.002531
v -0.002688 -0.010750 0.002937
v -0.002563 -0.010750 0.002563
v -0.002828 -0.010437 0.002797
v -0.002625 -0.010250 0.002500
v -0.002688 -0.010250 0.002937
v -0.002563 -0.010000 0.002563
v -0.002688 -0.009750 0.002937
v -0.002815 -0.009268 -0.005208
v -0.002813 -0.009250 0.002313
v -0.002578 -0.009375 0.003047
v -0.002188 -0.009488 -0.004800
v -0.002500 -0.009250 -0.004625
v -0.002688 -0.009250 0.002937
v -0.002375 -0.009000 -0.004875
v -0.002594 -0.009062 0.002531
v -0.002828 -0.008875 0.002797
v -0.002188 -0.008750 -0.004750
v -0.002750 -0.008750 -0.005125
v -0.002400 -0.008350 -0.004875
v -0.002594 -0.008562 0.002531
v -0.002609 -0.008562 0.003016
v -0.002406 -0.008250 -0.004781
v -0.002500 -0.008125 0.002625
v -0.002609 -0.008062 0.003016
v -0.002531 -0.007625 0.003094
v -0.002438 -0.007250 0.002688
v -0.002580 -0.007333 -0.004727
v -0.002651 -0.007148 -0.004479
v -0.002609 -0.007062 0.003016
v -0.002438 -0.006750 0.002688
v -0.002563 -0.006750 0.003062
v -0.002375 -0.006500 0.002750
v -0.002828 -0.006375 0.002797
v -0.002249 -0.006166 -0.004561
v -0.002469 -0.006250 0.002656
v -0.002594 -0.006250 0.003031
v -0.002809 -0.005879 -0.004375
v -0.002656 -0.006000 0.002969
v -0.002563 -0.005750 0.002563
v -0.002545 -0.005455 0.003125
v -0.002250 -0.005625 -0.004625
v -0.002688 -0.005500 0.002937
v -0.002500 -0.005250 0.002625
v -0.002146 -0.005104 0.003125
v -0.002659 -0.005091 0.003125
v -0.003000 -0.004750 -0.004375
v -0.002500 -0.004750 0.002875
v -0.002500 -0.004500 0.003625
v -0.002471 -0.004432 -0.004625
v -0.002625 -0.004143 0.002750
v -0.002625 -0.004503 0.002948
v -0.002782 -0.003920 0.003034
v -0.002500 -0.003750 0.002375
v -0.002500 -0.003357 -0.004768
v -0.002500 -0.003500 -0.000375
v -0.002250 -0.003625 0.001000
v -0.002250 -0.003375 0.001250
v -0.002500 -0.003625 0.002000
v -0.002593 -0.003646 0.002922
v -0.002750 -0.003375 -0.002500
v -0.002188 -0.003375 -0.001937
v -0.002625 -0.003375 0.000375
v -0.002531 -0.003316 0.001531
v -0.002625 -0.003250 0.002250
v -0.002500 -0.003250 0.002375
v -0.002313 -0.003375 0.002875
v -0.002438 -0.002875 -0.005000
v -0.002500 -0.003000 -0.004625
v -0.002750 -0.002750 -0.003125
v -0.002750 -0.003125 -0.002250
v -0.002875 -0.003125 -0.001688
v -0.002250 -0.003125 -0.000000
v -0.002688 -0.003125 0.001625
v -0.002500 -0.003125 0.002250
v -0.002500 -0.002750 -0.002625
v -0.002375 -0.002813 -0.002563
v -0.002642 -0.002686 -0.005169
v -0.002375 -0.002563 -0.004438
v -0.002375 -0.002500 -0.002875
v -0.002500 -0.002000 -0.003875
v -0.002392 -0.002045 -0.004351
v -0.002750 -0.001875 -0.003500
v -0.002526 -0.001861 -0.003857
v -0.002750 -0.001625 -0.003250
v -0.002528 -0.001494 -0.003599
v -0.002530 -0.001298 -0.004388
v -0.002750 -0.001125 -0.003750
v -0.002500 -0.001000 -0.003875
v -0.002229 -0.039840 -0.003570
v -0.002338 -0.039904 0.000661
v -0.002286 -0.039758 0.001478
v -0.002012 -0.039857 -0.003592
v -0.002427 -0.039828 -0.003149
v -0.002371 -0.039684 0.000689
v -0.002250 -0.039125 0.001625
v -0.002250 -0.039250 -0.003375
v -0.002375 -0.038910 0.000519
v -0.002375 -0.038750 0.000250
v -0.002125 -0.038929 0.000929
v -0.002125 -0.038250 0.001000
v -0.002375 -0.039019 0.001269
v -0.002313 -0.038562 0.001563
v -0.002250 -0.038500 -0.003375
v -0.002062 -0.037937 0.001063
v -0.002375 -0.038375 0.001000
v -0.002250 -0.038125 0.001625
v -0.002442 -0.037702 -0.003673
v -0.002342 -0.037862 -0.003756
v -0.002375 -0.037750 -0.003250
v -0.002325 -0.037341 0.000459
v -0.002438 -0.037937 0.000937
v -0.002250 -0.037500 -0.003875
v -0.002270 -0.037567 -0.003690
v -0.002341 -0.037340 -0.003340
v -0.002403 -0.037515 -0.003208
v -0.002342 -0.037250 0.001533
v -0.002375 -0.037250 0.000500
v -0.002375 -0.036750 0.001000
v -0.002375 -0.037000 0.001750
v -0.002375 -0.037000 0.000250
v -0.002125 -0.037050 0.000950
v -0.002375 -0.037125 0.001187
v -0.002375 -0.036500 0.002250
v -0.002250 -0.036750 -0.004125
v -0.002355 -0.036392 0.001094
v -0.002375 -0.036500 0.002000
v -0.002279 -0.036519 0.002614
v -0.002250 -0.036250 -0.004125
v -0.002625 -0.036375 -0.003250
v -0.002375 -0.036250 0.001442
v -0.002375 -0.036250 0.002250
v -0.002250 -0.036125 0.001750
v -0.002385 -0.035919 0.001955
v -0.002375 -0.035750 0.002750
v -0.002476 -0.035819 -0.003536
v -0.002195 -0.035817 0.002166
v -0.002597 -0.035583 0.002694
v -0.002229 -0.035599 -0.003821
v -0.002250 -0.035500 0.003125
v -0.002435 -0.035261 -0.003699
v -0.002292 -0.035083 -0.004250
v -0.002250 -0.035000 -0.003875
v -0.002375 -0.035500 0.002250
v -0.002375 -0.034923 0.002750
v -0.002563 -0.034750 -0.003563
v -0.002313 -0.034625 0.003437
v -0.002125 -0.034750 0.003000
v -0.002336 -0.033812 -0.004245
v -0.002375 -0.034000 -0.003750
v -0.002250 -0.034000 -0.003875
v -0.002062 -0.034125 0.003312
v -0.002438 -0.034000 0.003437
v -0.002167 -0.033583 -0.004625
v -0.002167 -0.033083 -0.004625
v -0.002339 -0.033423 -0.004033
v -0.002375 -0.033250 0.003250
v -0.002262 -0.033071 0.003452
v -0.002216 -0.032534 -0.004625
v -0.002625 -0.032750 -0.003750
v -0.002333 -0.032750 0.003792
v -0.002250 -0.032500 0.003875
v -0.002313 -0.032375 0.003312
v -0.002250 -0.032250 0.003875
v -0.002375 -0.032000 -0.004000
v -0.002250 -0.032000 -0.004125
v -0.002406 -0.032125 0.003219
v -0.002563 -0.032000 0.003563
v -0.002188 -0.031500 0.003437
v -0.002250 -0.031000 -0.004375
v -0.002125 -0.031125 0.003500
v -0.002325 -0.030800 -0.004750
v -0.002250 -0.030750 -0.004375
v -0.002125 -0.030500 -0.004875
v -0.002344 -0.030562 0.003781
v -0.002500 -0.030375 -0.004125
v -0.002313 -0.030375 0.003312
v -0.002313 -0.030250 0.003813
v -0.002125 -0.030000 -0.004875
v -0.002188 -0.029750 0.003938
v -0.002250 -0.029500 -0.004875
v -0.002300 -0.029583 -0.004325
v -0.001937 -0.029375 0.004125
v -0.002000 -0.029125 -0.005125
v -0.002469 -0.029000 0.003656
v -0.002438 -0.028750 0.003688
v -0.002143 -0.028500 -0.004982
v -0.002125 -0.028625 0.003500
v -0.002250 -0.028250 0.003875
v -0.002344 -0.028375 0.003281
v -0.002250 -0.028000 -0.005125
v -0.002200 -0.028050 -0.004625
v -0.002044 -0.028060 0.003582
v -0.002250 -0.028000 0.003875
v -0.002375 -0.027875 -0.004500
v -0.002595 -0.027295 0.003193
v -0.002333 -0.027500 0.003792
v -0.002300 -0.027279 0.003075
v -0.002098 -0.027362 0.003448
v -0.002248 -0.027325 0.003677
v -0.002196 -0.026982 0.003161
v -0.002457 -0.027081 0.003421
v -0.002375 -0.026750 -0.004500
v -0.002250 -0.026750 0.003125
v -0.002250 -0.026750 0.003625
v -0.002625 -0.026500 0.003250
v -0.002236 -0.026389 -0.004750
v -0.002313 -0.026000 0.003062
v -0.002149 -0.025976 -0.005250
v -0.002242 -0.025758 -0.004875
v -0.001953 -0.025875 0.003422
v -0.002109 -0.025419 -0.005446
v -0.002156 -0.025375 0.003219
v -0.002313 -0.025500 0.003563
v -0.002378 -0.024991 -0.005275
v -0.002375 -0.025250 -0.004750
v -0.002062 -0.025000 -0.005563
v -0.002313 -0.025000 0.003062
v -0.002453 -0.024937 0.003422
v -0.002027 -0.024526 -0.005571
v -0.002053 -0.024477 -0.005208
v -0.002382 -0.024268 -0.005475
v -0.002161 -0.023883 -0.005696
v -0.002438 -0.024000 0.002937
v -0.002313 -0.023813 0.003563
v -0.002438 -0.023500 0.002937
v -0.002250 -0.023250 0.003625
v -0.002370 -0.023391 -0.005429
v -0.002236 -0.023139 -0.005750
v -0.002087 -0.023062 -0.005475
v -0.002250 -0.023000 0.003125
v -0.002188 -0.022875 0.003625
v -0.002250 -0.022286 -0.005375
v -0.002500 -0.022500 0.003375
v -0.002129 -0.022309 0.003534
v -0.002250 -0.022500 -0.005875
v -0.002334 -0.022289 0.003434
v -0.002250 -0.022000 -0.005875
v -0.002250 -0.021750 -0.006125
v -0.002250 -0.021750 -0.005625
v -0.002360 -0.021657 0.003163
v -0.002250 -0.021500 -0.005625
v -0.002609 -0.021031 -0.005266
v -0.002500 -0.021000 0.003125
v -0.002188 -0.020375 -0.006187
v -0.002609 -0.020531 -0.005266
v -0.002313 -0.020750 0.003312
v -0.002438 -0.020250 0.003187
v -0.002313 -0.020000 -0.006063
v -0.002344 -0.019687 -0.005594
v -0.002281 -0.019875 0.002844
v -0.002438 -0.019750 0.003187
v -0.002375 -0.019500 0.002750
v -0.002250 -0.019500 -0.005875
v -0.002750 -0.019250 0.002875
v -0.001857 -0.019000 -0.006518
v -0.002250 -0.018750 -0.005875
v -0.002484 -0.018750 0.003141
v -0.002719 -0.018500 0.002906
v -0.002281 -0.018375 0.002844
v -0.002000 -0.018500 0.003625
v -0.002219 -0.018000 0.002906
v -0.002313 -0.017750 0.003312
v -0.001688 -0.017625 0.003563
v -0.002313 -0.017500 0.003312
v -0.002222 -0.016781 -0.006125
v -0.002344 -0.017063 0.002781
v -0.002562 -0.016741 -0.005696
v -0.002375 -0.016750 0.002750
v -0.002250 -0.016500 -0.005875
v -0.002250 -0.016594 -0.005625
v -0.002125 -0.016625 0.003000
v -0.002375 -0.016250 0.002750
v -0.002054 -0.016606 0.003422
v -0.002539 -0.016449 -0.005393
v -0.002086 -0.016080 0.003500
v -0.002018 -0.015825 -0.005825
v -0.002000 -0.015792 -0.005417
v -0.002375 -0.015750 0.002750
v -0.002125 -0.015000 0.003500
v -0.002000 -0.015000 -0.005625
v -0.002000 -0.015250 -0.005375
v -0.002250 -0.014875 -0.005250
v -0.002500 -0.014750 -0.005375
v -0.002539 -0.014491 -0.005129
v -0.002375 -0.014750 0.002750
v -0.002262 -0.014820 0.003165
v -0.002250 -0.014313 -0.005375
v -0.002156 -0.014250 0.002969
v -0.002406 -0.013938 0.003219
v -0.002281 -0.013875 0.002844
v -0.002487 -0.013309 0.002888
v -0.002313 -0.013312 -0.004938
v -0.002390 -0.013299 0.003019
v -0.002250 -0.013000 -0.004875
v -0.002314 -0.012976 0.002814
v -0.002139 -0.012750 -0.005264
v -0.002442 -0.012558 -0.004875
v -0.002188 -0.012500 0.002937
v -0.001937 -0.012250 -0.005000
v -0.002875 -0.012250 0.002750
v -0.002141 -0.012125 0.002984
v -0.002375 -0.011375 -0.004750
v -0.001750 -0.011625 0.003375
v -0.002375 -0.011250 0.002750
v -0.002313 -0.011500 0.003312
v -0.002539 -0.010850 -0.004764
v -0.002375 -0.010750 0.002750
v -0.002313 -0.011000 0.003312
v -0.002250 -0.010500 -0.004875
v -0.002016 -0.010625 0.003109
v -0.002375 -0.010375 0.003250
v -0.002150 -0.010100 -0.004875
v -0.002375 -0.010000 -0.004625
v -0.002250 -0.009500 -0.004875
v -0.002281 -0.009875 0.002844
v -0.002313 -0.010000 0.003312
v -0.002250 -0.009500 -0.004375
v -0.002219 -0.009500 0.002906
v -0.002313 -0.009500 0.003312
v -0.002531 -0.009000 -0.004562
v -0.002375 -0.009250 0.002750
v -0.002250 -0.008875 -0.004375
v -0.002375 -0.008750 0.002750
v -0.001750 -0.008625 0.003375
v -0.002083 -0.008417 -0.004625
v -0.002311 -0.008464 -0.004400
v -0.002375 -0.008250 0.002750
v -0.002287 -0.007517 -0.004679
v -0.001875 -0.007500 -0.004500
v -0.002000 -0.007125 -0.004625
v -0.002213 -0.006362 -0.004358
v -0.002188 -0.006750 0.002937
v -0.001917 -0.006500 -0.004542
v -0.002250 -0.006000 -0.004125
v -0.002313 -0.006000 0.003312
v -0.002313 -0.005625 -0.004188
v -0.002500 -0.005500 -0.004375
v -0.002281 -0.005625 0.002844
v -0.002250 -0.005250 -0.004625
v -0.002375 -0.005250 -0.004250
v -0.002219 -0.005250 0.002906
v -0.002500 -0.005000 -0.004375
v -0.002375 -0.005000 0.003500
v -0.002375 -0.004750 0.003000
v -0.002217 -0.004667 0.003237
v -0.002375 -0.004650 0.003739
v -0.002375 -0.004510 0.003215
v -0.002375 -0.004042 0.003042
v -0.002313 -0.004250 0.003813
v -0.002313 -0.004125 -0.004375
v -0.002375 -0.003750 0.002500
v -0.002250 -0.003875 0.002750
v -0.002248 -0.003923 0.003815
v -0.002250 -0.003500 -0.004625
v -0.003000 -0.003500 -0.004375
v -0.002250 -0.003500 -0.000125
v -0.002250 -0.003625 0.000500
v -0.002617 -0.003810 0.003357
v -0.002250 -0.003625 0.003500
v -0.002111 -0.003236 -0.004750
v -0.002250 -0.003250 -0.002625
v -0.001750 -0.003375 -0.001375
v -0.001750 -0.003375 -0.001000
v -0.001875 -0.003375 -0.000375
v -0.001937 -0.003375 -0.000188
v -0.002500 -0.003375 0.000250
v -0.002082 -0.003354 0.000676
v -0.002313 -0.003250 0.002563
v -0.002250 -0.003000 -0.004625
v -0.002500 -0.002750 -0.003125
v -0.002125 -0.003125 -0.002250
v -0.002406 -0.003125 -0.000781
v -0.002012 -0.003125 0.001190
v -0.002500 -0.003125 0.001000
v -0.002250 -0.003125 0.002500
v -0.002229 -0.002364 -0.004810
v -0.002250 -0.002500 -0.004375
v -0.002154 -0.002142 -0.004545
v -0.002010 -0.001831 -0.003661
v -0.002250 -0.001875 -0.004250
v -0.002334 -0.000989 -0.004131
v -0.002033 -0.001346 -0.003647
v -0.002375 -0.001250 -0.004000
v -0.002250 -0.001375 -0.003500
v -0.001978 -0.040086 0.001690
v -0.002222 -0.039880 0.001098
v -0.001913 -0.039861 0.001699
v -0.001974 -0.039831 0.002373
v -0.002062 -0.039281 0.001187
v -0.001875 -0.039500 0.001500
v -0.002057 -0.039656 0.001384
v -0.002050 -0.039897 0.001978
v -0.002150 -0.038972 -0.003725
v -0.002234 -0.038766 -0.003375
v -0.002125 -0.039000 0.001250
v -0.002160 -0.039530 0.001712
v -0.002062 -0.039062 0.002313
v -0.002200 -0.038550 -0.003875
v -0.002075 -0.038550 -0.003500
v -0.002250 -0.038250 -0.003875
v -0.001937 -0.038375 0.001688
v -0.002000 -0.038250 -0.003625
v -0.002000 -0.038375 0.002375
v -0.002048 -0.037973 -0.003605
v -0.002125 -0.037875 0.000750
v -0.002000 -0.038188 0.001375
v -0.002125 -0.038375 0.002000
v -0.002000 -0.037500 -0.004125
v -0.002125 -0.037250 0.001250
v -0.002250 -0.037750 0.001625
v -0.002000 -0.037500 0.002625
v -0.002188 -0.037250 -0.004000
v -0.001917 -0.037333 -0.003625
v -0.002125 -0.037250 0.002750
v -0.002000 -0.037000 -0.004125
v -0.002125 -0.036945 0.001455
v -0.002125 -0.036750 0.002250
v -0.002125 -0.037500 0.001750
v -0.002125 -0.037125 0.002375
v -0.002101 -0.037164 0.002684
v -0.001750 -0.036875 -0.004125
v -0.002075 -0.036800 -0.003750
v -0.002000 -0.036500 -0.003875
v -0.002125 -0.036500 0.001250
v -0.002125 -0.036250 0.002000
v -0.002000 -0.036500 0.001875
v -0.002083 -0.036561 0.002939
v -0.002125 -0.036333 0.001667
v -0.002029 -0.036269 0.002364
v -0.002042 -0.036208 0.003125
v -0.002000 -0.036000 0.002625
v -0.002000 -0.036000 0.003375
v -0.002269 -0.035578 -0.004086
v -0.002125 -0.035750 0.003000
v -0.002000 -0.035458 -0.004375
v -0.001969 -0.035656 -0.003875
v -0.002125 -0.035583 0.002611
v -0.002125 -0.035250 0.002750
v -0.001625 -0.035500 0.003750
v -0.002000 -0.034841 -0.004375
v -0.002000 -0.035000 0.003125
v -0.002018 -0.035021 -0.004087
v -0.002000 -0.034750 0.003125
v -0.002125 -0.034531 0.003719
v -0.002000 -0.034875 0.003750
v -0.001969 -0.034531 -0.004125
v -0.001844 -0.034500 0.003531
v -0.001986 -0.034139 -0.004500
v -0.002000 -0.034000 -0.004125
v -0.002062 -0.033875 0.003813
v -0.001906 -0.033844 -0.004625
v -0.002000 -0.033500 0.003375
v -0.002000 -0.033000 0.003875
v -0.002000 -0.033250 0.003375
v -0.002047 -0.033117 0.003570
v -0.002000 -0.033000 -0.004625
v -0.002097 -0.032916 0.003651
v -0.002000 -0.032750 -0.004375
v -0.002000 -0.032500 -0.004875
v -0.002000 -0.032500 -0.004375
v -0.001750 -0.032375 -0.004875
v -0.002000 -0.032250 0.004125
v -0.001750 -0.032000 -0.004625
v -0.001625 -0.032125 0.003875
v -0.002143 -0.031750 -0.004732
v -0.002236 -0.031639 -0.004250
v -0.001937 -0.031875 0.004125
v -0.002035 -0.031236 -0.004792
v -0.002000 -0.031625 0.003625
v -0.001947 -0.031305 0.004151
v -0.002000 -0.031000 -0.004875
v -0.002000 -0.031000 0.004125
v -0.001812 -0.030875 -0.005063
v -0.002075 -0.030800 -0.004500
v -0.001812 -0.030375 -0.005063
v -0.001750 -0.030500 0.003875
v -0.002062 -0.030000 0.003563
v -0.002000 -0.029750 -0.004625
v -0.001946 -0.029679 -0.005000
v -0.002000 -0.029500 -0.004625
v -0.002125 -0.029625 0.003500
v -0.001937 -0.029000 0.003688
v -0.002000 -0.028750 -0.005125
v -0.002125 -0.028750 -0.004500
v -0.001750 -0.028750 0.003875
v -0.002000 -0.028500 -0.004625
v -0.001762 -0.028217 -0.005196
v -0.002000 -0.028000 -0.004875
v -0.002125 -0.027750 0.003500
v -0.002027 -0.027810 0.003706
v -0.002206 -0.027589 0.003704
v -0.002000 -0.027250 -0.004875
v -0.001933 -0.027112 -0.005150
v -0.002125 -0.026833 -0.004750
v -0.001875 -0.026625 0.003500
v -0.001925 -0.026075 -0.005375
v -0.002125 -0.026125 0.003750
v -0.001711 -0.026006 -0.005458
v -0.002000 -0.025750 -0.005375
v -0.002000 -0.025750 -0.005125
v -0.001937 -0.025750 0.003437
v -0.002313 -0.025750 0.003563
v -0.002125 -0.025250 -0.005500
v -0.001906 -0.025125 0.003469
v -0.002250 -0.025250 0.003625
v -0.002143 -0.025250 -0.004982
v -0.001850 -0.024800 -0.005275
v -0.002062 -0.024750 0.003813
v -0.002125 -0.024563 0.003250
v -0.002000 -0.024250 0.003875
v -0.001969 -0.024250 0.003406
v -0.001940 -0.023810 -0.005375
v -0.002062 -0.023750 0.003312
v -0.001937 -0.023329 -0.005937
v -0.002322 -0.023671 -0.005427
v -0.001912 -0.023162 0.003875
v -0.002000 -0.023250 -0.005875
v -0.002018 -0.022663 -0.005943
v -0.002000 -0.023250 0.003375
v -0.002000 -0.022500 -0.006125
v -0.002000 -0.022500 -0.005625
v -0.001975 -0.022507 0.003372
v -0.002000 -0.022250 -0.006125
v -0.002145 -0.022389 0.003249
v -0.002000 -0.022000 -0.005625
v -0.002176 -0.022086 0.003224
v -0.001977 -0.022023 -0.006125
v -0.001986 -0.021639 -0.005750
v -0.002000 -0.021250 -0.005875
v -0.002188 -0.021500 0.002937
v -0.001250 -0.021000 0.003875
v -0.001750 -0.020250 -0.006625
v -0.002062 -0.020750 0.003062
v -0.002125 -0.020375 0.003000
v -0.001707 -0.020058 -0.006652
v -0.002250 -0.020125 -0.005625
v -0.002313 -0.020000 0.003312
v -0.002125 -0.019750 -0.005750
v -0.002000 -0.019750 -0.005875
v -0.001844 -0.019875 0.003281
v -0.002250 -0.019500 -0.006125
v -0.002062 -0.019250 0.003062
v -0.002484 -0.019500 0.003141
v -0.001906 -0.019188 -0.006469
v -0.002125 -0.019000 -0.005875
v -0.001750 -0.018500 -0.006625
v -0.002016 -0.018875 0.003109
v -0.002250 -0.018250 -0.005875
v -0.001953 -0.018437 0.003172
v -0.001851 -0.018572 0.003707
v -0.001622 -0.017829 0.003521
v -0.001937 -0.017687 0.003625
v -0.001857 -0.017212 -0.006268
v -0.002188 -0.017500 -0.005687
v -0.002276 -0.017034 -0.005643
v -0.001852 -0.017068 0.003759
v -0.001949 -0.016670 -0.005886
v -0.002250 -0.016750 0.003375
v -0.002000 -0.016500 -0.006125
v -0.001875 -0.016500 0.003250
v -0.001884 -0.016122 0.003287
v -0.002062 -0.016000 0.003563
v -0.002000 -0.015750 -0.005875
v -0.002000 -0.015750 -0.005375
v -0.002062 -0.015750 0.003062
v -0.002062 -0.015750 0.003563
v -0.002188 -0.015375 0.003437
v -0.002000 -0.015000 -0.005125
v -0.002125 -0.015000 0.003000
v -0.002016 -0.014890 0.003137
v -0.002000 -0.014500 0.003125
v -0.002125 -0.014500 0.003500
v -0.001929 -0.014000 -0.004875
v -0.002000 -0.014250 -0.005125
v -0.002000 -0.013875 0.003625
v -0.002062 -0.014000 0.003062
v -0.001656 -0.013687 -0.004875
v -0.001953 -0.013438 0.003172
v -0.002000 -0.013125 -0.005125
v -0.002062 -0.013000 0.003062
v -0.002375 -0.013000 0.003250
v -0.002004 -0.012830 -0.004672
v -0.002000 -0.012500 -0.005125
v -0.002062 -0.012750 0.003062
v -0.002875 -0.012500 0.002750
v -0.002000 -0.012375 -0.004625
v -0.002179 -0.011821 -0.005125
v -0.002000 -0.012000 -0.004625
v -0.002000 -0.011750 -0.004875
v -0.001875 -0.011500 0.003250
v -0.002000 -0.011250 -0.004875
v -0.002233 -0.010850 -0.004958
v -0.002125 -0.010875 -0.004625
v -0.001875 -0.011000 0.003250
v -0.001625 -0.010875 -0.004875
v -0.002436 -0.010430 -0.004604
v -0.002000 -0.010375 -0.004500
v -0.002511 -0.010125 -0.004646
v -0.002031 -0.010250 0.003094
v -0.001850 -0.009700 -0.004675
v -0.001891 -0.010000 0.003234
v -0.002000 -0.009500 -0.004375
v -0.002000 -0.009000 -0.004625
v -0.001875 -0.009000 0.003250
v -0.002313 -0.009000 0.003312
v -0.001875 -0.008500 0.003250
v -0.002125 -0.008125 0.003500
v -0.002188 -0.008000 0.003437
v -0.001812 -0.007750 0.003312
v -0.002188 -0.007500 0.003437
v -0.002219 -0.007500 -0.004250
v -0.002295 -0.007455 -0.004375
v -0.002188 -0.007250 0.002937
v -0.002250 -0.006750 -0.004625
v -0.002062 -0.006812 -0.004188
v -0.002062 -0.007000 0.003062
v -0.002313 -0.006750 0.003312
v -0.002062 -0.006500 0.003062
v -0.002066 -0.006249 -0.004314
v -0.002000 -0.006250 -0.004125
v -0.002188 -0.006000 0.002937
v -0.002146 -0.006147 -0.004384
v -0.002062 -0.005750 0.003062
v -0.001875 -0.005350 0.003750
v -0.002188 -0.005250 0.003437
v -0.002111 -0.004822 0.003337
v -0.002000 -0.005000 -0.004375
v -0.002125 -0.004750 0.004000
v -0.002125 -0.004875 0.003875
v -0.002000 -0.004750 0.004125
v -0.002350 -0.004433 -0.004375
v -0.002000 -0.004500 0.004125
v -0.001500 -0.004250 -0.004625
v -0.002125 -0.004305 0.003508
v -0.002097 -0.004027 0.003337
v -0.002375 -0.003750 -0.004375
v -0.002042 -0.003667 0.003000
v -0.001920 -0.003920 0.003659
v -0.001625 -0.003625 -0.004625
v -0.002375 -0.003625 -0.000125
v -0.001875 -0.003625 0.001125
v -0.002000 -0.003500 0.001375
v -0.002125 -0.003500 0.002250
v -0.001643 -0.003625 0.003107
v -0.002364 -0.003150 -0.004375
v -0.002125 -0.003375 -0.002500
v -0.001500 -0.003375 -0.000500
v -0.002079 -0.003401 0.000871
v -0.001750 -0.003375 0.001750
v -0.002000 -0.003375 0.002250
v -0.002000 -0.002813 -0.003062
v -0.002000 -0.003125 -0.002000
v -0.002000 -0.003125 -0.001625
v -0.002000 -0.003125 -0.001250
v -0.001805 -0.003007 -0.000923
v -0.002125 -0.003125 -0.000875
v -0.001750 -0.003125 -0.000250
v -0.001704 -0.003125 0.000817
v -0.002281 -0.003125 0.001906
v -0.002000 -0.002750 -0.005125
v -0.002000 -0.002750 -0.004625
v -0.002000 -0.002750 -0.003125
v -0.001884 -0.002735 -0.002607
v -0.001875 -0.002219 -0.003156
v -0.001920 -0.002170 -0.005088
v -0.002000 -0.001875 -0.003750
v -0.002000 -0.001875 -0.004250
v -0.001833 -0.001750 -0.003125
v -0.002000 -0.001563 -0.003312
v -0.001904 -0.039878 0.002802
v -0.001750 -0.040125 0.002500
v -0.001813 -0.040101 0.003010
v -0.001625 -0.039750 0.002250
v -0.001724 -0.039605 -0.003551
v -0.001664 -0.039497 -0.003368
v -0.002000 -0.039500 0.002375
v -0.001812 -0.039250 0.002062
v -0.001750 -0.038944 -0.003625
v -0.001875 -0.038750 0.001500
v -0.001875 -0.038500 0.002000
v -0.001750 -0.038750 0.002125
v -0.001875 -0.039136 0.002864
v -0.001670 -0.038654 0.003512
v -0.001852 -0.038418 0.003224
v -0.001875 -0.038250 0.001500
v -0.001814 -0.038180 0.003012
v -0.001883 -0.038133 -0.003925
v -0.001702 -0.037721 0.002202
v -0.001875 -0.038125 0.002750
v -0.001750 -0.037750 -0.004125
v -0.001538 -0.037856 -0.003633
v -0.001875 -0.037750 0.001500
v -0.001875 -0.037750 0.002500
v -0.001875 -0.037500 0.002250
v -0.001858 -0.037542 0.003135
v -0.001825 -0.037573 0.003257
v -0.001875 -0.037125 0.002000
v -0.001688 -0.037125 0.003500
v -0.001750 -0.037208 -0.003875
v -0.001861 -0.036737 0.001813
v -0.001759 -0.036886 0.002741
v -0.001875 -0.036625 0.002375
v -0.001877 -0.036598 0.002813
v -0.001750 -0.036000 -0.003875
v -0.001825 -0.036323 0.003507
v -0.001944 -0.036000 -0.004181
v -0.001975 -0.035775 -0.003875
v -0.001875 -0.035750 -0.004250
v -0.001875 -0.035750 0.003000
v -0.002125 -0.035875 0.003125
v -0.001500 -0.035500 -0.004375
v -0.001750 -0.035458 -0.004125
v -0.001812 -0.035429 0.003050
v -0.001875 -0.035250 0.003750
v -0.001750 -0.035250 0.003875
v -0.001875 -0.034750 0.003250
v -0.001625 -0.034750 0.003500
v -0.001954 -0.034717 0.003954
v -0.001750 -0.034500 -0.004625
v -0.001667 -0.034583 -0.004125
v -0.001825 -0.034050 -0.004250
v -0.001625 -0.034500 0.003750
v -0.002125 -0.034250 0.003750
v -0.001875 -0.034000 0.003500
v -0.001875 -0.033750 -0.004250
v -0.001688 -0.033875 0.003688
v -0.002185 -0.033434 -0.004142
v -0.001750 -0.033250 -0.004875
v -0.001750 -0.033250 -0.004375
v -0.001812 -0.033250 0.004062
v -0.001750 -0.033000 -0.004875
v -0.001750 -0.032750 -0.004375
v -0.001583 -0.032833 -0.004875
v -0.001750 -0.032500 -0.004625
v -0.001917 -0.032333 0.003625
v -0.001508 -0.032492 0.003875
v -0.001750 -0.031750 -0.004875
v -0.001893 -0.031750 -0.004482
v -0.001594 -0.031688 0.003875
v -0.001750 -0.031250 -0.005125
v -0.001737 -0.031180 -0.004625
v -0.001673 -0.030989 0.003945
v -0.001664 -0.030865 0.004123
v -0.001875 -0.030750 0.003750
v -0.001833 -0.030750 0.004292
v -0.002000 -0.030250 0.004125
v -0.001653 -0.029989 0.003967
v -0.001866 -0.030126 0.004194
v -0.001617 -0.029755 0.004020
v -0.001667 -0.029667 -0.005125
v -0.001825 -0.029550 -0.004750
v -0.001500 -0.029504 0.003980
v -0.001750 -0.029250 -0.004875
v -0.001750 -0.029250 0.003875
v -0.001750 -0.028500 -0.005125
v -0.001910 -0.028196 0.004162
v -0.001727 -0.028352 0.003880
v -0.002040 -0.027898 -0.005187
v -0.001750 -0.027750 -0.005375
v -0.001750 -0.027500 0.004125
v -0.002062 -0.027500 -0.004750
v -0.002104 -0.027176 0.003750
v -0.001939 -0.026876 -0.005317
v -0.001531 -0.027219 -0.005375
v -0.001914 -0.027080 0.003500
v -0.001844 -0.027000 0.004031
v -0.001700 -0.026550 -0.005375
v -0.001742 -0.026684 -0.005097
v -0.002000 -0.026750 0.003875
v -0.001893 -0.026500 -0.004982
v -0.001750 -0.026250 0.003625
v -0.001844 -0.026000 0.004031
v -0.001862 -0.025637 -0.005125
v -0.001812 -0.025750 0.004062
v -0.001750 -0.025500 -0.005625
v -0.001500 -0.025250 -0.005625
v -0.001750 -0.025250 -0.005125
v -0.001563 -0.025313 0.003813
v -0.001937 -0.025500 0.003938
v -0.001750 -0.025000 -0.005375
v -0.001490 -0.024740 0.003875
v -0.001950 -0.024300 -0.005625
v -0.001750 -0.024500 0.004125
v -0.001750 -0.024194 -0.005875
v -0.001688 -0.024358 -0.005375
v -0.001583 -0.024083 -0.005875
v -0.001558 -0.024055 0.003897
v -0.001361 -0.023750 -0.006014
v -0.001750 -0.023750 -0.005625
v -0.001938 -0.023696 0.003902
v -0.001750 -0.023750 0.003625
v -0.001733 -0.023045 0.003437
v -0.001688 -0.023146 -0.005625
v -0.001750 -0.023250 0.003625
v -0.001937 -0.023000 0.003688
v -0.001750 -0.022750 0.003375
v -0.001844 -0.022594 0.003781
v -0.001750 -0.022500 -0.005875
v -0.001750 -0.022000 -0.005875
v -0.002125 -0.022000 0.003500
v -0.001750 -0.021750 -0.006375
v -0.001917 -0.022000 0.003208
v -0.001861 -0.021389 -0.006375
v -0.001768 -0.020913 -0.006443
v -0.001750 -0.021375 0.003375
v -0.002062 -0.021375 0.003563
v -0.001750 -0.020750 -0.006625
v -0.001750 -0.020750 -0.006125
v -0.001750 -0.020500 -0.006625
v -0.001750 -0.020500 -0.006125
v -0.002062 -0.020750 0.003563
v -0.001563 -0.020250 0.003563
v -0.002062 -0.020250 -0.005813
v -0.001750 -0.020000 0.003875
v -0.001500 -0.019500 0.003625
v -0.001750 -0.019750 0.003875
v -0.001563 -0.019500 -0.006812
v -0.001750 -0.019500 0.003875
v -0.001500 -0.019250 0.003625
v -0.001750 -0.019250 0.003875
v -0.001475 -0.018757 0.003622
v -0.001750 -0.018750 -0.006625
v -0.002125 -0.018625 -0.005875
v -0.001871 -0.018287 -0.006450
v -0.001700 -0.018239 0.003659
v -0.001750 -0.018000 -0.006375
v -0.001625 -0.018000 0.003500
v -0.001750 -0.018250 -0.006125
v -0.001750 -0.017500 -0.006375
v -0.002057 -0.017625 -0.005943
v -0.001625 -0.017542 -0.006125
v -0.001636 -0.017336 0.003555
v -0.001689 -0.016882 -0.006239
v -0.001778 -0.016687 0.003854
v -0.001861 -0.016611 0.003469
v -0.001750 -0.016250 -0.006125
v -0.001750 -0.016250 -0.005625
v -0.001875 -0.016250 0.003250
v -0.001872 -0.016184 0.003491
v -0.001750 -0.015750 -0.005375
v -0.001875 -0.015625 -0.005750
v -0.001750 -0.015500 -0.005625
v -0.001563 -0.015250 0.003563
v -0.002000 -0.014900 -0.005525
v -0.002125 -0.014750 0.003500
v -0.001401 -0.014511 -0.005375
v -0.001688 -0.014375 0.003437
v -0.002031 -0.014250 0.003594
v -0.001875 -0.013750 -0.005250
v -0.001500 -0.014000 -0.005125
v -0.002250 -0.013750 -0.004875
v -0.001734 -0.013938 0.003391
v -0.001563 -0.013625 -0.005125
v -0.002062 -0.013500 0.003563
v -0.001563 -0.013000 0.003563
v -0.001750 -0.013000 0.003875
v -0.002438 -0.012750 0.003187
v -0.001625 -0.012625 0.003500
v -0.001391 -0.012000 0.003734
v -0.002256 -0.011800 -0.004681
v -0.002438 -0.011750 0.003187
v -0.002062 -0.011500 0.003563
v -0.001750 -0.010750 -0.004625
v -0.001750 -0.011125 0.003375
v -0.001750 -0.010500 -0.004375
v -0.001750 -0.010250 -0.004625
v -0.001625 -0.010375 0.003500
v -0.002062 -0.010500 0.003563
v -0.001726 -0.010111 -0.004616
v -0.002000 -0.010000 -0.004375
v -0.001750 -0.009750 -0.004625
v -0.002259 -0.009594 -0.004478
v -0.001531 -0.009469 -0.004375
v -0.001563 -0.009500 0.003563
v -0.001375 -0.009250 -0.004625
v -0.002062 -0.009500 0.003563
v -0.001594 -0.009187 0.003531
v -0.002031 -0.008750 0.003594
v -0.002062 -0.008500 0.003563
v -0.001770 -0.008360 -0.004226
v -0.001750 -0.008250 0.003875
v -0.002139 -0.007861 -0.004375
v -0.001833 -0.007917 -0.004125
v -0.001750 -0.008125 0.003375
v -0.001679 -0.007821 -0.004375
v -0.001563 -0.007500 0.003563
v -0.001937 -0.007500 0.003688
v -0.001688 -0.007250 0.003437
v -0.002031 -0.007250 0.003594
v -0.002062 -0.007000 0.003563
v -0.001750 -0.006875 -0.004375
v -0.001625 -0.006875 0.003500
v -0.001750 -0.006750 0.003875
v -0.002188 -0.006500 0.003437
v -0.000875 -0.006625 -0.004250
v -0.001812 -0.006250 0.003312
v -0.001937 -0.006250 0.003688
v -0.001500 -0.006125 -0.004375
v -0.001625 -0.006125 0.003500
v -0.002188 -0.005875 0.003437
v -0.001625 -0.005656 -0.004375
v -0.001625 -0.005625 0.003500
v -0.002208 -0.004917 -0.004167
v -0.001838 -0.005144 0.004050
v -0.001750 -0.005500 0.003875
v -0.002000 -0.005250 -0.004375
v -0.001952 -0.004600 -0.004116
v -0.001333 -0.005167 0.003875
v -0.001875 -0.004750 -0.004500
v -0.001648 -0.004509 0.003968
v -0.001937 -0.004000 0.004188
v -0.001875 -0.004250 0.004500
v -0.001875 -0.004000 -0.004375
v -0.001563 -0.003969 -0.004625
v -0.001688 -0.003688 -0.004375
v -0.001880 -0.003824 0.004340
v -0.001792 -0.003417 0.000281
v -0.001800 -0.003625 0.000700
v -0.002000 -0.003625 0.002592
v -0.001688 -0.003563 0.004250
v -0.001875 -0.003750 0.004500
v -0.001625 -0.003250 -0.004625
v -0.001595 -0.003413 -0.002326
v -0.001750 -0.003375 -0.002000
v -0.001750 -0.003375 0.002500
v -0.001583 -0.003208 0.003288
v -0.001950 -0.003375 0.003300
v -0.001883 -0.003452 0.003807
v -0.001638 -0.003088 -0.002831
v -0.001750 -0.003125 -0.000750
v -0.002125 -0.003250 0.002750
v -0.001750 -0.003125 0.003000
v -0.001937 -0.002937 -0.004875
v -0.001634 -0.002479 -0.005125
v -0.001694 -0.002417 -0.004597
v -0.001750 -0.002639 -0.002986
v -0.002000 -0.002500 -0.002875
v -0.001726 -0.002391 -0.004319
v -0.001750 -0.002250 -0.002875
v -0.001750 -0.002125 -0.004750
v -0.001753 -0.001679 -0.003519
v -0.001750 -0.002000 -0.003375
v -0.001750 -0.002000 -0.002875
v -0.001791 -0.001843 -0.004189
v -0.001792 -0.001681 -0.003444
v -0.001750 -0.001500 -0.003125
v -0.001424 -0.040088 0.002969
v -0.001590 -0.040104 0.003760
v -0.001582 -0.039855 0.002741
v -0.001461 -0.039810 0.003302
v -0.001515 -0.039603 0.003888
v -0.001581 -0.039363 0.003693
v -0.001257 -0.039523 -0.003603
v -0.001500 -0.039344 0.002875
v -0.001625 -0.038625 0.002625
v -0.001613 -0.038741 0.002878
v -0.001517 -0.038927 0.003684
v -0.001625 -0.039323 0.003282
v -0.001500 -0.039000 0.003875
v -0.001500 -0.038750 -0.003875
v -0.001625 -0.038750 0.003000
v -0.001625 -0.038375 0.002250
v -0.001625 -0.037750 0.003000
v -0.001625 -0.038000 0.003000
v -0.001625 -0.037750 0.002500
v -0.001518 -0.038206 0.003143
v -0.001219 -0.037625 -0.004125
v -0.001461 -0.037707 -0.003906
v -0.001625 -0.037275 0.003725
v -0.001625 -0.036800 0.002950
v -0.001606 -0.037483 0.003038
v -0.001646 -0.036553 0.003292
v -0.001500 -0.036500 -0.004125
v -0.001625 -0.036500 0.003000
v -0.001250 -0.036500 -0.004375
v -0.001779 -0.036000 0.002846
v -0.001717 -0.036452 0.003349
v -0.001532 -0.036446 0.003401
v -0.001708 -0.036042 0.003667
v -0.001750 -0.035750 -0.004375
v -0.001500 -0.035909 -0.004125
v -0.001625 -0.036000 0.003250
v -0.001438 -0.035625 0.003437
v -0.001587 -0.035700 0.004087
v -0.001500 -0.035250 -0.004375
v -0.001625 -0.035250 0.003500
v -0.001625 -0.035019 0.004000
v -0.001861 -0.034750 -0.004514
v -0.001625 -0.035025 0.003475
v -0.001500 -0.034458 -0.004375
v -0.001500 -0.034000 0.004375
v -0.001643 -0.033833 -0.004732
v -0.001500 -0.033607 -0.004375
v -0.001719 -0.033750 0.004156
v -0.001375 -0.033500 0.004000
v -0.001500 -0.033500 -0.004875
v -0.001790 -0.033148 -0.004438
v -0.001750 -0.033000 0.003625
v -0.001450 -0.032750 -0.004625
v -0.001750 -0.032750 0.003625
v -0.001672 -0.032812 0.004203
v -0.001500 -0.032437 -0.004625
v -0.001958 -0.032500 0.003917
v -0.001652 -0.032036 -0.004938
v -0.001750 -0.032125 0.004125
v -0.001500 -0.031750 -0.005125
v -0.001531 -0.031625 0.004344
v -0.001000 -0.031833 -0.005125
v -0.001500 -0.031250 -0.004875
v -0.001500 -0.031250 0.003875
v -0.001563 -0.031000 -0.004812
v -0.001609 -0.031038 0.004191
v -0.001167 -0.030583 -0.005125
v -0.001750 -0.030750 -0.004625
v -0.001812 -0.030562 -0.004688
v -0.001500 -0.030375 0.004000
v -0.001600 -0.030100 0.004375
v -0.001688 -0.030250 -0.004750
v -0.001520 -0.030219 0.003933
v -0.001454 -0.029956 0.004106
v -0.001111 -0.029750 -0.005264
v -0.001785 -0.029632 -0.004708
v -0.001367 -0.029246 -0.004889
v -0.001625 -0.029250 0.004000
v -0.001613 -0.029110 0.004234
v -0.001553 -0.029046 -0.005131
v -0.001756 -0.028767 -0.004852
v -0.001544 -0.029142 0.003999
v -0.001519 -0.028824 -0.005330
v -0.001500 -0.028500 -0.005375
v -0.001545 -0.028837 -0.004923
v -0.001755 -0.028609 0.004171
v -0.001476 -0.028450 0.004104
v -0.001563 -0.028438 -0.004875
v -0.001500 -0.028375 0.004000
v -0.001417 -0.028250 0.003958
v -0.001500 -0.028000 0.003875
v -0.001750 -0.028000 0.004125
v -0.001750 -0.027375 0.003625
v -0.001000 -0.028000 -0.005375
v -0.001637 -0.027140 -0.005067
v -0.001375 -0.027500 0.004000
v -0.001750 -0.027250 -0.004875
v -0.001500 -0.027250 0.003875
v -0.001500 -0.026750 0.003875
v -0.001500 -0.026500 -0.005625
v -0.001429 -0.026536 -0.005161
v -0.001406 -0.026500 0.003969
v -0.001891 -0.026500 0.003984
v -0.001667 -0.025917 -0.005125
v -0.001500 -0.026000 0.003875
v -0.001667 -0.025833 -0.005625
v -0.001500 -0.025750 -0.005375
v -0.001250 -0.025500 0.004125
v -0.001450 -0.025250 -0.005375
v -0.001500 -0.025000 -0.005375
v -0.001250 -0.025000 0.004125
v -0.001500 -0.025000 0.004375
v -0.001597 -0.024744 -0.005750
v -0.001550 -0.024467 0.004125
v -0.001500 -0.024167 -0.005875
v -0.001500 -0.024250 -0.005625
v -0.001654 -0.024054 0.003779
v -0.001565 -0.023940 0.003826
v -0.001500 -0.023500 -0.006125
v -0.001000 -0.023125 -0.006250
v -0.001500 -0.023250 0.003625
v -0.001469 -0.023125 0.004156
v -0.001250 -0.023000 -0.006125
v -0.001804 -0.022792 -0.005696
v -0.001712 -0.022500 -0.006163
v -0.001700 -0.022050 -0.006375
v -0.001750 -0.022250 0.003375
v -0.001438 -0.021750 0.003688
v -0.001906 -0.021750 0.003719
v -0.001705 -0.021500 -0.006420
v -0.001736 -0.021389 -0.006000
v -0.001500 -0.021250 -0.006125
v -0.001438 -0.021375 0.003688
v -0.001500 -0.021250 0.004125
v -0.001688 -0.021000 0.003938
v -0.001500 -0.020750 0.004125
v -0.001333 -0.021000 -0.006625
v -0.001575 -0.020550 -0.006250
v -0.001688 -0.020500 0.003437
v -0.001500 -0.020125 -0.006375
v -0.001500 -0.020250 0.004125
v -0.001509 -0.019691 0.004057
v -0.001500 -0.019750 -0.006375
v -0.001448 -0.019698 0.003625
v -0.001522 -0.019624 -0.006693
v -0.001312 -0.019250 -0.006562
v -0.001500 -0.019000 -0.006375
v -0.001500 -0.018750 -0.006625
v -0.001625 -0.018750 0.003500
v -0.001600 -0.018600 0.003875
v -0.001325 -0.018750 -0.006800
v -0.001625 -0.018500 0.003500
v -0.001452 -0.018369 0.003660
v -0.001500 -0.017917 -0.006625
v -0.001500 -0.018000 -0.006125
v -0.001572 -0.017700 0.003685
v -0.001950 -0.017705 -0.006392
v -0.001375 -0.017375 -0.006375
v -0.001538 -0.017462 0.003733
v -0.001442 -0.017356 0.003970
v -0.001250 -0.017000 -0.006125
v -0.001625 -0.017125 -0.005875
v -0.001495 -0.016976 0.003632
v -0.001500 -0.016750 0.004125
v -0.001143 -0.016643 -0.005875
v -0.001587 -0.016041 -0.005578
v -0.001563 -0.016250 0.003563
v -0.001500 -0.016037 -0.006008
v -0.001625 -0.015750 0.004000
v -0.001500 -0.015500 -0.005375
v -0.001625 -0.015500 0.003500
v -0.001688 -0.015125 -0.005250
v -0.001060 -0.015363 0.004491
v -0.001500 -0.014750 0.004125
v -0.001297 -0.015062 -0.005571
v -0.001438 -0.014750 0.003688
v -0.001438 -0.014500 0.003688
v -0.001528 -0.014227 -0.004917
v -0.001500 -0.014250 -0.005375
v -0.001656 -0.014000 0.003969
v -0.001563 -0.013500 0.003563
v -0.001844 -0.013250 0.003781
v -0.001520 -0.012897 -0.005026
v -0.001750 -0.013250 -0.004875
v -0.001500 -0.013000 -0.004625
v -0.001625 -0.012500 0.004000
v -0.001487 -0.012632 -0.004865
v -0.001438 -0.012250 0.003688
v -0.001969 -0.012000 0.003656
v -0.002250 -0.011250 -0.004625
v -0.001438 -0.011500 0.003688
v -0.001656 -0.011375 0.003969
v -0.001438 -0.011125 0.003688
v -0.002062 -0.011000 0.003563
v -0.001438 -0.010750 0.003688
v -0.001688 -0.010750 0.003938
v -0.001375 -0.010562 -0.004438
v -0.001656 -0.010375 0.003969
v -0.001542 -0.010500 -0.004875
v -0.001906 -0.010000 0.003719
v -0.001688 -0.009750 0.003437
v -0.001688 -0.009750 0.003938
v -0.001063 -0.009562 -0.004625
v -0.001656 -0.009375 0.003969
v -0.001500 -0.008750 -0.004375
v -0.001734 -0.008313 -0.004612
v -0.001438 -0.008500 0.003688
v -0.001750 -0.008000 -0.004625
v -0.001438 -0.008000 0.003688
v -0.001094 -0.007594 -0.004375
v -0.001563 -0.005875 0.004062
v -0.001834 -0.005206 0.003308
v -0.001500 -0.005250 0.003625
v -0.001500 -0.005125 0.003750
v -0.001883 -0.004859 0.004133
v -0.001500 -0.004750 0.003875
v -0.001500 -0.004500 -0.004375
v -0.001688 -0.004411 0.004527
v -0.001375 -0.004688 0.004812
v -0.001625 -0.004571 0.004679
v -0.001713 -0.004146 -0.004375
v -0.001563 -0.004000 0.004812
v -0.001636 -0.003771 0.003822
v -0.001375 -0.003750 0.004250
v -0.001453 -0.003654 0.004121
v -0.001500 -0.003750 0.004875
v -0.001500 -0.003500 -0.004375
v -0.001375 -0.003500 0.001250
v -0.001537 -0.003437 0.000925
v -0.001625 -0.003500 0.002750
v -0.001350 -0.003475 0.003000
v -0.001197 -0.003528 0.004278
v -0.001500 -0.003625 0.004750
v -0.001500 -0.003250 -0.002375
v -0.001376 -0.003125 -0.002191
v -0.001500 -0.003375 -0.000750
v -0.001333 -0.003375 0.001167
v -0.001250 -0.003375 0.003000
v -0.001542 -0.003375 0.004208
v -0.001625 -0.003000 -0.004875
v -0.001500 -0.003125 -0.001625
v -0.001250 -0.003125 0.000250
v -0.001750 -0.003125 0.001000
v -0.001688 -0.003125 0.002000
v -0.001563 -0.003125 0.002813
v -0.001312 -0.002750 -0.004875
v -0.001500 -0.002625 -0.004625
v -0.001312 -0.002875 -0.004500
v -0.001620 -0.002965 -0.002295
v -0.001500 -0.002875 -0.000250
v -0.001500 -0.002375 -0.005250
v -0.001250 -0.002500 -0.003125
v -0.001593 -0.002142 -0.005211
v -0.001500 -0.001958 -0.004083
v -0.001500 -0.002000 -0.003125
v -0.001352 -0.001755 -0.003792
v -0.001898 -0.001552 -0.003905
v -0.001500 -0.001500 -0.003125
v -0.001607 -0.001116 -0.003740
v -0.001500 -0.001375 -0.003250
v -0.001351 -0.040093 0.004142
v -0.001275 -0.039750 0.003600
v -0.001424 -0.040091 0.003646
v -0.001334 -0.039644 -0.003780
v -0.001250 -0.039500 -0.003875
v -0.001375 -0.039250 0.003500
v -0.001375 -0.039583 0.004083
v -0.000972 -0.039606 -0.003843
v -0.001375 -0.039250 0.003000
v -0.001375 -0.039250 0.003250
v -0.001229 -0.038859 0.004157
v -0.001340 -0.038728 0.003307
v -0.001277 -0.038924 0.003643
v -0.001375 -0.038500 0.003250
v -0.001501 -0.038676 0.003688
v -0.001250 -0.038500 0.003625
v -0.001375 -0.038250 0.003500
v -0.001625 -0.038250 0.003750
v -0.001500 -0.038000 -0.004125
v -0.001250 -0.037750 -0.003875
v -0.001375 -0.037344 0.003375
v -0.001375 -0.038000 0.003500
v -0.001625 -0.037750 0.003750
v -0.001456 -0.036832 -0.004128
v -0.001750 -0.037000 -0.003875
v -0.001375 -0.037250 0.003500
v -0.001375 -0.036750 0.004000
v -0.001375 -0.036571 0.003429
v -0.001625 -0.036625 0.003750
v -0.001250 -0.036375 -0.004000
v -0.001375 -0.036250 -0.004000
v -0.001000 -0.036000 -0.004375
v -0.001400 -0.035462 -0.004475
v -0.001165 -0.035544 0.003915
v -0.001508 -0.035442 0.004175
v -0.001750 -0.034917 -0.004125
v -0.001250 -0.034917 -0.004625
v -0.001315 -0.035045 0.003815
v -0.001250 -0.034958 -0.004375
v -0.001527 -0.034691 0.003836
v -0.001667 -0.034583 0.004125
v -0.001354 -0.034646 0.004375
v -0.001694 -0.034028 -0.004681
v -0.001250 -0.034528 -0.004625
v -0.001333 -0.034238 -0.004375
v -0.001167 -0.034417 0.004125
v -0.001125 -0.034125 -0.004875
v -0.001250 -0.034000 0.004125
v -0.001264 -0.034111 0.004500
v -0.000719 -0.034219 -0.004875
v -0.001250 -0.033750 -0.004625
v -0.000967 -0.034033 0.004375
v -0.001438 -0.033500 0.004438
v -0.001250 -0.033000 0.004625
v -0.001250 -0.033000 -0.004875
v -0.000875 -0.033250 0.004375
v -0.001250 -0.032750 -0.005125
v -0.001438 -0.032500 0.004438
v -0.001250 -0.032250 -0.005125
v -0.001250 -0.032250 0.004625
v -0.001500 -0.032000 0.003875
v -0.001479 -0.032021 -0.004625
v -0.001000 -0.031750 0.004875
v -0.001250 -0.031917 -0.004875
v -0.001219 -0.031125 0.004656
v -0.000868 -0.030750 -0.005257
v -0.001500 -0.031000 0.004375
v -0.001250 -0.030875 0.004125
v -0.001250 -0.030500 0.004125
v -0.001625 -0.030500 0.004375
v -0.001250 -0.030250 0.004125
v -0.001063 -0.030094 -0.005313
v -0.001250 -0.029500 -0.005375
v -0.001375 -0.029500 0.004000
v -0.001595 -0.029559 0.004173
v -0.001250 -0.029250 0.004125
v -0.001219 -0.029125 0.004656
v -0.001375 -0.029000 -0.005000
v -0.001327 -0.029099 -0.005300
v -0.001386 -0.028865 0.003958
v -0.001250 -0.028500 -0.005125
v -0.001219 -0.028375 0.004656
v -0.001063 -0.028375 -0.005375
v -0.001574 -0.027864 -0.004938
v -0.001250 -0.027750 -0.005125
v -0.001344 -0.027625 0.004531
v -0.001281 -0.027625 0.004094
v -0.001219 -0.027125 0.004656
v -0.001438 -0.027000 0.004438
v -0.001250 -0.026750 -0.005625
v -0.001250 -0.026750 0.004625
v -0.001250 -0.026500 -0.005625
v -0.001125 -0.026375 -0.005625
v -0.001250 -0.026250 -0.005375
v -0.001250 -0.026250 0.004625
v -0.001229 -0.025229 0.004625
v -0.001208 -0.025458 0.004125
v -0.001375 -0.025000 -0.005750
v -0.001250 -0.025194 -0.005875
v -0.001482 -0.025232 0.004375
v -0.001250 -0.024750 -0.005625
v -0.001426 -0.024641 0.004339
v -0.001287 -0.024656 -0.005557
v -0.001063 -0.024563 0.004125
v -0.001250 -0.024125 0.003875
v -0.001500 -0.024000 0.004125
v -0.001250 -0.024000 -0.006125
v -0.001500 -0.023667 -0.005625
v -0.001250 -0.023750 0.003875
v -0.001312 -0.023750 0.004312
v -0.001673 -0.023327 -0.005625
v -0.001000 -0.023250 0.004625
v -0.001250 -0.023444 -0.005875
v -0.001375 -0.022750 -0.006250
v -0.001250 -0.022750 -0.006375
v -0.001167 -0.023000 -0.005875
v -0.000750 -0.022750 0.004375
v -0.001250 -0.022500 -0.005875
v -0.001250 -0.022500 0.004375
v -0.001500 -0.022000 -0.006125
v -0.000875 -0.022500 0.004250
v -0.001250 -0.022000 0.004375
v -0.001000 -0.022000 -0.006625
v -0.001406 -0.021875 0.003719
v -0.000937 -0.021688 -0.006625
v -0.001515 -0.021437 -0.006110
v -0.001250 -0.021500 0.004375
v -0.000687 -0.021562 -0.006625
v -0.001250 -0.021250 -0.006375
v -0.001250 -0.021250 0.003875
v -0.001625 -0.021000 -0.006125
v -0.001375 -0.020750 -0.006250
v -0.001187 -0.020625 0.003875
v -0.001402 -0.020286 -0.006688
v -0.001303 -0.019980 -0.006864
v -0.001000 -0.020281 -0.006375
v -0.001187 -0.020188 0.003875
v -0.001250 -0.020000 0.004125
v -0.001328 -0.019698 -0.006808
v -0.001375 -0.019500 -0.006500
v -0.001250 -0.019250 0.003625
v -0.001438 -0.019500 0.003938
v -0.001625 -0.019000 0.003875
v -0.001375 -0.018750 -0.006375
v -0.001500 -0.018500 0.003875
v -0.001250 -0.018500 0.003625
v -0.001250 -0.018250 -0.006875
v -0.001250 -0.018250 -0.006375
v -0.001063 -0.017938 -0.006750
v -0.001250 -0.017750 -0.006625
v -0.001356 -0.017548 0.003989
v -0.001225 -0.017653 0.003725
v -0.001250 -0.017500 -0.006625
v -0.001506 -0.017141 0.003935
v -0.001501 -0.017240 0.004080
v -0.001215 -0.016636 -0.006240
v -0.001304 -0.016877 0.003929
v -0.001123 -0.016619 0.004026
v -0.001250 -0.016625 0.004250
v -0.001250 -0.016500 0.004375
v -0.001075 -0.016394 0.004444
v -0.001156 -0.016125 0.003969
v -0.000975 -0.015625 -0.005875
v -0.000875 -0.015750 0.004250
v -0.001250 -0.015500 -0.005375
v -0.001250 -0.015500 0.004375
v -0.001219 -0.015250 0.003906
v -0.001125 -0.015000 -0.005625
v -0.001125 -0.015000 0.004000
v -0.001125 -0.015000 0.004500
v -0.001156 -0.014750 -0.005625
v -0.001639 -0.014918 -0.005125
v -0.001000 -0.014500 -0.005375
v -0.001250 -0.014250 -0.005125
v -0.001172 -0.014375 0.003953
v -0.001500 -0.014250 0.004125
v -0.001141 -0.014062 0.004484
v -0.001187 -0.013813 -0.005250
v -0.001438 -0.013750 0.003688
v -0.001250 -0.013500 -0.005125
v -0.001312 -0.013500 0.003813
v -0.001312 -0.013250 0.004312
v -0.001312 -0.013000 0.003813
v -0.001156 -0.012531 -0.005000
v -0.001438 -0.012500 0.003688
v -0.001312 -0.012500 0.004312
v -0.001781 -0.012250 0.003844
v -0.000750 -0.012000 -0.004875
v -0.001328 -0.011875 0.004297
v -0.001063 -0.011500 -0.004875
v -0.001312 -0.011625 0.003813
v -0.001094 -0.011188 -0.004875
v -0.001250 -0.011250 -0.004625
v -0.001375 -0.011375 0.004250
v -0.001187 -0.011000 0.003938
v -0.001375 -0.010875 0.004250
v -0.001346 -0.010576 -0.004622
v -0.001344 -0.010313 0.003781
v -0.001312 -0.010500 0.004312
v -0.001375 -0.009625 -0.004375
v -0.001250 -0.009875 0.003875
v -0.001359 -0.009813 0.004266
v -0.001312 -0.009500 0.003813
v -0.001312 -0.009500 0.004312
v -0.001250 -0.009250 -0.004375
v -0.001438 -0.009250 0.004188
v -0.001719 -0.008875 -0.004375
v -0.001312 -0.009000 0.003813
v -0.001312 -0.009000 0.004312
v -0.001000 -0.008750 -0.004625
v -0.001179 -0.008821 -0.004375
v -0.001375 -0.008625 0.004250
v -0.001312 -0.008625 0.003813
v -0.001438 -0.008500 0.004188
v -0.001403 -0.008237 -0.004372
v -0.001469 -0.008125 0.004156
v -0.001312 -0.008125 0.003813
v -0.001469 -0.007781 -0.004125
v -0.001625 -0.007750 0.004000
v -0.001344 -0.007500 0.004281
v -0.001250 -0.007375 -0.004125
v -0.001438 -0.007250 0.003688
v -0.001375 -0.007125 0.004250
v -0.001438 -0.007000 0.004188
v -0.001000 -0.006750 -0.004375
v -0.001250 -0.006750 -0.004125
v -0.001125 -0.006750 0.004000
v -0.001375 -0.006750 0.004250
v -0.001312 -0.006500 0.003813
v -0.001375 -0.006500 0.004250
v -0.001258 -0.006485 0.004450
v -0.000960 -0.006245 0.004655
v -0.001000 -0.006250 -0.004375
v -0.001438 -0.005875 -0.004125
v -0.001125 -0.005750 -0.004375
v -0.001375 -0.005625 0.003750
v -0.001375 -0.005933 0.004317
v -0.001125 -0.005375 0.004125
v -0.000500 -0.005500 -0.004375
v -0.001375 -0.005250 0.003750
v -0.001413 -0.005300 0.004163
v -0.001407 -0.005402 0.004316
v -0.001375 -0.005000 0.004500
v -0.000969 -0.005094 -0.004375
v -0.001000 -0.004453 -0.004422
v -0.001163 -0.005050 0.003913
v -0.001312 -0.004500 0.004312
v -0.001250 -0.004625 0.005000
v -0.001250 -0.004375 0.004500
v -0.001542 -0.004171 0.004376
v -0.001098 -0.004295 0.004750
v -0.001250 -0.004000 0.004625
v -0.001375 -0.004417 0.005083
v -0.001125 -0.003838 0.005525
v -0.001223 -0.003760 0.005196
v -0.001613 -0.003668 0.001529
v -0.001250 -0.003625 0.003750
v -0.001154 -0.003715 0.004662
v -0.001250 -0.003625 0.005000
v -0.001250 -0.003375 -0.000159
v -0.001375 -0.003375 0.000312
v -0.001420 -0.003385 0.001700
v -0.001031 -0.003375 0.002094
v -0.001125 -0.003375 0.002375
v -0.001098 -0.003437 0.003464
v -0.001125 -0.003250 0.004750
v -0.001250 -0.003125 -0.002500
v -0.000250 -0.003125 -0.000750
v -0.001250 -0.003125 -0.001750
v -0.000875 -0.003125 -0.000625
v -0.001375 -0.003125 -0.000875
v -0.001050 -0.003125 -0.000300
v -0.001250 -0.003125 0.000500
v -0.001438 -0.003125 0.000562
v -0.001375 -0.003125 0.000875
v -0.001625 -0.003125 0.001563
v -0.001250 -0.003125 0.002500
v -0.001250 -0.002563 -0.003062
v -0.001750 -0.002875 -0.001625
v -0.001300 -0.002550 -0.002625
v -0.001250 -0.002250 -0.004875
v -0.001407 -0.002293 -0.004671
v -0.001250 -0.002375 -0.002750
v -0.001299 -0.002152 -0.005170
v -0.001250 -0.002125 -0.004250
v -0.001667 -0.001917 -0.002875
v -0.001315 -0.001895 -0.005165
v -0.001417 -0.001875 -0.004500
v -0.001500 -0.001625 -0.003500
v -0.001250 -0.001625 -0.004250
v -0.001250 -0.001500 -0.003125
v -0.001286 -0.001125 -0.003458
v -0.001194 -0.001083 -0.003736
v -0.001199 -0.001046 -0.003667
v -0.000875 -0.040000 0.004250
v -0.001106 -0.040081 0.004121
v -0.001106 -0.039821 0.004464
v -0.001125 -0.039500 0.003750
v -0.000531 -0.039375 -0.003875
v -0.000875 -0.039250 0.004000
v -0.001299 -0.039149 0.003858
v -0.001000 -0.038750 -0.003875
v -0.001000 -0.039000 0.004375
v -0.001750 -0.038750 -0.003625
v -0.000875 -0.038750 0.004000
v -0.001143 -0.038482 -0.004000
v -0.000875 -0.038250 -0.004125
v -0.001000 -0.038250 0.004375
v -0.001625 -0.038000 0.003750
v -0.000937 -0.037750 0.003938
v -0.001000 -0.037500 -0.004125
v -0.001500 -0.037500 -0.003875
v -0.000937 -0.037500 0.003938
v -0.001250 -0.037188 0.004125
v -0.001000 -0.036750 -0.003875
v -0.000875 -0.037125 0.004000
v -0.001000 -0.036750 -0.004375
v -0.000687 -0.036750 0.004188
v -0.001000 -0.036500 -0.004125
v -0.000750 -0.036250 -0.004375
v -0.001000 -0.036375 0.003875
v -0.001094 -0.036125 0.004281
v -0.001063 -0.036000 0.003813
v -0.001250 -0.036000 0.004125
v -0.001000 -0.035750 -0.004625
v -0.001125 -0.035750 0.003750
v -0.001250 -0.035750 0.004125
v 0.000000 -0.035750 -0.004625
v -0.001000 -0.035500 -0.004125
v -0.001000 -0.035250 -0.004375
v -0.001187 -0.035231 0.004438
v -0.000750 -0.035250 0.004375
v -0.001000 -0.035000 0.004625
v -0.001000 -0.034750 -0.004875
v -0.001250 -0.034750 -0.004375
v -0.001000 -0.034750 0.004125
v -0.001000 -0.034500 -0.004875
v -0.000719 -0.034437 0.004375
v -0.001000 -0.034208 -0.004625
v -0.001000 -0.034000 0.004625
v -0.001000 -0.033500 -0.004875
v -0.000817 -0.033398 0.004411
v -0.000850 -0.033250 -0.005025
v -0.001250 -0.033125 -0.004625
v -0.000967 -0.032783 0.004375
v -0.000687 -0.032750 -0.005125
v -0.001000 -0.032750 -0.004875
v -0.001000 -0.032250 -0.004875
v -0.001125 -0.032250 -0.004750
v -0.000813 -0.032437 0.004500
v -0.001187 -0.032250 0.004188
v -0.001000 -0.031500 -0.005125
v -0.001250 -0.031500 -0.004875
v -0.001250 -0.031250 0.004125
v -0.000750 -0.031250 0.005125
v -0.001000 -0.031000 0.004375
v -0.001000 -0.030500 0.004875
v -0.001409 -0.030091 -0.004875
v -0.001187 -0.030500 0.004688
v -0.001500 -0.030000 0.004375
v -0.001141 -0.029687 0.004734
v -0.001000 -0.029500 -0.005125
v -0.001250 -0.029500 0.004125
v -0.000406 -0.029469 -0.005375
v -0.001063 -0.029406 -0.005031
v -0.000984 -0.029188 0.004891
v -0.000750 -0.029125 0.004625
v -0.001322 -0.028949 -0.005330
v -0.001250 -0.028750 0.004125
v -0.001063 -0.028750 0.004812
v -0.001000 -0.028250 0.004375
v -0.001262 -0.027417 -0.005446
v -0.001000 -0.027500 -0.005625
v -0.001187 -0.027500 0.004688
v -0.000375 -0.027313 -0.005625
v -0.000846 -0.027171 0.005042
v -0.001000 -0.027125 0.004375
v -0.001000 -0.026958 -0.005375
v -0.001187 -0.027000 0.004188
v -0.001000 -0.026625 0.004875
v -0.000767 -0.026370 -0.005633
v -0.000750 -0.026250 0.004625
v -0.000926 -0.026239 0.004901
v -0.001250 -0.026000 0.004625
v -0.000985 -0.025985 0.004375
v -0.001000 -0.025750 0.004625
v -0.000932 -0.025750 -0.005693
v -0.001000 -0.025500 -0.005375
v -0.001000 -0.025500 0.004375
v -0.001000 -0.025208 -0.005625
v -0.000750 -0.024722 -0.005903
v -0.001000 -0.024500 0.004125
v -0.001000 -0.024375 -0.006000
v -0.001000 -0.023875 -0.005750
v -0.000750 -0.023458 -0.006167
v -0.001047 -0.023312 0.004078
v -0.000643 -0.023004 0.004479
v -0.001250 -0.023000 0.004375
v -0.001000 -0.023000 0.004625
v -0.001000 -0.022750 0.004625
v -0.001000 -0.022250 -0.006375
v -0.000875 -0.022250 0.004250
v -0.001102 -0.022404 0.004457
v -0.001078 -0.021975 0.004396
v -0.001000 -0.021750 -0.006125
v -0.001000 -0.022000 0.004125
v -0.001250 -0.020750 -0.006375
v -0.000963 -0.021145 0.004057
v -0.001000 -0.021000 0.004375
v -0.001107 -0.020907 -0.006679
v -0.001000 -0.020750 0.003875
v -0.001000 -0.020500 -0.006875
v -0.001250 -0.020250 0.004125
v -0.001224 -0.019827 -0.006588
v -0.001250 -0.019000 0.003625
v -0.001125 -0.019063 0.004250
v -0.000583 -0.018833 -0.006875
v -0.001325 -0.018650 -0.006450
v -0.000813 -0.018750 0.004062
v -0.001071 -0.018236 -0.006508
v -0.001000 -0.018625 0.004375
v -0.001063 -0.017812 0.004312
v -0.000875 -0.017375 -0.006625
v -0.001000 -0.017375 0.003875
v -0.001000 -0.017125 0.004375
v -0.000750 -0.016857 -0.006482
v -0.000906 -0.016869 -0.006050
v -0.001070 -0.016838 0.004137
v -0.001125 -0.016750 0.004000
v -0.000667 -0.016167 -0.006125
v -0.001000 -0.016375 -0.005750
v -0.001008 -0.016370 0.004502
v -0.001031 -0.015906 -0.006000
v -0.001125 -0.016000 -0.005625
v -0.001000 -0.016000 0.004625
v -0.000887 -0.015595 -0.005505
v -0.001087 -0.015632 0.004468
v -0.001063 -0.015250 0.004562
v -0.001000 -0.014750 -0.005125
v -0.001391 -0.014500 0.004234
v -0.001063 -0.014000 0.004062
v -0.000937 -0.013750 0.004688
v -0.001125 -0.013875 -0.005375
v -0.001250 -0.013750 0.004375
v -0.001500 -0.013500 0.004125
v -0.001047 -0.013312 0.004078
v -0.001000 -0.013000 -0.004875
v -0.000766 -0.013000 0.004359
v -0.001500 -0.013000 0.004125
v -0.001250 -0.013000 -0.004625
v -0.001000 -0.012687 0.004125
v -0.001500 -0.012750 0.004125
v -0.001250 -0.012750 -0.005125
v -0.001125 -0.012500 -0.004625
v -0.001125 -0.012250 0.004000
v -0.001281 -0.012125 -0.004625
v -0.000875 -0.011625 0.004250
v -0.001000 -0.011000 0.004625
v -0.001192 -0.010629 -0.004745
v -0.001125 -0.010125 -0.004375
v -0.000937 -0.010250 0.004188
v -0.001000 -0.010000 0.004625
v -0.000625 -0.009750 -0.004625
v -0.001000 -0.009750 -0.004375
v -0.000922 -0.009875 0.004203
v -0.000937 -0.009250 0.004688
v -0.000937 -0.009000 0.004188
v -0.001000 -0.009000 0.004625
v -0.001195 -0.008600 -0.004125
v -0.000813 -0.009000 0.004812
v -0.001000 -0.008500 -0.004375
v -0.000875 -0.008625 0.004250
v -0.000250 -0.008125 -0.004375
v -0.000937 -0.008000 0.004188
v -0.001094 -0.008000 0.004531
v -0.000250 -0.008000 -0.004125
v -0.000813 -0.007750 0.004312
v -0.000625 -0.007250 0.005000
v -0.000937 -0.007250 0.004188
v -0.000875 -0.007000 0.004750
v -0.000893 -0.007000 -0.004268
v -0.001250 -0.007000 -0.004125
v -0.000969 -0.007000 0.004156
v -0.000856 -0.006438 0.004371
v -0.001250 -0.006250 -0.004125
v -0.001125 -0.006438 0.004147
v -0.000808 -0.006000 -0.003933
v -0.001054 -0.006098 0.004045
v -0.001125 -0.005792 0.004708
v -0.000920 -0.006000 0.004955
v -0.001000 -0.005750 -0.004125
v -0.001125 -0.005500 0.004250
v -0.001375 -0.005500 0.004500
v -0.001187 -0.005250 -0.004125
v -0.001125 -0.005075 0.004175
v -0.001031 -0.004812 0.005031
v -0.001100 -0.004543 0.004575
v -0.001125 -0.004500 0.005750
v -0.001000 -0.004250 -0.004625
v -0.001123 -0.004326 0.005720
v -0.001404 -0.004154 -0.004250
v -0.000950 -0.004200 -0.004125
v -0.001105 -0.004283 0.005028
v -0.000625 -0.003750 -0.004625
v -0.001063 -0.003625 -0.004375
v -0.000750 -0.003375 0.004500
v -0.001125 -0.003500 0.005000
v -0.001125 -0.003125 -0.004750
v -0.000875 -0.003250 0.000250
v -0.001000 -0.003375 0.000417
v -0.001152 -0.003545 0.005451
v -0.000875 -0.003250 0.005500
v -0.000500 -0.003125 -0.002250
v -0.000875 -0.003125 -0.001125
v 0.000250 -0.003125 0.000250
v -0.000833 -0.003125 0.000167
v -0.001125 -0.003000 0.000250
v -0.001250 -0.003125 0.001438
v -0.001182 -0.003125 0.003381
v -0.001375 -0.003250 0.004000
v -0.001250 -0.003125 0.004500
v -0.001031 -0.003062 -0.004438
v -0.001300 -0.002875 -0.002300
v -0.001750 -0.002875 -0.002000
v -0.001187 -0.002875 -0.000687
v -0.001074 -0.003028 0.002373
v -0.001125 -0.003000 0.002750
v -0.001000 -0.002500 -0.003125
v -0.001000 -0.002286 -0.002839
v -0.000720 -0.002218 -0.004882
v -0.001000 -0.002250 -0.003125
v -0.001000 -0.002000 -0.004125
v -0.001063 -0.001625 -0.003000
v -0.001128 -0.001512 -0.004135
v -0.000963 -0.001054 -0.004140
v -0.001000 -0.000875 -0.003500
v -0.000807 -0.040029 -0.003803
v -0.000875 -0.039500 0.004000
v -0.000393 -0.039266 0.004508
v -0.000859 -0.039838 0.004431
v -0.000885 -0.039101 0.004298
v -0.000867 -0.038858 0.004488
v -0.000312 -0.038750 0.004562
v -0.000835 -0.038930 0.004238
v -0.000750 -0.038500 -0.003625
v -0.000750 -0.038250 -0.003875
v -0.000813 -0.038500 0.004062
v -0.000781 -0.037875 0.004094
v -0.001000 -0.037750 0.004375
v -0.000188 -0.037625 -0.004125
v -0.000813 -0.037500 0.004562
v -0.001163 -0.036892 -0.004198
v -0.000750 -0.037000 -0.004375
v -0.000625 -0.037000 0.004250
v -0.000750 -0.037125 0.004625
v -0.001000 -0.036750 0.004375
v -0.000750 -0.036625 -0.004000
v -0.000703 -0.036438 0.004172
v -0.000750 -0.036000 -0.004625
v -0.000813 -0.036000 0.004062
v -0.000500 -0.036000 -0.004125
v -0.000375 -0.035750 0.004500
v -0.001000 -0.035583 0.004375
v -0.000500 -0.035750 -0.004375
v -0.000762 -0.035363 0.004250
v -0.000750 -0.035056 -0.004819
v -0.000804 -0.034779 0.004792
v -0.000875 -0.034500 -0.004500
v -0.000813 -0.034250 0.004812
v -0.000750 -0.034250 0.004375
v -0.001000 -0.034000 -0.004625
v -0.001031 -0.033750 0.004688
v -0.000750 -0.033750 0.004375
v -0.000900 -0.033500 -0.004975
v -0.000653 -0.033399 0.004982
v -0.000250 -0.033750 -0.004625
v -0.001000 -0.033250 0.004625
v -0.000750 -0.033250 -0.005125
v -0.000578 -0.032922 0.004625
v -0.000438 -0.032500 -0.005125
v -0.000625 -0.032250 0.004625
v 0.000250 -0.032500 -0.005125
v -0.000875 -0.031906 -0.004875
v -0.000750 -0.031500 -0.004875
v -0.000813 -0.031500 0.004562
v -0.000902 -0.031286 -0.005187
v -0.000375 -0.031125 -0.005375
v -0.000750 -0.030750 -0.004875
v -0.000687 -0.030875 0.005125
v -0.001000 -0.030500 -0.005375
v -0.000813 -0.030500 0.004562
v -0.000750 -0.030500 -0.005125
v -0.000687 -0.030000 0.004688
v -0.000950 -0.029750 -0.004925
v -0.000750 -0.029625 0.004625
v -0.000906 -0.029625 0.004969
v -0.000438 -0.029250 -0.005375
v -0.000455 -0.028759 -0.005381
v -0.001250 -0.028000 -0.005125
v -0.000813 -0.028750 0.004562
v -0.000687 -0.028500 0.004688
v -0.001031 -0.028375 0.004844
v -0.000750 -0.028250 -0.005375
v -0.000250 -0.028250 0.005125
v -0.000353 -0.028443 -0.005142
v -0.001156 -0.028000 0.004719
v -0.000750 -0.027909 -0.005625
v -0.000844 -0.027500 0.004531
v -0.000750 -0.027500 0.005125
v -0.000750 -0.027500 -0.005125
v -0.000500 -0.027500 -0.005375
v -0.000438 -0.027000 -0.005625
v -0.000591 -0.027110 0.004790
v -0.000655 -0.026676 0.004680
v -0.000688 -0.026759 0.004824
v -0.000750 -0.026875 0.005000
v -0.001250 -0.026000 -0.005375
v -0.000750 -0.025750 -0.005875
v -0.000750 -0.025750 -0.005375
v -0.000536 -0.025786 0.004625
v 0.000250 -0.025500 -0.005875
v -0.000750 -0.025500 0.004375
v -0.000750 -0.025250 0.004375
v -0.000813 -0.025250 0.004812
v -0.000719 -0.025187 -0.005875
v -0.001000 -0.025000 -0.005625
v -0.000813 -0.025000 0.004312
v -0.000594 -0.024750 0.004531
v -0.000906 -0.024500 0.004719
v -0.000750 -0.024000 -0.005875
v -0.000281 -0.023937 -0.006125
v -0.001250 -0.023250 -0.005875
v -0.000875 -0.023875 0.004250
v -0.000750 -0.024000 0.004875
v -0.000750 -0.023500 0.004875
v -0.000625 -0.023250 0.004500
v -0.000813 -0.022813 -0.006375
v -0.000625 -0.023038 -0.006156
v -0.000713 -0.022905 -0.006134
v -0.000850 -0.022750 -0.006025
v -0.000750 -0.022000 -0.006125
v -0.000887 -0.022250 0.004482
v -0.000750 -0.022000 -0.006625
v -0.000847 -0.021960 0.004373
v -0.000750 -0.021750 -0.006375
v -0.000625 -0.021250 -0.006625
v -0.001144 -0.021050 0.004281
v -0.000687 -0.020750 0.004188
v -0.001250 -0.020750 0.004125
v -0.000750 -0.020375 0.004625
v -0.000438 -0.020000 -0.006875
v -0.001000 -0.020000 0.003875
v -0.001000 -0.020000 0.004375
v -0.000906 -0.019531 -0.006875
v -0.001031 -0.019000 -0.006594
v -0.000813 -0.019500 0.004562
v -0.001000 -0.019500 0.003875
v -0.000594 -0.019125 0.004281
v -0.000594 -0.018625 0.004281
v -0.000813 -0.018250 0.004062
v -0.000562 -0.018125 -0.006875
v -0.000500 -0.017500 -0.006875
v -0.001187 -0.017750 0.003688
v -0.000907 -0.017225 -0.006125
v -0.000875 -0.017000 0.004000
v -0.000989 -0.016616 0.004203
v -0.000852 -0.016576 0.004430
v -0.000813 -0.016438 -0.006250
v -0.000800 -0.016500 -0.005875
v -0.000642 -0.015997 0.004479
v -0.000822 -0.015756 0.004613
v -0.000750 -0.015625 -0.006000
v -0.000500 -0.015250 -0.005625
v -0.000875 -0.015500 0.004250
v -0.000692 -0.015286 0.004455
v -0.001000 -0.015250 -0.005625
v -0.000813 -0.015437 -0.005500
v -0.000625 -0.015125 -0.005375
v -0.001250 -0.015182 -0.005307
v -0.000625 -0.014625 -0.005375
v -0.000781 -0.014813 0.004344
v -0.000750 -0.014500 -0.005125
v -0.000594 -0.014500 0.004531
v -0.000750 -0.014250 -0.005125
v -0.000594 -0.014250 0.004531
v -0.001000 -0.014098 -0.004973
v -0.000750 -0.013875 -0.005000
v -0.000750 -0.013875 0.004375
v -0.000750 -0.013500 -0.005375
v -0.000875 -0.013500 -0.004875
v -0.000875 -0.013375 -0.005125
v -0.001250 -0.013250 -0.004875
v -0.000750 -0.013375 0.004375
v -0.000500 -0.013000 -0.005125
v -0.000659 -0.012500 -0.004716
v -0.000625 -0.012500 -0.005125
v -0.000906 -0.012500 0.004719
v -0.000813 -0.012187 -0.005000
v -0.000813 -0.012250 0.004312
v -0.000750 -0.012000 -0.004625
v -0.000594 -0.012000 0.004531
v -0.000813 -0.012000 0.004812
v -0.001187 -0.011688 -0.004625
v -0.000687 -0.011500 0.004438
v -0.001000 -0.011500 0.004625
v -0.000875 -0.011125 0.004250
v -0.000438 -0.011000 -0.004875
v -0.000827 -0.010450 -0.004825
v -0.000827 -0.010720 -0.004590
v -0.000813 -0.010750 0.004312
v -0.000750 -0.010500 -0.004375
v -0.001000 -0.010500 0.004625
v -0.000828 -0.010375 0.004297
v -0.001000 -0.009000 -0.004375
v -0.000687 -0.009000 0.004438
v -0.000750 -0.008750 -0.004125
v -0.000469 -0.008687 -0.004562
v -0.000687 -0.008500 0.004438
v -0.000500 -0.008500 -0.004375
v -0.000687 -0.008000 0.004438
v -0.000250 -0.007900 -0.004025
v -0.000750 -0.007250 -0.004375
v -0.000750 -0.007000 -0.004125
v -0.001000 -0.007000 -0.003875
v -0.000500 -0.006893 0.004625
v -0.000750 -0.006929 0.004946
v -0.000750 -0.006500 -0.004125
v -0.000898 -0.006688 0.004788
v -0.001000 -0.006250 -0.003875
v -0.000875 -0.006000 0.005125
v -0.000670 -0.006246 0.005453
v -0.000875 -0.006250 0.005750
v -0.000625 -0.006250 0.006000
v -0.000875 -0.006000 0.004500
v -0.000625 -0.006000 0.005750
v -0.000750 -0.005750 -0.003875
v -0.001042 -0.005750 0.004333
v -0.000875 -0.005500 0.005750
v -0.000750 -0.005250 -0.004125
v -0.000875 -0.005375 0.005000
v -0.000813 -0.005656 0.005500
v -0.001375 -0.005000 -0.004125
v -0.000750 -0.005000 0.004625
v -0.000875 -0.005000 0.005000
v -0.000625 -0.004938 -0.004375
v -0.000677 -0.004875 0.004651
v -0.000875 -0.004750 0.005250
v -0.000875 -0.004750 0.005500
v -0.000869 -0.005090 0.005823
v -0.000875 -0.004750 0.006250
v -0.000875 -0.004750 0.007000
v -0.000750 -0.004625 0.004750
v -0.000421 -0.004705 0.004998
v -0.000926 -0.004606 0.006971
v -0.000750 -0.004375 0.005000
v -0.000863 -0.004281 0.005426
v -0.000875 -0.004500 0.006000
v -0.000750 -0.004194 -0.004431
v -0.000809 -0.004061 0.006634
v -0.000750 -0.004125 0.007000
v -0.000750 -0.003750 -0.004375
v -0.000875 -0.004000 0.005500
v -0.000875 -0.003750 0.006500
v -0.000808 -0.003605 0.005063
v -0.000875 -0.003625 0.005750
v -0.000750 -0.003250 -0.004625
v -0.000471 -0.003346 0.001076
v -0.000687 -0.003375 0.001438
v -0.000742 -0.003123 0.002781
v -0.000923 -0.003301 0.002819
v -0.000625 -0.003250 0.005000
v -0.000750 -0.003125 0.005250
v -0.000860 -0.002900 -0.002763
v -0.000500 -0.003125 -0.001250
v -0.000750 -0.003125 0.000500
v -0.000750 -0.003125 0.001000
v -0.000646 -0.003021 0.001500
v -0.000652 -0.003223 0.003887
v -0.001068 -0.003097 0.003905
v -0.000750 -0.003125 0.004750
v -0.000890 -0.003022 0.004991
v -0.000590 -0.002921 -0.004728
v -0.000750 -0.002875 -0.002250
v -0.000875 -0.002813 -0.001781
v -0.000750 -0.002875 -0.001250
v -0.000937 -0.002875 -0.000937
v -0.001000 -0.002875 0.003250
v -0.000750 -0.002500 -0.005125
v -0.000750 -0.002625 -0.002500
v -0.000562 -0.002250 -0.003125
v -0.000750 -0.002250 -0.002625
v -0.001000 -0.002000 -0.005125
v -0.000724 -0.001872 -0.004245
v -0.000750 -0.002000 -0.002875
v -0.000793 -0.001770 -0.005030
v -0.000750 -0.001917 -0.003208
v -0.000750 -0.001547 -0.004414
v -0.000746 -0.001417 -0.003875
v -0.000998 -0.001400 -0.003709
v -0.000968 -0.001681 -0.003412
v -0.000750 -0.001500 -0.003125
v -0.001000 -0.001250 -0.003125
v -0.000750 -0.000750 -0.003625
v -0.000585 -0.040101 -0.003810
v -0.000495 -0.040106 0.004765
v -0.000653 -0.039738 -0.003632
v -0.000548 -0.039740 0.004372
v -0.000801 -0.039696 0.004697
v -0.000562 -0.039250 0.004812
v -0.000844 -0.039187 -0.003625
v -0.000500 -0.039000 0.004375
v -0.000687 -0.038562 -0.004062
v -0.000250 -0.038500 0.004625
v -0.000500 -0.038500 0.004875
v 0.000000 -0.038208 -0.004125
v -0.000750 -0.037875 -0.003875
v -0.000375 -0.037750 -0.004125
v -0.000250 -0.038000 0.004625
v -0.000438 -0.037000 0.004438
v -0.000312 -0.036750 -0.004375
v -0.000571 -0.036679 -0.004125
v -0.000500 -0.036750 0.004875
v -0.000500 -0.036500 0.004875
v -0.000312 -0.036125 -0.004500
v -0.000438 -0.036250 0.004438
v -0.000500 -0.036000 -0.004625
v -0.000404 -0.035429 0.004924
v -0.000750 -0.035500 0.004625
v -0.000708 -0.035056 0.004667
v -0.000700 -0.034800 0.004375
v -0.000500 -0.034750 -0.004625
v -0.000273 -0.034977 0.004625
v -0.000188 -0.034375 -0.004875
v -0.000456 -0.033996 -0.004908
v -0.000464 -0.033536 0.004625
v -0.000650 -0.033600 0.004875
v -0.000500 -0.033250 -0.004875
v -0.000250 -0.033250 0.004875
v -0.000625 -0.033000 0.004500
v -0.000875 -0.032875 0.004875
v -0.000311 -0.032523 0.004792
v -0.000883 -0.032331 0.004911
v -0.000562 -0.032250 0.005125
v -0.000734 -0.031766 0.004625
v -0.000857 -0.031893 0.004875
v -0.000565 -0.031934 -0.005181
v -0.000265 -0.031985 0.004875
v -0.000500 -0.031500 -0.005375
v -0.000646 -0.031396 -0.004906
v -0.000500 -0.031500 0.004875
v -0.000500 -0.031250 0.005125
v -0.000687 -0.030750 -0.004938
v -0.000464 -0.030536 0.004875
v -0.000500 -0.030500 0.004875
v -0.000637 -0.030169 0.005186
v -0.000375 -0.030000 0.005000
v -0.000500 -0.030125 0.005250
v -0.000125 -0.029750 -0.005375
v -0.000447 -0.029555 0.005401
v -0.000250 -0.029250 0.005125
v -0.000500 -0.029000 0.005375
v -0.000813 -0.028750 0.005063
v -0.000469 -0.028719 -0.005125
v -0.000344 -0.028562 0.005031
v -0.000432 -0.028500 -0.005443
v -0.000500 -0.028250 0.005375
v -0.000000 -0.028000 -0.005625
v -0.000500 -0.027917 -0.005375
v -0.000446 -0.028101 0.005405
v -0.000750 -0.027750 -0.005125
v -0.000375 -0.027500 -0.005625
v -0.000500 -0.027500 0.004875
v -0.000690 -0.027605 0.005125
v -0.000500 -0.026500 -0.005875
v -0.000680 -0.026479 0.004939
v -0.000833 -0.026042 -0.005708
v -0.000750 -0.026125 -0.005375
v 0.000050 -0.025950 -0.005875
v -0.000500 -0.025875 0.005125
v -0.000250 -0.026000 -0.005625
v -0.000500 -0.025750 0.004625
v -0.000750 -0.025750 0.004875
v -0.000750 -0.025500 -0.005625
v -0.001000 -0.025500 0.004625
v -0.001000 -0.025000 0.004625
v -0.001000 -0.024750 0.004625
v -0.000333 -0.024633 -0.006125
v -0.000341 -0.024374 -0.005895
v -0.000250 -0.024250 0.004875
v -0.000500 -0.024250 0.005125
v -0.000375 -0.024000 0.004750
v -0.000352 -0.024017 0.005014
v -0.000483 -0.023825 0.004873
v -0.000405 -0.023676 0.004680
v -0.000500 -0.023500 0.004875
v -0.000500 -0.023250 -0.006375
v -0.000743 -0.023090 0.004673
v -0.000615 -0.022922 0.004734
v -0.000063 -0.023000 -0.006375
v -0.000544 -0.022892 0.004499
v -0.000536 -0.022683 0.004363
v -0.000250 -0.022192 -0.006433
v -0.000250 -0.021750 0.005125
v -0.000687 -0.021750 0.004688
v -0.000625 -0.021500 -0.006375
v -0.000687 -0.021750 0.004188
v -0.001000 -0.021500 0.004375
v -0.000375 -0.021000 -0.006625
v -0.000500 -0.021000 -0.006375
v -0.000750 -0.021000 0.004125
v -0.000250 -0.021250 0.005125
v -0.000500 -0.020750 -0.006875
v -0.000857 -0.020657 -0.006429
v -0.000500 -0.020500 -0.006625
v -0.000000 -0.020700 -0.006425
v -0.000500 -0.020500 0.004875
v -0.000750 -0.020250 -0.006625
v -0.000594 -0.020375 0.004281
v -0.000500 -0.020250 0.004875
v -0.000125 -0.020000 0.004625
v -0.001012 -0.019512 0.003875
v -0.000500 -0.019750 0.004875
v -0.000750 -0.019250 -0.006875
v -0.000500 -0.019000 -0.007125
v -0.000687 -0.018938 -0.006625
v -0.000687 -0.019000 0.004688
v -0.000500 -0.018750 0.004875
v -0.000500 -0.018250 0.004875
v -0.000516 -0.018063 0.004359
v -0.000401 -0.017540 0.004891
v -0.000944 -0.017500 -0.006375
v -0.000531 -0.017500 0.004344
v -0.000687 -0.017500 0.004688
v -0.000500 -0.017375 -0.006750
v -0.000429 -0.017250 -0.006375
v -0.000500 -0.017000 0.004875
v -0.000323 -0.017219 -0.006625
v -0.000750 -0.017000 0.004125
v -0.000667 -0.016750 -0.006375
v -0.000500 -0.016750 0.004375
v -0.000438 -0.016500 0.004938
v -0.000866 -0.016437 0.004490
v -0.000406 -0.016472 -0.006431
v -0.000500 -0.016250 0.004375
v -0.000644 -0.016115 0.004637
v -0.000566 -0.015999 0.004686
v -0.000500 -0.016000 -0.005875
v -0.000625 -0.015500 -0.006000
v -0.000705 -0.015750 -0.006125
v -0.000364 -0.015494 0.004580
v -0.000450 -0.015306 -0.005931
v -0.000621 -0.015029 0.004975
v -0.000500 -0.014750 -0.005625
v -0.000625 -0.014500 -0.005250
v -0.000500 -0.014500 0.005125
v -0.000750 -0.014375 -0.005500
v -0.000500 -0.014375 -0.005250
v -0.000625 -0.014125 -0.005125
v -0.000250 -0.013750 -0.005375
v -0.000687 -0.013875 0.004938
v -0.000500 -0.013750 -0.005125
v -0.000438 -0.013875 0.004688
v -0.000500 -0.013500 -0.004875
v -0.000250 -0.013071 -0.005375
v -0.000562 -0.013500 0.004562
v -0.000687 -0.013000 0.004938
v -0.000594 -0.012500 0.004531
v -0.000562 -0.012500 0.005063
v -0.000500 -0.012368 -0.004875
v -0.001000 -0.012250 0.004625
v -0.000500 -0.012000 -0.005125
v -0.000395 -0.012036 -0.004766
v -0.000430 -0.011834 -0.005090
v -0.000562 -0.011750 0.005063
v -0.000500 -0.011500 -0.004875
v -0.000656 -0.011375 -0.004625
v -0.000531 -0.011125 -0.004625
v -0.000594 -0.011000 0.004531
v -0.000562 -0.011000 0.005063
v -0.000333 -0.010250 -0.004875
v -0.000500 -0.010250 -0.004375
v -0.000125 -0.010500 0.005000
v -0.000550 -0.010050 -0.004625
v -0.000750 -0.009875 0.004875
v -0.000594 -0.009750 0.004531
v -0.000562 -0.009500 0.004562
v -0.000312 -0.009000 -0.004625
v -0.000500 -0.009125 0.008250
v -0.000625 -0.008899 0.008280
v -0.000625 -0.008750 0.005000
v -0.000500 -0.008875 0.006500
v -0.000622 -0.008776 0.006647
v -0.000625 -0.008750 0.007125
v -0.000250 -0.009125 0.007250
v -0.000813 -0.008313 -0.004125
v -0.000625 -0.008250 0.005500
v -0.000518 -0.008357 0.006000
v -0.000627 -0.008740 0.008734
v -0.000625 -0.008500 0.005000
v -0.000625 -0.008750 0.007625
v -0.000625 -0.008250 0.005000
v -0.000575 -0.008073 0.009007
v -0.000500 -0.007750 -0.004375
v -0.000625 -0.008094 0.007281
v -0.000625 -0.007812 0.007875
v -0.000625 -0.007719 0.008281
v -0.000625 -0.008187 0.008313
v -0.000562 -0.007562 0.009062
v -0.000500 -0.007500 -0.003875
v -0.000797 -0.007438 0.004328
v -0.000625 -0.007625 0.005000
v -0.000625 -0.007688 0.005625
v -0.000625 -0.007688 0.007188
v -0.000250 -0.007750 -0.004375
v -0.000375 -0.007250 0.004750
v -0.000625 -0.008000 0.005000
v -0.000625 -0.007312 0.006125
v -0.000625 -0.007281 0.007906
v -0.000625 -0.007625 0.006719
v -0.000625 -0.007438 0.007125
v -0.000586 -0.007000 0.008789
v -0.001063 -0.006625 -0.003938
v -0.000625 -0.006750 0.004750
v -0.000625 -0.006875 0.006875
v -0.000625 -0.007500 0.006500
v -0.000625 -0.006750 0.008750
v -0.000625 -0.006187 0.004750
v -0.000625 -0.006750 0.005250
v -0.000625 -0.006500 0.005750
v -0.000625 -0.006688 0.008062
v -0.000525 -0.006250 0.004850
v -0.000625 -0.006375 0.006125
v -0.000625 -0.006438 0.006562
v -0.000625 -0.007094 0.006531
v -0.000625 -0.006438 0.007812
v -0.000625 -0.006562 0.007938
v -0.000450 -0.006000 0.008925
v -0.000750 -0.006250 -0.004125
v -0.000625 -0.006000 0.005500
v -0.000625 -0.006000 0.006500
v -0.000625 -0.006625 0.006187
v -0.000625 -0.006063 0.007625
v -0.000625 -0.006000 0.008750
v -0.000500 -0.005750 -0.004375
v -0.000542 -0.005750 0.005083
v -0.000625 -0.005875 0.007375
v -0.000625 -0.005750 0.008500
v -0.000757 -0.005563 -0.004069
v -0.000605 -0.005230 0.004856
v -0.000464 -0.005250 0.005661
v -0.000625 -0.005500 0.008500
v -0.000625 -0.005000 0.005250
v -0.000625 -0.005437 0.007062
v -0.000625 -0.006094 0.007031
v -0.000625 -0.005500 0.008125
v -0.000125 -0.005125 -0.004375
v -0.000613 -0.005071 0.006150
v -0.000625 -0.005000 0.006750
v -0.000629 -0.004832 0.007205
v -0.000625 -0.005313 0.006938
v -0.000546 -0.004887 0.008330
v -0.000650 -0.004599 0.005403
v -0.000625 -0.005000 0.005500
v -0.000625 -0.005219 0.007406
v -0.000625 -0.004750 0.008250
v -0.000969 -0.004500 -0.004125
v -0.000625 -0.004500 0.006000
v -0.000625 -0.004500 0.006250
v -0.000448 -0.004453 0.006841
v -0.000625 -0.004406 0.007719
v -0.000250 -0.004200 -0.004425
v -0.000638 -0.004141 0.007205
v -0.000625 -0.004500 0.008250
v -0.000375 -0.004000 0.008033
v -0.000500 -0.004000 0.007875
v -0.000500 -0.004125 0.008000
v -0.000625 -0.003500 0.005341
v -0.000625 -0.003750 0.005750
v -0.000625 -0.004000 0.006250
v -0.000594 -0.003876 0.007061
v -0.000375 -0.003750 0.007250
v -0.000589 -0.003964 0.007750
v -0.000625 -0.003500 -0.004375
v -0.000375 -0.003500 0.006000
v -0.000375 -0.003500 0.006031
v -0.000625 -0.003250 0.006400
v -0.000500 -0.003500 0.006875
v -0.000188 -0.003312 0.002375
v -0.000500 -0.003375 0.002375
v -0.000523 -0.003125 0.003227
v -0.000656 -0.003281 0.004125
v -0.000625 -0.003250 0.004500
v -0.000725 -0.003358 0.004758
v -0.000438 -0.003312 0.005250
v -0.000625 -0.003250 0.006250
v -0.000375 -0.003250 0.006750
v -0.000344 -0.003125 0.000281
v -0.000435 -0.003125 0.001887
v -0.000750 -0.003125 0.002250
v -0.000500 -0.003125 0.003500
v -0.000531 -0.003094 0.004375
v -0.000875 -0.003250 0.006000
v -0.000409 -0.002875 0.006091
v -0.000271 -0.002979 0.006610
v -0.000423 -0.002832 -0.004772
v -0.000500 -0.002875 -0.004500
v -0.000606 -0.002839 -0.002804
v -0.000656 -0.002875 -0.000281
v -0.001000 -0.002875 0.000250
v -0.000667 -0.002875 0.000833
v -0.000750 -0.002875 0.002500
v -0.000500 -0.002875 0.003000
v -0.000750 -0.002875 0.003639
v -0.000500 -0.002875 0.004375
v -0.000653 -0.002979 0.004814
v -0.000729 -0.002646 -0.004958
v -0.000500 -0.002500 -0.002875
v -0.000571 -0.002565 -0.002434
v -0.000500 -0.002625 -0.002000
v -0.000500 -0.002625 -0.001250
v -0.000540 -0.002225 -0.004657
v -0.000625 -0.002250 -0.002625
v -0.000471 -0.001979 -0.004792
v -0.000661 -0.002120 -0.004662
v -0.000333 -0.001750 -0.003125
v -0.000592 -0.001530 -0.004834
v -0.000394 -0.001122 -0.003909
v -0.000625 -0.001500 -0.004000
v -0.000687 -0.001250 -0.003625
v -0.000374 -0.001313 -0.003045
v -0.000737 -0.000690 -0.003835
v -0.000449 -0.001117 -0.003225
v -0.000500 -0.001000 -0.004375
v -0.000542 -0.000875 -0.003500
v -0.000273 -0.040078 -0.003842
v -0.000282 -0.040143 -0.003519
v -0.000250 -0.040000 0.004875
v -0.000317 -0.039500 -0.003442
v -0.000250 -0.039250 -0.003625
v -0.000125 -0.039000 -0.003875
v -0.000250 -0.039125 0.004625
v -0.000500 -0.038875 0.004875
v -0.000250 -0.038500 -0.004125
v -0.000500 -0.038453 -0.003672
v -0.000250 -0.038250 0.004625
v 0.000000 -0.038000 -0.003625
v -0.000500 -0.038000 0.004875
v 0.000121 -0.037902 0.004680
v -0.000188 -0.037437 0.004625
v -0.000250 -0.037250 -0.003875
v -0.000406 -0.037188 0.004875
v -0.000125 -0.036750 0.004625
v -0.000562 -0.036375 -0.004125
v -0.000188 -0.036375 0.004625
v 0.000028 -0.035667 0.004736
v -0.000000 -0.035250 -0.004375
v -0.000240 -0.035478 0.004611
v -0.000125 -0.035250 0.004750
v -0.000250 -0.035375 0.005000
v -0.000393 -0.035000 0.004982
v 0.000000 -0.034750 -0.004875
v -0.000250 -0.034500 -0.004625
v -0.000438 -0.034500 0.004938
v -0.000500 -0.034000 0.004875
v -0.000250 -0.033750 0.004625
v -0.000250 -0.033750 -0.005125
v -0.000250 -0.033500 -0.004875
v -0.000125 -0.033625 0.004875
v 0.000063 -0.033500 -0.005063
v -0.000402 -0.033230 -0.004895
v -0.000038 -0.032713 0.004875
v -0.000250 -0.033125 0.005187
v 0.000000 -0.033000 -0.005125
v -0.000250 -0.032750 -0.004875
v -0.000558 -0.032536 0.005031
v -0.000179 -0.032571 0.005375
v 0.000000 -0.032500 -0.004875
v -0.000404 -0.031971 0.005250
v -0.000250 -0.031750 -0.005375
v -0.000375 -0.031750 0.005250
v -0.000625 -0.031562 0.005125
v -0.000144 -0.031336 -0.004979
v 0.000050 -0.030950 -0.005375
v -0.000250 -0.031000 0.004875
v -0.000078 -0.030562 0.005547
v -0.000312 -0.030625 -0.005375
v -0.000305 -0.030971 -0.005136
v -0.000368 -0.030606 0.005088
v -0.000362 -0.030342 0.005225
v -0.000199 -0.030217 0.005116
v -0.000521 -0.030021 0.005333
v -0.000250 -0.029750 0.005125
v -0.000054 -0.029446 0.005125
v -0.000531 -0.029281 -0.005125
v -0.000134 -0.029122 0.005287
v -0.000250 -0.028750 -0.005625
v -0.000074 -0.028654 -0.005647
v 0.000063 -0.028000 -0.005563
v -0.000250 -0.028250 -0.005375
v -0.000250 -0.028000 0.005125
v -0.000250 -0.027750 -0.005375
v -0.000392 -0.027673 0.004938
v -0.000250 -0.027750 0.005375
v -0.000250 -0.027500 0.005375
v -0.000351 -0.027094 0.005206
v -0.000366 -0.027024 0.005580
v -0.000460 -0.027071 0.005101
v -0.000250 -0.026750 -0.005625
v -0.001000 -0.026750 -0.005375
v -0.000508 -0.026885 0.004979
v -0.000223 -0.026871 0.005159
v -0.000250 -0.026643 -0.005732
v -0.000143 -0.026480 0.005268
v -0.000185 -0.026369 0.004935
v 0.000125 -0.026000 0.005250
v -0.000000 -0.026000 0.005625
v -0.000000 -0.025750 -0.005625
v -0.000375 -0.025500 0.005250
v -0.000125 -0.025250 -0.005875
v 0.000031 -0.025000 0.005156
v -0.000262 -0.024940 -0.005875
v -0.000250 -0.024750 -0.005625
v -0.000125 -0.024500 0.005500
v -0.000500 -0.024312 -0.006125
v -0.000250 -0.024500 -0.005875
v -0.000250 -0.024500 0.004875
v -0.000500 -0.024500 0.005125
v -0.000344 -0.023813 -0.005875
v -0.000330 -0.023638 0.004937
v -0.000300 -0.023350 -0.006125
v -0.000250 -0.023000 0.004625
v 0.000125 -0.022625 -0.005875
v 0.000250 -0.022500 -0.006375
v -0.000500 -0.022125 0.004375
v -0.000250 -0.021500 -0.006375
v -0.000375 -0.021750 0.004500
v -0.000250 -0.021500 0.005125
v -0.000266 -0.021187 0.004609
v -0.000125 -0.020750 -0.006875
v -0.000250 -0.020750 0.004625
v -0.000350 -0.020700 0.004975
v -0.000125 -0.020250 -0.006875
v -0.000233 -0.020733 0.004625
v -0.000281 -0.020125 -0.006625
v -0.000452 -0.019518 -0.006975
v -0.000031 -0.019562 0.004688
v -0.000250 -0.019250 -0.006625
v -0.000188 -0.019125 0.004625
v -0.000250 -0.018750 -0.007125
v -0.000156 -0.018750 -0.006719
v -0.000470 -0.018500 -0.006905
v -0.000438 -0.018437 -0.006625
v -0.000188 -0.018625 0.004625
v 0.000250 -0.017750 -0.006875
v -0.000712 -0.018062 -0.006634
v -0.000031 -0.018063 0.004688
v -0.000250 -0.017750 -0.006625
v -0.000250 -0.017625 -0.006500
v -0.000922 -0.017814 -0.006384
v -0.000157 -0.017277 0.004677
v -0.000134 -0.017122 0.004787
v -0.000250 -0.017125 0.005000
v -0.000063 -0.016438 -0.006125
v 0.000000 -0.016750 0.004875
v -0.000143 -0.016250 0.004732
v -0.000517 -0.015983 0.004875
v -0.000250 -0.015750 0.004625
v -0.000375 -0.015432 -0.006057
v -0.000735 -0.015311 0.004828
v -0.000450 -0.015050 0.004625
v -0.000375 -0.015250 0.005000
v -0.000250 -0.015250 0.005125
v -0.000151 -0.014945 0.004939
v -0.000250 -0.014750 -0.005875
v -0.000250 -0.014875 -0.005500
v 0.000063 -0.014187 -0.005625
v -0.000375 -0.014250 -0.005250
v -0.000333 -0.014250 0.005292
v -0.000375 -0.014000 -0.005500
v -0.000250 -0.013875 -0.005500
v -0.000500 -0.013750 0.005125
v -0.000250 -0.013393 -0.005125
v -0.000687 -0.013250 0.004938
v -0.000368 -0.012768 -0.005257
v -0.000500 -0.013250 -0.004875
v -0.000375 -0.013000 0.004750
v -0.000375 -0.012750 0.004750
v -0.000641 -0.012750 0.004984
v -0.000132 -0.012750 -0.004993
v -0.000375 -0.012500 0.005250
v -0.000250 -0.012250 -0.005125
v -0.000375 -0.012250 0.004750
v 0.000126 -0.011922 -0.005190
v -0.000469 -0.012000 0.005156
v -0.000193 -0.011413 -0.004643
v -0.000375 -0.011750 0.005250
v -0.000375 -0.011500 0.005500
v -0.000125 -0.011125 -0.004875
v -0.000125 -0.011000 0.005000
v -0.000339 -0.010881 0.005404
v -0.000250 -0.010750 -0.004875
v -0.000000 -0.011250 -0.004625
v -0.000125 -0.010625 0.005125
v -0.000375 -0.010875 0.005375
v -0.000312 -0.010562 0.005437
v -0.000250 -0.010250 -0.004375
v -0.000469 -0.010437 0.005219
v -0.000050 -0.009800 -0.004625
v -0.000125 -0.009875 0.005125
v 0.000010 -0.009591 0.005294
v -0.000375 -0.009750 0.005250
v -0.000375 -0.010250 0.005250
v -0.000188 -0.009437 -0.004625
v -0.000500 -0.009000 -0.004375
v -0.000375 -0.009250 0.005250
v -0.000375 -0.009688 0.005313
v -0.000375 -0.008750 0.006250
v -0.000332 -0.009341 0.008370
v -0.000153 -0.008903 0.006391
v -0.000250 -0.009125 0.007000
v -0.000375 -0.009000 0.008000
v -0.000375 -0.009000 0.008500
v -0.000250 -0.009125 0.008750
v -0.000389 -0.008966 0.008863
v -0.000296 -0.009087 0.009553
v -0.000375 -0.008750 0.005250
v -0.000375 -0.008875 0.005625
v -0.000375 -0.008875 0.005875
v -0.000290 -0.008770 0.009851
v -0.000375 -0.008500 0.005500
v -0.000578 -0.008297 0.006000
v -0.000352 -0.008557 0.006784
v -0.000032 -0.008643 0.006701
v -0.000366 -0.008522 0.007263
v -0.000250 -0.008625 0.007750
v -0.000375 -0.008500 0.007875
v -0.000375 -0.008500 0.008500
v -0.000250 -0.008500 0.008625
v -0.000297 -0.008442 0.009887
v -0.000125 -0.008500 -0.004375
v -0.000375 -0.008125 0.004750
v -0.000312 -0.007812 0.005500
v -0.000375 -0.008250 0.006250
v -0.000375 -0.008250 0.006393
v -0.000375 -0.007969 0.006938
v -0.000375 -0.007938 0.007719
v -0.000375 -0.007938 0.008125
v -0.000375 -0.008000 0.008750
v -0.000435 -0.008364 0.008856
v -0.000576 -0.008162 0.008862
v -0.000375 -0.008000 0.005821
v -0.000375 -0.007875 0.006625
v -0.000375 -0.007750 0.007375
v -0.000375 -0.007750 0.008750
v -0.000310 -0.008184 0.008904
v -0.000375 -0.008014 0.009528
v -0.000375 -0.007625 0.004750
v -0.000375 -0.007562 0.005437
v -0.000375 -0.007750 0.005500
v -0.000375 -0.007562 0.006438
v -0.000375 -0.008000 0.009250
v -0.000375 -0.007750 0.009750
v -0.000250 -0.007500 -0.004125
v -0.000375 -0.007188 0.007531
v -0.000375 -0.006750 0.008500
v -0.000375 -0.007250 0.008750
v 0.000000 -0.007500 -0.004125
v -0.000375 -0.006812 0.005625
v -0.000375 -0.007062 0.005687
v -0.000375 -0.007188 0.006438
v -0.000375 -0.006656 0.007562
v -0.000375 -0.007000 0.008500
v -0.000375 -0.007250 0.008500
v -0.000375 -0.007000 0.005000
v -0.000375 -0.006719 0.006438
v -0.000375 -0.006688 0.007031
v -0.000375 -0.006250 0.008500
v -0.000250 -0.007000 0.008625
v -0.000375 -0.007375 0.009375
v -0.000375 -0.007000 0.009750
v 0.000000 -0.006875 -0.004125
v -0.000375 -0.006469 0.005406
v -0.000375 -0.006625 0.007875
v -0.000500 -0.007050 0.008925
v -0.000375 -0.006438 0.006187
v -0.000375 -0.006219 0.007656
v -0.000375 -0.006500 0.009750
v -0.000375 -0.006063 0.006187
v -0.000375 -0.005875 0.006938
v -0.000375 -0.005969 0.007406
v -0.000375 -0.006250 0.008250
v -0.000125 -0.006000 0.008750
v -0.000500 -0.006625 0.008750
v -0.000375 -0.006150 0.005100
v -0.000375 -0.005875 0.007125
v -0.000375 -0.006000 0.008000
v -0.000375 -0.005833 0.008333
v -0.000371 -0.006136 0.009545
v -0.000375 -0.005375 0.006125
v -0.000375 -0.005375 0.006438
v -0.000375 -0.005625 0.006875
v -0.000375 -0.005750 0.007750
v -0.000226 -0.005707 0.009434
v -0.000375 -0.005375 0.006625
v -0.000375 -0.005281 0.007094
v -0.000375 -0.005500 0.007500
v -0.000414 -0.005087 0.008435
v -0.000375 -0.005750 0.008250
v -0.000375 -0.005500 0.009250
v -0.000139 -0.005535 -0.004125
v -0.000375 -0.004750 0.008000
v -0.000375 -0.005607 0.008750
v -0.000375 -0.005000 -0.004000
v -0.000375 -0.005000 0.005000
v -0.000368 -0.004888 0.005844
v -0.000375 -0.004750 0.006250
v -0.000375 -0.005000 0.007000
v -0.000375 -0.004875 0.007625
v -0.000188 -0.004625 -0.004375
v -0.000411 -0.004593 0.006603
v -0.000375 -0.004250 0.007500
v -0.000375 -0.004500 0.008000
v -0.000338 -0.004920 0.008314
v -0.000250 -0.004750 0.008875
v -0.000250 -0.004500 -0.004125
v -0.000375 -0.004250 0.007250
v -0.000350 -0.004633 0.008623
v -0.000354 -0.003948 0.006761
v -0.000125 -0.004531 0.008250
v -0.000077 -0.004236 0.009062
v -0.000125 -0.003941 0.007552
v -0.000250 -0.003500 -0.004375
v -0.000340 -0.003734 0.006504
v -0.000250 -0.003625 0.006750
v -0.000196 -0.003144 0.007073
v -0.000375 -0.003750 0.007964
v 0.000063 -0.003250 -0.004625
v -0.000250 -0.003375 0.001500
v -0.000399 -0.003392 0.002773
v -0.000250 -0.003125 0.005750
v -0.000250 -0.003375 0.006250
v -0.000375 -0.003500 0.007500
v -0.000250 -0.002875 -0.001750
v 0.000250 -0.003125 0.000500
v -0.000250 -0.003125 0.001000
v -0.000125 -0.003125 0.003375
v -0.000125 -0.003125 0.003844
v -0.000250 -0.003125 0.005250
v -0.000326 -0.002786 -0.004470
v -0.000288 -0.002500 -0.002875
v -0.000250 -0.002875 -0.002250
v -0.000250 -0.002875 -0.001500
v -0.000250 -0.002875 -0.001250
v -0.000292 -0.002875 -0.000542
v -0.000068 -0.002847 0.000288
v -0.000562 -0.002875 0.000188
v -0.000906 -0.002875 0.000031
v -0.000156 -0.002875 0.001281
v -0.000250 -0.002875 0.001750
v -0.000250 -0.002875 0.002000
v -0.000281 -0.002875 0.002563
v -0.000552 -0.002971 0.004206
v -0.000250 -0.002875 0.004750
v -0.000500 -0.002875 0.005625
v -0.000400 -0.002400 -0.004975
v -0.000583 -0.002500 -0.004625
v -0.000250 -0.002500 -0.002375
v -0.000500 -0.002625 -0.001500
v -0.000333 -0.002708 -0.000962
v -0.000250 -0.002250 -0.005125
v 0.000052 -0.002042 -0.004798
v -0.000222 -0.001700 -0.003175
v -0.000202 -0.001615 -0.004274
v -0.000469 -0.001784 -0.004203
v -0.000063 -0.001500 -0.003375
v -0.000250 -0.001500 -0.002875
v -0.000250 -0.001375 -0.004750
v -0.000476 -0.001342 -0.004444
v -0.000396 -0.001111 -0.003743
v -0.000508 -0.000667 -0.004057
v -0.000378 -0.000639 -0.003622
v -0.000125 -0.000813 -0.003187
v -0.000245 -0.000394 -0.004032
v -0.000296 -0.039918 0.004637
v 0.000128 -0.039957 0.004878
v 0.000085 -0.039988 -0.003523
v 0.000094 -0.039563 -0.003719
v 0.000293 -0.039048 -0.003784
v -0.000500 -0.039250 0.004875
v 0.000125 -0.039000 -0.003375
v -0.000200 -0.038950 -0.003625
v -0.000003 -0.038591 -0.003894
v 0.000000 -0.038250 -0.003625
v 0.000275 -0.038750 0.004600
v -0.000417 -0.038224 0.004890
v -0.000250 -0.038000 -0.003875
v -0.000009 -0.038377 0.005045
v 0.000031 -0.037687 0.005063
v 0.000000 -0.037500 -0.003875
v -0.000375 -0.037500 0.004875
v -0.000000 -0.037206 -0.004169
v -0.000470 -0.036967 -0.003875
v 0.000000 -0.037000 -0.004375
v 0.000000 -0.036875 0.005125
v 0.000000 -0.036625 -0.004000
v -0.000125 -0.036500 0.005000
v -0.000375 -0.036125 0.004875
v 0.000000 -0.036000 -0.004625
v -0.000025 -0.035841 -0.004133
v 0.000000 -0.036000 0.004625
v -0.000165 -0.035778 0.004969
v -0.000250 -0.035750 -0.004375
v 0.000004 -0.035460 0.004872
v 0.000000 -0.035000 -0.004625
v -0.000426 -0.035054 -0.004375
v 0.000000 -0.035000 0.004875
v -0.000250 -0.035000 -0.004875
v -0.000250 -0.034893 -0.004482
v -0.000150 -0.034600 0.005125
v -0.000107 -0.034500 0.004768
v -0.000000 -0.034500 0.005375
v 0.000327 -0.034500 -0.004798
v 0.000000 -0.034250 -0.004625
v -0.000063 -0.034250 0.004812
v 0.000063 -0.034125 0.005375
v -0.000063 -0.033750 0.005313
v -0.000020 -0.033462 -0.004683
v -0.000328 -0.033672 0.005125
v 0.000194 -0.033117 0.005425
v 0.000000 -0.032750 -0.004875
v 0.000421 -0.032733 0.005313
v 0.000125 -0.032375 0.005125
v 0.000000 -0.031750 -0.005125
v 0.000143 -0.031893 0.005125
v -0.000250 -0.031500 -0.004875
v 0.000143 -0.031500 -0.005232
v 0.000000 -0.031750 0.005125
v 0.000188 -0.031000 0.005813
v -0.000167 -0.030917 -0.005125
v 0.000000 -0.030750 0.005125
v 0.000000 -0.030375 -0.005125
v 0.000250 -0.030500 -0.005375
v -0.000250 -0.030250 0.005375
v 0.000250 -0.030000 0.005875
v -0.000200 -0.030209 -0.005150
v -0.000250 -0.029750 0.005375
v 0.000333 -0.029917 -0.005375
v -0.000070 -0.029338 0.005387
v -0.000125 -0.029250 0.005250
v -0.000057 -0.029210 0.005402
v -0.000063 -0.029188 0.005625
v 0.000000 -0.028750 0.005375
v -0.000164 -0.028189 0.005631
v -0.000063 -0.028100 -0.005187
v -0.000125 -0.028250 0.005250
v 0.000179 -0.028111 0.005359
v 0.000000 -0.027750 -0.005375
v -0.000153 -0.027881 0.005412
v -0.000046 -0.027667 0.005399
v -0.000063 -0.027750 0.005813
v 0.000125 -0.027482 0.005305
v 0.000000 -0.027625 0.005250
v 0.000000 -0.027250 0.005375
v 0.000125 -0.026750 -0.005625
v 0.000000 -0.026750 -0.005375
v -0.000055 -0.026624 0.005405
v -0.000312 -0.026500 -0.005375
v -0.000063 -0.025937 -0.005500
v 0.000031 -0.025625 0.005656
v -0.000156 -0.025125 -0.005625
v 0.000750 -0.025250 0.005875
v -0.000188 -0.025000 0.005437
v 0.000000 -0.024500 -0.006125
v 0.000250 -0.024250 -0.006125
v -0.000162 -0.024048 0.005311
v 0.000250 -0.023500 -0.005875
v -0.000601 -0.023320 -0.005875
v -0.000188 -0.023500 0.004688
v -0.000517 -0.023017 0.004875
v 0.000000 -0.023125 -0.006250
v 0.000125 -0.023125 0.005500
v -0.000250 -0.022750 -0.006125
v -0.000250 -0.022750 0.005125
v 0.000000 -0.022625 -0.006000
v 0.000000 -0.022250 -0.006125
v -0.000063 -0.022250 0.004812
v -0.000762 -0.022262 0.004625
v 0.000000 -0.022000 -0.006375
v 0.000156 -0.022125 0.005031
v -0.000250 -0.022000 -0.006625
v 0.000125 -0.021625 -0.006625
v 0.000169 -0.021600 0.005103
v 0.000000 -0.021500 0.005125
v 0.000250 -0.021000 -0.006625
v 0.000089 -0.021369 0.005094
v -0.000063 -0.021250 0.005313
v -0.000063 -0.021125 -0.006375
v -0.000000 -0.021000 0.004875
v 0.000083 -0.020800 0.004875
v 0.000000 -0.020250 0.004625
v -0.000266 -0.020063 0.004984
v -0.000250 -0.020000 0.004875
v -0.000312 -0.019750 -0.006625
v 0.000000 -0.019750 0.004625
v -0.000250 -0.019750 0.004875
v 0.000000 -0.019500 -0.007125
v 0.000000 -0.019500 -0.006625
v -0.000438 -0.019375 0.004875
v -0.000000 -0.019250 -0.006875
v 0.000000 -0.019250 0.004625
v -0.000125 -0.019250 0.005000
v 0.000063 -0.019188 -0.007125
v -0.000250 -0.019125 0.004906
v 0.000063 -0.018750 0.005187
v -0.000250 -0.018500 0.004938
v 0.000250 -0.018000 -0.007125
v 0.000059 -0.018462 -0.006684
v 0.000000 -0.018250 0.004625
v 0.000000 -0.018000 -0.006625
v -0.000250 -0.018000 0.004938
v -0.000125 -0.017750 0.004625
v -0.000125 -0.017500 -0.006500
v -0.000025 -0.017500 -0.006875
v -0.000102 -0.017326 0.004930
v 0.000000 -0.017125 -0.006750
v 0.000077 -0.017000 -0.006375
v 0.000000 -0.016750 -0.006625
v -0.000050 -0.016325 -0.006450
v -0.000196 -0.016875 -0.006125
v 0.000268 -0.016417 0.004935
v -0.000250 -0.016083 -0.006208
v 0.000188 -0.015937 -0.006000
v -0.000500 -0.016500 -0.005875
v 0.000000 -0.016125 0.005250
v -0.000250 -0.015750 -0.005875
v -0.000500 -0.015750 -0.005625
v -0.000112 -0.014592 0.005225
v 0.000149 -0.014436 -0.005366
v -0.000188 -0.014625 0.005063
v 0.000250 -0.014250 -0.005875
v -0.000250 -0.014250 -0.005375
v 0.000539 -0.013789 -0.005414
v -0.000107 -0.014342 0.005089
v -0.000250 -0.014000 0.005375
v -0.000000 -0.013750 -0.005625
v -0.000125 -0.013875 -0.005125
v 0.000094 -0.013750 0.005219
v 0.000000 -0.013500 -0.005625
v 0.000000 -0.013500 -0.005125
v -0.000438 -0.013500 0.005187
v 0.000125 -0.013250 0.005250
v 0.000125 -0.012875 0.005250
v -0.000031 -0.012927 0.005643
v -0.000250 -0.012750 -0.005375
v 0.000000 -0.012500 -0.005375
v 0.000000 -0.012500 -0.004875
v 0.000125 -0.012250 0.005375
v -0.000125 -0.012563 0.005625
v 0.000250 -0.012250 -0.005375
v 0.000125 -0.011660 0.005340
v -0.000125 -0.012125 0.005625
v -0.000125 -0.011750 0.005000
v -0.000125 -0.011528 0.005722
v 0.000091 -0.011500 -0.004875
v -0.000125 -0.011500 0.005250
v -0.000125 -0.011375 -0.005125
v -0.000375 -0.011250 0.005500
v -0.000063 -0.011000 0.005313
v 0.000115 -0.010655 0.005750
v 0.000250 -0.010750 -0.004875
v -0.000063 -0.010875 0.005250
v 0.000344 -0.010313 -0.004875
v -0.000125 -0.010250 0.005250
v 0.000125 -0.009950 -0.004825
v -0.000000 -0.010000 -0.004375
v 0.000000 -0.009937 0.005313
v -0.000125 -0.009937 0.005937
v -0.000125 -0.009500 0.005750
v -0.000200 -0.009696 0.005729
v -0.000125 -0.009125 0.005000
v -0.000069 -0.009429 0.005127
v 0.000022 -0.009147 0.006525
v -0.000153 -0.009270 0.007526
v 0.000155 -0.009095 0.007326
v -0.000266 -0.009398 0.007790
v 0.000008 -0.009375 0.009034
v 0.000000 -0.009250 0.009375
v -0.000188 -0.008875 -0.004250
v -0.000125 -0.008250 0.006000
v -0.000125 -0.008875 0.005625
v 0.000000 -0.008750 -0.004125
v -0.000146 -0.008500 0.004979
v -0.000125 -0.008250 0.005750
v 0.000009 -0.008897 0.007391
v -0.000027 -0.008783 0.007158
v 0.000000 -0.008875 0.008000
v -0.000125 -0.008750 0.008250
v -0.000021 -0.008871 0.009004
v 0.000125 -0.008750 -0.004625
v -0.000125 -0.008484 0.006059
v 0.000184 -0.008671 0.006312
v -0.000055 -0.008872 0.008448
v 0.000000 -0.008625 0.009250
v -0.000053 -0.008245 0.009610
v -0.000125 -0.008250 0.005250
v 0.000056 -0.008271 0.009590
v 0.000000 -0.008250 0.010125
v 0.000188 -0.008000 -0.004375
v -0.000055 -0.007964 0.009340
v -0.000011 -0.007829 0.010116
v 0.000000 -0.007750 -0.003875
v -0.000125 -0.007750 0.009000
v 0.000000 -0.007750 0.009625
v -0.000125 -0.007200 0.008950
v 0.000095 -0.007471 0.009327
v -0.000035 -0.007495 0.010368
v -0.000087 -0.007187 0.009400
v -0.000125 -0.007021 0.009965
v -0.000242 -0.007417 0.009550
v -0.000084 -0.007085 0.010188
v -0.000188 -0.006625 0.008687
v -0.000066 -0.007002 0.009614
v -0.000325 -0.006692 0.009825
v 0.000347 -0.006624 -0.004086
v 0.000000 -0.006750 -0.003875
v 0.000065 -0.006430 0.009910
v 0.000250 -0.006250 -0.004125
v -0.000097 -0.006426 0.009528
v -0.000063 -0.006187 0.009250
v -0.000125 -0.005750 0.008750
v -0.000074 -0.005923 0.009107
v 0.000000 -0.005250 -0.004125
v -0.000096 -0.005205 0.008597
v -0.000060 -0.005579 0.008938
v -0.000500 -0.005250 -0.003875
v 0.000000 -0.005250 0.008875
v 0.000063 -0.005063 -0.004250
v -0.000065 -0.004896 0.008539
v -0.000181 -0.005238 0.009194
v -0.000068 -0.004949 0.009557
v 0.000094 -0.005182 0.009656
v -0.000250 -0.004750 -0.004125
v -0.000011 -0.004611 0.009388
v 0.000125 -0.004500 -0.004375
v 0.000000 -0.004625 -0.004000
v -0.000156 -0.004446 0.008803
v -0.000131 -0.004437 0.008589
v 0.000000 -0.004250 0.009125
v -0.000250 -0.004192 -0.004433
v -0.000063 -0.004125 -0.004125
v -0.000096 -0.004123 0.008223
v -0.000288 -0.004243 0.008855
v 0.000000 -0.003750 -0.004625
v -0.000125 -0.004000 0.007250
v 0.000000 -0.003625 0.008500
v 0.000000 -0.003875 0.008750
v 0.000250 -0.003500 -0.004625
v -0.000125 -0.003250 0.001875
v 0.000147 -0.003125 0.001897
v -0.000085 -0.003135 0.002896
v 0.000135 -0.003125 0.006044
v -0.000030 -0.003134 0.006451
v -0.000125 -0.003444 0.006694
v -0.000107 -0.003375 0.007643
v -0.000000 -0.003000 -0.004625
v -0.000500 -0.003000 -0.004375
v -0.000083 -0.002958 -0.000962
v 0.000500 -0.003125 0.001500
v 0.000250 -0.002875 0.007500
v 0.000250 -0.002746 -0.004700
v 0.000200 -0.002875 -0.000550
v -0.000188 -0.002875 0.003813
v -0.000250 -0.002875 0.004500
v 0.000125 -0.002750 0.005687
v 0.000066 -0.002866 0.006376
v 0.000481 -0.002630 -0.004380
v 0.000000 -0.002625 -0.002250
v -0.000023 -0.002625 -0.000523
v -0.000000 -0.002250 -0.005125
v 0.000000 -0.002250 -0.004625
v -0.000125 -0.002000 -0.003000
v -0.000000 -0.002000 -0.002875
v 0.000144 -0.001755 -0.004599
v -0.000125 -0.001750 -0.005125
v 0.000000 -0.001625 -0.004500
v -0.000287 -0.001696 -0.002750
v -0.000021 -0.001021 -0.004375
v -0.000104 -0.001272 -0.003451
v -0.000000 -0.001375 -0.004750
v 0.000199 -0.000796 -0.003788
v -0.000292 -0.000891 -0.003742
v 0.000250 -0.000750 -0.002875
v 0.000094 -0.000687 -0.004125
v -0.000000 -0.000375 -0.003500
v -0.000090 -0.000403 -0.003862
v 0.000051 -0.040019 0.004533
v 0.000363 -0.040124 0.004704
v 0.000455 -0.039647 -0.003523
v 0.000310 -0.039806 -0.003435
v 0.000645 -0.039769 0.004277
v 0.000125 -0.039500 0.004875
v 0.000250 -0.039250 -0.003625
v 0.000269 -0.039375 0.004606
v 0.000250 -0.038750 -0.003375
v 0.000091 -0.038464 -0.003569
v 0.000250 -0.038417 -0.003875
v 0.000143 -0.037750 -0.003732
v 0.000389 -0.038028 -0.003875
v 0.000250 -0.037750 -0.004125
v 0.000393 -0.037665 -0.004000
v 0.000539 -0.037274 -0.003563
v 0.000083 -0.037417 -0.003875
v 0.000164 -0.037681 0.004780
v 0.000438 -0.036787 -0.004188
v 0.000156 -0.036875 0.004812
v -0.000000 -0.036500 -0.004125
v 0.000250 -0.036500 -0.003875
v 0.000250 -0.036500 0.004875
v 0.000214 -0.036197 -0.004377
v 0.000083 -0.036167 -0.004125
v 0.000250 -0.036125 0.004875
v 0.000250 -0.035750 -0.004125
v 0.000250 -0.035750 -0.004375
v 0.000318 -0.035500 -0.004557
v 0.000125 -0.035429 -0.004250
v 0.000750 -0.035750 0.004875
v 0.000185 -0.035201 -0.004667
v -0.000125 -0.035264 0.005125
v 0.000083 -0.035167 -0.004375
v 0.000125 -0.034750 0.005250
v 0.000053 -0.034500 -0.004572
v 0.000083 -0.034000 -0.004542
v 0.000300 -0.033768 -0.004875
v 0.000350 -0.034100 0.005125
v 0.000250 -0.033750 -0.004625
v 0.000204 -0.033272 0.005057
v 0.000335 -0.033558 0.005501
v 0.000375 -0.033250 -0.004875
v 0.000250 -0.033250 0.005125
v 0.000536 -0.032786 -0.004804
v 0.000350 -0.032750 -0.005025
v 0.000125 -0.032181 -0.004819
v 0.000125 -0.032625 0.005500
v 0.000125 -0.032250 0.005500
v 0.000250 -0.031625 -0.004875
v 0.000396 -0.031896 0.005375
v 0.000125 -0.031042 -0.004875
v 0.000288 -0.031024 -0.005125
v 0.000022 -0.031022 0.005625
v 0.000000 -0.030500 0.005125
v 0.000500 -0.030250 0.005625
v 0.000250 -0.030000 -0.005375
v 0.000250 -0.029750 -0.005125
v 0.000526 -0.030026 0.005625
v 0.000250 -0.029500 0.005375
v 0.000000 -0.029250 0.005625
v 0.000250 -0.029250 0.005375
v 0.000550 -0.028950 -0.005375
v 0.000250 -0.028750 -0.005125
v -0.000125 -0.028750 0.005625
v 0.000161 -0.028863 -0.005432
v 0.000709 -0.028310 -0.005356
v 0.000083 -0.027917 -0.005625
v 0.000193 -0.027999 0.005556
v 0.000425 -0.027750 -0.005450
v 0.000239 -0.027703 -0.005183
v 0.000469 -0.027500 0.005719
v 0.000343 -0.027361 0.005607
v 0.000000 -0.027000 -0.005375
v 0.000125 -0.027000 0.005875
v 0.000250 -0.026750 -0.005375
v 0.000250 -0.026750 0.005625
v 0.000031 -0.026695 0.005886
v 0.000531 -0.026469 -0.005625
v 0.000015 -0.026376 0.005608
v -0.000128 -0.026454 -0.005853
v -0.000116 -0.026299 -0.005395
v 0.000123 -0.026119 0.005724
v 0.000192 -0.026170 0.005432
v 0.000429 -0.025821 -0.005625
v 0.000000 -0.025500 -0.005625
v 0.000531 -0.025500 0.005656
v 0.000250 -0.025500 0.005875
v 0.000393 -0.025250 -0.005482
v -0.000469 -0.025250 0.005156
v 0.000250 -0.025000 -0.005625
v 0.000125 -0.024625 -0.005875
v -0.000000 -0.024500 -0.005625
v 0.000063 -0.024500 0.005687
v 0.000125 -0.024500 0.005250
v 0.000423 -0.024125 -0.005952
v 0.000250 -0.023750 -0.005875
v 0.000125 -0.024000 0.005750
v 0.000250 -0.023750 -0.006125
v 0.000125 -0.023750 0.005000
v 0.000087 -0.023992 0.004926
v 0.000125 -0.023900 0.005650
v 0.000375 -0.023750 0.005250
v 0.000375 -0.023250 -0.006125
v 0.000250 -0.023250 -0.005875
v 0.000500 -0.022750 -0.006125
v 0.000250 -0.022750 -0.006375
v -0.000156 -0.022625 0.004719
v 0.000125 -0.022500 0.005500
v 0.000000 -0.022500 -0.006125
v 0.000125 -0.022583 0.005583
v 0.000375 -0.022250 0.005750
v 0.000250 -0.022000 -0.006125
v 0.000188 -0.022000 0.005563
v -0.000400 -0.021877 -0.006164
v -0.000029 -0.021500 -0.006375
v 0.000250 -0.021500 0.005125
v 0.000125 -0.021500 0.005500
v -0.000195 -0.020952 0.005160
v 0.000250 -0.020750 -0.006875
v -0.000000 -0.020500 -0.006625
v 0.000181 -0.020591 0.005271
v 0.000375 -0.020250 -0.006875
v 0.000250 -0.020250 -0.006625
v 0.000250 -0.020250 0.005375
v 0.000125 -0.019750 -0.006875
v 0.000250 -0.020000 0.005375
v 0.000250 -0.019500 -0.007125
v 0.000188 -0.019250 0.005313
v 0.000000 -0.018750 0.004625
v 0.000438 -0.018594 -0.007125
v 0.000188 -0.018500 0.005313
v 0.000125 -0.018500 0.004750
v 0.000250 -0.018250 -0.006875
v 0.000250 -0.018000 -0.006625
v 0.000375 -0.017750 0.005500
v 0.000273 -0.017200 -0.006575
v 0.000125 -0.017500 0.004750
v 0.000250 -0.017500 0.004875
v -0.000083 -0.017191 0.004934
v 0.000156 -0.017138 0.005250
v 0.000250 -0.016425 -0.006550
v -0.000094 -0.016750 0.005156
v 0.000125 -0.016750 0.005500
v 0.000125 -0.016500 0.005250
v 0.000281 -0.016466 0.005627
v 0.000296 -0.016099 0.004915
v -0.000131 -0.016106 0.005168
v 0.000250 -0.016250 0.005375
v 0.000125 -0.016000 0.005500
v 0.000250 -0.016000 0.005625
v 0.000312 -0.015625 -0.006313
v 0.000220 -0.015550 -0.005925
v 0.000000 -0.015750 0.004875
v 0.000188 -0.015750 0.005063
v 0.000156 -0.015625 0.005531
v 0.000375 -0.015550 0.005250
v 0.000250 -0.015250 -0.006125
v 0.000375 -0.015250 0.005250
v 0.000229 -0.015253 0.005608
v 0.000250 -0.015250 -0.005875
v 0.000025 -0.014903 0.004975
v 0.000349 -0.015157 0.005695
v 0.000250 -0.014687 -0.005937
v -0.000136 -0.015047 0.005295
v 0.000295 -0.014808 -0.005683
v 0.000324 -0.015008 0.005191
v 0.000125 -0.014625 0.005625
v 0.000256 -0.014136 0.005244
v 0.000087 -0.014300 0.005412
v -0.000077 -0.014501 0.005320
v 0.000500 -0.013750 -0.005625
v 0.000250 -0.013500 -0.005125
v 0.000188 -0.013187 -0.005500
v 0.000250 -0.013250 -0.005125
v 0.000375 -0.013361 0.005500
v 0.000085 -0.013280 0.005698
v 0.000118 -0.012830 0.005500
v 0.000218 -0.012946 0.005651
v 0.000250 -0.012500 0.006125
v 0.000312 -0.012312 -0.005000
v -0.000250 -0.011750 -0.004875
v 0.000250 -0.011250 -0.004625
v 0.000250 -0.011000 -0.005125
v 0.000160 -0.010819 0.005840
v 0.000249 -0.010611 0.005938
v 0.000048 -0.010565 0.006126
v 0.000125 -0.009875 0.005625
v 0.000125 -0.010250 0.005750
v 0.000250 -0.009875 0.006375
v 0.000321 -0.009997 -0.004443
v -0.000406 -0.009375 -0.004375
v 0.000406 -0.009625 0.006031
v 0.000750 -0.009250 -0.004625
v 0.000250 -0.009250 0.005875
v 0.000125 -0.009250 0.007750
v 0.000000 -0.009375 0.008375
v 0.000125 -0.009250 0.009250
v 0.000250 -0.009125 0.006000
v 0.000125 -0.009000 0.006750
v -0.000099 -0.009163 0.006919
v 0.000125 -0.009000 0.009500
v 0.000375 -0.008750 -0.004125
v 0.000174 -0.008788 0.006120
v 0.000206 -0.008767 0.006343
v 0.000375 -0.008750 0.006750
v 0.000280 -0.008670 0.009625
v 0.000125 -0.008500 0.007250
v 0.000110 -0.008605 0.007578
v 0.000125 -0.008554 0.008196
v 0.000125 -0.008500 0.009250
v -0.000125 -0.008250 -0.004125
v 0.000125 -0.008438 0.006562
v 0.000148 -0.008176 0.008607
v 0.000125 -0.008750 0.008750
v 0.000151 -0.008148 0.006864
v 0.000438 -0.007750 -0.004375
v 0.000125 -0.007750 0.009250
v 0.000125 -0.007545 0.008955
v 0.000375 -0.007500 -0.004125
v 0.000045 -0.007346 0.010357
v 0.000292 -0.007010 0.009875
v 0.000814 -0.006850 -0.004125
v 0.000106 -0.006702 0.009643
v -0.000000 -0.006750 0.010125
v 0.000344 -0.006685 -0.003596
v 0.000125 -0.006875 0.009000
v 0.000125 -0.006187 -0.003750
v 0.000125 -0.006250 0.009250
v 0.000375 -0.006125 -0.004000
v 0.000000 -0.006000 -0.003875
v 0.000125 -0.005833 0.009000
v 0.000163 -0.005969 0.009783
v 0.000125 -0.005750 -0.003750
v 0.000188 -0.005625 0.008813
v 0.000125 -0.005750 0.009750
v 0.000058 -0.005513 0.009907
v 0.000375 -0.005479 0.008545
v 0.000750 -0.005250 -0.004125
v -0.000000 -0.005500 -0.003875
v 0.000375 -0.005091 0.008341
v 0.000250 -0.005000 0.009375
v 0.000375 -0.004625 -0.004375
v 0.000000 -0.004750 -0.003875
v 0.000188 -0.004750 0.008438
v 0.000325 -0.004464 0.008295
v 0.000250 -0.004500 0.009125
v 0.000250 -0.004250 0.009125
v 0.000837 -0.004125 -0.004288
v 0.000312 -0.003750 -0.004375
v -0.000400 -0.003877 -0.004164
v 0.000250 -0.003593 0.007455
v 0.000266 -0.003625 0.007578
v 0.000291 -0.003884 0.008104
v 0.000250 -0.003625 0.008500
v 0.000250 -0.003875 0.008750
v 0.000471 -0.003500 -0.004625
v 0.000232 -0.003654 0.008012
v -0.000293 -0.003870 0.008224
v 0.000250 -0.003125 0.006750
v 0.000250 -0.003125 0.007000
v 0.000125 -0.003250 0.007750
v 0.000250 -0.003250 0.007875
v 0.000228 -0.003350 0.008222
v -0.000025 -0.003563 -0.004312
v 0.000036 -0.003089 -0.000375
v 0.000375 -0.003000 0.000000
v 0.000250 -0.003125 0.000000
v 0.000500 -0.003125 0.001250
v 0.000300 -0.003125 0.001800
v 0.000375 -0.003125 0.002875
v 0.000500 -0.003125 0.003500
v 0.000500 -0.003125 0.004250
v 0.000043 -0.003125 0.004741
v 0.000375 -0.003125 0.006375
v 0.000250 -0.003125 0.007750
v 0.000202 -0.002870 -0.002553
v 0.000562 -0.002875 -0.001688
v 0.000250 -0.002875 0.001000
v 0.000250 -0.002875 0.001250
v 0.000500 -0.002875 0.003000
v 0.000250 -0.002875 0.003500
v -0.000173 -0.002868 0.006353
v 0.000125 -0.002875 0.007000
v 0.000000 -0.002750 -0.002625
v 0.000188 -0.002438 -0.002250
v 0.000250 -0.002500 -0.002125
v -0.000063 -0.002625 -0.001312
v 0.000344 -0.002625 -0.000719
v 0.000200 -0.002625 0.000200
v 0.000344 -0.002781 0.004000
v -0.000085 -0.002625 0.004601
v 0.000167 -0.002708 0.005000
v 0.000125 -0.002750 0.005250
v 0.000353 -0.002469 -0.004875
v 0.000323 -0.002129 -0.004646
v 0.000375 -0.002000 -0.002875
v 0.000050 -0.002245 -0.002519
v 0.000402 -0.001982 -0.005133
v -0.000000 -0.002000 -0.002625
v 0.000299 -0.001779 -0.003055
v 0.000181 -0.001328 -0.004134
v 0.000250 -0.001500 -0.003125
v -0.000029 -0.001442 -0.002885
v 0.000250 -0.001500 -0.002625
v 0.000500 -0.001192 -0.004058
v 0.000250 -0.001125 -0.004500
v 0.000250 -0.001000 -0.003125
v 0.000212 -0.000948 -0.002828
v 0.000415 -0.000628 -0.003568
v 0.000472 -0.000983 -0.003130
v 0.000250 -0.000375 -0.003250
v 0.000500 -0.040000 0.004375
v 0.000414 -0.039816 -0.003274
v 0.000420 -0.039448 -0.003190
v 0.000500 -0.039500 0.004875
v 0.000375 -0.039000 0.004500
v 0.000188 -0.038750 0.004875
v 0.000500 -0.038385 0.004625
v 0.000625 -0.038000 -0.003750
v 0.000583 -0.038227 -0.003292
v 0.000417 -0.038091 0.005132
v 0.000425 -0.037700 -0.003500
v 0.000333 -0.037917 0.004681
v 0.000721 -0.037486 0.004600
v 0.000694 -0.037306 -0.003875
v 0.000000 -0.037250 0.005125
v 0.000312 -0.037000 -0.003813
v 0.000900 -0.036600 0.004875
v 0.000500 -0.036750 -0.004125
v 0.000019 -0.036769 -0.003946
v 0.000500 -0.036625 -0.003750
v 0.000000 -0.036250 0.005125
v 0.000679 -0.036468 -0.004125
v 0.000500 -0.036250 -0.004375
v 0.000518 -0.035732 -0.004375
v 0.000500 -0.035750 -0.003875
v 0.000243 -0.035642 0.005166
v 0.000375 -0.035500 0.005250
v 0.000344 -0.034750 0.004969
v 0.000625 -0.034750 -0.004500
v 0.000500 -0.034500 -0.004125
v 0.000548 -0.034962 0.005388
v 0.000702 -0.034729 0.005139
v 0.000417 -0.034200 -0.004375
v 0.000500 -0.034000 -0.004625
v 0.000500 -0.033250 -0.004375
v 0.000432 -0.033323 0.005375
v 0.000500 -0.032750 -0.004875
v 0.000712 -0.032538 -0.004375
v 0.000333 -0.032667 -0.004625
v 0.000278 -0.032278 0.005625
v 0.000476 -0.032024 -0.004625
v 0.000469 -0.032063 0.005281
v 0.000700 -0.032258 -0.004875
v 0.000433 -0.032276 0.005781
v 0.000459 -0.032021 -0.005114
v 0.000500 -0.031750 -0.004625
v 0.000562 -0.031688 0.005437
v 0.000125 -0.031750 0.005625
v 0.000266 -0.031016 0.005375
v 0.000281 -0.031019 -0.004875
v 0.000667 -0.031167 0.005625
v 0.000687 -0.030562 -0.005125
v 0.000594 -0.030437 -0.005125
v 0.000633 -0.030761 0.005635
v 0.000250 -0.030500 0.005875
v 0.000500 -0.030000 -0.005125
v 0.000750 -0.029625 0.005875
v 0.000500 -0.029750 0.006125
v 0.000625 -0.029500 -0.005250
v 0.000250 -0.029500 -0.005125
v 0.000375 -0.029250 -0.005000
v 0.000500 -0.028625 -0.005375
v 0.000333 -0.028667 -0.005125
v 0.000750 -0.028500 0.005875
v 0.000500 -0.028500 0.006125
v 0.000187 -0.028177 0.005857
v 0.000562 -0.027625 0.006187
v 0.000500 -0.027250 -0.005375
v 0.000250 -0.027250 -0.005250
v 0.000066 -0.027348 0.005843
v 0.000389 -0.027111 -0.005625
v 0.000611 -0.026639 -0.005125
v 0.000531 -0.026875 0.006156
v 0.000507 -0.026677 0.005675
v 0.000432 -0.026473 0.006052
v 0.000442 -0.026250 -0.005183
v 0.000375 -0.026500 0.005750
v 0.000394 -0.026368 0.005775
v 0.000937 -0.026000 -0.005500
v 0.000333 -0.026167 -0.005375
v 0.000850 -0.026125 0.005975
v 0.000438 -0.025750 0.005563
v 0.000667 -0.025515 -0.005625
v 0.000250 -0.025500 -0.005375
v 0.000500 -0.025500 0.006125
v 0.001026 -0.025033 -0.005566
v 0.000550 -0.024950 -0.005875
v 0.000375 -0.024625 0.005500
v 0.000500 -0.024250 -0.005625
v 0.000500 -0.024250 0.006125
v 0.000500 -0.024000 -0.005875
v 0.000375 -0.024000 0.005500
v 0.000625 -0.023688 -0.005625
v 0.000725 -0.023350 -0.006050
v 0.000172 -0.023469 0.005703
v 0.000625 -0.023250 -0.005750
v 0.000375 -0.023125 0.005313
v 0.000625 -0.023250 0.006125
v 0.000500 -0.023000 -0.005875
v 0.000306 -0.022786 0.005967
v 0.000375 -0.022750 0.005250
v 0.000375 -0.022500 0.005250
v 0.000500 -0.022250 -0.006375
v 0.000250 -0.022250 -0.006125
v 0.000427 -0.022424 0.006083
v 0.000750 -0.022000 -0.006375
v 0.000250 -0.021923 0.005625
v 0.000500 -0.021750 -0.006125
v 0.000375 -0.021500 -0.006500
v 0.000375 -0.021625 -0.006375
v 0.001000 -0.021750 0.005875
v 0.000125 -0.021250 0.005500
v 0.000500 -0.021375 -0.006500
v 0.000625 -0.021125 -0.006625
v 0.000438 -0.021187 -0.006250
v 0.000500 -0.021250 -0.006125
v 0.000270 -0.021149 0.005145
v 0.000375 -0.021000 0.005750
v 0.000298 -0.020627 0.005329
v 0.000375 -0.020750 0.005750
v 0.000625 -0.020375 -0.006875
v 0.000386 -0.020498 0.005481
v 0.000500 -0.020125 -0.006500
v 0.000346 -0.020368 0.004963
v 0.000750 -0.019583 -0.007042
v 0.000625 -0.019625 0.005250
v 0.000375 -0.019625 0.005500
v 0.000375 -0.020000 0.005750
v 0.000438 -0.019500 0.005063
v 0.000375 -0.019500 0.005750
v 0.000500 -0.019250 -0.006875
v 0.000500 -0.019250 0.005125
v 0.000781 -0.018938 -0.007125
v 0.000375 -0.019000 -0.006875
v 0.000625 -0.019063 0.005313
v 0.000375 -0.019063 0.005563
v 0.000644 -0.018149 0.005468
v 0.000411 -0.018500 0.005786
v 0.000375 -0.018500 0.005500
v 0.000421 -0.018411 0.005735
v 0.000625 -0.018063 0.005313
v 0.000026 -0.018265 0.005107
v 0.000875 -0.018188 -0.007125
v 0.000425 -0.018073 0.005757
v 0.000500 -0.017750 -0.007125
v 0.000625 -0.017562 0.005313
v 0.000357 -0.017500 -0.006982
v 0.000438 -0.017250 0.005063
v 0.000375 -0.017500 0.005750
v 0.000250 -0.017000 -0.006875
v 0.000375 -0.017000 0.005750
v 0.000625 -0.016875 -0.006875
v 0.000625 -0.016500 -0.006750
v 0.000500 -0.016500 0.005375
v 0.000250 -0.016325 -0.006450
v 0.000250 -0.016000 -0.006125
v 0.000420 -0.015744 0.006050
v 0.000375 -0.015375 -0.006125
v 0.000885 -0.015683 -0.006058
v 0.000125 -0.015000 -0.006000
v 0.000432 -0.014990 0.006068
v 0.000659 -0.014893 -0.005768
v 0.000500 -0.014750 -0.006125
v 0.000687 -0.014438 -0.006000
v 0.000500 -0.014393 -0.005625
v 0.000406 -0.014562 0.006031
v 0.000500 -0.014250 -0.005875
v 0.000375 -0.014500 0.005500
v 0.000500 -0.014250 0.006125
v 0.000375 -0.014250 -0.005500
v 0.000500 -0.013875 -0.005750
v 0.000375 -0.014000 0.005500
v 0.000750 -0.013250 -0.005375
v 0.000813 -0.013063 -0.005625
v 0.000293 -0.012927 -0.005121
v 0.000687 -0.013438 0.005875
v 0.000201 -0.013249 0.006077
v 0.000500 -0.012750 -0.005125
v 0.000464 -0.012898 0.005842
v 0.000625 -0.012625 -0.005375
v 0.000500 -0.012500 0.005875
v 0.000247 -0.012612 0.006101
v 0.000611 -0.012611 0.006375
v 0.000188 -0.012250 0.006063
v 0.000500 -0.011913 -0.005288
v 0.000375 -0.012250 -0.005000
v 0.000500 -0.012000 0.005875
v 0.000500 -0.012000 0.006375
v 0.000500 -0.011750 0.005875
v 0.000500 -0.011250 -0.004875
v 0.000125 -0.011500 0.005500
v 0.000346 -0.010779 0.006228
v 0.000315 -0.010892 -0.004652
v 0.000500 -0.010750 -0.005125
v 0.000625 -0.010900 -0.004775
v 0.000500 -0.010792 0.005875
v 0.000500 -0.010500 -0.004875
v 0.000446 -0.010566 0.006162
v 0.000663 -0.010169 0.006170
v 0.000312 -0.010395 0.006186
v 0.000500 -0.010000 0.006375
v 0.000500 -0.009750 -0.004875
v 0.000625 -0.009947 -0.004572
v 0.000500 -0.009500 -0.004625
v 0.000375 -0.009250 0.006000
v 0.000750 -0.009000 0.006125
v 0.000756 -0.008916 0.006415
v 0.000406 -0.008750 0.007906
v 0.000188 -0.009187 0.008000
v 0.000375 -0.009000 0.008500
v 0.000375 -0.009000 0.009000
v 0.000375 -0.009000 0.009250
v 0.001003 -0.008686 -0.004596
v 0.000216 -0.008762 0.007013
v 0.000438 -0.008715 0.007437
v 0.000375 -0.008804 0.008446
v 0.000841 -0.008578 -0.004408
v 0.000375 -0.008500 0.007250
v 0.000375 -0.009000 0.008750
v 0.000312 -0.008562 0.009750
v 0.000562 -0.008375 -0.004125
v 0.000500 -0.008375 0.007250
v 0.000375 -0.008250 0.007500
v 0.000375 -0.007750 0.010000
v 0.000306 -0.008248 0.010101
v 0.000438 -0.007875 -0.004000
v 0.000522 -0.008331 0.006272
v 0.000375 -0.008000 0.008500
v 0.000375 -0.007500 0.010000
v 0.000312 -0.008000 0.010062
v 0.000375 -0.008250 0.008250
v 0.000375 -0.007917 0.009000
v 0.000625 -0.007667 0.008833
v 0.000375 -0.007312 0.009437
v 0.000750 -0.007750 -0.003875
v 0.000375 -0.007625 0.006500
v 0.000375 -0.008000 0.006750
v 0.000375 -0.007583 0.008667
v 0.000375 -0.007167 0.009917
v 0.000750 -0.007500 -0.004125
v 0.000375 -0.007250 0.006500
v 0.000375 -0.008000 0.007250
v 0.000375 -0.006875 0.009250
v 0.000250 -0.007000 -0.003875
v 0.000375 -0.007000 0.006750
v 0.000375 -0.007312 0.007688
v 0.000375 -0.007062 0.008375
v 0.000375 -0.007000 0.008750
v 0.000375 -0.007125 0.007312
v 0.000375 -0.006750 0.008750
v 0.000375 -0.006812 0.007938
v 0.000375 -0.006500 0.008750
v 0.000375 -0.006125 0.009250
v 0.000375 -0.006250 0.007000
v 0.000375 -0.006313 0.007375
v 0.000375 -0.006250 0.008750
v 0.000375 -0.006375 0.009750
v 0.000500 -0.006125 0.007000
v 0.000375 -0.006125 0.008375
v 0.000375 -0.006000 0.008750
v 0.000375 -0.006000 0.009750
v 0.000375 -0.006219 0.007781
v 0.000375 -0.006156 0.008156
v 0.000375 -0.005500 0.009250
v 0.000375 -0.005500 0.009750
v 0.000375 -0.005687 0.008062
v 0.000341 -0.005491 0.009820
v 0.000402 -0.005501 0.007511
v 0.000500 -0.005250 0.008875
v 0.000875 -0.004875 -0.003625
v 0.000398 -0.005144 0.007698
v 0.000375 -0.004750 0.008250
v 0.000375 -0.004875 0.009000
v 0.000500 -0.004750 -0.003875
v 0.000375 -0.004771 0.009187
v 0.000500 -0.004750 -0.004125
v 0.000188 -0.004438 -0.004000
v 0.000375 -0.004571 0.007571
v 0.000350 -0.004018 0.008818
v 0.000750 -0.004250 -0.004375
v 0.000479 -0.004210 0.008413
v 0.000395 -0.004303 0.008514
v 0.000375 -0.004125 -0.004125
v 0.000500 -0.004125 -0.004000
v 0.000375 -0.004125 0.007500
v 0.000500 -0.003750 -0.004125
v 0.000564 -0.003562 0.007334
v 0.000375 -0.003750 0.007750
v 0.000375 -0.003750 0.008000
v 0.000500 -0.003750 0.008375
v 0.001000 -0.002910 -0.004125
v 0.000375 -0.003375 0.007250
v 0.000500 -0.003125 0.000750
v 0.000687 -0.002937 0.001688
v 0.000750 -0.003125 0.002500
v 0.000750 -0.003125 0.003250
v 0.000500 -0.002875 0.005000
v 0.000250 -0.003125 0.005375
v 0.000557 -0.002853 0.005805
v 0.000464 -0.003118 0.006906
v 0.000581 -0.003214 0.007794
v 0.000656 -0.002867 -0.002156
v 0.000438 -0.002875 -0.001563
v 0.000937 -0.002875 0.000063
v 0.000625 -0.002875 -0.000125
v 0.000583 -0.002875 0.000583
v 0.000250 -0.002875 0.000750
v 0.000500 -0.002625 0.001875
v 0.000250 -0.002875 0.002250
v 0.000500 -0.002875 0.002500
v 0.000137 -0.002988 0.004750
v 0.000500 -0.002875 0.006500
v 0.000500 -0.002875 0.007500
v 0.000500 -0.002500 -0.002625
v 0.000250 -0.002625 -0.002000
v 0.000448 -0.002708 0.003469
v 0.000548 -0.002542 0.004661
v 0.000250 -0.002625 0.006250
v 0.000700 -0.002750 0.006175
v 0.000500 -0.002250 -0.004875
v 0.000667 -0.002346 -0.002458
v 0.000500 -0.002000 -0.002875
v 0.000420 -0.001668 -0.005068
v 0.000312 -0.001750 -0.002563
v 0.000916 -0.001791 -0.004889
v 0.000573 -0.001411 -0.004609
v 0.000562 -0.001500 -0.003062
v 0.000484 -0.001195 -0.004805
v 0.000500 -0.000875 -0.003750
v 0.000500 -0.000875 -0.003250
v 0.000695 -0.000380 -0.003856
v 0.000375 -0.000375 -0.003625
v 0.000670 -0.039940 -0.003118
v 0.000625 -0.040000 0.004500
v 0.000750 -0.039750 0.004625
v 0.000695 -0.039766 0.003929
v 0.000566 -0.039492 0.004316
v 0.000646 -0.039604 0.004625
v 0.000900 -0.039375 -0.003225
v 0.000875 -0.039250 0.004000
v 0.000583 -0.038917 -0.003625
v 0.000583 -0.039167 -0.003125
v 0.000875 -0.038917 0.004250
v 0.000783 -0.038819 0.004357
v 0.000554 -0.038625 -0.003196
v 0.000917 -0.038883 0.004625
v 0.000750 -0.038500 -0.003625
v 0.000833 -0.038167 0.004875
v 0.000554 -0.038446 -0.003625
v 0.000950 -0.037800 -0.003125
v 0.000875 -0.038000 0.004500
v 0.000750 -0.038000 0.004625
v 0.000583 -0.037917 -0.003375
v 0.000750 -0.037864 0.004875
v 0.000958 -0.037823 -0.003625
v 0.000625 -0.037500 0.005000
v 0.000750 -0.037000 0.005125
v 0.000550 -0.036912 -0.003625
v 0.000625 -0.036750 0.005125
v 0.000499 -0.036274 -0.003852
v 0.001034 -0.036000 0.004841
v 0.000750 -0.035750 -0.004125
v 0.000583 -0.035917 -0.003875
v 0.000500 -0.035750 0.005375
v 0.000687 -0.035250 -0.003938
v 0.000417 -0.035417 0.005375
v 0.000606 -0.035050 -0.004469
v 0.001250 -0.035000 0.005125
v 0.000750 -0.034750 0.005625
v 0.000436 -0.034489 -0.004700
v 0.000361 -0.034361 0.005375
v 0.000950 -0.034508 -0.004375
v 0.000750 -0.034250 0.005375
v 0.000750 -0.033750 -0.004625
v 0.000750 -0.033875 0.005375
v 0.000562 -0.033250 -0.004312
v 0.000643 -0.033500 0.005268
v 0.000562 -0.033250 -0.004812
v 0.001063 -0.033438 0.005375
v 0.000342 -0.033035 -0.004521
v 0.000750 -0.033125 -0.004250
v 0.001556 -0.033444 0.005375
v 0.000363 -0.033040 0.005560
v 0.000687 -0.032731 0.005813
v 0.000967 -0.032533 -0.004625
v 0.000917 -0.032167 0.005625
v 0.000500 -0.031750 0.005875
v 0.000579 -0.031233 -0.005063
v 0.000750 -0.031500 0.005625
v 0.000712 -0.031038 -0.004625
v 0.000625 -0.031250 0.005500
v 0.000400 -0.031105 0.005875
v 0.000955 -0.031045 -0.004875
v 0.000500 -0.030750 -0.004875
v 0.000375 -0.030500 -0.004875
v 0.000648 -0.030779 0.005993
v 0.000380 -0.029870 -0.004875
v 0.000393 -0.030143 0.005875
v 0.000750 -0.030000 0.005875
v 0.000750 -0.029750 -0.005125
v 0.000750 -0.029250 -0.004875
v 0.001250 -0.029250 0.005875
v 0.000500 -0.029250 0.006125
v 0.000732 -0.028956 -0.005187
v 0.000469 -0.028812 0.005625
v 0.000750 -0.028750 0.005875
v 0.000525 -0.028250 -0.005100
v 0.000750 -0.028000 0.005875
v 0.000750 -0.028063 -0.005375
v 0.000721 -0.027471 -0.004933
v 0.000639 -0.027361 -0.005125
v 0.001000 -0.027500 0.006125
v 0.000792 -0.027347 -0.005375
v 0.000937 -0.026750 0.006063
v 0.000921 -0.026515 -0.005339
v 0.000750 -0.026500 0.005875
v 0.001000 -0.025750 0.006125
v 0.000500 -0.025635 -0.005375
v 0.000750 -0.025625 -0.005250
v 0.000750 -0.025625 0.006375
v 0.000750 -0.025250 0.006375
v 0.000917 -0.024924 -0.005625
v 0.001000 -0.025000 0.006125
v 0.000750 -0.025000 0.006375
v 0.000500 -0.024750 -0.005375
v 0.000825 -0.024250 -0.005800
v 0.000475 -0.023883 -0.005583
v 0.000750 -0.024250 0.005875
v 0.000750 -0.024000 0.005875
v 0.000583 -0.024167 0.006125
v 0.000758 -0.023667 -0.005950
v 0.000750 -0.023875 -0.005500
v 0.000750 -0.023750 0.005875
v 0.000750 -0.023500 -0.005875
v 0.000750 -0.023500 0.005875
v 0.000750 -0.023000 -0.006125
v 0.001050 -0.022659 -0.006075
v 0.000775 -0.022828 0.005854
v 0.000800 -0.022450 -0.005875
v 0.000500 -0.022501 0.005599
v 0.000687 -0.022500 0.005813
v 0.000500 -0.022500 -0.006125
v 0.000500 -0.022250 -0.005875
v 0.000625 -0.022250 0.005500
v 0.000983 -0.022302 0.005884
v 0.000643 -0.022000 -0.005982
v 0.000625 -0.022000 0.005500
v 0.000750 -0.022000 0.006125
v 0.001107 -0.021838 -0.006296
v 0.001000 -0.021346 -0.006375
v 0.000583 -0.021021 -0.006292
v 0.000750 -0.021312 0.006125
v 0.000500 -0.020750 -0.006375
v 0.000625 -0.020625 -0.006625
v 0.000687 -0.020750 0.005563
v 0.000750 -0.020375 -0.006750
v 0.000625 -0.020479 0.005479
v 0.000656 -0.020437 0.006031
v 0.000893 -0.019750 -0.006875
v 0.000719 -0.019813 0.005531
v 0.000500 -0.019446 -0.006679
v 0.001000 -0.019500 0.005875
v 0.000625 -0.019250 0.005500
v 0.000712 -0.018388 0.005628
v 0.000813 -0.017750 0.005687
v 0.000750 -0.017250 -0.007125
v 0.000625 -0.017750 -0.006750
v 0.000750 -0.017500 -0.006625
v 0.000587 -0.016748 -0.006511
v 0.000625 -0.017500 0.005500
v 0.000500 -0.017000 -0.006375
v 0.000625 -0.017000 0.005500
v 0.000862 -0.016779 0.006248
v 0.001125 -0.016625 -0.006875
v 0.000625 -0.016510 0.005353
v 0.000961 -0.016587 0.005899
v 0.000375 -0.016500 0.005750
v 0.000659 -0.016380 0.006133
v 0.000687 -0.016000 -0.006500
v 0.000583 -0.016092 0.005423
v 0.000658 -0.016230 0.005808
v 0.000750 -0.016250 0.006125
v 0.000664 -0.015793 0.005746
v 0.000927 -0.016149 0.005984
v 0.001000 -0.015500 -0.006375
v 0.000750 -0.015500 -0.005875
v 0.000450 -0.015345 0.005574
v 0.001031 -0.015625 0.005937
v 0.000825 -0.015359 0.005842
v 0.001228 -0.014639 -0.006125
v 0.000750 -0.014750 0.005875
v 0.001050 -0.014159 -0.006034
v 0.000813 -0.014250 0.005937
v 0.000500 -0.014000 -0.005875
v 0.001000 -0.014000 0.006125
v 0.000639 -0.013975 0.006289
v 0.000625 -0.013750 -0.005750
v 0.000750 -0.013750 -0.005875
v 0.000750 -0.013750 0.006375
v 0.000750 -0.013500 0.005875
v 0.000734 -0.013500 0.006359
v 0.000750 -0.013125 0.006375
v 0.000750 -0.012750 -0.005625
v 0.000811 -0.012929 -0.005287
v 0.000821 -0.012571 0.006125
v 0.000750 -0.012250 0.006125
v 0.001080 -0.011885 0.006180
v 0.000625 -0.011875 -0.004875
v 0.001000 -0.011750 0.006125
v 0.000875 -0.011500 -0.005250
v 0.000750 -0.011500 0.006125
v 0.000500 -0.011625 0.006375
v 0.001000 -0.011250 -0.005125
v 0.001063 -0.011188 0.006063
v 0.001094 -0.010585 -0.004797
v -0.000017 -0.010313 -0.004625
v 0.000750 -0.010750 0.006125
v 0.000957 -0.010394 -0.005041
v 0.000061 -0.010152 0.006284
v 0.000750 -0.009500 -0.004875
v 0.000562 -0.009250 -0.004375
v 0.001125 -0.009000 -0.004625
v 0.000750 -0.009000 -0.004375
v 0.000913 -0.008652 -0.004265
v 0.000937 -0.008625 0.006000
v 0.000500 -0.008750 0.006625
v 0.000625 -0.008500 0.007750
v 0.000461 -0.008489 0.008594
v 0.000937 -0.008250 0.005937
v 0.000622 -0.008386 0.006767
v 0.000625 -0.008250 0.007250
v 0.000625 -0.007938 0.007812
v 0.000625 -0.008062 0.007938
v 0.000635 -0.008428 0.008450
v 0.000969 -0.008125 -0.004375
v 0.001000 -0.008000 0.005875
v 0.000625 -0.007875 0.006750
v 0.000625 -0.007750 0.008750
v 0.000625 -0.006875 0.007938
v 0.000625 -0.007232 0.006768
v 0.000625 -0.007250 0.009000
v 0.000063 -0.007312 -0.003875
v 0.000625 -0.007031 0.007531
v 0.000625 -0.006812 0.008375
v 0.000625 -0.007062 0.008438
v 0.001000 -0.007000 -0.004125
v 0.000625 -0.007242 0.006258
v 0.000625 -0.006750 0.009000
v 0.000625 -0.007000 0.009000
v 0.000625 -0.006625 0.006375
v 0.000625 -0.006500 0.007250
v 0.000904 -0.006654 -0.003875
v 0.000790 -0.006399 0.006865
v 0.000625 -0.006500 0.007750
v 0.000625 -0.006375 0.009000
v 0.000532 -0.006140 0.006608
v 0.000630 -0.006361 0.007442
v 0.000625 -0.005969 0.008156
v 0.000625 -0.005500 0.009000
v 0.000625 -0.006000 0.009000
v 0.000625 -0.006056 0.006444
v 0.000500 -0.006000 -0.003875
v 0.000250 -0.005500 -0.003625
v 0.000641 -0.005919 0.007104
v 0.000625 -0.006000 0.007500
v 0.000625 -0.005625 0.008625
v 0.000500 -0.005750 -0.003875
v 0.000500 -0.005250 -0.003625
v 0.000628 -0.005632 0.007780
v 0.000625 -0.005437 0.008187
v 0.000687 -0.005437 -0.004000
v 0.000725 -0.005250 0.006400
v 0.000625 -0.005500 0.006938
v 0.000624 -0.005471 0.007432
v 0.000679 -0.005151 0.007771
v 0.000625 -0.005250 0.008500
v 0.000625 -0.005250 0.008750
v 0.000500 -0.005000 -0.003875
v 0.000625 -0.005000 0.007500
v 0.000475 -0.004900 0.008650
v 0.000750 -0.004875 -0.003750
v 0.000625 -0.004750 0.007500
v 0.000625 -0.004932 0.008029
v 0.000750 -0.004750 0.007875
v 0.000625 -0.004750 0.008500
v 0.001063 -0.004562 -0.004125
v 0.000750 -0.004450 0.006425
v 0.000625 -0.004500 0.007250
v 0.000625 -0.004500 0.007750
v 0.000625 -0.004323 0.008371
v 0.000500 -0.004250 -0.003875
v 0.000625 -0.004446 0.006554
v 0.000625 -0.004250 0.007250
v 0.000625 -0.004000 0.006750
v 0.000625 -0.004000 0.007250
v 0.000625 -0.003875 0.007750
v 0.000625 -0.004000 0.008250
v 0.000750 -0.003667 -0.004125
v 0.000625 -0.003656 0.007094
v 0.000625 -0.003750 0.008000
v 0.000625 -0.003750 0.008250
v 0.001250 -0.003375 -0.004375
v 0.000658 -0.003413 0.006902
v 0.000551 -0.003375 0.007977
v 0.000500 -0.003250 -0.004125
v 0.000586 -0.003211 0.007047
v 0.000500 -0.003125 0.001000
v 0.000857 -0.002875 0.000857
v 0.000625 -0.003000 0.003500
v 0.000500 -0.003125 0.004000
v 0.000506 -0.002945 0.006013
v 0.000750 -0.002750 -0.004625
v 0.000778 -0.002827 -0.002321
v 0.000813 -0.002875 -0.000937
v 0.001063 -0.002875 -0.000438
v 0.000937 -0.002875 -0.000312
v 0.000500 -0.002875 -0.000000
v 0.001192 -0.002836 0.001657
v 0.000964 -0.002875 0.002464
v 0.000750 -0.002625 0.002500
v 0.000438 -0.003062 0.003719
v 0.000846 -0.002875 0.004154
v 0.000792 -0.002875 0.004625
v 0.000325 -0.002416 -0.002239
v 0.000375 -0.002625 -0.001187
v 0.000562 -0.002625 -0.000188
v 0.000438 -0.002625 -0.000063
v 0.000000 -0.002625 -0.000250
v 0.000500 -0.002625 0.000750
v 0.000375 -0.002750 0.001500
v 0.000667 -0.002625 0.002417
v 0.000750 -0.002625 0.003250
v 0.000862 -0.002531 0.003232
v 0.000750 -0.002625 0.003750
v 0.000658 -0.002563 0.004088
v 0.000625 -0.002625 0.005313
v 0.000750 -0.002625 0.006000
v 0.001250 -0.002304 -0.004625
v 0.000611 -0.002361 -0.004458
v 0.000875 -0.002125 -0.001875
v 0.000750 -0.002375 0.004250
v 0.000835 -0.001984 -0.004875
v 0.000750 -0.001935 -0.002625
v 0.000750 -0.002125 -0.002000
v 0.001063 -0.001250 -0.004812
v 0.000393 -0.001319 -0.002732
v 0.000875 -0.001375 -0.002375
v 0.000996 -0.001191 -0.004850
v 0.000750 -0.001250 -0.002375
v 0.000625 -0.001125 -0.004500
v 0.000687 -0.001140 -0.002532
v 0.000625 -0.000625 -0.004125
v 0.000700 -0.001000 -0.003875
v 0.000786 -0.000964 -0.003125
v 0.000659 -0.000750 -0.002875
v 0.000750 -0.000375 -0.003250
v 0.000906 -0.039985 0.004041
v 0.001000 -0.039750 -0.002875
v 0.001000 -0.039750 0.003625
v 0.000838 -0.039162 -0.002875
v 0.000914 -0.039444 0.003689
v 0.001000 -0.039250 0.003625
v 0.000926 -0.039495 0.004432
v 0.001125 -0.039103 0.004300
v 0.001000 -0.039125 -0.003250
v 0.000967 -0.038897 -0.003375
v 0.001125 -0.038750 0.004000
v 0.001260 -0.038490 -0.003125
v 0.000937 -0.038429 -0.002937
v 0.000750 -0.038500 0.004375
v 0.000667 -0.038889 0.004819
v 0.001000 -0.038250 -0.003375
v 0.000875 -0.038250 -0.003500
v 0.000833 -0.038167 -0.003125
v 0.001125 -0.038136 0.004114
v 0.001071 -0.038220 0.004625
v 0.001050 -0.037850 0.004825
v 0.000750 -0.037321 -0.003375
v 0.000944 -0.037056 -0.003875
v 0.000833 -0.037250 0.004625
v 0.001222 -0.036804 0.004875
v 0.001000 -0.036750 0.005125
v 0.000817 -0.036683 -0.003875
v 0.001000 -0.036500 0.005125
v 0.000833 -0.036139 -0.004042
v 0.000766 -0.036179 -0.003625
v 0.001000 -0.036125 -0.003500
v 0.001000 -0.035875 -0.004000
v 0.001000 -0.035750 0.005375
v 0.001000 -0.035639 -0.004125
v 0.000541 -0.035522 -0.004062
v 0.000513 -0.034987 -0.004125
v 0.001000 -0.035000 -0.003625
v 0.000875 -0.035000 -0.004250
v 0.000875 -0.034750 -0.004000
v 0.000750 -0.034250 -0.004125
v 0.001010 -0.034593 0.005400
v 0.001211 -0.034239 -0.004175
v 0.001333 -0.034250 -0.003542
v 0.000778 -0.034478 0.005631
v 0.001000 -0.034000 -0.003875
v 0.000969 -0.033875 0.005625
v 0.000768 -0.033732 -0.004125
v 0.001000 -0.033000 -0.004625
v 0.001000 -0.033000 0.005875
v 0.001000 -0.032500 -0.004125
v 0.001058 -0.032675 0.005566
v 0.000937 -0.032250 -0.004688
v 0.001021 -0.031729 -0.004125
v 0.001417 -0.032333 0.005625
v 0.000750 -0.031827 -0.004875
v 0.000813 -0.031750 -0.004312
v 0.001500 -0.031750 0.005625
v 0.000415 -0.031408 0.005821
v 0.000694 -0.031556 -0.004625
v 0.001000 -0.031250 0.006125
v 0.001000 -0.031000 -0.004875
v 0.001063 -0.031000 -0.004312
v 0.000750 -0.031000 0.005875
v 0.000571 -0.030071 0.006125
v 0.001000 -0.030000 -0.004875
v 0.001205 -0.029629 -0.004875
v 0.001000 -0.029500 -0.005125
v 0.000601 -0.029705 -0.004833
v 0.001000 -0.028750 -0.005125
v 0.000438 -0.029000 -0.005000
v 0.001312 -0.029000 0.005875
v 0.000717 -0.029182 0.006163
v 0.000724 -0.028526 -0.004875
v 0.001034 -0.028401 0.006018
v 0.000750 -0.028500 0.006125
v 0.000677 -0.028271 0.006281
v 0.001312 -0.027687 -0.004969
v 0.000833 -0.028167 -0.004875
v 0.000750 -0.027875 0.006375
v 0.001187 -0.027875 0.006125
v 0.001205 -0.027295 -0.005125
v 0.001187 -0.027375 0.006125
v 0.000750 -0.027375 0.006375
v 0.001000 -0.027000 -0.005375
v 0.001000 -0.027250 -0.004875
v 0.001250 -0.026667 -0.004625
v 0.000750 -0.026500 -0.005125
v 0.001125 -0.026500 0.006125
v 0.001000 -0.026250 -0.005375
v 0.001000 -0.026250 -0.005125
v 0.000865 -0.025801 -0.005125
v 0.001125 -0.026000 0.006125
v 0.001000 -0.025500 -0.005625
v 0.001000 -0.025500 -0.005125
v 0.001125 -0.025500 0.006125
v 0.001125 -0.025250 0.006125
v 0.000412 -0.024862 -0.005533
v 0.001000 -0.024750 -0.005625
v 0.001000 -0.024750 0.006125
v 0.001000 -0.024500 -0.005375
v 0.000750 -0.024625 0.006375
v 0.001020 -0.024221 0.006103
v 0.001125 -0.024000 -0.005750
v 0.000687 -0.023750 0.006187
v 0.001000 -0.023500 -0.005875
v 0.001208 -0.023292 -0.005375
v 0.000833 -0.023417 -0.005625
v 0.001063 -0.023362 0.005982
v 0.001125 -0.022958 -0.005875
v 0.000875 -0.022958 -0.005625
v 0.000734 -0.022813 -0.005828
v 0.001099 -0.022404 0.006412
v 0.000889 -0.022361 0.006125
v 0.001250 -0.022025 -0.006125
v 0.000917 -0.021992 -0.005875
v 0.001000 -0.021875 -0.006250
v 0.000754 -0.021457 -0.006058
v 0.001000 -0.021500 0.005875
v 0.000875 -0.021250 -0.006000
v 0.001000 -0.021125 0.005875
v 0.001000 -0.020875 -0.006500
v 0.001250 -0.020500 -0.006625
v 0.000750 -0.020750 -0.006125
v 0.001000 -0.020250 -0.006625
v 0.000687 -0.020312 -0.006375
v 0.001000 -0.020375 0.005875
v 0.001000 -0.020000 -0.006875
v 0.000625 -0.020000 -0.006500
v 0.000750 -0.019750 -0.006625
v 0.001000 -0.019875 0.005875
v 0.000875 -0.019875 0.006125
v 0.001000 -0.019500 -0.006625
v 0.001125 -0.019125 -0.007125
v 0.000750 -0.019250 -0.006625
v 0.000906 -0.018906 0.006125
v 0.000937 -0.019063 -0.006750
v 0.001042 -0.019059 0.005886
v 0.001000 -0.018875 -0.006750
v 0.001000 -0.018750 0.005875
v 0.001750 -0.018500 -0.007125
v 0.000813 -0.018437 -0.006875
v 0.000813 -0.018250 0.006187
v 0.001213 -0.018090 0.006072
v 0.000687 -0.017750 0.006063
v 0.001344 -0.017562 -0.007125
v 0.001000 -0.017450 -0.006875
v 0.001000 -0.017250 -0.006875
v 0.000813 -0.017375 0.006187
v 0.000937 -0.016937 -0.007000
v 0.001110 -0.016958 -0.006756
v 0.000875 -0.016750 0.005750
v 0.000929 -0.016500 -0.006375
v 0.000904 -0.016252 0.006323
v 0.000813 -0.016313 -0.006750
v 0.000914 -0.016150 0.006310
v 0.001000 -0.016125 -0.006750
v 0.001342 -0.015750 -0.006625
v 0.001000 -0.016000 -0.006375
v 0.001324 -0.015925 -0.006300
v 0.001125 -0.015250 -0.006375
v 0.000477 -0.015039 0.006064
v 0.001000 -0.015000 -0.006375
v 0.001152 -0.014964 0.006063
v 0.001125 -0.014500 -0.006125
v 0.000750 -0.015000 0.006375
v 0.001000 -0.014500 -0.005625
v 0.001000 -0.014375 0.006125
v 0.001167 -0.014000 -0.005625
v 0.000750 -0.013625 -0.005750
v 0.000875 -0.013500 -0.005375
v 0.001125 -0.013375 -0.005875
v 0.001063 -0.013063 0.006063
v 0.000875 -0.012750 0.006000
v 0.001250 -0.012250 -0.005625
v 0.001000 -0.012250 -0.005375
v 0.001250 -0.012250 -0.005125
v 0.000875 -0.011875 -0.005125
v 0.000750 -0.011750 -0.005375
v 0.000875 -0.011250 -0.004875
v 0.001438 -0.011500 0.006000
v 0.001063 -0.011125 0.006375
v 0.001193 -0.010165 -0.004877
v 0.001000 -0.009750 -0.004625
v 0.000917 -0.009583 -0.004375
v 0.000730 -0.009479 0.006123
v 0.001000 -0.009500 0.006375
v 0.001125 -0.009500 -0.004875
v 0.000437 -0.009296 0.006429
v 0.001003 -0.008815 0.005937
v 0.001320 -0.008459 -0.004125
v 0.001054 -0.008526 0.006295
v 0.001000 -0.007750 -0.003875
v 0.001188 -0.007652 0.005839
v 0.001000 -0.007750 -0.004375
v 0.001063 -0.007438 0.005875
v 0.000950 -0.007075 -0.003750
v 0.001438 -0.006875 0.005625
v 0.000875 -0.007161 0.006589
v 0.001125 -0.006750 0.005875
v 0.001281 -0.006438 -0.003875
v 0.000818 -0.006309 0.005998
v 0.000875 -0.006250 0.007250
v 0.000918 -0.006218 0.005989
v 0.000875 -0.006274 0.006538
v 0.000950 -0.006000 0.006675
v 0.000875 -0.005917 0.007333
v 0.001040 -0.005430 0.005905
v 0.000875 -0.005500 0.007500
v 0.000875 -0.005375 0.006750
v 0.000849 -0.005408 0.007548
v 0.000875 -0.004750 0.007750
v 0.001182 -0.005218 -0.003875
v 0.001063 -0.004875 0.006063
v 0.000875 -0.005000 0.007750
v 0.000750 -0.005000 -0.004125
v 0.000750 -0.004750 -0.003875
v 0.000875 -0.004500 0.007500
v 0.001000 -0.004500 -0.003875
v 0.000875 -0.004500 0.006250
v 0.001125 -0.004500 0.006500
v 0.000875 -0.004000 0.007500
v 0.001000 -0.003792 -0.003875
v 0.000875 -0.004500 0.006750
v 0.000750 -0.004250 0.007625
v 0.000875 -0.004185 0.006315
v 0.000875 -0.003864 0.007386
v 0.001000 -0.003875 -0.004250
v 0.000875 -0.003500 -0.004000
v 0.000875 -0.003625 0.006250
v 0.000875 -0.003500 0.006750
v 0.000875 -0.003250 0.007250
v 0.000697 -0.003122 0.006329
v 0.001000 -0.003250 0.006125
v 0.000875 -0.003250 0.006500
v 0.000878 -0.003035 0.007231
v 0.000875 -0.003250 0.007500
v 0.001000 -0.003167 -0.004375
v 0.001000 -0.002875 0.002500
v 0.000991 -0.002948 0.005833
v 0.000807 -0.002898 0.006997
v 0.000750 -0.003062 -0.004625
v 0.000682 -0.002750 -0.004193
v 0.001000 -0.002750 -0.001875
v 0.001156 -0.002875 -0.000969
v 0.001296 -0.002857 0.001194
v 0.000937 -0.002875 0.003363
v 0.001000 -0.002875 0.003750
v 0.001214 -0.002661 0.004789
v 0.001500 -0.002870 0.005496
v 0.001000 -0.002750 0.006125
v 0.001268 -0.002848 0.006205
v 0.000937 -0.002875 0.006729
v 0.001000 -0.002500 -0.002125
v 0.001500 -0.002625 -0.000750
v 0.000969 -0.002625 -0.000844
v 0.000687 -0.002625 -0.000312
v 0.001250 -0.002625 0.000607
v 0.000971 -0.002625 0.001182
v 0.001000 -0.002625 0.002438
v 0.001250 -0.002375 0.003000
v 0.000813 -0.002500 0.004938
v 0.001000 -0.002625 0.005250
v 0.001180 -0.002582 0.005970
v 0.000946 -0.002378 -0.001807
v 0.001000 -0.002375 0.003625
v 0.001000 -0.002375 0.004500
v 0.001250 -0.002000 -0.004625
v 0.001013 -0.002217 -0.004312
v 0.001050 -0.002023 -0.002375
v 0.000825 -0.001854 -0.002125
v 0.000813 -0.001812 -0.004500
v 0.000757 -0.001431 -0.004583
v 0.001018 -0.001412 -0.004307
v 0.001000 -0.001500 -0.002625
v 0.001250 -0.001317 -0.002625
v 0.000840 -0.001202 -0.002957
v 0.001000 -0.001375 -0.002250
v 0.000842 -0.001125 -0.003950
v 0.001192 -0.001125 -0.003750
v 0.001179 -0.000865 -0.003112
v 0.000765 -0.000965 -0.004325
v 0.001000 -0.000875 -0.004000
v 0.000911 -0.000623 -0.003338
v 0.000969 -0.000719 -0.002688
v 0.001167 -0.001000 -0.002208
v 0.001000 -0.000500 -0.002875
v 0.000875 -0.000375 -0.003375
v 0.001147 -0.040048 -0.002790
v 0.001174 -0.039814 0.002940
v 0.001259 -0.039829 0.003497
v 0.001089 -0.040014 0.003916
v 0.001500 -0.039750 -0.002375
v 0.001175 -0.039670 0.003711
v 0.001125 -0.039028 0.003500
v 0.001125 -0.039250 0.004250
v 0.001222 -0.039028 -0.003125
v 0.001250 -0.039375 0.003000
v 0.001500 -0.038750 -0.002875
v 0.001250 -0.038500 -0.002625
v 0.001375 -0.038750 0.003500
v 0.001125 -0.038667 0.003750
v 0.001125 -0.038252 0.003964
v 0.001066 -0.038694 0.004566
v 0.001205 -0.038229 -0.002875
v 0.001417 -0.038083 -0.003125
v 0.001375 -0.037602 0.004000
v 0.001500 -0.037500 -0.003125
v 0.001314 -0.037281 0.004330
v 0.001000 -0.037350 -0.003625
v 0.001375 -0.037250 -0.003250
v 0.000868 -0.037060 0.004681
v 0.000925 -0.037200 0.005000
v 0.001250 -0.037125 -0.003500
v 0.000929 -0.037071 -0.003375
v 0.001250 -0.037000 -0.003125
v 0.001000 -0.036750 0.004625
v 0.001262 -0.036488 -0.003625
v 0.000977 -0.036773 -0.003375
v 0.001250 -0.036500 -0.003125
v 0.001250 -0.036500 0.004625
v 0.001275 -0.036450 0.005100
v 0.001150 -0.036281 -0.003725
v 0.001250 -0.036250 -0.003125
v 0.001187 -0.036000 -0.003437
v 0.000814 -0.036057 0.005125
v 0.001202 -0.035948 -0.003875
v 0.001250 -0.035929 -0.003375
v 0.000774 -0.035568 0.005162
v 0.000902 -0.035752 0.004938
v 0.001219 -0.035250 -0.003906
v 0.001250 -0.035250 0.005125
v 0.000997 -0.035065 -0.004188
v 0.001250 -0.034750 -0.003625
v 0.001463 -0.034851 0.005418
v 0.001109 -0.034770 0.005458
v 0.001484 -0.034500 -0.003891
v 0.001302 -0.034411 0.005164
v 0.001167 -0.033750 -0.004208
v 0.001441 -0.033931 0.005284
v 0.001250 -0.033750 -0.004125
v 0.001250 -0.033750 0.005375
v 0.001250 -0.033500 -0.004375
v 0.000684 -0.033352 0.005641
v 0.001158 -0.033092 -0.004375
v 0.001000 -0.033000 -0.004125
v 0.001250 -0.033000 0.005375
v 0.001125 -0.032750 -0.004500
v 0.001449 -0.032676 -0.004188
v 0.001250 -0.033000 0.005875
v 0.001250 -0.032250 -0.004375
v 0.001083 -0.032417 -0.004125
v 0.001250 -0.031750 -0.004375
v 0.000944 -0.031556 -0.004875
v 0.001406 -0.031250 -0.004469
v 0.001250 -0.031000 0.006125
v 0.001156 -0.030625 -0.004719
v 0.001250 -0.030500 -0.004125
v 0.001568 -0.030223 0.005784
v 0.000937 -0.030500 -0.004438
v 0.000500 -0.029500 0.006125
v 0.001500 -0.030000 -0.004375
v 0.001250 -0.030000 -0.004125
v 0.001438 -0.029750 -0.004688
v 0.000929 -0.029821 -0.004625
v 0.001250 -0.029750 -0.004375
v 0.001750 -0.030000 0.006125
v 0.001904 -0.029664 0.005909
v 0.001344 -0.029250 -0.004781
v 0.001250 -0.029000 0.006375
v 0.001312 -0.028750 -0.004812
v 0.001250 -0.028750 -0.004375
v 0.001268 -0.028482 -0.004875
v 0.001016 -0.028449 -0.004625
v 0.001250 -0.028000 -0.005125
v 0.001063 -0.028000 -0.004812
v 0.001375 -0.027250 -0.005000
v 0.001187 -0.026875 0.006125
v 0.000750 -0.026812 0.006375
v 0.001510 -0.026705 -0.004911
v 0.001125 -0.026500 -0.004750
v 0.001083 -0.026417 -0.005375
v 0.001500 -0.026250 -0.004625
v 0.000750 -0.026000 0.006375
v 0.001250 -0.025500 -0.005375
v 0.001250 -0.025250 -0.004875
v 0.000890 -0.025235 -0.005250
v 0.001250 -0.024750 -0.005625
v 0.000875 -0.024638 -0.005375
v 0.001345 -0.024197 0.006025
v 0.001247 -0.024215 -0.005600
v 0.001125 -0.024500 -0.005250
v 0.000929 -0.024071 0.006375
v 0.001250 -0.024000 0.005875
v 0.000969 -0.023969 -0.005375
v 0.001321 -0.023786 0.006339
v 0.001285 -0.023422 -0.005687
v 0.001539 -0.022774 -0.005313
v 0.000844 -0.022938 0.006250
v 0.001083 -0.022917 -0.005625
v 0.001250 -0.022750 0.006125
v 0.001208 -0.022292 -0.005625
v 0.001625 -0.022500 0.005750
v 0.001365 -0.021778 -0.005732
v 0.001500 -0.022125 0.005875
v 0.001250 -0.021750 -0.005875
v 0.001500 -0.021750 0.005875
v 0.000830 -0.021920 0.006125
v 0.001250 -0.021750 0.006375
v 0.001250 -0.021500 -0.006125
v 0.001250 -0.021250 -0.006375
v 0.001125 -0.021161 -0.005875
v 0.001250 -0.020750 -0.006125
v 0.001250 -0.020768 -0.006375
v 0.001000 -0.020750 0.005875
v 0.001216 -0.020737 0.006166
v 0.001250 -0.020089 -0.006625
v 0.001250 -0.020000 -0.006375
v 0.001250 -0.019517 -0.006375
v 0.001125 -0.019500 -0.006500
v 0.001375 -0.019375 -0.006375
v 0.000813 -0.019375 0.006125
v 0.001264 -0.019756 0.006384
v 0.001125 -0.019250 -0.007000
v 0.001250 -0.019250 -0.006875
v 0.001250 -0.019375 -0.006500
v 0.001250 -0.019000 -0.006625
v 0.001250 -0.018750 -0.006625
v 0.000972 -0.018750 0.006347
v 0.001125 -0.018625 -0.006875
v 0.001250 -0.018750 0.006125
v 0.000500 -0.018000 -0.006875
v 0.001250 -0.018250 0.006125
v 0.001250 -0.018000 -0.007125
v 0.001069 -0.018012 0.006432
v 0.001000 -0.017375 0.006375
v 0.001312 -0.017375 0.006125
v 0.001000 -0.017000 -0.007125
v 0.001312 -0.016769 0.006168
v 0.001312 -0.016562 -0.007000
v 0.001312 -0.016562 -0.006625
v 0.001250 -0.016500 0.006125
v 0.001250 -0.016000 -0.006875
v 0.000637 -0.015048 0.006213
v 0.001250 -0.015125 -0.006000
v 0.001750 -0.015125 0.006375
v 0.001500 -0.014125 0.006125
v 0.001063 -0.013938 0.006375
v 0.001450 -0.013800 -0.005875
v 0.001250 -0.013625 -0.005500
v 0.000909 -0.013750 -0.005375
v 0.000875 -0.013375 -0.005625
v 0.001125 -0.013250 -0.005375
v 0.001500 -0.013250 0.006125
v 0.001250 -0.013125 -0.005750
v 0.001625 -0.012500 -0.005625
v 0.001000 -0.012375 0.006375
v 0.001030 -0.012478 -0.005132
v 0.001250 -0.012000 -0.005375
v 0.001500 -0.012000 -0.005375
v 0.001250 -0.011423 -0.005048
v 0.001063 -0.011437 0.006375
v 0.001250 -0.011250 -0.005375
v 0.001250 -0.011000 -0.005125
v 0.001500 -0.011000 -0.005125
v 0.001250 -0.010500 0.005875
v 0.000500 -0.010500 0.006375
v 0.001328 -0.010278 -0.004658
v 0.001295 -0.010045 0.005875
v 0.001125 -0.010000 0.006000
v 0.001250 -0.010000 0.006375
v 0.001344 -0.009844 0.005875
v 0.001250 -0.009750 0.006375
v 0.001250 -0.009437 0.005875
v 0.001250 -0.009500 0.006125
v 0.001250 -0.009000 0.006125
v 0.001500 -0.008342 -0.004542
v 0.001500 -0.008500 -0.004125
v 0.001528 -0.008028 -0.004125
v 0.001375 -0.008000 0.005750
v 0.001500 -0.007750 -0.003875
v 0.001250 -0.007750 0.006125
v 0.001125 -0.007625 -0.004250
v 0.001563 -0.007250 0.005625
v 0.001144 -0.007267 0.006215
v 0.001375 -0.007000 -0.003625
v 0.001063 -0.006750 0.006375
v 0.000875 -0.006500 -0.003625
v 0.001250 -0.006500 0.005875
v 0.001375 -0.006250 0.005750
v 0.001227 -0.006222 0.006176
v 0.001250 -0.005750 -0.003875
v 0.001250 -0.005625 -0.003625
v 0.001500 -0.005750 -0.003875
v 0.001161 -0.005541 0.006173
v 0.001625 -0.005500 -0.003750
v 0.001250 -0.005250 0.005875
v 0.001279 -0.005349 0.006248
v 0.001250 -0.004750 -0.003625
v 0.001125 -0.004750 -0.004000
v 0.001187 -0.004500 0.005937
v 0.001125 -0.004474 0.006526
v 0.001083 -0.004167 -0.003875
v 0.001187 -0.004000 0.005937
v 0.001000 -0.004000 -0.004125
v 0.001312 -0.003813 0.005813
v 0.001000 -0.003500 -0.003875
v 0.001125 -0.003750 0.006500
v 0.001125 -0.003425 0.006873
v 0.001125 -0.003625 0.007000
v 0.001250 -0.003375 0.006500
v 0.001217 -0.003078 0.005901
v 0.001144 -0.003096 0.006464
v 0.001125 -0.003000 0.006750
v 0.001125 -0.002750 -0.004500
v 0.001300 -0.003018 -0.004375
v 0.001350 -0.002847 -0.001280
v 0.001500 -0.002875 0.000750
v 0.001208 -0.002792 0.003375
v 0.001125 -0.002750 0.003750
v 0.001125 -0.002750 0.005000
v 0.001250 -0.002267 -0.004125
v 0.001219 -0.002578 -0.001828
v 0.000750 -0.002625 -0.001536
v 0.001250 -0.002500 -0.001125
v 0.001250 -0.002625 0.000250
v 0.001125 -0.002500 0.001000
v 0.001292 -0.002625 0.003958
v 0.001250 -0.002375 0.005250
v 0.000910 -0.002577 -0.002169
v 0.001297 -0.002188 -0.002141
v 0.001125 -0.002500 0.001792
v 0.001375 -0.002250 0.003125
v 0.001286 -0.002339 0.004853
v 0.001322 -0.002351 0.005769
v 0.001250 -0.002125 0.004000
v 0.001100 -0.002000 -0.004775
v 0.001083 -0.001917 -0.004375
v 0.001125 -0.001750 -0.002500
v 0.001125 -0.001750 -0.002000
v 0.001500 -0.001750 -0.001625
v 0.001257 -0.001431 -0.004333
v 0.001125 -0.001500 -0.002000
v 0.001312 -0.001500 -0.001812
v 0.001428 -0.001326 -0.004567
v 0.001250 -0.001000 -0.003625
v 0.001250 -0.000875 -0.004250
v 0.001303 -0.000855 -0.003928
v 0.001250 -0.000875 -0.003500
v 0.001250 -0.000750 -0.003375
v 0.001187 -0.000750 -0.002438
v 0.001217 -0.000375 -0.002794
v 0.001250 -0.000562 -0.002563
v 0.001083 -0.000375 -0.003667
v 0.001489 -0.040197 -0.002619
v 0.001444 -0.040144 0.002694
v 0.001199 -0.039757 -0.003078
v 0.001494 -0.040031 0.002401
v 0.001375 -0.039750 0.002750
v 0.001500 -0.039875 0.003000
v 0.001375 -0.039133 0.002750
v 0.001375 -0.039500 0.003750
v 0.001344 -0.039375 -0.002531
v 0.001500 -0.039375 0.002500
v 0.001500 -0.039375 0.003500
v 0.001375 -0.039400 0.003792
v 0.001500 -0.039000 -0.002875
v 0.001500 -0.039000 -0.002375
v 0.001375 -0.039000 0.003750
v 0.001211 -0.038989 -0.002675
v 0.001375 -0.038355 0.003250
v 0.001375 -0.039500 0.002750
v 0.001500 -0.038688 0.002937
v 0.001433 -0.038579 0.003942
v 0.001375 -0.038688 0.004250
v 0.001730 -0.038270 -0.002875
v 0.001375 -0.038417 0.003583
v 0.001375 -0.038250 0.004250
v 0.001375 -0.038000 0.003750
v 0.001375 -0.038150 0.004462
v 0.001625 -0.037500 0.003750
v 0.001500 -0.037500 -0.002625
v 0.001292 -0.037667 0.004167
v 0.001375 -0.037750 0.004500
v 0.001250 -0.037500 0.004875
v 0.001264 -0.037395 -0.002875
v 0.001475 -0.037045 0.004105
v 0.001375 -0.037000 -0.003500
v 0.001688 -0.037062 -0.003125
v 0.001500 -0.037250 0.003875
v 0.001250 -0.037000 0.004875
v 0.001406 -0.036750 0.004219
v 0.001625 -0.036750 0.004750
v 0.001500 -0.036375 0.004500
v 0.001333 -0.036417 -0.003125
v 0.001598 -0.036211 0.004692
v 0.001500 -0.036125 0.005000
v 0.001500 -0.035500 0.004875
v 0.001500 -0.035750 0.004625
v 0.001500 -0.035333 -0.003625
v 0.001211 -0.035239 -0.003425
v 0.001500 -0.035250 0.004875
v 0.001750 -0.035295 0.005125
v 0.001542 -0.035356 0.005250
v 0.001750 -0.035000 -0.003625
v 0.001375 -0.035000 -0.003500
v 0.001500 -0.035000 -0.003375
v 0.001750 -0.035000 -0.003125
v 0.001375 -0.034750 -0.004000
v 0.001500 -0.034437 0.005625
v 0.001139 -0.034044 -0.003875
v 0.001500 -0.034000 -0.003625
v 0.001865 -0.034073 -0.003412
v 0.001312 -0.033813 0.005625
v 0.001250 -0.033500 -0.003875
v 0.001750 -0.033250 -0.003875
v 0.001000 -0.033250 -0.004125
v 0.001625 -0.033125 -0.003500
v 0.001500 -0.032750 -0.003625
v 0.001500 -0.032750 0.005375
v 0.001500 -0.032500 -0.003625
v 0.001580 -0.032295 -0.004250
v 0.001250 -0.032250 -0.004125
v 0.001750 -0.032500 0.005875
v 0.001625 -0.031875 0.005500
v 0.001500 -0.031500 -0.004375
v 0.001250 -0.031500 -0.004125
v 0.001696 -0.031438 0.005492
v 0.001375 -0.031000 -0.004500
v 0.001500 -0.030750 -0.003875
v 0.001513 -0.031141 0.005991
v 0.001136 -0.030730 0.005948
v 0.001667 -0.030500 -0.004208
v 0.001500 -0.030500 -0.003875
v 0.001120 -0.030614 0.005922
v 0.001560 -0.030645 0.005633
v 0.001156 -0.030625 0.006125
v 0.001333 -0.030417 -0.004125
v 0.001500 -0.030375 0.005750
v 0.001705 -0.029786 0.005869
v 0.001697 -0.029803 -0.004375
v 0.001750 -0.029750 -0.004375
v 0.001219 -0.029250 -0.004406
v 0.001875 -0.029125 -0.004250
v 0.001739 -0.028053 0.005833
v 0.001063 -0.028945 0.006413
v 0.001500 -0.028500 0.006375
v 0.001581 -0.028570 -0.004435
v 0.001472 -0.028028 -0.004875
v 0.001500 -0.028000 -0.004375
v 0.001563 -0.027937 0.005875
v 0.001500 -0.028000 0.006375
v 0.001500 -0.027750 -0.004375
v 0.001625 -0.027500 0.005875
v 0.001625 -0.027000 0.005875
v 0.001750 -0.026750 -0.004375
v 0.001500 -0.026382 -0.005125
v 0.001500 -0.026313 0.005937
v 0.001593 -0.025761 -0.005042
v 0.001500 -0.026000 0.005875
v 0.001500 -0.025750 0.006375
v 0.001425 -0.025450 -0.004750
v 0.001625 -0.025500 0.005875
v 0.001563 -0.025438 0.006313
v 0.001500 -0.025250 -0.005375
v 0.001625 -0.025000 0.005875
v 0.001500 -0.025000 0.006375
v 0.001500 -0.024563 -0.005375
v 0.001227 -0.024648 -0.005125
v 0.001333 -0.024167 -0.005625
v 0.001333 -0.024417 -0.005125
v 0.001462 -0.023788 -0.005125
v 0.001500 -0.023750 -0.005625
v 0.001625 -0.023625 -0.005000
v 0.001425 -0.023200 -0.005250
v 0.001752 -0.023417 0.005945
v 0.001117 -0.023577 0.006431
v 0.001533 -0.022686 -0.005813
v 0.001339 -0.023303 0.006020
v 0.001500 -0.023000 -0.005625
v 0.001500 -0.022750 0.005875
v 0.001516 -0.022429 -0.005375
v 0.001500 -0.022500 0.006125
v 0.001400 -0.022375 -0.005875
v 0.001333 -0.022167 -0.005625
v 0.001259 -0.022194 0.006328
v 0.001760 -0.021813 -0.005833
v 0.001344 -0.021554 0.006147
v 0.001500 -0.021273 -0.006125
v 0.001450 -0.020972 -0.005875
v 0.001796 -0.021278 0.005801
v 0.001500 -0.020750 -0.006375
v 0.001500 -0.020500 0.006375
v 0.001583 -0.020183 -0.006375
v 0.001500 -0.019500 -0.006875
v 0.001500 -0.019750 -0.006625
v 0.001750 -0.019125 0.005875
v 0.001354 -0.019594 0.006427
v 0.001500 -0.019118 -0.006875
v 0.001500 -0.019125 -0.006500
v 0.001438 -0.019188 0.006375
v 0.001563 -0.018812 -0.007000
v 0.001500 -0.018750 -0.007125
v 0.001602 -0.018648 0.005875
v 0.001250 -0.018625 0.006375
v 0.001625 -0.018250 0.005875
v 0.001375 -0.017750 -0.006875
v 0.001358 -0.017851 0.006166
v 0.001375 -0.017750 0.006375
v 0.002250 -0.017750 -0.007125
v 0.001250 -0.017000 -0.006875
v 0.001500 -0.017500 0.006125
v 0.001500 -0.017000 0.006125
v 0.001714 -0.016250 -0.007089
v 0.001375 -0.016250 -0.006500
v 0.001500 -0.016375 0.006125
v 0.001135 -0.015556 -0.006431
v 0.001500 -0.015500 -0.006625
v 0.001438 -0.015687 -0.006250
v 0.001050 -0.015750 -0.006125
v 0.001250 -0.015000 -0.006375
v 0.001763 -0.014750 -0.006375
v 0.001750 -0.014750 0.006375
v 0.001500 -0.014107 -0.005732
v 0.001312 -0.014250 0.006375
v 0.001500 -0.014000 -0.006125
v 0.001125 -0.013687 0.006125
v 0.001500 -0.013500 0.006125
v 0.001750 -0.013250 -0.005625
v 0.001500 -0.013250 -0.005375
v 0.001500 -0.012750 -0.005625
v 0.001500 -0.012625 0.006125
v 0.001500 -0.012375 -0.005250
v 0.001187 -0.012063 0.006375
v 0.001667 -0.012167 0.006375
v 0.001688 -0.011812 0.005875
v 0.001250 -0.011250 -0.004875
v 0.001656 -0.011000 0.005875
v 0.001500 -0.011000 0.006375
v 0.001563 -0.010875 -0.004875
v 0.001625 -0.010500 -0.005125
v 0.001611 -0.010647 0.005875
v 0.001363 -0.010305 -0.004931
v 0.001750 -0.010250 -0.004625
v 0.001348 -0.010286 0.006313
v 0.001688 -0.010000 0.005750
v 0.002250 -0.009750 -0.004875
v 0.001438 -0.009625 -0.004500
v 0.001375 -0.009750 0.006250
v 0.001625 -0.009500 -0.004875
v 0.002000 -0.009250 -0.004625
v 0.001345 -0.008908 0.006187
v 0.002219 -0.008760 -0.004626
v 0.001559 -0.008609 0.005675
v 0.001625 -0.008500 0.005625
v 0.001500 -0.008250 -0.004375
v 0.001625 -0.008250 0.005625
v 0.001375 -0.008000 0.006125
v 0.001583 -0.007655 -0.004196
v 0.001875 -0.007500 0.005375
v 0.001375 -0.007000 0.006125
v 0.001912 -0.006829 -0.003875
v 0.001750 -0.006500 -0.003625
v 0.001292 -0.006000 -0.003583
v 0.001250 -0.006000 0.005875
v 0.002000 -0.005250 0.005125
v 0.001333 -0.005167 -0.003625
v 0.001500 -0.004781 0.005625
v 0.001500 -0.004750 -0.003625
v 0.001187 -0.005000 0.006438
v 0.001250 -0.004750 -0.003875
v 0.001542 -0.004092 -0.004125
v 0.001387 -0.003886 -0.003717
v 0.001937 -0.003500 0.005187
v 0.001375 -0.003500 0.006282
v 0.001604 -0.003324 -0.004125
v 0.001500 -0.003250 -0.003875
v 0.001750 -0.003000 0.005375
v 0.001650 -0.003000 -0.003725
v 0.001500 -0.003000 0.006125
v 0.001375 -0.002750 -0.004000
v 0.001711 -0.002879 -0.000943
v 0.001750 -0.002875 0.000250
v 0.001697 -0.002625 0.000803
v 0.001257 -0.002615 0.001548
v 0.001386 -0.002756 0.001806
v 0.001500 -0.002875 0.005500
v 0.001543 -0.002621 -0.001763
v 0.001375 -0.002500 -0.001000
v 0.001500 -0.002625 0.000250
v 0.001512 -0.002555 0.001635
v 0.001500 -0.002625 0.003250
v 0.001538 -0.002375 0.003979
v 0.001154 -0.002625 0.004313
v 0.001500 -0.002625 0.004750
v 0.001475 -0.001942 -0.004125
v 0.001500 -0.002250 -0.001875
v 0.001250 -0.002375 -0.001363
v 0.001574 -0.002324 -0.001019
v 0.001500 -0.002375 0.000667
v 0.001455 -0.002375 0.000795
v 0.001361 -0.002493 0.001417
v 0.001500 -0.002375 0.004500
v 0.001568 -0.002409 0.005784
v 0.001333 -0.001917 -0.004625
v 0.001375 -0.002000 -0.002250
v 0.001281 -0.002188 -0.001625
v 0.001500 -0.002125 0.002750
v 0.001571 -0.002125 0.004071
v 0.001417 -0.002125 0.004667
v 0.001625 -0.001750 -0.002000
v 0.001500 -0.001500 -0.004625
v 0.001438 -0.001500 -0.002438
v 0.001500 -0.001500 -0.001625
v 0.001594 -0.001312 -0.001719
v 0.001552 -0.001300 -0.004441
v 0.001500 -0.001125 -0.003750
v 0.001375 -0.001000 -0.003500
v 0.001750 -0.001125 -0.003250
v 0.001537 -0.000960 -0.002609
v 0.001292 -0.001208 -0.002125
v 0.001500 -0.001125 -0.002000
v 0.001365 -0.000646 -0.003152
v 0.001530 -0.000584 -0.002983
v 0.001472 -0.000679 -0.002673
v 0.001500 -0.000375 -0.003500
v 0.001629 -0.000272 -0.003206
v 0.001649 -0.040093 -0.002108
v 0.001772 -0.039834 -0.002553
v 0.001648 -0.039793 0.001231
v 0.001625 -0.039518 -0.002232
v 0.001625 -0.039250 0.001750
v 0.001616 -0.039913 0.002371
v 0.001625 -0.039375 -0.002750
v 0.001750 -0.039437 0.001438
v 0.001625 -0.039250 0.002500
v 0.001750 -0.039375 0.002750
v 0.001610 -0.039387 0.003387
v 0.001750 -0.039000 -0.002625
v 0.001688 -0.039000 -0.002188
v 0.001625 -0.038875 0.002125
v 0.001625 -0.039000 0.002500
v 0.001625 -0.038917 0.003583
v 0.001750 -0.038750 -0.002875
v 0.001875 -0.038818 -0.002182
v 0.001750 -0.038875 0.002000
v 0.001875 -0.038857 0.003000
v 0.001500 -0.038500 -0.002625
v 0.001625 -0.038133 0.002750
v 0.001625 -0.038500 0.003000
v 0.001625 -0.038883 0.003250
v 0.001625 -0.038268 0.003750
v 0.001750 -0.038375 0.003500
v 0.001750 -0.038469 0.002406
v 0.001625 -0.038250 0.003000
v 0.001750 -0.038000 -0.002875
v 0.001563 -0.038000 -0.002563
v 0.001750 -0.038000 0.002625
v 0.001625 -0.037250 0.003750
v 0.001750 -0.037750 -0.002375
v 0.001625 -0.037917 0.004000
v 0.001750 -0.037750 0.003875
v 0.001583 -0.037417 -0.003125
v 0.001510 -0.037740 -0.002625
v 0.001625 -0.037750 0.003000
v 0.001625 -0.037500 0.003250
v 0.001625 -0.037635 0.004250
v 0.001625 -0.037500 0.004500
v 0.001750 -0.037500 -0.002875
v 0.001750 -0.037250 -0.002625
v 0.001792 -0.037077 0.004356
v 0.001875 -0.037167 -0.003000
v 0.001875 -0.036972 0.003500
v 0.001625 -0.036917 0.003750
v 0.001636 -0.036726 0.004706
v 0.001766 -0.036679 -0.003125
v 0.001750 -0.036500 0.003875
v 0.001625 -0.036699 0.003875
v 0.001745 -0.036359 0.004600
v 0.001500 -0.036083 -0.003625
v 0.002000 -0.036250 -0.003125
v 0.001625 -0.036500 -0.003250
v 0.001750 -0.036250 -0.002875
v 0.001845 -0.036424 -0.002625
v 0.001750 -0.036375 0.004000
v 0.001674 -0.036050 0.004613
v 0.001688 -0.036000 -0.002937
v 0.001875 -0.036000 0.004250
v 0.001450 -0.036050 0.005125
v 0.001625 -0.035750 0.005000
v 0.001812 -0.035813 0.004812
v 0.001512 -0.035488 -0.003625
v 0.001625 -0.035500 0.004750
v 0.001875 -0.035611 0.004389
v 0.001510 -0.035490 -0.003125
v 0.001875 -0.034500 -0.003500
v 0.001375 -0.034750 -0.003500
v 0.001450 -0.034800 0.005125
v 0.001652 -0.034417 -0.003274
v 0.001688 -0.034500 0.004938
v 0.001295 -0.034250 0.005330
v 0.001500 -0.033800 -0.004125
v 0.001916 -0.034187 -0.003524
v 0.001750 -0.034125 0.005500
v 0.001937 -0.033750 -0.003688
v 0.001906 -0.033500 -0.003719
v 0.001768 -0.033545 0.005607
v 0.001937 -0.033250 0.005187
v 0.001500 -0.033000 0.005625
v 0.001760 -0.032990 -0.003875
v 0.001650 -0.032950 -0.003525
v 0.001750 -0.033000 0.005375
v 0.001750 -0.032750 -0.003875
v 0.001688 -0.032688 0.005750
v 0.001750 -0.032000 0.005375
v 0.001500 -0.031875 -0.004375
v 0.001750 -0.031750 0.005875
v 0.001750 -0.031500 -0.004125
v 0.001750 -0.031250 -0.003625
v 0.001817 -0.030683 -0.003625
v 0.002037 -0.030550 0.005472
v 0.001750 -0.030429 -0.003875
v 0.001750 -0.030250 -0.004375
v 0.001500 -0.029750 -0.004125
v 0.000988 -0.029512 -0.004625
v 0.001531 -0.029437 0.006125
v 0.001750 -0.029000 -0.003875
v 0.001875 -0.029125 0.005750
v 0.001616 -0.028619 -0.004292
v 0.001563 -0.028847 -0.004125
v 0.001875 -0.028875 0.005750
v 0.001566 -0.028270 -0.004317
v 0.001750 -0.028250 -0.004625
v 0.001500 -0.028250 0.006375
v 0.001875 -0.027750 0.005750
v 0.001750 -0.027500 -0.004625
v 0.001583 -0.027167 -0.004875
v 0.001500 -0.027250 -0.004375
v 0.001937 -0.027375 0.005687
v 0.001625 -0.027375 0.006250
v 0.001543 -0.026989 -0.004482
v 0.001750 -0.026750 -0.004875
v 0.001625 -0.026750 -0.004500
v 0.002000 -0.026937 0.005750
v 0.001625 -0.026875 0.006250
v 0.001875 -0.026625 0.005750
v 0.001759 -0.025991 -0.004875
v 0.001812 -0.025937 0.005813
v 0.001750 -0.025750 -0.004875
v 0.001447 -0.025721 -0.004688
v 0.001750 -0.025750 0.006125
v 0.001384 -0.025498 -0.005264
v 0.001937 -0.025375 0.005687
v 0.001667 -0.025111 -0.004708
v 0.001750 -0.024750 -0.004625
v 0.001927 -0.024760 0.005708
v 0.001375 -0.024906 0.006313
v 0.001583 -0.024417 -0.005375
v 0.001688 -0.024250 -0.004938
v 0.001552 -0.024058 0.005875
v 0.001563 -0.024438 0.006313
v 0.001727 -0.024023 -0.005375
v 0.001777 -0.023869 0.005765
v 0.001625 -0.024000 0.006250
v 0.001531 -0.023427 -0.005625
v 0.001675 -0.023450 -0.005000
v 0.001802 -0.023365 0.005683
v 0.001875 -0.023000 0.005625
v 0.001773 -0.023076 0.006125
v 0.001625 -0.022750 0.006250
v 0.001750 -0.022500 -0.005125
v 0.001625 -0.022250 0.006125
v 0.001583 -0.022417 -0.005875
v 0.001750 -0.021929 -0.005375
v 0.001750 -0.021750 -0.005875
v 0.001607 -0.021500 0.005768
v 0.001750 -0.021500 0.006125
v 0.001800 -0.021565 -0.005875
v 0.001964 -0.021346 -0.005911
v 0.001750 -0.020917 -0.005625
v 0.001500 -0.021125 0.006125
v 0.001714 -0.020883 -0.006125
v 0.001750 -0.020625 0.005875
v 0.001536 -0.020636 -0.005875
v 0.001750 -0.020500 0.006125
v 0.001333 -0.020345 -0.006125
v 0.001750 -0.020125 0.005875
v 0.001375 -0.020250 0.006375
v 0.001625 -0.020000 -0.006500
v 0.001857 -0.020107 0.006125
v 0.002000 -0.019500 -0.006625
v 0.001583 -0.019689 -0.006125
v 0.001750 -0.019625 0.005875
v 0.001750 -0.019500 -0.006625
v 0.001750 -0.019250 -0.006625
v 0.001625 -0.019375 -0.006375
v 0.001500 -0.019000 -0.006625
v 0.001906 -0.018750 -0.006469
v 0.001750 -0.018500 0.005875
v 0.001750 -0.018250 -0.007125
v 0.001625 -0.018375 0.006250
v 0.001667 -0.018176 -0.006708
v 0.001750 -0.017750 0.005875
v 0.001708 -0.017792 0.006375
v 0.002300 -0.017450 -0.007125
v 0.001812 -0.017000 0.005813
v 0.002062 -0.017000 -0.007125
v 0.001969 -0.016313 0.005656
v 0.001563 -0.016625 0.006375
v 0.001625 -0.016500 -0.006750
v 0.001750 -0.015850 -0.006475
v 0.001500 -0.016000 0.006125
v 0.001500 -0.015875 -0.006750
v 0.001405 -0.015914 0.006194
v 0.001375 -0.015750 0.006375
v 0.001750 -0.015625 -0.006750
v 0.001500 -0.015500 0.006125
v 0.001750 -0.015250 -0.006125
v 0.001750 -0.015125 -0.006500
v 0.001500 -0.015000 0.006125
v 0.001500 -0.014750 0.006125
v 0.001167 -0.014750 -0.005875
v 0.001500 -0.014500 0.006125
v 0.001750 -0.014500 0.006375
v 0.001750 -0.014125 0.006375
v 0.001750 -0.014000 -0.006125
v 0.001950 -0.013550 -0.005875
v 0.002000 -0.013750 0.005625
v 0.001750 -0.013250 0.006375
v 0.001500 -0.012917 -0.005792
v 0.001719 -0.012219 0.005875
v 0.001688 -0.012125 -0.005500
v 0.001750 -0.012000 0.006125
v 0.002559 -0.011941 -0.005374
v 0.001563 -0.011625 0.006313
v 0.001625 -0.011375 -0.005000
v 0.001750 -0.011250 0.005875
v 0.001625 -0.011250 -0.005375
v 0.002000 -0.010250 -0.005125
v 0.001750 -0.010250 0.005625
v 0.001875 -0.010125 -0.004625
v 0.001609 -0.009859 0.006125
v 0.001750 -0.009750 -0.004625
v 0.001750 -0.009750 0.005625
v 0.001750 -0.009500 0.006125
v 0.001563 -0.009250 -0.004375
v 0.001708 -0.009208 0.005625
v 0.001750 -0.008875 -0.004250
v 0.001195 -0.008584 -0.004395
v 0.001656 -0.009000 0.005969
v 0.002034 -0.008259 -0.004393
v 0.001500 -0.008375 0.006063
v 0.001906 -0.008187 -0.004062
v 0.001675 -0.007800 0.005500
v 0.001750 -0.008062 0.005937
v 0.002333 -0.008000 -0.003875
v 0.001438 -0.007652 0.006089
v 0.001625 -0.007250 -0.003875
v 0.001750 -0.007000 0.005375
v 0.001750 -0.007000 -0.004125
v 0.001375 -0.006625 0.006125
v 0.002162 -0.006434 0.005161
v 0.002000 -0.005750 0.005125
v 0.001750 -0.006250 0.005875
v 0.001750 -0.005750 -0.003625
v 0.001750 -0.005250 -0.003625
v 0.001750 -0.005125 -0.003750
v 0.001889 -0.005000 -0.003736
v 0.002125 -0.004250 0.005000
v 0.001500 -0.005250 0.006125
v 0.001750 -0.004500 -0.003625
v 0.001688 -0.004500 0.005437
v 0.001844 -0.004156 -0.003875
v 0.001594 -0.004375 0.006031
v 0.001979 -0.003868 -0.003875
v 0.001679 -0.003571 -0.003625
v 0.001937 -0.003000 0.005187
v 0.001750 -0.003187 0.005875
v 0.001519 -0.002572 -0.004375
v 0.001536 -0.002726 -0.003875
v 0.001816 -0.002674 -0.001160
v 0.001500 -0.002875 0.000538
v 0.001661 -0.002661 0.005356
v 0.001500 -0.002750 0.006125
v 0.001804 -0.002446 -0.004125
v 0.001625 -0.002313 -0.000937
v 0.001750 -0.002625 0.000750
v 0.001583 -0.002625 0.002167
v 0.001750 -0.002375 0.002250
v 0.001286 -0.002839 0.002250
v 0.001875 -0.002375 0.002875
v 0.001750 -0.002375 0.003000
v 0.001713 -0.002425 0.003737
v 0.001865 -0.002367 0.005146
v 0.001735 -0.002484 0.005111
v 0.001754 -0.001957 -0.001224
v 0.001625 -0.002313 -0.000438
v 0.001563 -0.002563 0.000000
v 0.001821 -0.002375 0.005555
v 0.001917 -0.002000 -0.004208
v 0.001819 -0.002176 -0.001838
v 0.001625 -0.002000 -0.001500
v 0.002000 -0.001875 0.000000
v 0.001781 -0.002094 0.001563
v 0.001875 -0.002000 0.001750
v 0.001564 -0.002125 0.001936
v 0.001500 -0.002125 0.002250
v 0.001812 -0.002000 0.002594
v 0.001389 -0.002250 0.003736
v 0.001656 -0.002094 0.003602
v 0.001750 -0.002125 0.004500
v 0.001605 -0.001895 -0.004375
v 0.001750 -0.001750 -0.003875
v 0.001844 -0.001750 -0.001844
v 0.001352 -0.001462 -0.004187
v 0.001719 -0.001232 -0.003865
v 0.001750 -0.001500 -0.002125
v 0.001625 -0.001500 -0.001500
v 0.001750 -0.001250 -0.002125
v 0.001750 -0.001000 -0.003125
v 0.001781 -0.000969 -0.002375
v 0.001750 -0.001000 -0.001875
v 0.001485 -0.000847 -0.003752
v 0.001455 -0.000562 -0.003625
v 0.002000 -0.000875 -0.003500
v 0.002000 -0.000500 -0.003125
v 0.001750 -0.000625 -0.002250
v 0.001553 -0.000664 -0.002171
v 0.001543 -0.000111 -0.002767
v 0.001954 -0.040158 -0.002076
v 0.001940 -0.040097 0.000439
v 0.001935 -0.040077 0.001260
v 0.002000 -0.039875 0.001500
v 0.002075 -0.039419 -0.002244
v 0.001944 -0.039797 -0.001708
v 0.002106 -0.039872 0.000344
v 0.001875 -0.039750 0.001000
v 0.001875 -0.039750 0.001750
v 0.001696 -0.039848 0.001897
v 0.001875 -0.039750 0.002250
v 0.002082 -0.039339 -0.001526
v 0.001875 -0.039333 0.001250
v 0.001875 -0.039500 -0.002500
v 0.001875 -0.039242 -0.001958
v 0.001968 -0.039471 0.000535
v 0.001875 -0.039250 0.001000
v 0.002000 -0.039375 0.002000
v 0.001875 -0.039375 0.002125
v 0.001875 -0.039017 0.002500
v 0.001875 -0.039000 -0.002500
v 0.001875 -0.039000 0.001750
v 0.001869 -0.038764 0.001284
v 0.001875 -0.038375 0.003375
v 0.002125 -0.038500 -0.002500
v 0.001875 -0.038500 -0.002250
v 0.001913 -0.038488 0.001648
v 0.001875 -0.038229 0.002500
v 0.001875 -0.038500 0.002750
v 0.001693 -0.038238 -0.002443
v 0.001875 -0.038333 -0.002167
v 0.001875 -0.038625 0.001812
v 0.001875 -0.038250 0.003000
v 0.001833 -0.037917 -0.002875
v 0.001875 -0.037750 0.002750
v 0.001875 -0.038000 0.003250
v 0.001875 -0.038000 0.003750
v 0.002000 -0.037750 -0.002125
v 0.002000 -0.037875 0.002000
v 0.001875 -0.038000 0.002000
v 0.002000 -0.037750 -0.002875
v 0.002125 -0.037568 -0.002182
v 0.001866 -0.037307 0.002801
v 0.001875 -0.037763 0.003556
v 0.002125 -0.037500 0.003250
v 0.001875 -0.037250 -0.002500
v 0.002000 -0.037469 0.002406
v 0.001875 -0.037250 0.003250
v 0.001875 -0.037250 0.003750
v 0.001500 -0.037000 -0.002875
v 0.001875 -0.037083 0.004250
v 0.002000 -0.037000 0.003875
v 0.002000 -0.036750 -0.002875
v 0.002125 -0.036850 -0.002250
v 0.001931 -0.036937 0.002841
v 0.001890 -0.036768 0.003214
v 0.002000 -0.036625 -0.003000
v 0.001833 -0.036667 -0.002625
v 0.001875 -0.036512 0.004458
v 0.001900 -0.036251 0.003661
v 0.001857 -0.036580 0.003453
v 0.002250 -0.036000 -0.002875
v 0.002125 -0.035875 0.004500
v 0.002000 -0.035750 -0.002625
v 0.002000 -0.036000 0.003625
v 0.002132 -0.035368 -0.002625
v 0.001875 -0.035341 0.004250
v 0.001937 -0.035500 0.004938
v 0.001875 -0.035250 -0.003500
v 0.002000 -0.035250 -0.003375
v 0.002125 -0.035250 -0.003250
v 0.001937 -0.035250 -0.002937
v 0.001875 -0.035250 0.004500
v 0.001750 -0.035143 0.005125
v 0.002125 -0.035000 -0.003250
v 0.002083 -0.034917 0.004375
v 0.001906 -0.034500 -0.002969
v 0.001937 -0.034750 0.004688
v 0.002000 -0.034750 0.005125
v 0.002125 -0.034104 0.004500
v 0.002000 -0.034250 -0.003125
v 0.001716 -0.034672 0.005333
v 0.001811 -0.034050 0.005514
v 0.002125 -0.033955 0.004750
v 0.001750 -0.033643 0.005125
v 0.001937 -0.033500 -0.003187
v 0.002125 -0.033312 0.004875
v 0.002098 -0.033100 -0.003494
v 0.002038 -0.032795 0.005125
v 0.002000 -0.032500 -0.003875
v 0.001688 -0.032585 0.005375
v 0.002000 -0.032250 -0.003875
v 0.001893 -0.032500 0.005732
v 0.002000 -0.032000 -0.003875
v 0.002250 -0.032000 0.005375
v 0.001875 -0.032000 0.005750
v 0.002250 -0.031250 -0.003125
v 0.001875 -0.031125 -0.004000
v 0.001900 -0.030950 -0.004025
v 0.002000 -0.030500 -0.004125
v 0.001668 -0.030750 0.006034
v 0.001972 -0.030278 -0.004125
v 0.002167 -0.030083 0.005625
v 0.001918 -0.030565 0.005937
v 0.001937 -0.030250 -0.003688
v 0.001917 -0.030012 0.005933
v 0.002094 -0.029750 -0.004031
v 0.001886 -0.029782 0.005709
v 0.002375 -0.029625 -0.003750
v 0.002125 -0.029500 0.005625
v 0.001917 -0.029583 0.006125
v 0.001925 -0.029200 -0.003750
v 0.002041 -0.028772 -0.004312
v 0.002000 -0.029000 -0.004125
v 0.001688 -0.028705 0.006125
v 0.002000 -0.028500 -0.004375
v 0.002250 -0.028625 0.005625
v 0.001851 -0.028305 -0.004509
v 0.002000 -0.028125 0.005625
v 0.002000 -0.028250 0.006125
v 0.001937 -0.027875 -0.004438
v 0.001750 -0.027500 -0.004125
v 0.001625 -0.027625 0.006250
v 0.001625 -0.027125 0.006250
v 0.001950 -0.027050 -0.004625
v 0.001625 -0.026625 0.006250
v 0.002257 -0.026243 -0.004375
v 0.002000 -0.026500 0.005625
v 0.002000 -0.026500 0.006125
v 0.001922 -0.026375 -0.004203
v 0.002000 -0.026250 0.005625
v 0.002250 -0.026000 -0.004375
v 0.001625 -0.026062 0.006250
v 0.001766 -0.025929 -0.004375
v 0.002250 -0.026000 -0.003875
v 0.002000 -0.025500 -0.004875
v 0.001750 -0.025250 0.006125
v 0.002010 -0.024990 -0.004875
v 0.002000 -0.024750 -0.004875
v 0.001786 -0.024726 -0.004625
v 0.001750 -0.024750 0.006125
v 0.002000 -0.024233 -0.005125
v 0.002125 -0.024250 0.005500
v 0.002042 -0.023958 -0.005125
v 0.002200 -0.023550 -0.004625
v 0.001853 -0.023609 0.006001
v 0.001833 -0.023667 -0.004875
v 0.001750 -0.023250 -0.005625
v 0.001875 -0.023500 -0.005250
v 0.001910 -0.023320 0.005863
v 0.002010 -0.022740 -0.005375
v 0.001937 -0.022929 -0.004938
v 0.002000 -0.022750 0.005625
v 0.002000 -0.022500 -0.005375
v 0.001955 -0.022433 -0.005125
v 0.002000 -0.022500 0.005625
v 0.001937 -0.022250 -0.005687
v 0.002000 -0.021750 -0.005625
v 0.001833 -0.021917 -0.005375
v 0.002000 -0.021875 0.005625
v 0.001812 -0.021938 0.006063
v 0.002000 -0.021417 0.005958
v 0.002250 -0.021250 -0.005125
v 0.002000 -0.021250 0.005625
v 0.002000 -0.021000 -0.005875
v 0.001650 -0.021294 -0.005625
v 0.002025 -0.020634 -0.005625
v 0.001875 -0.020750 0.005750
v 0.002000 -0.020625 0.006125
v 0.001787 -0.020507 -0.006275
v 0.002172 -0.020094 -0.006175
v 0.002013 -0.020188 -0.005675
v 0.002000 -0.020250 -0.006125
v 0.001812 -0.020000 -0.006063
v 0.002000 -0.019750 -0.005875
v 0.002125 -0.019500 0.005500
v 0.002167 -0.019750 -0.006208
v 0.001688 -0.019750 0.006125
v 0.001883 -0.019200 -0.006292
v 0.002125 -0.019000 0.005500
v 0.001937 -0.018938 -0.006750
v 0.002062 -0.018625 0.005563
v 0.001875 -0.018500 0.006125
v 0.002000 -0.018675 -0.006875
v 0.001750 -0.018375 -0.006625
v 0.002250 -0.018000 -0.006625
v 0.002000 -0.018000 -0.007125
v 0.002000 -0.018000 -0.006625
v 0.002125 -0.018000 0.005500
v 0.002000 -0.017750 -0.007125
v 0.001500 -0.018000 -0.006875
v 0.002125 -0.017625 -0.006625
v 0.001844 -0.017313 -0.006875
v 0.002000 -0.017375 0.005625
v 0.001875 -0.017000 -0.006875
v 0.001750 -0.017125 0.006375
v 0.002313 -0.016750 -0.007125
v 0.002000 -0.016000 -0.007125
v 0.002000 -0.016200 -0.006825
v 0.002125 -0.016500 0.005500
v 0.002125 -0.015750 0.005500
v 0.001750 -0.016000 0.006375
v 0.001746 -0.016015 -0.007085
v 0.002000 -0.015850 -0.006475
v 0.002000 -0.015375 0.005625
v 0.001750 -0.015500 0.006375
v 0.001921 -0.015500 -0.006375
v 0.002000 -0.015417 -0.006292
v 0.002000 -0.015000 -0.006625
v 0.001529 -0.014870 -0.005995
v 0.002000 -0.014875 0.005625
v 0.001975 -0.014379 -0.006229
v 0.002000 -0.014500 -0.005875
v 0.001875 -0.014250 0.005750
v 0.002071 -0.013963 -0.005659
v 0.002158 -0.013941 0.005496
v 0.002177 -0.013614 -0.006057
v 0.001937 -0.013500 0.006187
v 0.002800 -0.013350 -0.005875
v 0.002000 -0.013500 0.005625
v 0.002250 -0.013000 -0.005375
v 0.001750 -0.013000 0.006375
v 0.002250 -0.012906 -0.005781
v 0.001875 -0.012750 0.005750
v 0.002125 -0.012500 0.005500
v 0.001750 -0.012750 0.006375
v 0.001875 -0.012250 -0.005125
v 0.002000 -0.012250 0.005625
v 0.002000 -0.012250 0.006125
v 0.001781 -0.012251 -0.005595
v 0.002125 -0.012000 0.005500
v 0.002000 -0.011389 -0.005014
v 0.002125 -0.011250 0.005500
v 0.001625 -0.011375 0.006250
v 0.001812 -0.010937 0.006187
v 0.002000 -0.011000 -0.005125
v 0.002000 -0.010750 0.006125
v 0.002000 -0.010625 -0.004750
v 0.002000 -0.010500 0.005625
v 0.002233 -0.009991 -0.004847
v 0.002000 -0.010000 0.005875
v 0.001750 -0.009500 -0.004375
v 0.002125 -0.009875 0.005875
v 0.002000 -0.009500 -0.004875
v 0.002038 -0.009455 0.005542
v 0.001850 -0.009250 0.005525
v 0.002172 -0.008922 0.005375
v 0.002000 -0.009000 0.005875
v 0.002000 -0.008500 -0.004375
v 0.002078 -0.008281 0.005297
v 0.002000 -0.008000 0.005375
v 0.001925 -0.007800 0.005750
v 0.002583 -0.007750 -0.004125
v 0.002000 -0.007250 -0.003625
v 0.001833 -0.007250 -0.004125
v 0.001875 -0.007000 -0.004000
v 0.002083 -0.006750 -0.003625
v 0.002521 -0.007229 -0.003879
v 0.002000 -0.006750 0.005375
v 0.002000 -0.006875 0.005625
v 0.002000 -0.006250 -0.003875
v 0.002000 -0.006375 -0.003500
v 0.002000 -0.006250 0.005125
v 0.002000 -0.006000 -0.003625
v 0.001875 -0.006000 -0.003375
v 0.002228 -0.006060 0.005060
v 0.001500 -0.005875 0.006125
v 0.002156 -0.005719 -0.003625
v 0.001500 -0.005500 -0.003375
v 0.002321 -0.005582 0.005170
v 0.001781 -0.005625 0.005844
v 0.001694 -0.004993 -0.003375
v 0.002125 -0.004750 0.005000
v 0.001800 -0.004700 -0.003875
v 0.001781 -0.004875 0.005844
v 0.002359 -0.004391 -0.003625
v 0.001875 -0.004500 0.005750
v 0.001825 -0.004000 -0.003550
v 0.002125 -0.003750 0.005000
v 0.001969 -0.004000 0.005656
v 0.002000 -0.003500 -0.003625
v 0.001812 -0.003090 -0.004125
v 0.002088 -0.003162 -0.003875
v 0.001973 -0.002568 0.005648
v 0.001828 -0.002766 -0.000469
v 0.001875 -0.002530 0.000470
v 0.001824 -0.002841 0.000209
v 0.001901 -0.002699 0.005691
v 0.001750 -0.002500 -0.003875
v 0.001875 -0.002500 -0.001500
v 0.001875 -0.002500 -0.000750
v 0.001875 -0.002500 -0.000250
v 0.001750 -0.002625 0.001500
v 0.001938 -0.002629 0.005168
v 0.002000 -0.002250 -0.004125
v 0.001807 -0.002558 -0.001205
v 0.002062 -0.002313 -0.000687
v 0.002250 -0.002125 0.000500
v 0.001875 -0.002250 0.003750
v 0.001732 -0.002375 0.003939
v 0.002000 -0.001875 0.000250
v 0.002000 -0.002125 0.004000
v 0.001846 -0.002111 0.005178
v 0.002000 -0.001812 -0.003625
v 0.001875 -0.001971 -0.001750
v 0.001805 -0.002055 0.000515
v 0.002000 -0.001875 0.002875
v 0.001929 -0.001875 0.003571
v 0.001979 -0.001875 0.004229
v 0.002250 -0.001500 -0.003875
v 0.001970 -0.001126 -0.004125
v 0.001875 -0.001250 -0.001500
v 0.001955 -0.001427 -0.000958
v 0.002126 -0.001080 -0.003190
v 0.001875 -0.001000 -0.001750
v 0.002000 -0.001000 -0.001625
v 0.002375 -0.001000 -0.001250
v 0.001969 -0.000750 -0.002406
v 0.002000 -0.000875 -0.002250
v 0.001875 -0.000750 -0.001750
v 0.002000 -0.000750 -0.001625
v 0.002379 -0.000554 -0.002215
v 0.001500 -0.000750 -0.002125
v 0.001796 -0.000077 -0.002893
v 0.001951 -0.000182 -0.002263
v 0.002125 -0.040000 0.000500
v 0.002107 -0.040076 0.001192
v 0.002195 -0.039745 -0.001446
v 0.002156 -0.039781 -0.000125
v 0.002125 -0.039500 -0.002000
v 0.002117 -0.039848 -0.001851
v 0.002125 -0.039500 0.001000
v 0.002125 -0.039250 0.001438
v 0.002396 -0.039053 -0.001668
v 0.002250 -0.039062 0.001312
v 0.002125 -0.039250 0.002000
v 0.002250 -0.039125 -0.002000
v 0.002125 -0.039000 -0.001750
v 0.002125 -0.039000 -0.001000
v 0.002348 -0.038949 -0.000552
v 0.002125 -0.039000 0.000250
v 0.002132 -0.039175 0.000790
v 0.002125 -0.038750 0.001750
v 0.002125 -0.038750 -0.002500
v 0.002062 -0.038500 -0.001812
v 0.002125 -0.039120 -0.000450
v 0.002193 -0.038250 -0.001682
v 0.002125 -0.038500 0.000750
v 0.002124 -0.038536 0.001010
v 0.002125 -0.038500 0.001500
v 0.002125 -0.038375 0.002375
v 0.002125 -0.038875 0.002250
v 0.002125 -0.038250 -0.002500
v 0.002125 -0.038250 0.001500
v 0.002250 -0.038375 0.002000
v 0.002125 -0.038375 0.002125
v 0.002125 -0.038097 -0.001875
v 0.002375 -0.037754 -0.001646
v 0.002125 -0.037625 0.001625
v 0.002125 -0.038000 0.001750
v 0.002250 -0.038000 0.002375
v 0.002125 -0.038125 0.002625
v 0.002375 -0.038000 -0.002250
v 0.002250 -0.037750 -0.001875
v 0.002250 -0.037937 0.001187
v 0.002125 -0.037750 0.003250
v 0.002375 -0.037500 0.001500
v 0.002250 -0.037500 0.002625
v 0.002375 -0.037250 -0.002500
v 0.002125 -0.037333 -0.002167
v 0.002375 -0.037167 0.001750
v 0.002125 -0.037014 0.002111
v 0.002125 -0.037250 0.002500
v 0.002125 -0.037567 0.002750
v 0.002375 -0.037250 0.002750
v 0.002125 -0.036875 0.003625
v 0.002125 -0.037250 0.003500
v 0.002125 -0.037000 0.003250
v 0.002125 -0.037000 0.003750
v 0.002266 -0.036949 -0.002625
v 0.002375 -0.036875 -0.002000
v 0.002250 -0.036750 0.002125
v 0.002125 -0.036750 0.002250
v 0.002125 -0.036750 0.003500
v 0.002188 -0.036500 -0.002937
v 0.002250 -0.036625 0.002250
v 0.002250 -0.036500 0.002375
v 0.002125 -0.036500 0.002500
v 0.002133 -0.036621 0.002932
v 0.002125 -0.036500 0.003750
v 0.002125 -0.036500 0.004250
v 0.002544 -0.036402 -0.002585
v 0.002188 -0.036250 -0.002438
v 0.002250 -0.036375 0.002500
v 0.002250 -0.036250 0.002625
v 0.002125 -0.036250 0.002750
v 0.002125 -0.036250 0.003500
v 0.002250 -0.036312 0.003813
v 0.002125 -0.036000 0.003000
v 0.002129 -0.035936 0.003341
v 0.002125 -0.035972 0.004333
v 0.002250 -0.035500 -0.002875
v 0.002175 -0.035700 -0.002500
v 0.002375 -0.036000 0.002750
v 0.002125 -0.035125 0.004000
v 0.002125 -0.035500 0.004000
v 0.002250 -0.035500 0.004375
v 0.002250 -0.035250 -0.003125
v 0.002125 -0.035500 0.004500
v 0.002125 -0.035250 0.004750
v 0.002125 -0.035375 0.003625
v 0.002250 -0.035000 0.003875
v 0.002000 -0.034500 -0.003375
v 0.002375 -0.034750 0.004000
v 0.002125 -0.034591 0.004250
v 0.002062 -0.035000 0.004812
v 0.002172 -0.034562 0.004953
v 0.002313 -0.034500 -0.003062
v 0.002250 -0.034250 -0.003375
v 0.001881 -0.034152 -0.003267
v 0.002250 -0.034000 0.004375
v 0.002125 -0.034000 0.004750
v 0.002250 -0.034000 -0.003375
v 0.001891 -0.033750 -0.003234
v 0.002250 -0.033875 0.005125
v 0.001920 -0.033166 -0.003271
v 0.002375 -0.033227 0.004750
v 0.002131 -0.032983 -0.003276
v 0.002107 -0.033222 0.005500
v 0.002313 -0.033000 0.005313
v 0.002125 -0.032750 -0.003750
v 0.002137 -0.032910 -0.003433
v 0.002125 -0.032750 -0.003250
v 0.001965 -0.032313 0.005347
v 0.002118 -0.032382 0.005625
v 0.001750 -0.032250 -0.003625
v 0.002344 -0.032250 0.005031
v 0.002250 -0.032000 0.005625
v 0.002031 -0.031875 -0.003344
v 0.001755 -0.031456 0.005788
v 0.002079 -0.031171 0.005375
v 0.002000 -0.031500 0.005625
v 0.002417 -0.031083 0.005375
v 0.001929 -0.031071 -0.003625
v 0.002250 -0.031000 -0.003375
v 0.002500 -0.031000 -0.003125
v 0.002100 -0.031250 0.005775
v 0.002129 -0.031116 -0.003813
v 0.002000 -0.030750 -0.003625
v 0.002313 -0.030500 -0.003813
v 0.002447 -0.030303 0.005375
v 0.002313 -0.030000 -0.003813
v 0.002188 -0.030000 -0.003437
v 0.002417 -0.030000 0.005458
v 0.002250 -0.029500 -0.003375
v 0.001948 -0.029471 -0.003688
v 0.002375 -0.029200 0.005550
v 0.002125 -0.029250 0.006000
v 0.002175 -0.029200 -0.004000
v 0.002000 -0.028750 -0.003875
v 0.002250 -0.028750 0.005625
v 0.002000 -0.028500 -0.003875
v 0.001852 -0.028398 0.006125
v 0.002000 -0.028000 -0.003875
v 0.002500 -0.028000 0.005625
v 0.001875 -0.028000 0.006125
v 0.002509 -0.027777 -0.003875
v 0.002250 -0.027875 0.005875
v 0.002000 -0.027250 -0.004625
v 0.001944 -0.027306 -0.004125
v 0.002375 -0.027375 -0.003625
v 0.002250 -0.027250 0.005625
v 0.002125 -0.027500 0.006000
v 0.002125 -0.027000 -0.004500
v 0.001972 -0.027028 -0.004125
v 0.002250 -0.027250 0.005875
v 0.002125 -0.027000 0.006000
v 0.001937 -0.026375 0.006063
v 0.002250 -0.026000 0.005625
v 0.002250 -0.026250 0.005875
v 0.002500 -0.025750 -0.004375
v 0.002188 -0.025750 -0.004188
v 0.002313 -0.025438 0.005563
v 0.002062 -0.025688 0.006063
v 0.002359 -0.025375 -0.004516
v 0.002250 -0.024917 -0.004125
v 0.002250 -0.025000 -0.004625
v 0.002188 -0.025125 0.005937
v 0.002438 -0.024750 -0.004688
v 0.002125 -0.024812 -0.004295
v 0.002250 -0.024750 0.005375
v 0.002250 -0.024500 -0.004875
v 0.002038 -0.024428 -0.004596
v 0.002387 -0.024637 0.005375
v 0.002062 -0.024750 0.006063
v 0.002271 -0.024279 -0.004825
v 0.002250 -0.024250 0.005375
v 0.001864 -0.024114 0.006125
v 0.002643 -0.023857 -0.004625
v 0.002313 -0.024000 -0.004312
v 0.002358 -0.024040 0.005356
v 0.002008 -0.024047 -0.004625
v 0.002250 -0.023875 -0.004500
v 0.001958 -0.023609 0.005836
v 0.002062 -0.023500 0.005563
v 0.002226 -0.023274 -0.005125
v 0.002333 -0.023083 -0.004542
v 0.002500 -0.023000 0.005125
v 0.002083 -0.022917 -0.004875
v 0.002250 -0.022750 -0.005125
v 0.002125 -0.022500 0.005875
v 0.002266 -0.022179 -0.004875
v 0.001875 -0.022250 0.005625
v 0.002083 -0.021917 -0.005625
v 0.002000 -0.022000 -0.005125
v 0.002125 -0.022000 0.005500
v 0.002250 -0.021875 0.005875
v 0.002250 -0.022153 -0.005375
v 0.002250 -0.021731 -0.005125
v 0.001783 -0.021529 -0.005563
v 0.002250 -0.021250 -0.005625
v 0.002125 -0.021000 -0.005500
v 0.002125 -0.021000 0.005500
v 0.002250 -0.020500 -0.005875
v 0.002125 -0.020375 0.005500
v 0.002281 -0.020031 0.005844
v 0.002875 -0.019250 0.004750
v 0.002313 -0.019375 -0.006313
v 0.001996 -0.019493 -0.006083
v 0.002000 -0.019625 0.006125
v 0.002406 -0.019125 0.005219
v 0.002250 -0.019125 0.005875
v 0.002333 -0.019000 -0.006542
v 0.002250 -0.019125 -0.006000
v 0.001875 -0.018875 0.006125
v 0.002188 -0.018812 0.005937
v 0.002200 -0.018840 -0.006625
v 0.002125 -0.018750 0.005500
v 0.002250 -0.018500 -0.006875
v 0.002083 -0.018667 -0.006375
v 0.002125 -0.018250 0.005500
v 0.002214 -0.018170 -0.006875
v 0.001946 -0.017804 0.006125
v 0.002406 -0.017625 0.005219
v 0.002125 -0.017500 0.005500
v 0.002000 -0.017750 0.006125
v 0.002250 -0.017250 -0.006875
v 0.002300 -0.016950 -0.006875
v 0.002125 -0.016875 0.005500
v 0.001984 -0.016781 0.006141
v 0.002125 -0.016500 0.006000
v 0.002321 -0.016054 -0.006750
v 0.002125 -0.016000 0.005500
v 0.002031 -0.015937 0.006094
v 0.002327 -0.015750 -0.006625
v 0.002406 -0.015375 0.005219
v 0.002284 -0.015000 -0.006625
v 0.002250 -0.015250 -0.006875
v 0.001984 -0.015281 0.006141
v 0.002125 -0.015000 0.005500
v 0.001875 -0.014781 -0.006031
v 0.002031 -0.014813 0.006094
v 0.001953 -0.014239 -0.005817
v 0.002125 -0.014375 0.005500
v 0.002250 -0.014250 -0.006125
v 0.001984 -0.014281 0.006141
v 0.001750 -0.013625 0.006375
v 0.002197 -0.013571 0.005447
v 0.002031 -0.013031 0.006094
v 0.002125 -0.013000 0.005500
v 0.001750 -0.013000 -0.005375
v 0.001812 -0.013000 0.005813
v 0.001844 -0.011969 -0.005125
v 0.002406 -0.011625 0.005219
v 0.002000 -0.011875 0.006125
v 0.002125 -0.011500 0.005500
v 0.002250 -0.011375 0.005875
v 0.002200 -0.011450 -0.005375
v 0.002500 -0.011250 -0.004875
v 0.001875 -0.011250 0.006125
v 0.002250 -0.010875 -0.004750
v 0.002125 -0.010750 -0.004750
v 0.002125 -0.010500 0.005500
v 0.001913 -0.010663 0.006125
v 0.002375 -0.010250 -0.004875
v 0.002750 -0.010750 -0.004625
v 0.002250 -0.010250 0.005875
v 0.002000 -0.009750 0.005625
v 0.002250 -0.009500 -0.004625
v 0.002250 -0.009000 -0.004625
v 0.002106 -0.009098 -0.004382
v 0.002441 -0.009441 0.005625
v 0.002125 -0.008750 0.005250
v 0.002250 -0.008750 0.005125
v 0.002125 -0.008875 0.005750
v 0.002188 -0.008750 -0.004125
v 0.002313 -0.008500 0.005063
v 0.002062 -0.008750 0.005813
v 0.002357 -0.007983 -0.004332
v 0.002313 -0.008000 0.005063
v 0.002125 -0.008000 0.005750
v 0.002188 -0.007562 -0.003750
v 0.002250 -0.007281 0.005125
v 0.001750 -0.007250 0.005875
v 0.002000 -0.007000 0.005375
v 0.001924 -0.006250 -0.003375
v 0.002250 -0.006250 0.005375
v 0.002250 -0.005750 0.005375
v 0.002250 -0.004875 0.004875
v 0.001875 -0.005125 0.005750
v 0.002625 -0.004750 -0.003500
v 0.002231 -0.004269 -0.003375
v 0.002688 -0.004250 0.004438
v 0.002250 -0.004250 -0.003625
v 0.001812 -0.004250 0.005813
v 0.002250 -0.003875 0.004875
v 0.002438 -0.003813 -0.003625
v 0.002000 -0.003250 -0.003625
v 0.002125 -0.003500 0.005000
v 0.001812 -0.003625 0.005813
v 0.002375 -0.003250 0.004750
v 0.002500 -0.002958 -0.003625
v 0.001875 -0.003250 0.005750
v 0.001980 -0.002770 -0.003625
v 0.002125 -0.002875 0.005000
v 0.002250 -0.002625 -0.003875
v 0.002351 -0.002420 0.004734
v 0.002188 -0.002250 -0.003938
v 0.001875 -0.002250 -0.003750
v 0.002375 -0.002125 -0.000125
v 0.002375 -0.002125 0.000125
v 0.002298 -0.002125 0.000298
v 0.002250 -0.002125 0.000875
v 0.002250 -0.002125 0.001250
v 0.002250 -0.002125 0.001500
v 0.002000 -0.002375 0.002000
v 0.002250 -0.002125 0.002875
v 0.002217 -0.002125 0.003491
v 0.002405 -0.002136 0.004451
v 0.002249 -0.002167 0.004562
v 0.002250 -0.002250 0.005375
v 0.002348 -0.002071 -0.003578
v 0.002135 -0.002081 -0.001345
v 0.002250 -0.002125 0.001875
v 0.002000 -0.002125 0.005000
v 0.002250 -0.001750 -0.003875
v 0.002456 -0.001892 -0.003751
v 0.002336 -0.001662 -0.001143
v 0.002125 -0.001750 -0.000750
v 0.002132 -0.001875 -0.000368
v 0.002000 -0.001875 0.001312
v 0.002000 -0.001875 0.001750
v 0.002299 -0.001792 0.002284
v 0.002200 -0.001875 0.003050
v 0.002115 -0.001850 0.004546
v 0.002250 -0.001875 0.004750
v 0.002194 -0.001635 -0.001557
v 0.002000 -0.001875 -0.000545
v 0.002250 -0.001625 0.003250
v 0.002250 -0.001625 0.004250
v 0.002167 -0.001417 -0.003625
v 0.002125 -0.001375 -0.001875
v 0.002026 -0.001142 -0.002026
v 0.001750 -0.001500 -0.001375
v 0.001998 -0.000909 -0.004070
v 0.002500 -0.000875 -0.003500
v 0.001972 -0.000900 -0.003075
v 0.002250 -0.000750 -0.002125
v 0.002125 -0.000750 -0.001500
v 0.002168 -0.000568 -0.003182
v 0.002094 -0.000562 -0.001719
v 0.002250 -0.000375 -0.003000
v 0.002342 -0.039801 -0.001305
v 0.002221 -0.039852 -0.000698
v 0.002350 -0.039746 -0.000222
v 0.002375 -0.039458 0.000042
v 0.002375 -0.039250 -0.001500
v 0.002375 -0.039354 -0.000996
v 0.002284 -0.038871 -0.002127
v 0.002375 -0.039000 0.000641
v 0.002375 -0.038750 0.001000
v 0.002375 -0.039750 0.000500
v 0.002375 -0.038750 -0.001750
v 0.002500 -0.038875 -0.001500
v 0.002375 -0.038750 0.000250
v 0.002534 -0.038572 0.001024
v 0.002375 -0.038625 0.001625
v 0.002375 -0.038500 -0.002250
v 0.002375 -0.038625 -0.002000
v 0.002375 -0.038750 -0.001000
v 0.002422 -0.038344 -0.000873
v 0.002375 -0.038750 -0.000250
v 0.002360 -0.038283 0.001343
v 0.002375 -0.037750 0.002500
v 0.002399 -0.038045 -0.000920
v 0.002375 -0.038000 0.001000
v 0.002375 -0.037492 -0.002458
v 0.002500 -0.038000 -0.001875
v 0.002554 -0.037821 0.000136
v 0.002375 -0.038000 0.000250
v 0.002375 -0.037750 0.001250
v 0.002375 -0.037500 0.002500
v 0.002500 -0.037625 0.000500
v 0.002375 -0.037500 0.000750
v 0.002375 -0.037844 0.000781
v 0.002375 -0.037817 0.001750
v 0.002625 -0.037500 0.001750
v 0.002458 -0.037634 -0.002142
v 0.002375 -0.037250 -0.001750
v 0.002625 -0.037250 0.000750
v 0.002375 -0.037250 0.001000
v 0.002375 -0.037000 0.001250
v 0.002500 -0.037375 0.002000
v 0.002375 -0.037250 0.002250
v 0.002500 -0.037062 0.002313
v 0.002375 -0.037000 0.002750
v 0.002375 -0.036875 -0.001875
v 0.002625 -0.037000 0.001000
v 0.002375 -0.036750 0.002000
v 0.002360 -0.036124 0.003647
v 0.002250 -0.036500 -0.002375
v 0.002375 -0.036750 0.001500
v 0.002375 -0.036500 0.001750
v 0.002375 -0.036500 0.002250
v 0.002375 -0.036250 0.003250
v 0.002500 -0.036375 0.001750
v 0.002375 -0.036250 0.002000
v 0.002375 -0.036250 0.002500
v 0.002333 -0.035917 -0.002875
v 0.002625 -0.035750 0.002250
v 0.002375 -0.036000 0.002250
v 0.002500 -0.036000 0.003125
v 0.002375 -0.035875 0.003875
v 0.002260 -0.035990 -0.002375
v 0.002651 -0.035633 0.003611
v 0.002375 -0.035750 0.003750
v 0.002281 -0.035750 0.004344
v 0.002357 -0.035553 0.002538
v 0.002375 -0.035500 0.002972
v 0.002375 -0.035302 0.004281
v 0.002450 -0.035300 -0.002875
v 0.002500 -0.035250 -0.002375
v 0.002375 -0.035125 0.003375
v 0.002375 -0.034750 0.003500
v 0.002540 -0.035093 -0.002855
v 0.002250 -0.034875 -0.002625
v 0.002375 -0.034327 0.004000
v 0.002375 -0.034722 0.004583
v 0.002500 -0.034875 0.003250
v 0.002375 -0.034406 0.004750
v 0.002750 -0.034250 -0.002875
v 0.002375 -0.034063 0.004250
v 0.002438 -0.034000 -0.003187
v 0.002336 -0.034101 0.005027
v 0.002500 -0.033687 0.005000
v 0.002375 -0.033750 0.004250
v 0.002500 -0.033533 0.004375
v 0.002375 -0.033750 0.005000
v 0.002250 -0.033250 -0.003375
v 0.002250 -0.033500 0.005375
v 0.002625 -0.033250 -0.003000
v 0.002500 -0.032929 -0.003375
v 0.002500 -0.032700 0.004675
v 0.002375 -0.032667 0.005000
v 0.002222 -0.032778 0.005625
v 0.003000 -0.032500 -0.002875
v 0.001750 -0.032500 -0.003625
v 0.002500 -0.032000 0.005625
v 0.002391 -0.031813 -0.003484
v 0.002438 -0.031750 0.005187
v 0.002273 -0.031385 -0.003625
v 0.002688 -0.031500 0.004938
v 0.002268 -0.031482 -0.003125
v 0.002563 -0.031250 0.005063
v 0.002500 -0.031250 0.005625
v 0.002500 -0.031000 -0.003625
v 0.002250 -0.030750 0.005625
v 0.002531 -0.030750 -0.003594
v 0.002500 -0.030750 0.005375
v 0.002438 -0.030500 -0.003187
v 0.002531 -0.030250 -0.003594
v 0.002667 -0.030083 0.005375
v 0.002438 -0.030437 0.005750
v 0.002334 -0.030295 0.005899
v 0.002536 -0.029205 -0.003813
v 0.002257 -0.029743 -0.003375
v 0.002500 -0.029625 -0.003250
v 0.002500 -0.029500 -0.003625
v 0.002250 -0.029000 -0.003625
v 0.002625 -0.029175 0.005375
v 0.002125 -0.029000 0.006000
v 0.002250 -0.028750 0.005875
v 0.002844 -0.028500 -0.003531
v 0.002531 -0.028375 -0.003344
v 0.002625 -0.028313 0.005500
v 0.002750 -0.027750 -0.003125
v 0.002268 -0.027732 -0.003625
v 0.002625 -0.027563 0.005500
v 0.003000 -0.027000 -0.003625
v 0.002500 -0.026937 0.005875
v 0.002156 -0.026750 -0.003969
v 0.002625 -0.026812 0.005500
v 0.002625 -0.026250 -0.004000
v 0.002348 -0.026286 0.005563
v 0.002367 -0.026117 0.005875
v 0.002500 -0.026125 -0.004250
v 0.002313 -0.025875 0.005500
v 0.002500 -0.025909 -0.003875
v 0.002500 -0.025750 0.005375
v 0.002000 -0.025500 -0.004375
v 0.002500 -0.025688 0.005813
v 0.002750 -0.025250 -0.003625
v 0.002639 -0.025032 0.005375
v 0.002425 -0.024800 0.005750
v 0.002561 -0.024576 0.005640
v 0.002563 -0.024000 -0.004062
v 0.002528 -0.024181 -0.004625
v 0.002393 -0.023750 0.005732
v 0.002438 -0.023750 -0.004938
v 0.002438 -0.023750 -0.004438
v 0.002459 -0.023609 0.005295
v 0.002447 -0.023173 -0.004938
v 0.002500 -0.023250 -0.004375
v 0.002521 -0.023021 0.005125
v 0.002188 -0.023187 0.005875
v 0.002375 -0.022636 -0.004750
v 0.002750 -0.022679 -0.004375
v 0.002250 -0.022750 0.005875
v 0.002563 -0.022625 0.005563
v 0.002563 -0.022625 0.005063
v 0.002538 -0.022045 -0.005292
v 0.002500 -0.022429 -0.005125
v 0.002500 -0.022250 -0.004625
v 0.002125 -0.022250 0.005875
v 0.002538 -0.021295 -0.005542
v 0.002500 -0.021679 -0.005375
v 0.002125 -0.021500 0.005500
v 0.002333 -0.021417 -0.005125
v 0.002375 -0.021250 0.005750
v 0.002304 -0.020951 -0.005792
v 0.002500 -0.020813 -0.005125
v 0.002333 -0.020667 -0.005875
v 0.002000 -0.021000 0.006125
v 0.002438 -0.020500 -0.005437
v 0.002688 -0.020250 0.004938
v 0.002333 -0.019917 -0.006125
v 0.002656 -0.019875 -0.005844
v 0.002500 -0.020000 -0.005375
v 0.002438 -0.020000 0.005187
v 0.002250 -0.019750 -0.005875
v 0.002125 -0.020000 0.005500
v 0.002575 -0.019307 -0.006125
v 0.002297 -0.018938 -0.006078
v 0.002781 -0.018500 0.004719
v 0.002375 -0.018500 -0.006750
v 0.002500 -0.018750 -0.006375
v 0.002281 -0.018437 0.005844
v 0.002500 -0.018250 -0.006625
v 0.002208 -0.018385 -0.006375
v 0.002500 -0.018250 -0.006125
v 0.002688 -0.018125 0.004938
v 0.002500 -0.018125 -0.006750
v 0.002500 -0.018125 -0.006250
v 0.002500 -0.017750 -0.006875
v 0.002281 -0.017781 0.005844
v 0.002278 -0.017847 -0.006625
v 0.002500 -0.017500 -0.006875
v 0.002688 -0.017250 0.004938
v 0.002500 -0.017000 -0.006625
v 0.002688 -0.017000 0.004938
v 0.002188 -0.017125 0.005937
v 0.002844 -0.016750 0.005281
v 0.002550 -0.016950 -0.007125
v 0.002563 -0.016375 0.005063
v 0.001750 -0.016250 0.006375
v 0.002375 -0.016000 0.005750
v 0.002524 -0.015382 -0.006875
v 0.002615 -0.015531 -0.006683
v 0.002688 -0.015500 0.004938
v 0.002250 -0.015500 0.005875
v 0.002500 -0.015250 -0.006875
v 0.003000 -0.014750 0.004625
v 0.002542 -0.014458 -0.006375
v 0.002500 -0.014750 -0.006125
v 0.002688 -0.014375 0.004938
v 0.002500 -0.014500 -0.005875
v 0.002375 -0.014000 0.005250
v 0.002289 -0.013835 0.005660
v 0.002400 -0.013608 0.005576
v 0.002375 -0.013750 0.005750
v 0.002500 -0.013500 -0.005875
v 0.002375 -0.013500 0.005250
v 0.002333 -0.013262 -0.005554
v 0.002250 -0.013375 0.005875
v 0.002500 -0.013000 -0.005625
v 0.003000 -0.012750 0.004625
v 0.002500 -0.012250 -0.005625
v 0.001682 -0.012371 -0.005430
v 0.002563 -0.012375 0.005063
v 0.002250 -0.012375 0.005875
v 0.002500 -0.012000 -0.005375
v 0.002250 -0.011750 -0.005125
v 0.002375 -0.011250 -0.005125
v 0.002781 -0.011000 0.004719
v 0.002250 -0.010750 -0.004625
v 0.002125 -0.010750 0.005500
v 0.002375 -0.010250 -0.004500
v 0.002750 -0.010467 -0.004375
v 0.002688 -0.009875 0.004938
v 0.002456 -0.009478 -0.004196
v 0.002625 -0.009250 0.005000
v 0.002100 -0.009350 0.005875
v 0.002500 -0.009000 -0.004375
v 0.002458 -0.008833 0.005500
v 0.002375 -0.008750 -0.004500
v 0.002410 -0.009078 -0.004136
v 0.002625 -0.008792 0.004792
v 0.002521 -0.008521 0.005375
v 0.002688 -0.008281 0.004688
v 0.002806 -0.008200 -0.004125
v 0.002568 -0.008000 -0.003807
v 0.002875 -0.007750 0.004500
v 0.002250 -0.007750 0.005625
v 0.002625 -0.007250 0.004750
v 0.002250 -0.007250 -0.004125
v 0.002125 -0.007500 0.005625
v 0.002438 -0.007000 0.004938
v 0.002583 -0.006750 -0.003792
v 0.002625 -0.006750 0.004750
v 0.002250 -0.006875 0.005625
v 0.002580 -0.006275 0.005319
v 0.001856 -0.006293 0.005813
v 0.002373 -0.006485 -0.003828
v 0.002783 -0.006330 -0.003627
v 0.002000 -0.005875 -0.003375
v 0.002315 -0.005868 0.005348
v 0.002403 -0.006086 0.004788
v 0.002333 -0.005675 0.005187
v 0.002321 -0.005571 -0.003375
v 0.002375 -0.005500 0.004750
v 0.002625 -0.005500 -0.003500
v 0.002375 -0.005250 -0.003250
v 0.002334 -0.005416 0.004935
v 0.002500 -0.004875 -0.003187
v 0.002194 -0.005303 0.004944
v 0.002125 -0.005250 0.005500
v 0.002406 -0.004312 -0.003250
v 0.002125 -0.004625 0.005500
v 0.002682 -0.003589 0.004440
v 0.002500 -0.003750 -0.003625
v 0.002062 -0.003750 -0.003563
v 0.002125 -0.003750 0.005500
v 0.002438 -0.003500 -0.003688
v 0.002531 -0.003250 -0.003594
v 0.002375 -0.002964 0.004623
v 0.002438 -0.003250 0.005187
v 0.002375 -0.003000 0.004750
v 0.002500 -0.002500 -0.003125
v 0.002178 -0.002364 0.005438
v 0.002347 -0.002141 -0.003743
v 0.002266 -0.002429 -0.003375
v 0.002500 -0.002250 0.004625
v 0.002375 -0.002000 -0.001000
v 0.002333 -0.002125 -0.000417
v 0.002779 -0.002096 0.002250
v 0.002250 -0.002125 0.002250
v 0.002456 -0.001875 0.003410
v 0.002500 -0.002125 0.003750
v 0.002518 -0.002071 0.004929
v 0.002461 -0.001871 -0.000845
v 0.002225 -0.001875 0.000475
v 0.002500 -0.001875 0.001250
v 0.002500 -0.001875 0.001500
v 0.002625 -0.001750 0.002000
v 0.002500 -0.001875 0.002000
v 0.002500 -0.001708 0.004583
v 0.002652 -0.001605 -0.003750
v 0.002625 -0.001500 -0.001250
v 0.002609 -0.001516 -0.000219
v 0.002563 -0.001625 0.000063
v 0.002500 -0.001625 0.002250
v 0.002545 -0.001224 -0.003625
v 0.002052 -0.001421 -0.001140
v 0.002428 -0.001359 -0.000788
v 0.002250 -0.001125 -0.003250
v 0.002500 -0.001063 -0.002937
v 0.002375 -0.001250 -0.001500
v 0.002488 -0.000959 -0.003605
v 0.002313 -0.000875 -0.001937
v 0.002557 -0.000625 -0.003083
v 0.002478 -0.000792 -0.002659
v 0.002375 -0.000500 -0.001500
v 0.002375 -0.000792 -0.001208
v 0.002250 -0.000125 -0.002750
v 0.002500 -0.000375 -0.002250
v 0.002221 -0.000098 -0.002080
v 0.002500 0.000000 -0.001625
v 0.002426 0.000125 -0.001863
v 0.002511 -0.039191 -0.000327
v 0.002625 -0.039000 -0.001000
v 0.002625 -0.039083 -0.000917
v 0.002625 -0.038938 0.000312
v 0.002625 -0.039000 0.000250
v 0.002625 -0.039000 -0.001250
v 0.002625 -0.038450 -0.000200
v 0.002625 -0.038250 -0.001750
v 0.002625 -0.038250 0.000250
v 0.002629 -0.038280 -0.001132
v 0.002750 -0.038250 -0.000625
v 0.002575 -0.038279 -0.000592
v 0.002627 -0.037939 0.001321
v 0.002625 -0.038000 -0.000250
v 0.002625 -0.038000 0.001500
v 0.002625 -0.037405 -0.001917
v 0.002700 -0.037750 -0.001675
v 0.002642 -0.038066 -0.000685
v 0.002625 -0.038000 0.000750
v 0.002750 -0.037625 0.001000
v 0.002625 -0.037375 0.001375
v 0.002625 -0.037625 -0.001125
v 0.002821 -0.037054 -0.000250
v 0.002625 -0.037250 -0.000250
v 0.002625 -0.037125 0.002125
v 0.002750 -0.037000 -0.002125
v 0.002625 -0.037050 -0.001500
v 0.002625 -0.037250 -0.000750
v 0.002875 -0.037000 -0.000750
v 0.002625 -0.037750 0.000000
v 0.002750 -0.036875 0.001750
v 0.002625 -0.036750 -0.002500
v 0.002625 -0.036881 -0.002292
v 0.002625 -0.036500 -0.002000
v 0.002625 -0.037000 0.000167
v 0.002625 -0.036750 0.002500
v 0.002750 -0.036750 -0.001125
v 0.002750 -0.036625 0.000500
v 0.002750 -0.036500 0.000625
v 0.002625 -0.036500 0.000750
v 0.002625 -0.036406 0.001219
v 0.002625 -0.036500 0.001500
v 0.002625 -0.036000 -0.002000
v 0.002625 -0.036250 -0.001750
v 0.002625 -0.036500 -0.001500
v 0.002750 -0.036375 0.000750
v 0.002750 -0.036250 0.000875
v 0.002625 -0.036250 0.001000
v 0.002625 -0.035813 0.001438
v 0.002625 -0.036250 0.001750
v 0.002625 -0.036633 0.002000
v 0.002875 -0.036500 0.001750
v 0.002625 -0.036375 0.002375
v 0.002571 -0.036250 0.003054
v 0.002750 -0.036125 -0.002500
v 0.002750 -0.036125 -0.001750
v 0.002625 -0.036250 0.002250
v 0.002625 -0.036000 0.002500
v 0.002621 -0.035877 0.003066
v 0.002667 -0.035949 -0.002625
v 0.002750 -0.035750 -0.002125
v 0.002750 -0.035437 0.001688
v 0.002625 -0.035875 0.001875
v 0.002750 -0.035500 -0.002625
v 0.002625 -0.035625 0.002875
v 0.002958 -0.035336 -0.002608
v 0.002625 -0.035000 0.002250
v 0.002618 -0.035358 0.002408
v 0.002625 -0.034875 0.003938
v 0.002750 -0.035125 0.002000
v 0.003000 -0.034750 -0.002875
v 0.002607 -0.034768 -0.002625
v 0.002750 -0.034812 0.002313
v 0.002625 -0.035250 0.002450
v 0.002625 -0.034750 0.003750
v 0.002569 -0.035000 0.004056
v 0.002875 -0.034500 0.002500
v 0.002625 -0.034750 0.003250
v 0.002625 -0.034500 0.004000
v 0.002750 -0.034500 0.003875
v 0.002520 -0.034242 -0.002625
v 0.002625 -0.034000 0.004000
v 0.002625 -0.034250 0.004250
v 0.002819 -0.033859 -0.002839
v 0.002875 -0.034125 0.002875
v 0.002625 -0.034250 0.003187
v 0.002625 -0.034219 0.004500
v 0.002500 -0.034000 -0.002625
v 0.002633 -0.033559 0.003940
v 0.002625 -0.033750 0.004000
v 0.002625 -0.033750 0.004750
v 0.002750 -0.033625 -0.002875
v 0.002625 -0.033750 0.003500
v 0.002875 -0.033500 0.003750
v 0.002625 -0.032750 0.004500
v 0.002625 -0.033357 0.005000
v 0.002921 -0.033091 -0.002875
v 0.002563 -0.033000 -0.002813
v 0.002750 -0.033250 0.003875
v 0.002625 -0.033250 0.004500
v 0.002875 -0.032884 0.004775
v 0.003000 -0.032750 -0.002875
v 0.002563 -0.033000 0.005063
v 0.002625 -0.032750 0.005250
v 0.002688 -0.032500 -0.002688
v 0.003167 -0.032250 -0.002708
v 0.002708 -0.032058 0.004692
v 0.002625 -0.032250 0.005250
v 0.002750 -0.031750 -0.003125
v 0.002625 -0.031933 0.005000
v 0.002875 -0.032000 0.005250
v 0.002688 -0.032000 0.005437
v 0.002750 -0.031750 -0.002625
v 0.002500 -0.031750 0.005625
v 0.002750 -0.031500 -0.003125
v 0.002625 -0.031500 0.005500
v 0.003000 -0.031250 -0.003125
v 0.002750 -0.031375 -0.003250
v 0.003000 -0.031250 -0.002625
v 0.002700 -0.031300 0.005625
v 0.002625 -0.030875 -0.003000
v 0.002875 -0.031000 0.005000
v 0.002875 -0.030250 0.005000
v 0.002625 -0.030125 -0.003000
v 0.002667 -0.030250 0.005708
v 0.002512 -0.029738 -0.003625
v 0.002500 -0.029750 -0.003125
v 0.002750 -0.029750 -0.002875
v 0.002500 -0.029750 0.005875
v 0.002750 -0.029625 -0.003000
v 0.002750 -0.029625 0.005375
v 0.002500 -0.029333 -0.003375
v 0.002818 -0.029182 0.005625
v 0.002984 -0.029125 -0.003391
v 0.002667 -0.029083 0.005875
v 0.002750 -0.028750 -0.003625
v 0.002750 -0.029000 0.005375
v 0.002500 -0.028000 -0.003875
v 0.002875 -0.028000 0.005375
v 0.002625 -0.027500 -0.003500
v 0.002750 -0.027500 -0.003375
v 0.002708 -0.027292 -0.003875
v 0.002775 -0.027475 0.005375
v 0.002750 -0.027000 0.005375
v 0.002759 -0.026491 -0.003875
v 0.002896 -0.026646 0.005375
v 0.002625 -0.026250 -0.003500
v 0.002750 -0.026250 0.005625
v 0.002625 -0.026000 -0.004250
v 0.002750 -0.026278 -0.003875
v 0.002288 -0.026213 -0.003875
v 0.002750 -0.026125 -0.003500
v 0.003064 -0.025997 -0.003814
v 0.002750 -0.025625 -0.003625
v 0.002750 -0.025500 0.005375
v 0.002625 -0.025000 -0.004250
v 0.002750 -0.025000 -0.004125
v 0.002750 -0.025000 -0.003625
v 0.002625 -0.025000 0.005750
v 0.002563 -0.024875 -0.004438
v 0.002750 -0.024875 -0.004250
v 0.002500 -0.024719 -0.004125
v 0.002833 -0.024583 0.005625
v 0.002750 -0.024000 -0.003875
v 0.002688 -0.023750 -0.004188
v 0.002750 -0.023875 -0.004000
v 0.002702 -0.023807 0.005363
v 0.002637 -0.023687 0.005247
v 0.002750 -0.023250 -0.004125
v 0.002678 -0.023480 0.005438
v 0.002750 -0.023000 0.004875
v 0.002771 -0.023021 0.005375
v 0.003000 -0.022750 0.004625
v 0.002583 -0.022417 -0.005125
v 0.002617 -0.022728 -0.004975
v 0.002712 -0.022195 -0.004625
v 0.002688 -0.022125 0.004938
v 0.002694 -0.021556 -0.005375
v 0.002750 -0.021750 -0.005125
v 0.002500 -0.021562 -0.004875
v 0.002688 -0.021625 0.004938
v 0.002679 -0.020821 -0.005625
v 0.002813 -0.021000 -0.005313
v 0.003125 -0.020661 0.004538
v 0.002250 -0.021250 0.005875
v 0.002833 -0.020667 -0.004875
v 0.002727 -0.020523 -0.005625
v 0.002625 -0.020500 -0.005250
v 0.002875 -0.020250 0.004750
v 0.002750 -0.020250 -0.005125
v 0.002750 -0.020250 0.005375
v 0.002766 -0.020179 -0.005625
v 0.002415 -0.020235 -0.005475
v 0.002875 -0.019875 0.004750
v 0.002750 -0.019750 0.005375
v 0.002750 -0.019500 -0.005875
v 0.002688 -0.019500 0.004938
v 0.002518 -0.019482 -0.005625
v 0.002632 -0.019084 -0.005625
v 0.002688 -0.018750 0.004938
v 0.002750 -0.018684 -0.006375
v 0.002625 -0.018625 -0.005875
v 0.002750 -0.018625 -0.005750
v 0.002750 -0.018250 -0.006375
v 0.002625 -0.018250 -0.006000
v 0.002906 -0.018125 -0.005844
v 0.002681 -0.017892 -0.006708
v 0.002625 -0.018250 -0.006500
v 0.002641 -0.017938 -0.006234
v 0.002750 -0.018125 -0.006000
v 0.002750 -0.018000 0.005375
v 0.002813 -0.017750 -0.006562
v 0.002750 -0.017750 -0.006125
v 0.002688 -0.017750 0.004938
v 0.003125 -0.017500 -0.006500
v 0.002688 -0.017500 -0.006438
v 0.002750 -0.017625 -0.006250
v 0.002750 -0.017500 0.005375
v 0.002500 -0.017250 -0.006625
v 0.002750 -0.017161 -0.006875
v 0.002750 -0.016929 -0.006625
v 0.002750 -0.017000 0.005375
v 0.002781 -0.016750 0.004719
v 0.002875 -0.016500 0.004750
v 0.002750 -0.016500 0.005375
v 0.002750 -0.016250 -0.007125
v 0.002479 -0.016199 -0.006887
v 0.003036 -0.016136 -0.006575
v 0.002875 -0.016000 -0.006750
v 0.002638 -0.015604 -0.007149
v 0.002750 -0.016000 -0.006875
v 0.002875 -0.015500 0.004750
v 0.002438 -0.015750 0.005687
v 0.002750 -0.015500 0.005375
v 0.002750 -0.015500 -0.007125
v 0.003000 -0.014750 -0.006375
v 0.003000 -0.015000 0.004625
v 0.002838 -0.014500 -0.006625
v 0.002750 -0.014750 -0.006375
v 0.002500 -0.014813 0.005625
v 0.002750 -0.014625 -0.006250
v 0.002723 -0.014034 -0.006125
v 0.002789 -0.014008 -0.005872
v 0.002500 -0.014313 0.005625
v 0.002750 -0.014250 -0.006375
v 0.002688 -0.014000 0.004938
v 0.002609 -0.013787 -0.005789
v 0.002500 -0.014000 0.005625
v 0.002884 -0.013026 -0.005629
v 0.002750 -0.012875 -0.005250
v 0.002500 -0.012750 -0.005375
v 0.002750 -0.012750 -0.005125
v 0.002680 -0.012308 -0.005135
v 0.002500 -0.012563 0.005625
v 0.002500 -0.012000 -0.005125
v 0.002875 -0.011750 0.004750
v 0.002597 -0.011624 -0.005250
v 0.002500 -0.011655 -0.004875
v 0.002688 -0.011250 0.004938
v 0.002750 -0.011000 -0.005125
v 0.002750 -0.011224 -0.004625
v 0.003000 -0.010974 -0.004875
v 0.002688 -0.010750 0.004938
v 0.002375 -0.011000 0.005750
v 0.002750 -0.010500 -0.004375
v 0.002875 -0.010500 0.004750
v 0.002750 -0.010500 0.005375
v 0.002750 -0.010375 -0.004750
v 0.002750 -0.010250 -0.004625
v 0.002750 -0.010000 -0.004625
v 0.002563 -0.009875 0.005563
v 0.002750 -0.009750 0.005375
v 0.002694 -0.009674 -0.004625
v 0.002625 -0.009375 0.004875
v 0.002750 -0.009500 0.004875
v 0.002875 -0.009500 -0.004500
v 0.003083 -0.009630 -0.004375
v 0.002611 -0.009111 -0.004125
v 0.002625 -0.009000 0.004750
v 0.002625 -0.009000 0.005000
v 0.002836 -0.009009 0.005298
v 0.002625 -0.008750 -0.004000
v 0.002813 -0.008750 0.004562
v 0.002583 -0.008500 -0.004292
v 0.002625 -0.008500 0.005250
v 0.002625 -0.008250 -0.004250
v 0.002875 -0.008685 -0.003875
v 0.002500 -0.008464 -0.003875
v 0.002250 -0.008000 0.005625
v 0.002750 -0.008000 -0.003625
v 0.002750 -0.007750 -0.004125
v 0.002750 -0.007688 0.005125
v 0.002661 -0.007217 -0.003514
v 0.002750 -0.007250 0.005125
v 0.002500 -0.007000 -0.003625
v 0.002625 -0.007094 0.004594
v 0.002750 -0.007000 0.005125
v 0.002625 -0.006500 -0.003750
v 0.002625 -0.006500 0.005250
v 0.002741 -0.006265 -0.003187
v 0.002628 -0.006328 0.005022
v 0.002832 -0.006414 0.004994
v 0.002725 -0.005687 -0.003125
v 0.002625 -0.006000 0.004500
v 0.002657 -0.006066 0.004878
v 0.002875 -0.005683 -0.003500
v 0.002828 -0.005687 0.004297
v 0.002500 -0.005750 0.005125
v 0.002828 -0.005187 0.004297
v 0.002688 -0.005000 -0.003500
v 0.002436 -0.005226 0.005186
v 0.002995 -0.004970 -0.003350
v 0.002734 -0.004625 0.004391
v 0.002897 -0.003621 0.004274
v 0.002563 -0.004125 0.005063
v 0.002504 -0.003727 -0.003156
v 0.002875 -0.003750 0.004750
v 0.002750 -0.003750 -0.003375
v 0.002667 -0.003500 -0.002958
v 0.002688 -0.003500 0.004938
v 0.002672 -0.003153 0.004225
v 0.002625 -0.003250 0.004500
v 0.002875 -0.002750 0.004000
v 0.002625 -0.003108 0.004901
v 0.002625 -0.003000 0.005000
v 0.002583 -0.002667 -0.003625
v 0.002510 -0.002990 -0.003125
v 0.002750 -0.002875 0.004750
v 0.002625 -0.002598 0.004268
v 0.002625 -0.002500 0.004500
v 0.002792 -0.002750 0.004833
v 0.002750 -0.002250 -0.003625
v 0.002750 -0.002250 -0.003125
v 0.002625 -0.002250 0.004500
v 0.002750 -0.002125 0.001500
v 0.002121 -0.002266 0.002739
v 0.002750 -0.002000 0.002375
v 0.002500 -0.002125 0.003000
v 0.002725 -0.001885 0.004176
v 0.002689 -0.002156 0.004469
v 0.002621 -0.002142 0.004972
v 0.002361 -0.001582 -0.003523
v 0.002625 -0.001750 -0.000750
v 0.002750 -0.001875 0.002500
v 0.002750 -0.001875 0.003750
v 0.002750 -0.001750 0.004625
v 0.002750 -0.001625 -0.000750
v 0.002625 -0.001625 0.000375
v 0.002750 -0.001625 0.002250
v 0.003016 -0.001433 0.002589
v 0.002482 -0.001625 0.003186
v 0.002866 -0.001616 0.004214
v 0.002750 -0.001625 0.004500
v 0.002750 -0.001250 -0.001125
v 0.002750 -0.001375 -0.001000
v 0.002500 -0.001375 -0.000539
v 0.002750 -0.001250 -0.000375
v 0.002833 -0.001375 0.002917
v 0.002750 -0.001125 -0.003500
v 0.002750 -0.000875 -0.002750
v 0.002625 -0.001000 -0.001500
v 0.002890 -0.000896 -0.000705
v 0.002888 -0.000936 -0.003187
v 0.002861 -0.000697 -0.001529
v 0.002625 -0.000937 -0.001563
v 0.002750 -0.000375 -0.002750
v 0.002725 -0.000563 -0.002060
v 0.002500 -0.000625 -0.002000
v 0.002688 -0.000448 -0.001156
v 0.002750 -0.000500 -0.001125
v 0.002625 -0.000375 -0.002625
v 0.002511 -0.000269 -0.001599
v 0.002603 -0.000278 -0.001317
v 0.002811 0.000186 -0.001827
v 0.002875 -0.038250 -0.000500
v 0.002875 -0.038250 -0.000250
v 0.002840 -0.038049 -0.000909
v 0.002792 -0.038052 0.000131
v 0.002875 -0.038000 0.000250
v 0.002875 -0.038000 -0.001250
v 0.002875 -0.037500 -0.000000
v 0.002875 -0.037750 0.000500
v 0.002875 -0.037750 0.000750
v 0.002875 -0.037250 -0.001417
v 0.002875 -0.037500 -0.001500
v 0.002875 -0.037250 -0.001000
v 0.002914 -0.037461 -0.000750
v 0.003125 -0.037250 0.000000
v 0.002875 -0.037250 0.000250
v 0.002875 -0.037000 0.001125
v 0.003000 -0.037125 -0.001000
v 0.003000 -0.036875 0.000500
v 0.002875 -0.036893 -0.002000
v 0.003000 -0.036625 -0.001750
v 0.002875 -0.036750 0.000750
v 0.002875 -0.036750 0.001750
v 0.002875 -0.036500 -0.002250
v 0.003000 -0.036688 -0.001688
v 0.002875 -0.036000 -0.001691
v 0.002875 -0.036500 0.000500
v 0.002875 -0.036750 0.000967
v 0.002875 -0.036250 -0.001000
v 0.002875 -0.036250 -0.000625
v 0.002875 -0.036167 -0.000167
v 0.002875 -0.036750 0.000179
v 0.003000 -0.036375 0.001250
v 0.002875 -0.036250 0.001500
v 0.003000 -0.036078 0.001547
v 0.002875 -0.036125 0.001875
v 0.002875 -0.036150 -0.002350
v 0.002875 -0.035750 -0.002000
v 0.003125 -0.036000 -0.000250
v 0.002875 -0.035750 0.000875
v 0.002875 -0.036125 0.000875
v 0.002875 -0.036000 0.001750
v 0.002875 -0.036000 0.002250
v 0.003031 -0.035687 -0.002406
v 0.003000 -0.035750 -0.001625
v 0.002875 -0.036063 -0.000040
v 0.002875 -0.035750 0.000500
v 0.002875 -0.035625 0.001375
v 0.002875 -0.035750 0.002000
v 0.002875 -0.035750 0.002500
v 0.002734 -0.035408 -0.002234
v 0.002875 -0.035250 0.001000
v 0.003000 -0.035625 0.002000
v 0.002875 -0.035500 0.002250
v 0.002875 -0.035250 0.002500
v 0.002875 -0.035375 0.002625
v 0.002875 -0.035500 0.002750
v 0.003125 -0.035183 -0.002000
v 0.003125 -0.035750 0.000250
v 0.002875 -0.035250 0.001750
v 0.003159 -0.035004 -0.002765
v 0.002550 -0.035000 -0.002575
v 0.002875 -0.035250 0.001217
v 0.002875 -0.035125 0.002875
v 0.003000 -0.034531 0.003094
v 0.003125 -0.034750 -0.002250
v 0.002875 -0.034750 0.001750
v 0.002875 -0.034875 0.002125
v 0.002875 -0.034750 0.003000
v 0.002875 -0.034750 0.003500
v 0.002875 -0.034500 -0.002500
v 0.003017 -0.034500 -0.002357
v 0.002875 -0.034500 0.002000
v 0.002875 -0.034500 0.003250
v 0.002875 -0.034500 0.003750
v 0.003000 -0.034375 0.002000
v 0.002875 -0.034250 0.002250
v 0.002875 -0.034375 0.002375
v 0.002875 -0.034250 0.003500
v 0.002875 -0.034250 0.004000
v 0.002875 -0.034000 0.002500
v 0.002875 -0.034000 0.003750
v 0.003000 -0.034000 0.003625
v 0.002875 -0.033750 0.004500
v 0.002875 -0.033750 -0.002500
v 0.003250 -0.033500 -0.002375
v 0.002875 -0.033750 0.002750
v 0.002875 -0.033750 0.004000
v 0.002875 -0.033262 0.004500
v 0.002875 -0.034063 0.003938
v 0.003250 -0.033500 -0.002875
v 0.002535 -0.033387 -0.002625
v 0.002875 -0.033500 0.003000
v 0.002877 -0.033353 0.003676
v 0.003000 -0.033375 -0.002500
v 0.002734 -0.033140 -0.002569
v 0.002875 -0.033250 0.003250
v 0.002875 -0.033071 0.004500
v 0.002750 -0.033417 0.004708
v 0.003042 -0.032958 -0.002875
v 0.002875 -0.033000 0.003500
v 0.002875 -0.032750 0.004250
v 0.003000 -0.032750 -0.002375
v 0.003000 -0.033531 0.002844
v 0.002875 -0.032567 0.003750
v 0.002850 -0.032464 0.004311
v 0.002875 -0.032303 0.004947
v 0.003000 -0.032250 -0.002375
v 0.003000 -0.032250 0.003875
v 0.002875 -0.032000 0.004500
v 0.003000 -0.032000 -0.002375
v 0.003125 -0.031750 0.004250
v 0.002875 -0.031750 0.004500
v 0.003000 -0.031500 -0.003125
v 0.002773 -0.031622 -0.002625
v 0.002875 -0.031500 0.004500
v 0.002875 -0.031104 0.004750
v 0.003125 -0.031487 0.005013
v 0.003000 -0.031250 0.005375
v 0.003187 -0.031000 -0.002937
v 0.003083 -0.030472 0.004792
v 0.002750 -0.030813 0.005625
v 0.003187 -0.030500 -0.002937
v 0.003375 -0.030500 0.005000
v 0.003500 -0.030250 -0.002625
v 0.002828 -0.030313 -0.002797
v 0.002875 -0.030250 0.005500
v 0.003000 -0.030250 0.005375
v 0.003250 -0.030000 -0.002875
v 0.002875 -0.029750 -0.002750
v 0.002875 -0.030000 0.005250
v 0.003125 -0.030071 0.004929
v 0.003250 -0.029750 -0.002875
v 0.003000 -0.029750 -0.002625
v 0.002602 -0.029263 0.005760
v 0.002875 -0.029500 -0.003500
v 0.003000 -0.029500 -0.003375
v 0.003000 -0.029625 -0.003250
v 0.002813 -0.029500 -0.003062
v 0.003000 -0.029500 -0.002875
v 0.003500 -0.029500 -0.002375
v 0.002703 -0.028875 -0.003172
v 0.003118 -0.028971 0.005483
v 0.002500 -0.028625 0.005875
v 0.002903 -0.028133 -0.003047
v 0.003312 -0.028125 0.005063
v 0.002750 -0.028375 0.005875
v 0.002875 -0.027750 -0.003750
v 0.002950 -0.027617 -0.003111
v 0.003000 -0.027750 0.005375
v 0.002750 -0.027625 0.005875
v 0.002916 -0.027844 -0.003437
v 0.003219 -0.027250 -0.003406
v 0.002625 -0.027250 -0.003500
v 0.002625 -0.026750 -0.003500
v 0.003000 -0.026250 -0.003125
v 0.002875 -0.026000 -0.003500
v 0.003000 -0.026000 -0.003375
v 0.003000 -0.026125 -0.003250
v 0.003016 -0.025722 0.005331
v 0.003000 -0.025875 0.005625
v 0.003010 -0.025490 -0.003875
v 0.002923 -0.024942 0.005125
v 0.002867 -0.025367 0.005625
v 0.003000 -0.025000 -0.003875
v 0.003000 -0.025125 -0.003500
v 0.003231 -0.024802 0.004911
v 0.002875 -0.024750 -0.004250
v 0.003250 -0.024750 -0.003875
v 0.002807 -0.024557 0.005125
v 0.003000 -0.024500 -0.004125
v 0.002844 -0.024500 -0.003781
v 0.002875 -0.024500 0.005000
v 0.003000 -0.024500 0.005375
v 0.002875 -0.024250 -0.004250
v 0.003000 -0.024250 -0.004125
v 0.002875 -0.024000 -0.004500
v 0.003000 -0.024000 -0.004375
v 0.003000 -0.024125 -0.004250
v 0.002875 -0.024000 -0.003750
v 0.002875 -0.024000 0.005000
v 0.002697 -0.023961 0.005597
v 0.003000 -0.023417 -0.004375
v 0.002875 -0.023250 0.005000
v 0.003000 -0.023250 0.004875
v 0.003250 -0.023000 -0.004375
v 0.003000 -0.023250 -0.004375
v 0.002650 -0.023100 -0.004375
v 0.002875 -0.023000 0.004750
v 0.003000 -0.023125 0.004750
v 0.003000 -0.023000 0.004625
v 0.003000 -0.023000 0.005125
v 0.002875 -0.023000 0.005250
v 0.003271 -0.022192 -0.004090
v 0.003187 -0.022500 0.004438
v 0.003000 -0.022437 -0.004688
v 0.003000 -0.022614 -0.004125
v 0.003187 -0.022250 0.004438
v 0.003000 -0.022167 -0.004375
v 0.002844 -0.022000 0.005281
v 0.002875 -0.021750 -0.005000
v 0.003125 -0.021500 0.004500
v 0.003000 -0.021625 -0.005000
v 0.002766 -0.021699 -0.004625
v 0.002844 -0.021500 0.005281
v 0.003250 -0.021250 -0.004875
v 0.003125 -0.021321 -0.004500
v 0.003250 -0.021000 -0.004875
v 0.002875 -0.021000 0.004750
v 0.002844 -0.021125 0.005281
v 0.002768 -0.020982 -0.004875
v 0.002937 -0.020750 0.005187
v 0.002813 -0.020500 -0.005063
v 0.002844 -0.020500 0.005281
v 0.003000 -0.020250 -0.005375
v 0.002875 -0.020250 -0.005000
v 0.003000 -0.020250 -0.004875
v 0.002937 -0.020250 0.005187
v 0.002875 -0.020000 -0.005250
v 0.003000 -0.020000 -0.005125
v 0.003000 -0.020125 -0.005000
v 0.002915 -0.020345 0.004535
v 0.002891 -0.019938 0.005234
v 0.002750 -0.019600 -0.005375
v 0.003000 -0.019683 -0.005625
v 0.003000 -0.019500 -0.005125
v 0.002875 -0.019625 0.004500
v 0.002875 -0.019500 0.004750
v 0.002844 -0.019500 0.005281
v 0.003250 -0.019250 -0.005625
v 0.002875 -0.019250 -0.005500
v 0.002844 -0.019250 0.005281
v 0.002875 -0.019000 -0.006000
v 0.002937 -0.019125 -0.005937
v 0.002875 -0.019000 -0.005500
v 0.002875 -0.019125 0.004500
v 0.002844 -0.019000 0.005281
v 0.002937 -0.018625 -0.006187
v 0.003000 -0.018750 -0.006125
v 0.003000 -0.018875 -0.006000
v 0.002875 -0.018750 0.004500
v 0.002944 -0.018306 -0.006375
v 0.003000 -0.018350 -0.005625
v 0.002844 -0.018625 0.005281
v 0.002875 -0.018125 0.004625
v 0.002844 -0.018375 0.005281
v 0.002875 -0.018000 -0.006000
v 0.003000 -0.018125 -0.005750
v 0.002844 -0.018125 0.005281
v 0.003000 -0.017750 -0.006375
v 0.002875 -0.017750 -0.006000
v 0.003000 -0.017625 -0.006000
v 0.002875 -0.017625 0.004500
v 0.002937 -0.017250 -0.006688
v 0.003125 -0.017350 -0.006000
v 0.002875 -0.017250 0.004500
v 0.002844 -0.017250 0.005281
v 0.003000 -0.017000 -0.006875
v 0.003125 -0.017000 -0.006250
v 0.002875 -0.017000 0.004500
v 0.002779 -0.016750 -0.007096
v 0.002937 -0.016500 0.005187
v 0.002768 -0.016482 -0.006625
v 0.002875 -0.016375 0.004500
v 0.002844 -0.016250 0.005281
v 0.003029 -0.016137 -0.006958
v 0.002926 -0.015699 0.004463
v 0.002875 -0.016000 0.004750
v 0.002844 -0.016000 0.005281
v 0.003250 -0.015750 -0.006875
v 0.003000 -0.015500 -0.006625
v 0.003153 -0.015615 0.004860
v 0.002844 -0.015250 0.005281
v 0.003000 -0.015000 -0.006625
v 0.002937 -0.015000 0.005187
v 0.003000 -0.014750 -0.006875
v 0.003147 -0.014614 -0.006250
v 0.002844 -0.014875 0.005281
v 0.002875 -0.014500 0.004750
v 0.002844 -0.014500 0.005281
v 0.003000 -0.014250 -0.005875
v 0.002916 -0.013756 -0.005665
v 0.003125 -0.013375 0.004500
v 0.003000 -0.013250 -0.005625
v 0.003044 -0.013431 -0.005375
v 0.003250 -0.013250 -0.005125
v 0.003147 -0.012621 0.004524
v 0.002937 -0.013000 0.005187
v 0.003000 -0.012750 -0.005625
v 0.002844 -0.012875 0.005281
v 0.003000 -0.012500 -0.005375
v 0.002806 -0.012607 -0.005069
v 0.002937 -0.012500 0.005187
v 0.003000 -0.012250 -0.005375
v 0.002931 -0.012327 0.004479
v 0.002844 -0.012375 0.005281
v 0.003000 -0.012000 -0.005125
v 0.002875 -0.012417 0.004667
v 0.002875 -0.012000 0.004750
v 0.002750 -0.011500 -0.004625
v 0.002844 -0.011875 0.005281
v 0.002794 -0.011340 -0.005127
v 0.002875 -0.011625 0.004500
v 0.003410 -0.011448 -0.004854
v 0.003125 -0.011125 0.004250
v 0.002844 -0.011375 0.005281
v 0.003000 -0.010819 -0.004375
v 0.002844 -0.010875 0.005281
v 0.003250 -0.010383 -0.004625
v 0.002952 -0.010212 -0.004208
v 0.002875 -0.010562 0.004500
v 0.002875 -0.010250 0.004750
v 0.002844 -0.010250 0.005281
v 0.002750 -0.010000 -0.004375
v 0.002875 -0.010000 0.004750
v 0.002937 -0.010000 0.005187
v 0.002875 -0.009875 0.004625
v 0.003000 -0.009891 -0.004125
v 0.002875 -0.009500 0.005250
v 0.002875 -0.009271 0.004521
v 0.002875 -0.009250 0.005000
v 0.003000 -0.009000 -0.004375
v 0.003023 -0.009292 -0.003875
v 0.003075 -0.008646 -0.004125
v 0.003125 -0.008625 0.004125
v 0.002875 -0.008569 0.005069
v 0.002975 -0.008246 -0.003625
v 0.002875 -0.008000 0.004500
v 0.002875 -0.007750 -0.004000
v 0.002836 -0.007771 -0.003589
v 0.002875 -0.007750 0.004250
v 0.003000 -0.008000 0.004875
v 0.002875 -0.007500 -0.003500
v 0.002875 -0.007138 0.004388
v 0.002875 -0.007167 -0.003750
v 0.003000 -0.007250 -0.003375
v 0.003045 -0.006745 -0.003625
v 0.002875 -0.007000 0.004250
v 0.002875 -0.007136 0.004886
v 0.002750 -0.006867 -0.003375
v 0.003000 -0.006750 -0.003125
v 0.002875 -0.006500 -0.003250
v 0.003437 -0.006509 -0.003375
v 0.002875 -0.006125 0.004250
v 0.002644 -0.006233 0.004708
v 0.003118 -0.006118 -0.003375
v 0.003000 -0.006000 0.004625
v 0.002875 -0.005250 -0.003000
v 0.003125 -0.004625 0.003875
v 0.002750 -0.004500 -0.003125
v 0.002688 -0.004625 0.004938
v 0.002875 -0.004125 0.004125
v 0.003000 -0.004250 0.004125
v 0.003000 -0.004000 -0.003375
v 0.002796 -0.003944 -0.003110
v 0.002875 -0.004000 0.004250
v 0.002688 -0.004250 0.004938
v 0.002892 -0.003697 -0.003015
v 0.002823 -0.003425 0.004085
v 0.002929 -0.003642 0.004612
v 0.002883 -0.003533 -0.003129
v 0.002875 -0.003167 0.004000
v 0.002913 -0.003079 0.004489
v 0.003000 -0.002750 -0.003375
v 0.002875 -0.002821 0.003821
v 0.002950 -0.002550 -0.003375
v 0.003000 -0.002417 0.003708
v 0.003000 -0.002450 0.004425
v 0.002875 -0.002344 0.004031
v 0.002875 -0.002250 0.004750
v 0.002750 -0.002000 -0.003625
v 0.002500 -0.002000 -0.003375
v 0.002808 -0.002000 0.000683
v 0.002906 -0.002000 0.001219
v 0.003125 -0.001875 0.001563
v 0.003000 -0.001875 0.001875
v 0.002881 -0.002017 0.004072
v 0.003125 -0.001625 -0.003250
v 0.002750 -0.001500 -0.003125
v 0.003125 -0.001750 0.000250
v 0.002833 -0.001875 0.000183
v 0.002688 -0.001875 0.003174
v 0.003027 -0.001812 0.003459
v 0.002875 -0.001500 -0.000750
v 0.002923 -0.001625 -0.000297
v 0.003200 -0.001175 0.000450
v 0.002725 -0.001625 0.000725
v 0.002656 -0.001750 0.001094
v 0.003000 -0.001500 0.004125
v 0.003060 -0.001636 0.004511
v 0.002875 -0.001250 -0.003500
v 0.003000 -0.001250 -0.003375
v 0.002664 -0.001384 -0.003182
v 0.002875 -0.001250 -0.001000
v 0.003125 -0.001250 -0.000750
v 0.003062 -0.001312 -0.000625
v 0.003000 -0.001125 -0.000112
v 0.002925 -0.001500 0.002200
v 0.003118 -0.001368 0.003624
v 0.003014 -0.001367 0.003774
v 0.003000 -0.001125 -0.003250
v 0.002875 -0.001000 -0.002750
v 0.002881 -0.000875 -0.002500
v 0.002625 -0.001250 -0.001250
v 0.003000 -0.001000 -0.001125
v 0.002873 -0.000770 -0.000754
v 0.003000 -0.000750 -0.003125
v 0.003000 -0.000750 -0.002375
v 0.002875 -0.000937 -0.001312
v 0.003036 -0.000655 -0.003030
v 0.002972 -0.000429 -0.001423
v 0.003000 -0.000500 -0.000875
v 0.003050 -0.000375 -0.002450
v 0.003004 0.000031 -0.001198
v 0.002750 -0.000125 -0.002250
v 0.003000 0.000000 -0.001875
v 0.003125 -0.037250 -0.000500
v 0.003125 -0.037000 -0.001000
v 0.003125 -0.036938 -0.000063
v 0.003125 -0.036750 -0.001500
v 0.003125 -0.036500 0.000750
v 0.003125 -0.036583 -0.001310
v 0.003125 -0.036500 -0.000438
v 0.003375 -0.036212 -0.001038
v 0.003125 -0.036500 0.000000
v 0.003125 -0.036000 0.000750
v 0.003050 -0.035861 -0.001214
v 0.003125 -0.036000 0.000500
v 0.003125 -0.035875 0.001250
v 0.003125 -0.035902 -0.002000
v 0.003125 -0.036500 0.001000
v 0.003125 -0.035250 -0.002500
v 0.003125 -0.035750 -0.001500
v 0.003125 -0.035625 -0.001000
v 0.003125 -0.035350 -0.000033
v 0.003250 -0.035000 0.001625
v 0.003125 -0.035500 0.001250
v 0.003125 -0.035250 -0.002000
v 0.003125 -0.035250 -0.001125
v 0.003250 -0.035125 -0.000375
v 0.003125 -0.035375 0.000375
v 0.003125 -0.034969 0.002156
v 0.003125 -0.035375 0.002125
v 0.003250 -0.035125 -0.002500
v 0.003125 -0.035250 -0.001500
v 0.003250 -0.035125 -0.000625
v 0.003125 -0.034750 0.000750
v 0.003125 -0.035000 0.001000
v 0.003125 -0.035125 0.001625
v 0.003187 -0.034750 -0.002688
v 0.003250 -0.034500 -0.002125
v 0.003125 -0.034750 0.000500
v 0.003125 -0.035000 0.001250
v 0.003250 -0.034750 0.001875
v 0.003125 -0.034875 0.002625
v 0.003241 -0.034491 -0.002625
v 0.003250 -0.034625 0.002000
v 0.003125 -0.034625 0.002125
v 0.003125 -0.034250 0.002688
v 0.003125 -0.034125 0.002125
v 0.003250 -0.034250 0.002375
v 0.003125 -0.034125 0.003375
v 0.002875 -0.033946 -0.002375
v 0.003250 -0.033875 0.001500
v 0.003125 -0.034125 0.001750
v 0.003125 -0.033625 0.003125
v 0.003409 -0.033754 -0.002765
v 0.003337 -0.033700 -0.002337
v 0.003125 -0.033750 0.002500
v 0.003125 -0.033750 0.003750
v 0.003125 -0.033250 0.002250
v 0.003125 -0.033563 0.002281
v 0.003125 -0.033500 0.002750
v 0.003250 -0.033281 0.003344
v 0.003125 -0.033250 0.003500
v 0.003125 -0.032917 0.004333
v 0.003280 -0.033228 -0.002625
v 0.003458 -0.033458 -0.002625
v 0.003250 -0.033375 0.002000
v 0.003125 -0.033250 0.004250
v 0.003125 -0.033000 0.002688
v 0.003125 -0.032750 0.003500
v 0.003125 -0.033000 0.003750
v 0.003250 -0.033062 0.002313
v 0.003125 -0.032750 0.004000
v 0.003250 -0.032750 0.003875
v 0.003250 -0.032500 -0.002875
v 0.003125 -0.032250 0.003250
v 0.003125 -0.032500 0.003500
v 0.003125 -0.032500 0.004250
v 0.003250 -0.032250 -0.002375
v 0.003375 -0.032500 0.002750
v 0.003125 -0.032250 0.003750
v 0.003125 -0.032250 0.004750
v 0.003250 -0.032000 -0.002625
v 0.003555 -0.031722 -0.002348
v 0.003125 -0.032214 0.004500
v 0.003042 -0.032071 0.005012
v 0.003125 -0.032000 0.003250
v 0.003125 -0.031571 0.004750
v 0.003125 -0.031750 0.005000
v 0.003250 -0.031750 -0.002625
v 0.003179 -0.031571 -0.002375
v 0.003125 -0.031500 0.003750
v 0.003500 -0.031500 -0.002625
v 0.003225 -0.031000 0.004150
v 0.003125 -0.031750 0.003875
v 0.003125 -0.031450 0.004300
v 0.003125 -0.031300 0.005000
v 0.003250 -0.031000 -0.002375
v 0.003500 -0.030875 -0.002625
v 0.003250 -0.030750 -0.002375
v 0.003125 -0.030950 0.004550
v 0.003125 -0.030803 0.005197
v 0.003125 -0.030750 0.005250
v 0.003125 -0.030817 0.004250
v 0.003375 -0.030250 0.004500
v 0.003187 -0.030250 0.005187
v 0.003206 -0.029671 0.004906
v 0.003000 -0.030000 0.005625
v 0.003125 -0.029750 -0.002500
v 0.003250 -0.029750 -0.002375
v 0.003225 -0.029903 0.004725
v 0.003125 -0.029500 -0.003250
v 0.003000 -0.029500 0.005625
v 0.003187 -0.029250 -0.002688
v 0.003210 -0.029180 0.004960
v 0.002991 -0.029080 0.005339
v 0.003219 -0.028875 -0.003156
v 0.003094 -0.028750 -0.002781
v 0.003219 -0.028945 0.005297
v 0.003312 -0.028730 0.005071
v 0.003750 -0.028500 -0.002625
v 0.003500 -0.028750 -0.002375
v 0.003222 -0.028040 -0.003007
v 0.003204 -0.028194 -0.002704
v 0.003250 -0.028000 0.005625
v 0.003211 -0.027876 -0.003291
v 0.002799 -0.027489 -0.003837
v 0.003250 -0.027650 -0.003375
v 0.003312 -0.027375 -0.002813
v 0.003062 -0.027188 0.005625
v 0.003531 -0.027000 -0.003094
v 0.002766 -0.027000 -0.003359
v 0.003250 -0.026500 -0.003375
v 0.002766 -0.026500 -0.003359
v 0.003375 -0.026500 0.005125
v 0.003094 -0.026594 0.005625
v 0.003125 -0.026250 -0.003750
v 0.003250 -0.026125 -0.003000
v 0.003375 -0.026250 0.005125
v 0.003166 -0.026344 -0.003437
v 0.003125 -0.026000 -0.003250
v 0.003344 -0.025750 -0.003531
v 0.002756 -0.025244 -0.003625
v 0.003375 -0.025393 -0.003500
v 0.003250 -0.025500 0.005375
v 0.003062 -0.025250 -0.003312
v 0.003175 -0.025300 0.005000
v 0.003125 -0.025000 -0.003500
v 0.003250 -0.025000 -0.003375
v 0.003375 -0.025000 -0.003250
v 0.003000 -0.024750 -0.003625
v 0.003250 -0.024800 0.005375
v 0.003250 -0.024500 0.004625
v 0.003250 -0.024438 0.004625
v 0.003114 -0.024364 0.005375
v 0.003187 -0.024125 -0.004062
v 0.003009 -0.024186 -0.003625
v 0.003500 -0.024000 0.004375
v 0.003312 -0.023500 -0.004062
v 0.003250 -0.023750 -0.003625
v 0.003125 -0.023500 0.004750
v 0.002978 -0.023228 0.005375
v 0.003250 -0.023375 -0.004250
v 0.003250 -0.023250 -0.003625
v 0.003156 -0.023187 0.004656
v 0.003187 -0.023000 -0.003938
v 0.003375 -0.023050 0.004300
v 0.003250 -0.023000 0.004875
v 0.003260 -0.022740 -0.004375
v 0.003312 -0.022813 0.004312
v 0.003250 -0.022500 -0.004125
v 0.002844 -0.022500 0.005281
v 0.003250 -0.022500 -0.004375
v 0.003375 -0.022147 -0.004500
v 0.002922 -0.022187 0.005203
v 0.003250 -0.021917 -0.004625
v 0.003125 -0.021750 0.004500
v 0.003250 -0.021750 0.004875
v 0.003500 -0.021429 -0.004625
v 0.003000 -0.021750 -0.004875
v 0.003508 -0.021127 -0.004125
v 0.003125 -0.021500 0.004250
v 0.003125 -0.021250 0.004500
v 0.003250 -0.021250 0.004875
v 0.003000 -0.021000 -0.004625
v 0.003187 -0.020750 -0.004688
v 0.003125 -0.020875 0.004312
v 0.003125 -0.020750 0.005000
v 0.003250 -0.020500 -0.004625
v 0.003125 -0.020500 0.004250
v 0.003179 -0.020642 0.004862
v 0.003350 -0.020675 0.004747
v 0.003312 -0.020250 -0.005063
v 0.003250 -0.020083 0.004125
v 0.003171 -0.020191 0.004790
v 0.003256 -0.019647 -0.005506
v 0.003125 -0.020250 -0.005250
v 0.003187 -0.020000 0.004188
v 0.003435 -0.019948 -0.005185
v 0.003375 -0.019625 0.004000
v 0.003125 -0.019375 0.004875
v 0.003125 -0.019625 0.005000
v 0.003141 -0.019125 -0.005234
v 0.003375 -0.019188 0.003875
v 0.003125 -0.019125 0.004750
v 0.003406 -0.019125 -0.004969
v 0.003187 -0.019000 0.004188
v 0.003234 -0.018875 -0.005766
v 0.003000 -0.018750 -0.005625
v 0.003375 -0.018875 0.004000
v 0.003125 -0.018625 0.004750
v 0.003125 -0.018750 0.005000
v 0.003125 -0.018250 -0.005500
v 0.003250 -0.018250 -0.005375
v 0.003375 -0.018437 0.003875
v 0.003125 -0.018250 0.005000
v 0.003250 -0.018125 -0.005500
v 0.002875 -0.017875 0.004625
v 0.003125 -0.017875 0.004750
v 0.003375 -0.017938 0.003875
v 0.003187 -0.017750 -0.006187
v 0.003187 -0.017500 -0.005937
v 0.003187 -0.017500 0.004188
v 0.003125 -0.017188 0.004875
v 0.003125 -0.017500 0.005000
v 0.003125 -0.017250 -0.006500
v 0.003250 -0.017250 -0.005875
v 0.003375 -0.017250 0.004000
v 0.003125 -0.017250 0.005000
v 0.003125 -0.016519 -0.006250
v 0.003375 -0.016750 0.004000
v 0.003187 -0.016500 0.004188
v 0.003125 -0.016375 0.004875
v 0.003125 -0.016625 0.005000
v 0.003250 -0.016250 -0.006875
v 0.003375 -0.016250 0.004000
v 0.003125 -0.016125 0.004750
v 0.003187 -0.016000 0.004188
v 0.003125 -0.015750 -0.007000
v 0.003477 -0.015523 -0.006375
v 0.003125 -0.015750 0.005000
v 0.003083 -0.015667 -0.006625
v 0.003333 -0.015667 -0.006875
v 0.003125 -0.015375 0.004250
v 0.003142 -0.015262 0.004670
v 0.003125 -0.015250 0.005000
v 0.003525 -0.015500 -0.006850
v 0.003213 -0.014896 0.004801
v 0.003250 -0.015000 0.004625
v 0.003604 -0.014944 -0.006741
v 0.003160 -0.014479 -0.006625
v 0.003125 -0.014813 0.004312
v 0.003250 -0.014500 0.004875
v 0.003132 -0.014407 -0.006550
v 0.003125 -0.014375 0.004250
v 0.003250 -0.014250 -0.006125
v 0.003125 -0.014000 0.004500
v 0.003094 -0.014000 0.005031
v 0.002987 -0.013809 -0.005910
v 0.003250 -0.014000 -0.006375
v 0.003046 -0.013848 -0.005625
v 0.003125 -0.013875 0.004375
v 0.002844 -0.013875 0.005281
v 0.003125 -0.013625 0.004250
v 0.003250 -0.013500 0.004875
v 0.003250 -0.013250 -0.005625
v 0.002969 -0.013375 0.005156
v 0.003125 -0.013125 0.004250
v 0.003250 -0.012750 -0.004875
v 0.003179 -0.013000 -0.005125
v 0.003125 -0.012750 0.005000
v 0.003073 -0.012425 0.004335
v 0.003171 -0.012653 0.004885
v 0.003402 -0.012610 0.004573
v 0.003250 -0.012375 -0.005250
v 0.003250 -0.012125 -0.005125
v 0.003339 -0.012148 0.003933
v 0.003250 -0.011900 -0.004625
v 0.003125 -0.012203 -0.004875
v 0.003125 -0.011875 0.005000
v 0.003083 -0.011700 -0.005042
v 0.003187 -0.011500 0.004188
v 0.002917 -0.011189 -0.004625
v 0.003375 -0.011375 0.003875
v 0.003125 -0.011375 0.005000
v 0.003250 -0.011125 -0.004750
v 0.003357 -0.011055 -0.004625
v 0.003125 -0.010875 0.005000
v 0.002917 -0.010900 -0.004958
v 0.003250 -0.011000 -0.004375
v 0.003187 -0.010750 0.004188
v 0.003125 -0.010500 -0.004250
v 0.003375 -0.010625 0.003875
v 0.003125 -0.009937 0.004875
v 0.003125 -0.010375 0.005000
v 0.003250 -0.010125 -0.004500
v 0.003250 -0.010250 -0.004125
v 0.003187 -0.010000 0.004188
v 0.003125 -0.010000 0.005000
v 0.003327 -0.009827 -0.003875
v 0.003250 -0.009500 -0.003875
v 0.003125 -0.009333 0.004833
v 0.003443 -0.009443 -0.004125
v 0.003375 -0.009250 0.004500
v 0.003125 -0.009000 -0.003750
v 0.003250 -0.008808 -0.003625
v 0.003125 -0.009146 0.004146
v 0.003125 -0.009000 0.004250
v 0.003125 -0.008750 -0.003750
v 0.003125 -0.008750 0.004250
v 0.003125 -0.008750 0.004750
v 0.003389 -0.008739 -0.003975
v 0.003125 -0.008375 0.004000
v 0.003031 -0.008375 0.004844
v 0.003056 -0.007716 -0.003875
v 0.003250 -0.008000 -0.003375
v 0.003250 -0.008000 0.004625
v 0.003125 -0.007824 0.004074
v 0.003125 -0.007875 0.004625
v 0.003125 -0.007750 0.004750
v 0.003295 -0.007320 -0.003625
v 0.003056 -0.007556 -0.003375
v 0.003250 -0.007500 0.003875
v 0.003089 -0.007250 0.004786
v 0.003375 -0.007250 0.003750
v 0.003125 -0.007000 0.004500
v 0.003492 -0.006992 -0.003375
v 0.003250 -0.007096 -0.003125
v 0.003375 -0.006750 0.003750
v 0.003125 -0.006500 -0.003000
v 0.003062 -0.006625 0.004062
v 0.002875 -0.006625 0.004750
v 0.003125 -0.006250 -0.003000
v 0.003163 -0.006085 0.003956
v 0.003187 -0.006250 0.004438
v 0.003250 -0.006000 -0.002875
v 0.003312 -0.005961 0.003869
v 0.002625 -0.005750 0.005000
v 0.003125 -0.005500 -0.003250
v 0.003487 -0.005911 -0.003125
v 0.003125 -0.005500 0.004000
v 0.003187 -0.005500 0.004438
v 0.003281 -0.005250 0.003656
v 0.002901 -0.005026 -0.003000
v 0.003250 -0.005000 -0.002625
v 0.003125 -0.005125 0.003750
v 0.002688 -0.005250 0.004938
v 0.003125 -0.004750 0.004000
v 0.003187 -0.004750 0.004438
v 0.002875 -0.004250 -0.003375
v 0.003125 -0.004021 0.003771
v 0.003125 -0.004250 0.004500
v 0.003078 -0.003920 -0.003246
v 0.003125 -0.003250 0.003750
v 0.003072 -0.003829 0.004352
v 0.003125 -0.004000 0.004500
v 0.003000 -0.003500 -0.002875
v 0.003125 -0.003500 0.004250
v 0.003375 -0.003511 0.003404
v 0.002905 -0.002845 -0.002875
v 0.003125 -0.002974 0.003545
v 0.003125 -0.003000 0.004250
v 0.003231 -0.002769 -0.003125
v 0.003000 -0.002750 -0.002875
v 0.003125 -0.002676 0.003951
v 0.002937 -0.002750 0.004500
v 0.003625 -0.002375 -0.002625
v 0.002750 -0.002500 -0.003125
v 0.003125 -0.002500 0.003500
v 0.003250 -0.002500 0.003875
v 0.003125 -0.002275 0.004250
v 0.003062 -0.001688 -0.002813
v 0.003228 -0.002053 0.003399
v 0.003000 -0.001922 0.004641
v 0.003175 -0.001750 0.002200
v 0.003312 -0.001587 0.002900
v 0.003000 -0.001875 0.003000
v 0.003095 -0.001745 0.003406
v 0.003250 -0.001500 -0.000125
v 0.003250 -0.001625 0.000312
v 0.003125 -0.001500 0.001438
v 0.003252 -0.001597 0.003166
v 0.003250 -0.001625 0.003917
v 0.003228 -0.001551 0.003676
v 0.003125 -0.001250 -0.003250
v 0.003250 -0.001250 -0.003125
v 0.003062 -0.001312 0.000250
v 0.003125 -0.001250 0.000531
v 0.003167 -0.001458 0.001000
v 0.003273 -0.001375 0.002127
v 0.003125 -0.001000 -0.002500
v 0.003250 -0.001000 -0.002375
v 0.003250 -0.001125 -0.000750
v 0.003500 -0.000625 -0.001000
v 0.003250 -0.000750 -0.000375
v 0.003325 -0.000892 -0.000219
v 0.003170 -0.000652 -0.002875
v 0.003250 -0.000625 -0.002500
v 0.003250 -0.000625 -0.001750
v 0.003250 -0.000500 -0.000625
v 0.003286 -0.000625 -0.000500
v 0.003020 -0.000307 -0.001657
v 0.003352 -0.000375 -0.000709
v 0.003000 -0.000125 -0.002250
v 0.003250 -0.000125 -0.001750
v 0.003128 -0.000165 -0.001065
v 0.003135 0.000195 -0.001484
v 0.003375 -0.036250 -0.000500
v 0.003375 -0.036250 -0.000250
v 0.003317 -0.036058 -0.001350
v 0.003375 -0.035500 -0.000500
v 0.003375 -0.035625 -0.001875
v 0.003375 -0.035500 -0.000875
v 0.003500 -0.035563 -0.000438
v 0.003375 -0.036083 0.000167
v 0.003375 -0.035750 0.000750
v 0.003325 -0.035550 -0.001950
v 0.003375 -0.035250 -0.002250
v 0.003550 -0.035111 -0.001714
v 0.003500 -0.035375 -0.001500
v 0.003375 -0.035417 0.000083
v 0.003375 -0.035250 0.000467
v 0.003375 -0.035250 0.001250
v 0.003573 -0.034817 -0.002255
v 0.003375 -0.035250 -0.002173
v 0.003375 -0.035000 0.000000
v 0.003375 -0.035000 -0.001500
v 0.003625 -0.034667 0.000833
v 0.003375 -0.034750 0.001000
v 0.003375 -0.034750 0.001694
v 0.003375 -0.034875 -0.001063
v 0.003375 -0.034500 -0.000750
v 0.003375 -0.034800 -0.000800
v 0.003375 -0.034500 0.000500
v 0.003375 -0.034500 0.000750
v 0.003375 -0.033750 0.002250
v 0.003375 -0.034375 0.002125
v 0.003375 -0.034000 -0.002000
v 0.003625 -0.034250 -0.001250
v 0.003375 -0.034250 -0.000000
v 0.003375 -0.034071 0.000179
v 0.003361 -0.034301 0.001542
v 0.003130 -0.034009 -0.002622
v 0.003500 -0.034000 -0.001875
v 0.003375 -0.034354 -0.001496
v 0.003563 -0.034162 -0.000350
v 0.003375 -0.034000 0.000500
v 0.003375 -0.034000 0.001063
v 0.003634 -0.033915 0.001840
v 0.003375 -0.033875 0.002625
v 0.003500 -0.033875 -0.002500
v 0.003500 -0.033875 0.000500
v 0.003475 -0.033515 -0.002135
v 0.003375 -0.033625 0.001250
v 0.003375 -0.033500 0.002250
v 0.003250 -0.033250 -0.002375
v 0.003625 -0.033375 0.000875
v 0.003375 -0.033375 0.002750
v 0.003281 -0.033000 -0.002281
v 0.003375 -0.033375 0.001500
v 0.003375 -0.033250 0.002000
v 0.003375 -0.033125 0.003375
v 0.003250 -0.032750 -0.002375
v 0.003375 -0.032875 0.001625
v 0.003375 -0.032750 0.002500
v 0.003375 -0.033000 0.002750
v 0.003375 -0.032750 0.003750
v 0.003500 -0.032875 0.001500
v 0.003375 -0.032250 0.002250
v 0.003375 -0.032875 0.002125
v 0.003500 -0.032313 0.003312
v 0.003375 -0.032375 0.003375
v 0.003375 -0.032000 0.004250
v 0.003375 -0.032250 0.004250
v 0.003584 -0.032650 -0.002625
v 0.003107 -0.032643 -0.002375
v 0.003500 -0.032375 0.002000
v 0.003375 -0.031821 0.003000
v 0.003625 -0.031750 0.003750
v 0.003375 -0.032000 0.003750
v 0.003812 -0.031848 -0.002590
v 0.003375 -0.031750 0.003250
v 0.003431 -0.031500 0.004194
v 0.003375 -0.031917 0.004333
v 0.003359 -0.031391 -0.002375
v 0.003500 -0.032063 0.002313
v 0.003375 -0.031513 0.003000
v 0.003375 -0.031500 0.003500
v 0.003375 -0.031417 0.004583
v 0.003375 -0.031250 0.003750
v 0.003375 -0.031125 0.003500
v 0.003375 -0.030744 0.004833
v 0.003375 -0.031000 0.003250
v 0.003375 -0.030750 0.004000
v 0.003750 -0.030562 -0.002625
v 0.003375 -0.030500 0.004250
v 0.003375 -0.030500 0.003750
v 0.003375 -0.030500 0.004750
v 0.003635 -0.029763 -0.002714
v 0.003738 -0.029976 -0.002462
v 0.003375 -0.030000 0.004500
v 0.003387 -0.030126 0.005076
v 0.003500 -0.030000 0.004875
v 0.003625 -0.029750 0.004000
v 0.003348 -0.029634 0.004475
v 0.003688 -0.029500 -0.002688
v 0.003375 -0.029500 0.004250
v 0.003375 -0.029250 -0.003000
v 0.003332 -0.029336 0.005319
v 0.003341 -0.029069 0.004717
v 0.003493 -0.029141 0.005097
v 0.003750 -0.028750 -0.002625
v 0.003625 -0.028750 0.004500
v 0.003500 -0.028500 -0.002375
v 0.003500 -0.028535 0.004646
v 0.003500 -0.028250 -0.002375
v 0.003375 -0.028250 0.005000
v 0.003125 -0.028125 0.005625
v 0.003375 -0.028000 -0.003000
v 0.003281 -0.028406 0.005531
v 0.003262 -0.027958 -0.003006
v 0.003250 -0.027750 0.005625
v 0.003531 -0.027500 -0.003094
v 0.003062 -0.027444 0.005313
v 0.003125 -0.027500 0.005625
v 0.003500 -0.027250 0.005125
v 0.003323 -0.027005 0.005254
v 0.003405 -0.026976 0.005306
v 0.003312 -0.027000 0.005563
v 0.003500 -0.026750 -0.002625
v 0.003500 -0.026750 0.005125
v 0.003375 -0.026000 -0.003500
v 0.003569 -0.026176 -0.003338
v 0.003225 -0.025725 0.005125
v 0.003563 -0.026000 -0.002813
v 0.003500 -0.025708 0.004875
v 0.003515 -0.025765 0.005375
v 0.003750 -0.025917 -0.002625
v 0.003368 -0.025118 0.005375
v 0.003375 -0.025250 -0.003750
v 0.003607 -0.025107 0.005125
v 0.003625 -0.024750 -0.003500
v 0.003500 -0.024750 -0.003125
v 0.003500 -0.024750 0.005125
v 0.003760 -0.024490 -0.003375
v 0.003500 -0.024625 0.004625
v 0.003312 -0.024250 -0.003312
v 0.003500 -0.024250 0.004375
v 0.003619 -0.024167 0.004792
v 0.003437 -0.024000 -0.003938
v 0.003625 -0.024000 -0.003750
v 0.003375 -0.024000 -0.003500
v 0.003500 -0.024000 -0.003375
v 0.003625 -0.024000 -0.003250
v 0.003500 -0.024000 0.004875
v 0.003563 -0.023500 -0.003813
v 0.003401 -0.023510 0.004453
v 0.003000 -0.023750 0.005375
v 0.003500 -0.023250 0.004125
v 0.003625 -0.023094 0.004594
v 0.003563 -0.022750 -0.004062
v 0.003375 -0.022649 -0.003788
v 0.003625 -0.022490 0.003990
v 0.003391 -0.022625 0.004734
v 0.003375 -0.022250 0.004250
v 0.003250 -0.022250 0.004875
v 0.003375 -0.022094 0.004094
v 0.003139 -0.021811 -0.004375
v 0.003500 -0.021875 -0.004000
v 0.003375 -0.021630 0.004130
v 0.003375 -0.021750 0.004750
v 0.003938 -0.021500 0.003437
v 0.003375 -0.021500 0.004500
v 0.003333 -0.021167 -0.004875
v 0.003578 -0.021219 0.003797
v 0.003375 -0.021125 0.004500
v 0.003375 -0.021375 0.004750
v 0.003719 -0.020906 -0.004125
v 0.003625 -0.021000 0.003750
v 0.003500 -0.020750 -0.004875
v 0.003500 -0.020875 -0.004250
v 0.003500 -0.020250 -0.004375
v 0.003500 -0.020250 0.004375
v 0.003187 -0.020000 -0.004938
v 0.003500 -0.019528 -0.004625
v 0.003500 -0.019875 0.003750
v 0.003375 -0.019750 0.003750
v 0.003613 -0.019307 -0.005204
v 0.003375 -0.019500 -0.005250
v 0.003803 -0.019210 -0.004553
v 0.003500 -0.019000 -0.005375
v 0.003500 -0.019000 0.004375
v 0.003500 -0.018750 -0.005625
v 0.003625 -0.018750 -0.005500
v 0.003375 -0.018750 -0.005250
v 0.003375 -0.018500 0.004000
v 0.003500 -0.018500 0.004375
v 0.003437 -0.018250 -0.005937
v 0.003375 -0.018250 -0.005250
v 0.003500 -0.018250 -0.005125
v 0.003375 -0.018000 -0.006000
v 0.003312 -0.018000 -0.005563
v 0.003500 -0.018000 -0.005375
v 0.003875 -0.018000 -0.005000
v 0.003375 -0.018000 0.004000
v 0.003125 -0.018125 0.004875
v 0.003875 -0.017773 -0.005500
v 0.003375 -0.017719 -0.005531
v 0.003437 -0.017375 -0.006187
v 0.003500 -0.017625 -0.006000
v 0.003375 -0.017625 0.003750
v 0.003500 -0.017500 0.004375
v 0.003023 -0.016769 -0.006875
v 0.003500 -0.017000 -0.006375
v 0.003375 -0.017125 0.003750
v 0.003500 -0.017000 0.004375
v 0.003125 -0.016778 -0.006222
v 0.003375 -0.017063 -0.005750
v 0.003500 -0.016625 -0.006500
v 0.003375 -0.016625 0.003750
v 0.003625 -0.016479 -0.006500
v 0.003437 -0.016375 -0.006063
v 0.003500 -0.016000 0.004375
v 0.003333 -0.015917 -0.006375
v 0.003375 -0.016000 0.003875
v 0.003500 -0.015781 -0.006625
v 0.003375 -0.015625 0.003750
v 0.003236 -0.015545 0.004602
v 0.003375 -0.015000 0.004500
v 0.003375 -0.015250 0.004750
v 0.003299 -0.014950 -0.006560
v 0.003375 -0.015125 0.003875
v 0.003375 -0.014875 0.003750
v 0.003375 -0.014625 0.004500
v 0.003375 -0.014500 0.004000
v 0.003375 -0.014500 0.004750
v 0.003521 -0.014334 -0.006205
v 0.003375 -0.014375 0.003875
v 0.003375 -0.014250 0.004750
v 0.003375 -0.014125 0.003750
v 0.003500 -0.014000 -0.006375
v 0.003625 -0.013797 -0.005672
v 0.003375 -0.013625 0.004625
v 0.003375 -0.013875 0.004750
v 0.003375 -0.013625 0.003875
v 0.003375 -0.013375 0.004500
v 0.003250 -0.013500 -0.005875
v 0.003625 -0.013250 -0.005125
v 0.003375 -0.013375 0.003750
v 0.003375 -0.013000 0.004000
v 0.003375 -0.012875 0.004500
v 0.003375 -0.012875 0.003875
v 0.003323 -0.012820 -0.005349
v 0.003658 -0.012500 -0.005125
v 0.003404 -0.012650 -0.004796
v 0.003375 -0.012625 0.003750
v 0.003375 -0.012250 -0.004750
v 0.003375 -0.012250 0.004000
v 0.003156 -0.012229 0.004710
v 0.003500 -0.012000 -0.004375
v 0.003500 -0.012000 0.004375
v 0.003375 -0.011812 0.003875
v 0.003375 -0.011500 0.004000
v 0.003125 -0.011625 0.004750
v 0.003375 -0.011202 -0.004250
v 0.003500 -0.011250 0.004375
v 0.003375 -0.011125 0.003750
v 0.003719 -0.010969 -0.004375
v 0.003500 -0.010750 0.004375
v 0.003295 -0.010545 -0.004125
v 0.003125 -0.010625 0.004750
v 0.003500 -0.010250 -0.004375
v 0.003375 -0.010313 0.003875
v 0.003500 -0.010000 0.004375
v 0.003341 -0.009841 -0.004375
v 0.003500 -0.009875 -0.003750
v 0.003500 -0.009750 -0.003625
v 0.003375 -0.009875 0.003875
v 0.003375 -0.009500 -0.004250
v 0.003375 -0.009562 0.003875
v 0.003500 -0.009250 -0.004125
v 0.003375 -0.009250 -0.003750
v 0.003531 -0.009125 -0.003469
v 0.003500 -0.009000 -0.003875
v 0.003375 -0.009000 -0.003500
v 0.003375 -0.009042 0.003792
v 0.003375 -0.009000 0.004250
v 0.003625 -0.008750 0.003500
v 0.003375 -0.008562 0.004375
v 0.003375 -0.008875 0.004500
v 0.003292 -0.008292 -0.003875
v 0.003625 -0.008500 0.003500
v 0.003646 -0.008396 -0.003625
v 0.003375 -0.008000 -0.003250
v 0.003625 -0.008250 -0.003000
v 0.003625 -0.008250 0.003500
v 0.003375 -0.008125 0.004250
v 0.003375 -0.008000 -0.003750
v 0.003625 -0.008000 0.003500
v 0.003375 -0.007889 0.004389
v 0.003446 -0.007946 -0.003625
v 0.003475 -0.007600 -0.003125
v 0.003375 -0.007750 0.003750
v 0.003375 -0.007594 0.003594
v 0.003500 -0.007375 -0.003500
v 0.003125 -0.007375 0.004500
v 0.003375 -0.007000 -0.003500
v 0.003375 -0.007125 0.003500
v 0.003375 -0.006750 -0.003000
v 0.003312 -0.006812 0.004312
v 0.003375 -0.006625 0.003500
v 0.003708 -0.006458 -0.003125
v 0.003569 -0.006448 -0.002792
v 0.003375 -0.006125 0.003500
v 0.003375 -0.006000 0.004250
v 0.003375 -0.005750 -0.003250
v 0.003083 -0.005750 -0.003042
v 0.003357 -0.006039 0.003686
v 0.003500 -0.005500 -0.003125
v 0.003719 -0.005781 0.003031
v 0.003375 -0.005313 0.004125
v 0.003500 -0.005250 -0.003125
v 0.003187 -0.005335 -0.002875
v 0.003625 -0.005125 -0.002875
v 0.003375 -0.005000 -0.002500
v 0.003500 -0.005125 -0.002500
v 0.003500 -0.005000 -0.002375
v 0.003266 -0.004625 -0.002609
v 0.003375 -0.004625 0.004000
v 0.003437 -0.004500 0.003437
v 0.003375 -0.004500 0.004250
v 0.003375 -0.004375 -0.003000
v 0.003669 -0.004367 0.003068
v 0.003375 -0.004033 0.004033
v 0.003847 -0.003977 -0.002005
v 0.003437 -0.004000 0.003437
v 0.003250 -0.003375 -0.003125
v 0.003375 -0.003750 0.003500
v 0.003375 -0.003500 0.003500
v 0.003437 -0.003625 0.003938
v 0.003500 -0.003250 -0.002375
v 0.003375 -0.002977 -0.002477
v 0.003458 -0.002917 0.003167
v 0.003375 -0.002974 0.003795
v 0.003500 -0.002750 0.003125
v 0.003375 -0.002375 0.003250
v 0.003431 -0.002500 0.003694
v 0.003625 -0.001875 -0.002750
v 0.003375 -0.002125 -0.002438
v 0.003375 -0.002500 0.003000
v 0.003465 -0.001678 0.003657
v 0.003375 -0.002000 0.004250
v 0.003441 -0.001836 -0.002373
v 0.003183 -0.001875 0.000850
v 0.003375 -0.001750 0.002000
v 0.003500 -0.001750 0.002875
v 0.003364 -0.001699 0.004235
v 0.003625 -0.001500 -0.002750
v 0.003479 -0.001503 -0.002392
v 0.003375 -0.001500 0.000000
v 0.003833 -0.001375 0.000583
v 0.003639 -0.001625 0.000843
v 0.003500 -0.001625 0.002000
v 0.003375 -0.001250 -0.003000
v 0.003375 -0.001250 -0.002500
v 0.003455 -0.001256 -0.002197
v 0.003279 -0.001294 -0.000330
v 0.003500 -0.001375 0.001000
v 0.003500 -0.001344 0.001563
v 0.003500 -0.001375 0.002750
v 0.003375 -0.001375 0.002875
v 0.003557 -0.001387 0.003261
v 0.003500 -0.001375 0.003500
v 0.003573 -0.001061 -0.002791
v 0.003375 -0.001000 -0.002250
v 0.003500 -0.001000 -0.000625
v 0.003750 -0.001125 0.000500
v 0.003333 -0.000708 -0.002000
v 0.003659 -0.000875 -0.001591
v 0.003500 -0.000875 -0.000750
v 0.003500 -0.000875 0.000000
v 0.003519 -0.000672 -0.002512
v 0.003310 -0.000482 -0.001431
v 0.003500 -0.000625 -0.001250
v 0.003500 -0.000375 -0.002250
v 0.003500 -0.000375 -0.002000
v 0.003625 -0.035125 -0.000875
v 0.003625 -0.034958 -0.000708
v 0.003625 -0.035227 0.000023
v 0.003625 -0.034750 -0.001063
v 0.003625 -0.034500 0.000250
v 0.003625 -0.034500 0.000500
v 0.003625 -0.034250 0.001250
v 0.003625 -0.034500 0.001250
v 0.003625 -0.034417 -0.002250
v 0.003750 -0.034250 -0.001875
v 0.003625 -0.034750 -0.001500
v 0.003625 -0.034400 0.000381
v 0.003875 -0.034250 0.000250
v 0.003732 -0.034000 -0.002143
v 0.003625 -0.034000 0.000000
v 0.003875 -0.033750 0.000841
v 0.003625 -0.034000 0.001000
v 0.003625 -0.034000 0.001750
v 0.003566 -0.033494 -0.002566
v 0.003625 -0.034000 0.000750
v 0.003750 -0.033750 0.001125
v 0.003630 -0.033825 -0.001721
v 0.003625 -0.033500 -0.001000
v 0.003625 -0.034250 -0.000875
v 0.003625 -0.033500 -0.000500
v 0.003625 -0.033650 0.000300
v 0.003750 -0.033250 0.001625
v 0.003625 -0.033500 0.002000
v 0.003875 -0.033500 -0.002250
v 0.003625 -0.033636 -0.001414
v 0.003875 -0.033250 -0.000250
v 0.003625 -0.033250 0.000250
v 0.003625 -0.033250 0.001750
v 0.003583 -0.032917 -0.002625
v 0.003875 -0.032846 -0.002250
v 0.003875 -0.033050 -0.001450
v 0.003858 -0.033017 0.000115
v 0.003750 -0.033000 0.000375
v 0.003708 -0.032806 0.001917
v 0.003625 -0.033000 0.002500
v 0.003637 -0.033199 -0.001973
v 0.003750 -0.032875 0.000500
v 0.003625 -0.032750 0.000750
v 0.003875 -0.032375 0.000875
v 0.003625 -0.032750 0.001500
v 0.003625 -0.032500 0.002250
v 0.003625 -0.032625 0.002875
v 0.003656 -0.032375 -0.002094
v 0.003625 -0.032500 0.001187
v 0.003750 -0.032313 0.002313
v 0.003625 -0.032250 0.002500
v 0.003625 -0.032000 0.003500
v 0.003938 -0.032187 -0.002438
v 0.003625 -0.032250 0.001625
v 0.003625 -0.032125 0.002125
v 0.003625 -0.031656 0.003469
v 0.003625 -0.031750 0.001750
v 0.003625 -0.031750 0.002500
v 0.003750 -0.031719 0.002906
v 0.003750 -0.031250 -0.002625
v 0.003750 -0.031500 -0.002125
v 0.003750 -0.032187 0.001187
v 0.003625 -0.031500 0.002000
v 0.003625 -0.031500 0.002750
v 0.003625 -0.031625 0.003125
v 0.003625 -0.031250 0.002750
v 0.003708 -0.031043 0.003417
v 0.003750 -0.031125 -0.002250
v 0.003625 -0.031250 0.002000
v 0.003625 -0.030562 0.002688
v 0.003580 -0.030566 0.004570
v 0.003569 -0.031250 0.004056
v 0.004025 -0.031000 -0.002600
v 0.003625 -0.030875 0.003125
v 0.003625 -0.030750 0.004500
v 0.003390 -0.030416 -0.002355
v 0.003750 -0.030719 0.002406
v 0.003625 -0.030437 0.003500
v 0.003625 -0.030750 0.003750
v 0.003725 -0.030250 0.004150
v 0.003852 -0.030313 -0.002666
v 0.003750 -0.030313 0.002813
v 0.003875 -0.030000 0.003000
v 0.003625 -0.029841 0.003250
v 0.003525 -0.030295 0.003600
v 0.003591 -0.029708 0.004857
v 0.003625 -0.030000 0.004750
v 0.003288 -0.030130 -0.002286
v 0.003625 -0.030091 0.004250
v 0.003625 -0.029500 0.004750
v 0.003625 -0.029200 0.003750
v 0.003459 -0.029643 0.004994
v 0.003750 -0.029250 -0.002625
v 0.003750 -0.029437 0.003437
v 0.003625 -0.029450 0.004050
v 0.003515 -0.029015 -0.002375
v 0.003650 -0.028856 -0.002183
v 0.003625 -0.029000 0.004250
v 0.003625 -0.029071 0.004929
v 0.003625 -0.028750 0.004000
v 0.003468 -0.028897 0.005233
v 0.003875 -0.028833 0.003667
v 0.003708 -0.028317 0.004167
v 0.003625 -0.028750 0.005000
v 0.003368 -0.028627 0.005539
v 0.003481 -0.028223 -0.002864
v 0.003750 -0.028250 -0.002625
v 0.003750 -0.028000 -0.002375
v 0.003670 -0.027750 0.004705
v 0.003534 -0.027917 -0.002910
v 0.003625 -0.027750 0.004750
v 0.003625 -0.027281 0.004750
v 0.004000 -0.027500 -0.002625
v 0.003750 -0.027250 -0.002375
v 0.003625 -0.027250 0.005000
v 0.003429 -0.027431 0.005467
v 0.003779 -0.026721 -0.002375
v 0.003875 -0.026500 0.004750
v 0.003750 -0.026750 0.005375
v 0.003715 -0.026555 -0.002905
v 0.003516 -0.026601 -0.002625
v 0.003750 -0.026250 0.005375
v 0.003915 -0.026020 -0.002916
v 0.003625 -0.026250 -0.003000
v 0.003824 -0.025541 0.004841
v 0.003750 -0.025750 0.005125
v 0.004042 -0.025208 -0.002875
v 0.003817 -0.025183 -0.002625
v 0.003875 -0.025625 0.005125
v 0.003563 -0.025250 -0.003312
v 0.003500 -0.025187 -0.002937
v 0.003656 -0.025125 0.004719
v 0.003563 -0.025358 0.004875
v 0.003299 -0.024989 -0.003837
v 0.003750 -0.025000 -0.003375
v 0.003750 -0.024500 -0.002875
v 0.003750 -0.024821 0.004625
v 0.003775 -0.024525 0.004875
v 0.003688 -0.024125 -0.003062
v 0.003792 -0.024208 -0.003375
v 0.003583 -0.023833 0.004375
v 0.003813 -0.023750 -0.003563
v 0.003750 -0.023750 -0.003125
v 0.003781 -0.023813 0.004219
v 0.003875 -0.023375 -0.003625
v 0.003258 -0.023492 -0.003625
v 0.003715 -0.023488 0.004648
v 0.003250 -0.023250 -0.004375
v 0.003875 -0.023183 -0.003222
v 0.003750 -0.023375 -0.003250
v 0.003625 -0.023250 0.004000
v 0.003833 -0.023333 0.003875
v 0.003702 -0.023147 0.004413
v 0.003625 -0.023250 0.004750
v 0.003500 -0.023000 -0.003625
v 0.003969 -0.022625 -0.003781
v 0.003500 -0.022750 -0.003625
v 0.004000 -0.022583 0.003625
v 0.003875 -0.022500 -0.004000
v 0.003625 -0.022500 -0.003500
v 0.003625 -0.022250 -0.003750
v 0.003625 -0.022375 -0.003625
v 0.003683 -0.022178 0.003712
v 0.003625 -0.022250 0.004500
v 0.003750 -0.022000 -0.004125
v 0.003625 -0.022000 -0.003750
v 0.003750 -0.022000 -0.003625
v 0.003750 -0.022000 0.003625
v 0.003625 -0.022000 0.004500
v 0.003444 -0.021806 -0.004625
v 0.003406 -0.021875 -0.004094
v 0.003750 -0.021750 -0.003875
v 0.003750 -0.021875 -0.003750
v 0.003625 -0.021684 0.004295
v 0.003875 -0.021500 -0.004250
v 0.003813 -0.021250 -0.004312
v 0.004000 -0.021125 -0.003750
v 0.003750 -0.021000 -0.004625
v 0.003875 -0.021000 -0.004500
v 0.003750 -0.021125 -0.004000
v 0.003507 -0.020493 -0.004875
v 0.003625 -0.020844 0.003594
v 0.003750 -0.020500 -0.004625
v 0.003625 -0.020500 0.003750
v 0.003375 -0.020500 0.004500
v 0.003708 -0.020173 -0.004875
v 0.003518 -0.020482 -0.004375
v 0.003625 -0.020375 0.003625
v 0.003750 -0.020000 -0.004375
v 0.003536 -0.019714 -0.005125
v 0.003625 -0.019806 0.003556
v 0.003625 -0.019750 0.004000
v 0.003375 -0.019813 0.004500
v 0.003750 -0.019500 -0.004625
v 0.003688 -0.019500 0.003437
v 0.003625 -0.019375 0.004250
v 0.003875 -0.018857 -0.004500
v 0.003875 -0.019000 0.003250
v 0.003625 -0.019000 -0.005250
v 0.003563 -0.018750 -0.005063
v 0.003875 -0.018750 -0.004750
v 0.003875 -0.018750 0.003250
v 0.003625 -0.018625 0.004000
v 0.003625 -0.018875 0.004250
v 0.003875 -0.018600 -0.005250
v 0.003437 -0.018500 -0.005187
v 0.003875 -0.018500 0.003250
v 0.003594 -0.018375 -0.005656
v 0.003750 -0.018375 -0.005500
v 0.003688 -0.018250 0.003437
v 0.003625 -0.017938 0.004125
v 0.003625 -0.018375 0.004250
v 0.003875 -0.018000 0.003250
v 0.003625 -0.018000 0.004250
v 0.003750 -0.017750 -0.005125
v 0.003688 -0.017750 0.003437
v 0.003625 -0.017438 0.004125
v 0.003750 -0.017625 -0.005750
v 0.003875 -0.017500 0.003250
v 0.003625 -0.017500 0.004250
v 0.003375 -0.017389 -0.005611
v 0.003750 -0.017250 -0.005375
v 0.003688 -0.017250 0.003437
v 0.003625 -0.017121 -0.006045
v 0.003813 -0.017000 -0.005813
v 0.003875 -0.017000 0.003250
v 0.003625 -0.017000 0.004250
v 0.003938 -0.016656 -0.005187
v 0.003688 -0.016750 0.003437
v 0.003625 -0.016438 0.004125
v 0.003375 -0.016812 0.004500
v 0.003625 -0.016705 -0.006295
v 0.003813 -0.016500 -0.006063
v 0.003625 -0.016575 -0.005725
v 0.003875 -0.016500 0.003250
v 0.003625 -0.016500 0.004250
v 0.003906 -0.016250 -0.006219
v 0.003625 -0.016500 -0.006250
v 0.003688 -0.016250 0.003437
v 0.003583 -0.015917 -0.006625
v 0.003813 -0.016000 -0.006313
v 0.003625 -0.015801 -0.006083
v 0.003625 -0.016088 -0.005950
v 0.003875 -0.016000 0.003250
v 0.003688 -0.015750 0.003437
v 0.003625 -0.015875 0.004250
v 0.003625 -0.015500 -0.006250
v 0.003750 -0.015625 -0.006000
v 0.003875 -0.015500 0.003250
v 0.003688 -0.015250 0.003437
v 0.003625 -0.015125 0.004125
v 0.003625 -0.015375 0.004250
v 0.003750 -0.015000 -0.006625
v 0.003875 -0.015250 -0.006000
v 0.003875 -0.015000 0.003250
v 0.003625 -0.014875 0.004000
v 0.003688 -0.014750 0.003437
v 0.003541 -0.014201 -0.006557
v 0.003625 -0.014500 -0.006250
v 0.003875 -0.014500 0.003250
v 0.003500 -0.014250 0.004312
v 0.003625 -0.014500 0.004250
v 0.003875 -0.014000 0.003250
v 0.004018 -0.013958 -0.006330
v 0.003688 -0.013750 0.003437
v 0.003625 -0.013625 0.004125
v 0.003625 -0.013875 0.004250
v 0.003875 -0.013500 0.003250
v 0.003625 -0.013375 0.004000
v 0.003625 -0.013281 -0.005656
v 0.003688 -0.013250 0.003437
v 0.003887 -0.012950 -0.005375
v 0.003875 -0.013000 0.003250
v 0.003625 -0.012875 0.004125
v 0.003625 -0.013000 0.004250
v 0.003750 -0.012750 -0.004875
v 0.003750 -0.012625 -0.005250
v 0.003875 -0.012500 0.003250
v 0.003688 -0.012250 0.003437
v 0.003625 -0.012125 0.004125
v 0.003875 -0.012000 0.003250
v 0.003626 -0.011851 -0.004797
v 0.003688 -0.011750 0.003437
v 0.003875 -0.011500 0.003250
v 0.003625 -0.011375 0.004125
v 0.003625 -0.011625 0.004250
v 0.003750 -0.011196 -0.004375
v 0.003688 -0.011250 0.003437
v 0.003844 -0.011188 -0.003969
v 0.003475 -0.010975 -0.004125
v 0.003875 -0.011000 0.003250
v 0.003375 -0.011063 0.004500
v 0.003550 -0.010633 -0.004375
v 0.003750 -0.010750 -0.003875
v 0.003688 -0.010750 0.003437
v 0.003625 -0.010625 0.004125
v 0.003750 -0.010625 -0.003750
v 0.003750 -0.010500 -0.003625
v 0.003875 -0.010500 0.003250
v 0.003625 -0.010375 0.004000
v 0.003750 -0.010397 -0.004125
v 0.003489 -0.010322 -0.003875
v 0.003688 -0.010250 0.003437
v 0.003625 -0.010250 0.004250
v 0.003719 -0.009875 -0.004031
v 0.003875 -0.010000 0.003250
v 0.003625 -0.009875 0.004125
v 0.003750 -0.009750 -0.003875
v 0.003625 -0.009750 -0.003500
v 0.003750 -0.009750 -0.003375
v 0.003625 -0.009750 0.003500
v 0.003500 -0.009500 -0.003625
v 0.003625 -0.009594 0.003344
v 0.003375 -0.009562 0.004500
v 0.003750 -0.009250 -0.003875
v 0.003625 -0.009250 0.003500
v 0.003625 -0.009015 0.004015
v 0.003750 -0.009125 -0.003750
v 0.003625 -0.009000 -0.003750
v 0.003750 -0.009000 -0.003625
v 0.003875 -0.009114 -0.003114
v 0.003625 -0.009125 0.003375
v 0.003750 -0.009000 0.003875
v 0.003472 -0.008568 -0.003472
v 0.003625 -0.008500 -0.003000
v 0.003625 -0.008625 0.003250
v 0.003750 -0.008500 0.003875
v 0.003750 -0.008000 -0.003375
v 0.003625 -0.007750 0.004000
v 0.003625 -0.007500 -0.003500
v 0.004125 -0.007500 -0.003000
v 0.003625 -0.007521 0.003271
v 0.003688 -0.007375 0.003187
v 0.003625 -0.007688 0.003938
v 0.003625 -0.007250 -0.003250
v 0.004000 -0.007250 -0.002875
v 0.003688 -0.007250 -0.002688
v 0.003875 -0.007354 -0.002604
v 0.003781 -0.007312 0.002969
v 0.003625 -0.007250 0.004000
v 0.003875 -0.007000 0.003000
v 0.003625 -0.006875 0.003750
v 0.003688 -0.006625 0.003187
v 0.003781 -0.006562 0.002969
v 0.003625 -0.006500 0.004000
v 0.003625 -0.006014 -0.002514
v 0.003558 -0.006193 0.004045
v 0.003750 -0.006000 -0.002875
v 0.003688 -0.005875 0.003187
v 0.003829 -0.005080 -0.002805
v 0.003688 -0.005375 0.003187
v 0.003414 -0.005716 0.003982
v 0.003625 -0.005250 -0.002500
v 0.003688 -0.005000 -0.002188
v 0.003688 -0.005000 0.003688
v 0.003500 -0.004750 -0.002875
v 0.003688 -0.004750 -0.002688
v 0.003844 -0.004768 0.003204
v 0.003375 -0.005000 0.004000
v 0.003500 -0.004500 -0.002375
v 0.003729 -0.004503 0.003142
v 0.004125 -0.004625 -0.002250
v 0.003406 -0.004250 -0.002469
v 0.003250 -0.003750 -0.003125
v 0.003875 -0.004000 0.003500
v 0.003625 -0.003625 -0.002250
v 0.003625 -0.003750 -0.002000
v 0.003625 -0.003546 0.003046
v 0.003625 -0.003750 0.003750
v 0.003875 -0.003250 0.002750
v 0.003625 -0.003500 0.003500
v 0.003583 -0.003250 0.003792
v 0.003875 -0.003250 -0.002500
v 0.003625 -0.003250 0.003000
v 0.003625 -0.003000 -0.002750
v 0.003625 -0.002781 -0.002031
v 0.003625 -0.003250 -0.002000
v 0.003625 -0.002977 0.002750
v 0.003750 -0.002750 -0.001875
v 0.003750 -0.002750 0.002625
v 0.003625 -0.002833 0.003500
v 0.003625 -0.002593 0.002615
v 0.003625 -0.002667 0.002917
v 0.003625 -0.002500 0.003250
v 0.003625 -0.002750 -0.002500
v 0.003750 -0.002250 0.002375
v 0.003625 -0.002125 0.003375
v 0.003625 -0.002000 -0.002000
v 0.003583 -0.001643 -0.002439
v 0.003688 -0.001951 -0.002420
v 0.003552 -0.001653 0.002274
v 0.003652 -0.001886 0.002158
v 0.003625 -0.001750 0.002750
v 0.003625 -0.001554 0.003304
v 0.003531 -0.001611 0.001955
v 0.003810 -0.001652 0.001808
v 0.003665 -0.001229 -0.002450
v 0.004250 -0.001125 0.000500
v 0.003611 -0.001264 -0.000077
v 0.003625 -0.001000 -0.002000
v 0.003692 -0.001125 -0.000500
v 0.003750 -0.001125 0.001000
v 0.003500 -0.001093 0.002347
v 0.003830 -0.000705 -0.002268
v 0.003750 -0.000875 -0.001500
v 0.003919 -0.000940 -0.000991
v 0.003776 -0.000891 0.000224
v 0.003750 -0.000625 -0.002000
v 0.003750 -0.000775 -0.000100
v 0.003539 -0.000125 -0.001612
v 0.003625 -0.000250 -0.001500
v 0.003500 -0.000125 -0.001000
v 0.003750 -0.000375 -0.000750
v 0.003875 -0.034500 -0.001125
v 0.003875 -0.034458 -0.000458
v 0.003875 -0.034500 -0.001500
v 0.003813 -0.034313 -0.000250
v 0.004000 -0.033625 -0.000687
v 0.003875 -0.033750 -0.000500
v 0.003875 -0.033700 -0.000200
v 0.003875 -0.033750 -0.001125
v 0.003875 -0.033000 0.001000
v 0.003875 -0.033750 0.001000
v 0.003875 -0.033596 -0.002000
v 0.003875 -0.033750 -0.001500
v 0.003875 -0.033500 0.000250
v 0.004125 -0.033000 -0.002000
v 0.004014 -0.033361 0.000158
v 0.004083 -0.032792 0.000750
v 0.003875 -0.033000 0.001750
v 0.003875 -0.032750 -0.002500
v 0.003875 -0.033000 -0.001750
v 0.003875 -0.033250 -0.001000
v 0.003875 -0.033250 -0.000500
v 0.003875 -0.032500 0.001500
v 0.003875 -0.032750 0.001750
v 0.003875 -0.032500 -0.002500
v 0.003875 -0.032750 -0.001750
v 0.003875 -0.032500 -0.001250
v 0.004000 -0.032375 -0.000750
v 0.004000 -0.032375 -0.000500
v 0.003875 -0.032361 -0.000111
v 0.003875 -0.033250 -0.000750
v 0.004000 -0.032750 0.001125
v 0.003875 -0.032250 0.000250
v 0.003875 -0.032250 0.001750
v 0.003875 -0.032250 0.002250
v 0.003875 -0.032250 -0.002000
v 0.003875 -0.032118 -0.001750
v 0.004125 -0.032250 -0.001250
v 0.003875 -0.031750 0.001500
v 0.003875 -0.032000 0.002500
v 0.003875 -0.031750 0.000750
v 0.003875 -0.032000 0.000937
v 0.003875 -0.031625 0.002875
v 0.004125 -0.031500 -0.001750
v 0.003875 -0.031318 0.001750
v 0.003875 -0.031750 0.002000
v 0.003833 -0.031367 -0.002125
v 0.003875 -0.031500 0.001000
v 0.004000 -0.031156 0.002469
v 0.003875 -0.031250 0.003250
v 0.004000 -0.031125 -0.002500
v 0.003775 -0.031000 -0.002350
v 0.003875 -0.030625 0.003250
v 0.003875 -0.031000 0.003250
v 0.003875 -0.030750 0.001750
v 0.003875 -0.030750 0.002250
v 0.004000 -0.030875 0.002750
v 0.003875 -0.030750 0.003000
v 0.003875 -0.030875 0.001875
v 0.003875 -0.030375 0.002625
v 0.003875 -0.029750 0.003750
v 0.003875 -0.030500 0.003750
v 0.003897 -0.030319 -0.002143
v 0.003969 -0.030500 0.001656
v 0.003875 -0.030250 0.003250
v 0.004000 -0.030125 0.002000
v 0.003875 -0.029662 0.002500
v 0.003875 -0.030000 0.003500
v 0.004250 -0.029750 -0.002625
v 0.004000 -0.029500 -0.002125
v 0.003875 -0.029750 0.003000
v 0.003875 -0.030000 0.004000
v 0.004009 -0.029402 -0.002200
v 0.003875 -0.029542 0.003750
v 0.003875 -0.029500 0.004500
v 0.003875 -0.029250 -0.002250
v 0.003875 -0.029250 0.002750
v 0.003875 -0.029750 0.002688
v 0.003875 -0.029250 0.003500
v 0.003875 -0.028932 0.004250
v 0.004125 -0.029000 0.004000
v 0.003924 -0.028875 -0.002375
v 0.003875 -0.029000 0.003000
v 0.003920 -0.028500 0.003455
v 0.003875 -0.028844 0.004531
v 0.004000 -0.029063 0.002813
v 0.003875 -0.029000 0.003500
v 0.003875 -0.028667 0.004833
v 0.003875 -0.028750 0.004250
v 0.003875 -0.028321 0.003500
v 0.003875 -0.028250 0.004000
v 0.003875 -0.028250 0.005000
v 0.004125 -0.028000 -0.002500
v 0.003875 -0.027750 0.005000
v 0.004000 -0.027750 -0.002125
v 0.003875 -0.027850 0.003750
v 0.003875 -0.028125 0.003938
v 0.003875 -0.027643 0.005000
v 0.004000 -0.027250 -0.002125
v 0.003875 -0.027250 0.004500
v 0.003875 -0.027167 0.004250
v 0.003734 -0.027274 0.005382
v 0.003833 -0.027167 -0.002375
v 0.003875 -0.026770 0.004444
v 0.003875 -0.027000 0.004750
v 0.003875 -0.027281 0.005000
v 0.003442 -0.026851 0.005459
v 0.004027 -0.026655 -0.002693
v 0.003875 -0.026750 0.004750
v 0.004125 -0.026750 0.005000
v 0.004042 -0.026500 -0.002333
v 0.003625 -0.026438 0.005375
v 0.003936 -0.025982 0.004695
v 0.004065 -0.026000 0.005065
v 0.004000 -0.025750 0.004625
v 0.003833 -0.025667 -0.002625
v 0.003875 -0.025458 0.004500
v 0.003875 -0.025000 -0.003250
v 0.003938 -0.025125 -0.003062
v 0.003813 -0.025000 -0.002813
v 0.003764 -0.024889 0.005000
v 0.004333 -0.024417 -0.002875
v 0.003786 -0.024464 -0.002875
v 0.003929 -0.024612 0.004375
v 0.004000 -0.024375 -0.003250
v 0.004000 -0.024458 0.004625
v 0.004156 -0.024448 0.004625
v 0.003964 -0.023456 -0.002905
v 0.004083 -0.023833 0.003875
v 0.003917 -0.023583 0.004542
v 0.003969 -0.023500 -0.003406
v 0.003875 -0.023500 0.004000
v 0.004125 -0.023250 -0.003500
v 0.004000 -0.023250 0.003625
v 0.004078 -0.023000 -0.003547
v 0.004000 -0.023000 0.003625
v 0.004000 -0.023000 0.004125
v 0.004125 -0.022625 -0.003625
v 0.004219 -0.022375 -0.003031
v 0.003750 -0.023000 0.004375
v 0.003813 -0.022250 -0.004062
v 0.003875 -0.022250 -0.003500
v 0.004375 -0.022187 -0.003000
v 0.003955 -0.022246 0.003625
v 0.003875 -0.022250 0.004250
v 0.004000 -0.022000 -0.003875
v 0.003875 -0.022000 -0.003500
v 0.004000 -0.022000 -0.003375
v 0.004000 -0.022000 0.003375
v 0.003875 -0.021927 0.004045
v 0.003875 -0.021750 -0.004250
v 0.004000 -0.021875 -0.004000
v 0.003875 -0.021750 -0.003750
v 0.004000 -0.021750 -0.003625
v 0.004375 -0.021750 -0.003250
v 0.004062 -0.021750 0.003312
v 0.004000 -0.021750 -0.004125
v 0.003781 -0.021500 -0.003844
v 0.003875 -0.021146 0.003396
v 0.003844 -0.021063 0.004031
v 0.004125 -0.021000 -0.004250
v 0.003875 -0.020833 0.003333
v 0.004125 -0.020750 0.003000
v 0.003875 -0.020500 0.003750
v 0.003875 -0.020500 0.004000
v 0.004000 -0.020375 -0.004500
v 0.003844 -0.020375 -0.004156
v 0.004375 -0.020242 0.002742
v 0.003875 -0.020250 0.004000
v 0.003938 -0.019875 0.003187
v 0.003813 -0.020000 0.004062
v 0.004000 -0.019750 -0.004625
v 0.003875 -0.019250 0.003250
v 0.004188 -0.019500 -0.004688
v 0.003875 -0.019750 -0.004750
v 0.003875 -0.019500 -0.004500
v 0.004000 -0.019500 0.003625
v 0.003875 -0.019000 -0.005000
v 0.003875 -0.018750 -0.005250
v 0.003875 -0.019000 0.003000
v 0.004156 -0.018750 -0.004969
v 0.003875 -0.018250 -0.005500
v 0.004042 -0.017958 -0.005250
v 0.003875 -0.018250 -0.004750
v 0.003875 -0.018375 0.003000
v 0.004000 -0.018250 0.003625
v 0.004125 -0.018250 -0.005000
v 0.004125 -0.017798 -0.004577
v 0.003875 -0.017536 -0.005000
v 0.003875 -0.017833 -0.004917
v 0.003875 -0.017875 0.003000
v 0.004000 -0.017750 0.003625
v 0.004000 -0.017504 -0.005437
v 0.003875 -0.017268 -0.005732
v 0.003813 -0.017071 -0.005313
v 0.004125 -0.017048 -0.004827
v 0.003875 -0.017375 0.003000
v 0.004000 -0.017250 0.003625
v 0.003875 -0.017083 -0.005167
v 0.004125 -0.016750 -0.005750
v 0.003875 -0.016875 0.003000
v 0.004000 -0.016750 0.003625
v 0.003875 -0.016417 -0.005500
v 0.004125 -0.016250 -0.005250
v 0.003875 -0.016375 0.003000
v 0.004000 -0.016250 0.003625
v 0.003875 -0.016000 -0.005750
v 0.004125 -0.015750 -0.006250
v 0.003875 -0.015775 -0.005725
v 0.003875 -0.015875 0.003000
v 0.004000 -0.015750 0.003625
v 0.004000 -0.015250 -0.006375
v 0.003875 -0.015338 -0.005950
v 0.003875 -0.015375 0.003000
v 0.004219 -0.014813 -0.006156
v 0.003875 -0.014875 0.003000
v 0.004000 -0.014750 0.003625
v 0.004000 -0.014500 -0.006375
v 0.003739 -0.014288 -0.006133
v 0.003875 -0.014375 0.003000
v 0.004000 -0.014250 0.003625
v 0.003875 -0.013875 0.003000
v 0.004000 -0.013000 -0.005375
v 0.004000 -0.013562 -0.005437
v 0.003875 -0.013375 0.003000
v 0.004000 -0.013250 0.003625
v 0.003833 -0.013012 -0.005054
v 0.003875 -0.012750 -0.005250
v 0.004000 -0.012750 -0.005125
v 0.003875 -0.012875 0.003000
v 0.003625 -0.012625 0.004000
v 0.003750 -0.012386 -0.005011
v 0.004167 -0.012500 -0.004625
v 0.003840 -0.012523 -0.002410
v 0.003719 -0.012177 -0.004522
v 0.003875 -0.012375 0.003000
v 0.004000 -0.012250 0.003625
v 0.004111 -0.012167 -0.004375
v 0.004000 -0.012125 -0.002500
v 0.003813 -0.012068 -0.002214
v 0.003860 -0.012025 -0.004850
v 0.003236 -0.011430 -0.004452
v 0.003875 -0.011750 -0.001750
v 0.003875 -0.011875 0.003000
v 0.003625 -0.011875 0.004000
v 0.003875 -0.011500 -0.004500
v 0.004249 -0.011503 -0.004307
v 0.003750 -0.011500 -0.004188
v 0.003875 -0.011312 -0.002000
v 0.003875 -0.011375 -0.001750
v 0.004000 -0.011375 -0.004000
v 0.003875 -0.011111 -0.002111
v 0.003875 -0.011375 0.003000
v 0.003625 -0.011125 0.004000
v 0.004000 -0.011000 -0.004125
v 0.004000 -0.010875 -0.003625
v 0.003875 -0.010750 -0.003750
v 0.004047 -0.010626 -0.002101
v 0.003875 -0.010750 -0.001750
v 0.003875 -0.010875 0.003000
v 0.004000 -0.010750 0.003625
v 0.004000 -0.010500 -0.004125
v 0.003875 -0.010375 0.003000
v 0.004000 -0.010250 0.003625
v 0.004000 -0.010000 -0.003875
v 0.003750 -0.010000 -0.003625
v 0.004000 -0.009875 -0.003750
v 0.003875 -0.009750 -0.003750
v 0.003938 -0.009750 -0.003219
v 0.004062 -0.009500 0.003563
v 0.004000 -0.009750 -0.003625
v 0.003875 -0.009521 0.003021
v 0.003875 -0.009250 -0.003750
v 0.004000 -0.009250 -0.003625
v 0.004188 -0.009500 -0.002937
v 0.004125 -0.009250 0.002750
v 0.003875 -0.009250 0.003500
v 0.003875 -0.009000 -0.003500
v 0.004000 -0.009000 -0.003375
v 0.003875 -0.009000 0.003000
v 0.003875 -0.008813 0.003625
v 0.003875 -0.009125 0.003750
v 0.003946 -0.008650 -0.002829
v 0.004125 -0.008750 0.002750
v 0.003809 -0.008272 -0.003526
v 0.003875 -0.008500 0.003000
v 0.004125 -0.008250 0.002750
v 0.003875 -0.008375 0.003750
v 0.004042 -0.008000 -0.002583
v 0.003875 -0.008000 0.003000
v 0.003875 -0.008000 0.003750
v 0.003938 -0.007750 -0.003187
v 0.003875 -0.007947 -0.002697
v 0.003875 -0.007844 0.002844
v 0.003875 -0.007750 0.003750
v 0.003875 -0.007500 0.003000
v 0.003875 -0.007500 0.003500
v 0.004125 -0.007197 -0.002697
v 0.003785 -0.006764 -0.002604
v 0.003875 -0.007000 -0.002250
v 0.004125 -0.006625 -0.002625
v 0.003875 -0.006750 -0.002250
v 0.003875 -0.007125 0.002750
v 0.003938 -0.006750 0.003437
v 0.003875 -0.006281 -0.002281
v 0.004000 -0.006438 -0.002188
v 0.003938 -0.006500 0.003437
v 0.003875 -0.006250 -0.002750
v 0.003875 -0.006375 0.002750
v 0.003625 -0.006375 0.003750
v 0.003838 -0.006192 -0.002908
v 0.003875 -0.006000 0.003000
v 0.003938 -0.006000 0.003437
v 0.003875 -0.005750 -0.002250
v 0.003625 -0.006000 0.003750
v 0.004125 -0.005625 -0.002500
v 0.003875 -0.005224 -0.002224
v 0.004062 -0.005375 -0.001750
v 0.003875 -0.005625 0.002750
v 0.004000 -0.005250 -0.002625
v 0.004069 -0.005015 -0.002320
v 0.003875 -0.005000 -0.002000
v 0.003875 -0.005187 0.002875
v 0.003875 -0.005000 0.003500
v 0.003875 -0.004750 -0.002500
v 0.004025 -0.004775 -0.001625
v 0.003938 -0.004625 0.002688
v 0.003875 -0.004500 0.003500
v 0.004000 -0.004250 -0.002375
v 0.003920 -0.004183 0.003310
v 0.003875 -0.004000 -0.002500
v 0.003688 -0.003750 -0.001937
v 0.003875 -0.003625 0.002625
v 0.004000 -0.003750 0.002625
v 0.003875 -0.003375 -0.002375
v 0.003875 -0.003500 0.002750
v 0.003875 -0.003750 -0.002250
v 0.004000 -0.003250 0.002375
v 0.003819 -0.003391 0.003322
v 0.003875 -0.003055 0.002344
v 0.004000 -0.003125 0.003000
v 0.003911 -0.002760 -0.002224
v 0.003875 -0.002663 0.002306
v 0.003875 -0.002656 0.003156
v 0.003938 -0.002500 -0.002188
v 0.003625 -0.002531 -0.002062
v 0.003875 -0.002500 -0.001500
v 0.004125 -0.002313 -0.001937
v 0.003875 -0.002250 -0.001500
v 0.003875 -0.002250 0.001750
v 0.003875 -0.002250 0.002000
v 0.003875 -0.002500 0.003000
v 0.004000 -0.002375 0.002750
v 0.004125 -0.001812 -0.001937
v 0.003938 -0.002062 -0.001563
v 0.003875 -0.002000 0.002000
v 0.003875 -0.001875 -0.001625
v 0.003867 -0.001666 0.001810
v 0.004000 -0.001875 0.002500
v 0.003750 -0.001875 0.003125
v 0.003647 -0.001540 -0.002284
v 0.003875 -0.001500 0.000750
v 0.003875 -0.001500 0.001000
v 0.004056 -0.001431 0.001292
v 0.003894 -0.001508 0.001465
v 0.003885 -0.001557 0.002837
v 0.004000 -0.001500 0.002625
v 0.003938 -0.001000 -0.001438
v 0.004250 -0.001375 0.000750
v 0.004000 -0.001375 0.000500
v 0.004071 -0.001441 0.001041
v 0.004000 -0.001375 0.001250
v 0.003830 -0.001386 0.002553
v 0.004125 -0.001000 -0.002000
v 0.003835 -0.000933 -0.001760
v 0.003877 -0.001067 -0.001613
v 0.003926 -0.001053 -0.000273
v 0.003821 -0.001125 0.000821
v 0.004098 -0.001055 0.001329
v 0.003885 -0.001081 0.001906
v 0.004039 -0.000664 -0.002047
v 0.004038 -0.000653 -0.001807
v 0.003750 -0.000375 -0.001000
v 0.004000 -0.000625 -0.001125
v 0.003893 -0.000611 -0.000588
v 0.004000 -0.000625 -0.000250
v 0.004125 -0.033417 -0.000167
v 0.004125 -0.033500 -0.001500
v 0.004125 -0.033125 -0.001063
v 0.004125 -0.032750 -0.000000
v 0.004125 -0.032750 -0.000750
v 0.004250 -0.032625 -0.000500
v 0.004125 -0.032679 -0.002071
v 0.004125 -0.032679 -0.001321
v 0.004125 -0.032750 0.001000
v 0.004154 -0.032721 0.000000
v 0.004125 -0.032500 -0.001750
v 0.004250 -0.032375 -0.001500
v 0.004250 -0.032250 0.000375
v 0.004125 -0.032250 0.000500
v 0.004125 -0.031950 0.001750
v 0.004125 -0.032000 0.000750
v 0.004125 -0.032000 0.001750
v 0.004312 -0.031750 -0.002062
v 0.004125 -0.031750 -0.001750
v 0.004125 -0.032250 -0.001000
v 0.004125 -0.032000 0.000250
v 0.004250 -0.031625 0.001000
v 0.004125 -0.032187 0.000937
v 0.004126 -0.031399 -0.002425
v 0.004125 -0.031500 -0.000250
v 0.004125 -0.032167 -0.000167
v 0.004362 -0.031327 -0.002040
v 0.004125 -0.031250 -0.001500
v 0.004125 -0.031500 -0.000875
v 0.004000 -0.031312 0.001063
v 0.004125 -0.031500 0.001250
v 0.004125 -0.031375 0.001875
v 0.004025 -0.031817 0.001850
v 0.004125 -0.031250 -0.002000
v 0.004125 -0.031321 -0.000071
v 0.004125 -0.031250 0.000250
v 0.004250 -0.030938 0.001688
v 0.004375 -0.030917 -0.002250
v 0.003862 -0.030726 -0.002287
v 0.004125 -0.030750 0.000750
v 0.004125 -0.031063 0.000687
v 0.004125 -0.031000 0.001250
v 0.004125 -0.030607 0.001500
v 0.004125 -0.030625 0.002375
v 0.004125 -0.030750 0.002750
v 0.004000 -0.030500 -0.002125
v 0.004125 -0.030500 0.002250
v 0.004625 -0.030250 -0.002000
v 0.004069 -0.030500 0.002806
v 0.004250 -0.030000 -0.002625
v 0.004125 -0.030317 0.001000
v 0.004125 -0.029750 0.002250
v 0.004125 -0.030250 0.002250
v 0.004125 -0.029875 0.003000
v 0.004250 -0.029750 -0.002125
v 0.004125 -0.029625 0.001625
v 0.004250 -0.029375 0.003000
v 0.004125 -0.029750 0.003500
v 0.003833 -0.029083 -0.002625
v 0.004250 -0.029734 0.001391
v 0.004125 -0.029500 0.002250
v 0.004125 -0.029500 0.003000
v 0.004000 -0.029000 -0.002375
v 0.004125 -0.029250 0.002500
v 0.004125 -0.029456 0.003321
v 0.004125 -0.029000 0.002750
v 0.004250 -0.028750 -0.002125
v 0.004125 -0.029050 0.002000
v 0.004125 -0.028750 0.003000
v 0.004125 -0.029000 0.003250
v 0.004125 -0.028667 0.004083
v 0.004125 -0.028500 -0.002500
v 0.004125 -0.028133 0.002750
v 0.004250 -0.028250 -0.002625
v 0.004000 -0.028125 -0.002125
v 0.004250 -0.028469 0.002406
v 0.004125 -0.028656 0.002719
v 0.004250 -0.028250 0.003625
v 0.004125 -0.028467 0.003750
v 0.004250 -0.028000 0.002625
v 0.004125 -0.028167 0.003333
v 0.004225 -0.027750 0.004150
v 0.004069 -0.028250 0.004306
v 0.004125 -0.027500 0.003250
v 0.004125 -0.027563 0.004438
v 0.004125 -0.027750 0.004750
v 0.004083 -0.027417 -0.002625
v 0.004250 -0.027500 -0.002375
v 0.004250 -0.027687 0.002937
v 0.004125 -0.027750 0.003500
v 0.004319 -0.027500 0.004056
v 0.004125 -0.027111 0.004889
v 0.004125 -0.027250 0.003250
v 0.004125 -0.027250 0.004000
v 0.004125 -0.027250 0.004500
v 0.004425 -0.027250 -0.002450
v 0.004147 -0.026750 0.003728
v 0.004174 -0.026474 0.004656
v 0.004125 -0.026800 0.003850
v 0.004125 -0.026500 0.004250
v 0.004090 -0.026218 0.004660
v 0.004268 -0.026232 -0.002625
v 0.004250 -0.026000 -0.002125
v 0.004250 -0.026500 0.003625
v 0.004125 -0.026375 0.005000
v 0.004000 -0.026000 -0.002375
v 0.004042 -0.025708 -0.002875
v 0.004179 -0.025780 -0.002375
v 0.004375 -0.025750 0.004000
v 0.004125 -0.025996 0.004104
v 0.004250 -0.025750 0.004875
v 0.004250 -0.025750 -0.002625
v 0.004083 -0.025500 -0.002542
v 0.004125 -0.025583 0.004333
v 0.004375 -0.025250 0.004000
v 0.004125 -0.025625 0.004875
v 0.004087 -0.025550 0.005087
v 0.004375 -0.025450 -0.002750
v 0.004125 -0.025250 0.004750
v 0.004250 -0.025000 -0.002375
v 0.004260 -0.024740 -0.002875
v 0.004188 -0.024875 0.004188
v 0.004000 -0.024875 0.004875
v 0.004125 -0.024500 -0.002500
v 0.004250 -0.024500 -0.002375
v 0.004062 -0.024375 0.004188
v 0.004000 -0.024042 -0.003375
v 0.004375 -0.024250 -0.003000
v 0.004375 -0.024350 0.003850
v 0.004750 -0.024000 -0.002625
v 0.003972 -0.024028 -0.002875
v 0.004125 -0.024000 0.004000
v 0.004250 -0.024000 0.003875
v 0.004040 -0.024226 0.004597
v 0.004500 -0.023750 -0.002875
v 0.004182 -0.023681 0.004220
v 0.004726 -0.023337 -0.002813
v 0.004262 -0.023679 0.003792
v 0.004250 -0.023250 -0.003375
v 0.004250 -0.023375 -0.002750
v 0.004125 -0.023250 0.004250
v 0.004333 -0.023083 0.003875
v 0.004219 -0.022750 -0.003406
v 0.003875 -0.023000 -0.003250
v 0.004114 -0.022864 0.003625
v 0.004375 -0.022500 -0.003500
v 0.004750 -0.022250 0.002875
v 0.004250 -0.022312 0.003875
v 0.004547 -0.022250 -0.003328
v 0.004125 -0.022250 0.004000
v 0.004125 -0.022000 -0.003750
v 0.004250 -0.022000 -0.003625
v 0.004125 -0.022000 -0.003250
v 0.004219 -0.022062 0.003219
v 0.004188 -0.021250 -0.003938
v 0.004250 -0.021875 -0.003250
v 0.004250 -0.021750 -0.003875
v 0.004125 -0.021500 -0.003500
v 0.004750 -0.021500 0.002625
v 0.004438 -0.021500 0.003437
v 0.004125 -0.021250 0.003750
v 0.004250 -0.021000 -0.003625
v 0.004250 -0.021000 0.002875
v 0.004125 -0.021000 0.003500
v 0.004083 -0.020750 0.003792
v 0.004312 -0.020500 -0.004062
v 0.004125 -0.020500 0.003000
v 0.004625 -0.020250 -0.004000
v 0.004125 -0.020250 -0.004000
v 0.004250 -0.020250 -0.003625
v 0.004000 -0.020000 -0.004625
v 0.004000 -0.019841 -0.004125
v 0.004375 -0.019729 -0.004271
v 0.004625 -0.019750 -0.003500
v 0.004125 -0.019750 0.002750
v 0.004125 -0.020000 0.003000
v 0.003875 -0.019750 0.003750
v 0.004312 -0.019500 -0.003813
v 0.004188 -0.019250 -0.004688
v 0.003875 -0.019278 -0.004472
v 0.004062 -0.019500 -0.004062
v 0.004125 -0.019250 0.002750
v 0.004125 -0.019250 0.003500
v 0.004500 -0.018750 -0.003875
v 0.004125 -0.019111 0.002861
v 0.004250 -0.019125 0.003250
v 0.003625 -0.019125 0.004000
v 0.004375 -0.019000 -0.004500
v 0.004062 -0.018750 -0.004312
v 0.004375 -0.018500 0.002500
v 0.003875 -0.018500 -0.004750
v 0.004188 -0.018500 0.002688
v 0.004125 -0.018188 0.003375
v 0.004125 -0.018625 0.003500
v 0.004375 -0.018250 0.002500
v 0.004125 -0.018250 0.003500
v 0.004250 -0.018000 -0.004875
v 0.004188 -0.018000 0.002688
v 0.004125 -0.017687 0.003375
v 0.004375 -0.017537 -0.004279
v 0.004375 -0.017750 0.002500
v 0.004125 -0.017750 0.003500
v 0.004125 -0.017750 -0.005250
v 0.004250 -0.017375 -0.004625
v 0.004188 -0.017500 0.002688
v 0.004375 -0.017250 0.002500
v 0.004125 -0.017250 0.003500
v 0.004475 -0.017000 -0.004400
v 0.004188 -0.017000 0.002688
v 0.004125 -0.016687 0.003375
v 0.003875 -0.017063 0.003750
v 0.004125 -0.016483 -0.005727
v 0.004375 -0.016750 0.002500
v 0.004125 -0.016750 0.003500
v 0.004125 -0.016287 -0.005029
v 0.004188 -0.016500 0.002688
v 0.004375 -0.016250 0.002500
v 0.004125 -0.016250 0.003500
v 0.004125 -0.016000 -0.005250
v 0.004188 -0.016000 0.002688
v 0.003875 -0.016062 0.003750
v 0.004125 -0.015583 -0.006167
v 0.004125 -0.015550 -0.005500
v 0.004125 -0.015750 0.003500
v 0.004375 -0.015583 -0.005083
v 0.004125 -0.015188 0.003375
v 0.003875 -0.015562 0.003750
v 0.004250 -0.015300 -0.006125
v 0.004336 -0.015223 0.002695
v 0.004125 -0.015250 0.003500
v 0.004125 -0.015047 -0.005739
v 0.004312 -0.014980 0.002571
v 0.003500 -0.015000 -0.006375
v 0.004188 -0.014500 0.002688
v 0.004125 -0.014625 0.003500
v 0.004000 -0.014250 -0.006375
v 0.003931 -0.014081 -0.005930
v 0.004375 -0.014375 0.002375
v 0.004125 -0.014250 0.003500
v 0.004125 -0.014000 -0.006250
v 0.004250 -0.014000 -0.006125
v 0.004375 -0.014000 0.002500
v 0.004125 -0.013687 0.003375
v 0.003875 -0.014062 0.003750
v 0.004123 -0.013588 -0.002479
v 0.004250 -0.013750 -0.002375
v 0.004188 -0.013750 0.002688
v 0.004125 -0.013750 0.003500
v 0.004250 -0.013625 -0.006000
v 0.004250 -0.013500 -0.005875
v 0.004250 -0.013500 -0.005375
v 0.004291 -0.013662 -0.001826
v 0.004375 -0.013500 0.002500
v 0.004125 -0.013250 -0.005125
v 0.004188 -0.013250 0.002688
v 0.004062 -0.012812 -0.004812
v 0.004139 -0.012798 -0.001535
v 0.004375 -0.013000 0.002500
v 0.004125 -0.012687 0.003375
v 0.004125 -0.013125 0.003500
v 0.004250 -0.012750 -0.005125
v 0.004375 -0.012875 -0.002875
v 0.004139 -0.012823 -0.002569
v 0.004188 -0.012750 0.002688
v 0.004125 -0.012750 0.003500
v 0.004202 -0.012358 -0.002866
v 0.004025 -0.012250 -0.001850
v 0.004188 -0.012500 -0.001438
v 0.004125 -0.012187 0.003375
v 0.004118 -0.012386 -0.001626
v 0.004289 -0.012109 0.002660
v 0.004125 -0.012250 0.003500
v 0.004250 -0.012125 -0.004750
v 0.004500 -0.011857 -0.004482
v 0.004464 -0.012036 -0.002875
v 0.004132 -0.012278 -0.002271
v 0.004138 -0.011825 -0.001515
v 0.004125 -0.011688 0.003375
v 0.004188 -0.011750 0.002688
v 0.004125 -0.011750 0.003500
v 0.004438 -0.011500 -0.004375
v 0.004250 -0.011500 -0.003875
v 0.004250 -0.011250 -0.002625
v 0.004320 -0.011422 -0.001922
v 0.004205 -0.011536 -0.001205
v 0.004375 -0.011563 0.002375
v 0.004125 -0.011188 0.003375
v 0.004125 -0.011250 0.003500
v 0.004000 -0.010750 -0.004125
v 0.004361 -0.011044 -0.002546
v 0.004353 -0.010967 0.002718
v 0.004125 -0.010688 0.003375
v 0.004500 -0.010750 -0.003625
v 0.004250 -0.010875 -0.003500
v 0.004156 -0.011063 -0.001281
v 0.004202 -0.010515 0.002611
v 0.004125 -0.010750 0.003500
v 0.004429 -0.010429 -0.003625
v 0.004111 -0.010500 -0.003375
v 0.004130 -0.010747 -0.001247
v 0.004125 -0.010500 0.003250
v 0.004250 -0.010375 -0.003750
v 0.004125 -0.010250 -0.003750
v 0.004250 -0.010250 -0.003625
v 0.004375 -0.010375 -0.003125
v 0.004148 -0.010416 -0.002189
v 0.004125 -0.010250 0.002750
v 0.004125 -0.009875 0.003250
v 0.004125 -0.010000 -0.003750
v 0.004000 -0.010083 -0.003375
v 0.004139 -0.009780 -0.001220
v 0.004125 -0.010000 0.002750
v 0.004125 -0.010000 0.003500
v 0.004188 -0.009875 -0.003563
v 0.004250 -0.009875 -0.003000
v 0.004125 -0.010000 -0.002000
v 0.004125 -0.009875 0.002625
v 0.004250 -0.009625 -0.001750
v 0.004125 -0.009417 -0.001500
v 0.004125 -0.009625 0.002500
v 0.004125 -0.009283 0.003283
v 0.004375 -0.009250 -0.003250
v 0.003875 -0.009333 -0.003083
v 0.004066 -0.009252 -0.001223
v 0.004250 -0.009250 -0.001125
v 0.004250 -0.009125 -0.003250
v 0.004375 -0.008833 -0.003000
v 0.004163 -0.008950 -0.000913
v 0.004125 -0.009125 0.002500
v 0.003875 -0.008909 -0.002909
v 0.004188 -0.008875 0.003187
v 0.004125 -0.008583 -0.002333
v 0.004125 -0.008625 0.002500
v 0.004025 -0.008275 -0.003125
v 0.004218 -0.008376 -0.000989
v 0.003875 -0.008313 0.003500
v 0.004125 -0.008229 -0.002229
v 0.004125 -0.008000 0.003250
v 0.004089 -0.007979 -0.003015
v 0.004125 -0.007771 0.002521
v 0.004188 -0.007625 0.002438
v 0.004125 -0.007844 0.003094
v 0.004125 -0.007500 -0.002750
v 0.004375 -0.007562 0.002125
v 0.004125 -0.007375 0.003125
v 0.004125 -0.007500 0.003250
v 0.004351 -0.007307 -0.002427
v 0.004031 -0.007250 -0.002344
v 0.004125 -0.007250 -0.001750
v 0.004125 -0.006500 0.002500
v 0.004147 -0.007471 -0.002005
v 0.003875 -0.007125 0.003500
v 0.004125 -0.006750 -0.002500
v 0.004125 -0.006889 -0.001639
v 0.004125 -0.006625 0.003125
v 0.004125 -0.006292 -0.002542
v 0.004375 -0.006250 -0.002250
v 0.004125 -0.006344 0.002344
v 0.004042 -0.005900 -0.001983
v 0.004125 -0.006000 -0.001750
v 0.004125 -0.006250 -0.001625
v 0.004125 -0.005875 0.002375
v 0.004125 -0.005875 0.003125
v 0.004125 -0.006125 0.003250
v 0.004125 -0.005750 -0.002250
v 0.004125 -0.005625 0.003000
v 0.004333 -0.005648 -0.001940
v 0.004417 -0.005500 -0.001208
v 0.004125 -0.005750 0.002250
v 0.004125 -0.005375 0.002250
v 0.004082 -0.004838 0.003096
v 0.004125 -0.005250 0.003250
v 0.004125 -0.005000 0.002250
v 0.004250 -0.004750 0.002125
v 0.004054 -0.004800 0.003075
v 0.004125 -0.004500 -0.002000
v 0.003957 -0.004600 0.003126
v 0.003875 -0.004250 -0.001750
v 0.004100 -0.004105 0.002380
v 0.004125 -0.004250 -0.002000
v 0.004125 -0.003548 0.002298
v 0.004125 -0.004000 0.003000
v 0.004125 -0.003806 -0.002056
v 0.004375 -0.003500 -0.001750
v 0.004125 -0.003500 0.002750
v 0.004125 -0.003500 -0.001500
v 0.004125 -0.003250 -0.001250
v 0.004125 -0.003250 0.003000
v 0.004125 -0.003000 -0.001250
v 0.004125 -0.003179 0.002000
v 0.003946 -0.003000 0.002929
v 0.004375 -0.002750 -0.001750
v 0.004107 -0.002763 -0.001448
v 0.004250 -0.002750 0.001625
v 0.004125 -0.002750 0.002000
v 0.004250 -0.002813 0.002438
v 0.004250 -0.002500 -0.000875
v 0.004333 -0.002406 0.001448
v 0.004125 -0.002500 0.002750
v 0.004125 -0.002250 -0.000750
v 0.004250 -0.002250 0.002125
v 0.004008 -0.002000 0.002367
v 0.004125 -0.002000 -0.001750
v 0.004125 -0.002125 -0.001250
v 0.004125 -0.001750 -0.000250
v 0.004125 -0.002000 0.001250
v 0.004125 -0.002000 0.001500
v 0.004125 -0.002035 0.002056
v 0.004312 -0.001500 -0.001563
v 0.004250 -0.001750 0.001125
v 0.004250 -0.001750 0.001875
v 0.004125 -0.001500 0.002500
v 0.004125 -0.001750 0.002500
v 0.004347 -0.001611 0.000389
v 0.004333 -0.001425 0.000627
v 0.004125 -0.001442 0.001750
v 0.004125 -0.001250 0.002250
v 0.004125 -0.001250 -0.001875
v 0.004125 -0.001375 -0.001250
v 0.004250 -0.001250 -0.000875
v 0.004125 -0.001500 -0.000750
v 0.004337 -0.001237 -0.000241
v 0.003997 -0.001064 0.002130
v 0.004387 -0.001087 -0.000655
v 0.004125 -0.000750 -0.001750
v 0.004324 -0.000778 -0.000123
v 0.004531 -0.000906 0.000063
v 0.004157 -0.000856 0.000857
v 0.004250 -0.000875 0.001000
v 0.004579 -0.000634 -0.001216
v 0.004375 -0.032500 -0.000250
v 0.004375 -0.032333 -0.001417
v 0.004375 -0.032500 -0.001000
v 0.004381 -0.032096 -0.001920
v 0.004500 -0.031625 -0.000625
v 0.004375 -0.031750 -0.000000
v 0.004375 -0.031562 0.000500
v 0.004375 -0.032125 0.000375
v 0.004625 -0.031500 -0.000750
v 0.004375 -0.031750 -0.000375
v 0.004375 -0.031625 0.000875
v 0.004375 -0.031500 -0.001750
v 0.004375 -0.031750 -0.001250
v 0.004625 -0.031500 -0.000000
v 0.004292 -0.031333 -0.001250
v 0.004500 -0.031250 0.000375
v 0.004375 -0.031250 0.000500
v 0.004375 -0.031125 0.001375
v 0.004562 -0.030750 -0.002062
v 0.004500 -0.031125 -0.001750
v 0.004312 -0.030750 -0.001812
v 0.004375 -0.031250 -0.000250
v 0.004375 -0.031000 0.000750
v 0.004375 -0.031250 -0.001000
v 0.004375 -0.030750 0.000500
v 0.004500 -0.030625 0.001000
v 0.004375 -0.030687 0.001250
v 0.004375 -0.030500 -0.002250
v 0.004375 -0.030500 -0.001250
v 0.004409 -0.030466 -0.001000
v 0.004375 -0.031000 0.000125
v 0.004375 -0.030500 0.000750
v 0.004375 -0.030250 0.002000
v 0.004375 -0.030500 0.002000
v 0.004375 -0.030375 -0.001750
v 0.004375 -0.030250 -0.001250
v 0.004514 -0.030361 -0.000500
v 0.004375 -0.030250 -0.000250
v 0.004066 -0.029819 -0.002048
v 0.004375 -0.030000 -0.001500
v 0.004375 -0.030250 -0.000071
v 0.004375 -0.030250 0.000750
v 0.004375 -0.030125 0.001625
v 0.004375 -0.029750 0.002500
v 0.004327 -0.029638 -0.002077
v 0.004375 -0.029500 -0.002000
v 0.004500 -0.029875 0.000250
v 0.004375 -0.029750 0.000500
v 0.004375 -0.029500 0.000750
v 0.004500 -0.029875 0.001750
v 0.004500 -0.029625 0.000500
v 0.004375 -0.029250 0.001750
v 0.004375 -0.029000 0.001250
v 0.004375 -0.029500 0.001187
v 0.004375 -0.029562 0.002000
v 0.004375 -0.029000 0.003000
v 0.004375 -0.029250 0.003000
v 0.004250 -0.029000 -0.002125
v 0.004500 -0.029281 0.000844
v 0.004375 -0.029000 0.001750
v 0.004475 -0.028750 0.002650
v 0.004375 -0.028700 0.002750
v 0.004500 -0.028750 -0.002375
v 0.004438 -0.028750 -0.001937
v 0.004375 -0.028795 0.001250
v 0.004500 -0.028500 0.002625
v 0.004375 -0.028250 0.003000
v 0.004375 -0.028500 0.003500
v 0.004792 -0.028189 -0.002292
v 0.004375 -0.028250 0.001750
v 0.004375 -0.028250 0.002500
v 0.004482 -0.027933 0.003143
v 0.004375 -0.027812 0.003625
v 0.004375 -0.028250 0.003500
v 0.004750 -0.028000 -0.002375
v 0.004500 -0.028250 -0.002125
v 0.004500 -0.028156 0.001719
v 0.004375 -0.027700 0.002250
v 0.004375 -0.028000 0.002500
v 0.004375 -0.027250 0.002500
v 0.004375 -0.027500 0.003000
v 0.004375 -0.027750 0.003250
v 0.004475 -0.027250 0.003650
v 0.004542 -0.026910 0.002611
v 0.004375 -0.027250 0.003000
v 0.004375 -0.027000 0.004500
v 0.004479 -0.026500 -0.002396
v 0.004250 -0.026750 -0.002125
v 0.004375 -0.027091 0.003750
v 0.004375 -0.026611 0.002889
v 0.004375 -0.026417 0.003583
v 0.004375 -0.026500 0.004250
v 0.004375 -0.026625 0.004500
v 0.004775 -0.025975 -0.002375
v 0.004375 -0.026250 0.003000
v 0.004375 -0.026111 0.004389
v 0.004315 -0.026220 0.004612
v 0.004375 -0.026000 0.004750
v 0.004812 -0.025750 -0.002438
v 0.004375 -0.025917 0.003250
v 0.004375 -0.026000 0.003750
v 0.004375 -0.025515 0.004515
v 0.004375 -0.025059 0.003691
v 0.004375 -0.025222 0.003694
v 0.004375 -0.025000 0.004500
v 0.004500 -0.024750 -0.002625
v 0.004375 -0.024750 0.004000
v 0.004500 -0.024250 -0.002375
v 0.004562 -0.024250 0.003563
v 0.004406 -0.024438 0.004406
v 0.004566 -0.024132 0.004066
v 0.004438 -0.024000 0.003688
v 0.004500 -0.023750 0.004125
v 0.004266 -0.023679 -0.002625
v 0.004500 -0.023625 -0.002500
v 0.004625 -0.023571 0.003321
v 0.004375 -0.023250 -0.003250
v 0.004625 -0.023250 -0.003000
v 0.004400 -0.023288 -0.002725
v 0.004656 -0.022938 0.003156
v 0.004375 -0.023250 0.004000
v 0.004425 -0.022800 0.003750
v 0.004469 -0.022813 0.003219
v 0.004500 -0.022500 -0.003375
v 0.004500 -0.022500 -0.002625
v 0.004500 -0.022281 0.003625
v 0.004500 -0.022000 -0.002875
v 0.004650 -0.022150 0.002875
v 0.004375 -0.022000 0.003500
v 0.004625 -0.021750 -0.003500
v 0.004625 -0.022000 -0.003250
v 0.004500 -0.021750 0.002875
v 0.004500 -0.021917 0.003375
v 0.004438 -0.021500 -0.003688
v 0.004625 -0.021375 -0.003500
v 0.004375 -0.021250 -0.003250
v 0.004406 -0.021187 0.002906
v 0.004406 -0.021187 0.003406
v 0.004625 -0.021000 -0.003750
v 0.004500 -0.021125 -0.003750
v 0.004375 -0.021000 -0.003500
v 0.004594 -0.021063 0.002594
v 0.004500 -0.021000 0.003125
v 0.004250 -0.020625 -0.003625
v 0.004438 -0.020500 -0.003437
v 0.004484 -0.020625 0.002641
v 0.004125 -0.020500 0.003500
v 0.004500 -0.020375 -0.004000
v 0.004375 -0.020250 -0.003500
v 0.004312 -0.020250 0.003312
v 0.004125 -0.020036 -0.003964
v 0.004375 -0.019975 0.002542
v 0.004312 -0.020000 0.003312
v 0.004792 -0.020000 -0.003833
v 0.004375 -0.019750 0.003250
v 0.004562 -0.019500 -0.004062
v 0.004625 -0.019393 -0.003607
v 0.004625 -0.019250 0.002250
v 0.004375 -0.019268 -0.004482
v 0.004375 -0.019500 0.003000
v 0.004375 -0.019202 0.003202
v 0.004375 -0.018750 -0.004750
v 0.004500 -0.018550 -0.004575
v 0.004625 -0.018500 -0.003750
v 0.004125 -0.019000 0.003250
v 0.004500 -0.018375 -0.004625
v 0.004375 -0.018250 -0.004250
v 0.004500 -0.018375 0.002250
v 0.004375 -0.018294 0.002294
v 0.004625 -0.018000 -0.004500
v 0.004625 -0.018000 0.002750
v 0.004625 -0.017500 -0.004750
v 0.004375 -0.017500 -0.004500
v 0.004375 -0.017625 0.002250
v 0.004500 -0.017250 -0.004875
v 0.004125 -0.017375 0.003250
v 0.004500 -0.016738 -0.005075
v 0.004375 -0.017125 0.002250
v 0.004438 -0.016875 0.002937
v 0.004375 -0.016500 -0.005500
v 0.004250 -0.016794 -0.005387
v 0.004625 -0.016304 -0.005096
v 0.004375 -0.016500 -0.004750
v 0.004375 -0.016567 -0.004667
v 0.004375 -0.016625 0.002250
v 0.004125 -0.016375 0.003250
v 0.004232 -0.016029 -0.005893
v 0.004375 -0.016051 -0.004833
v 0.004375 -0.016125 0.002250
v 0.004375 -0.015937 0.003000
v 0.004375 -0.015584 -0.005781
v 0.004375 -0.015687 0.002375
v 0.004395 -0.015349 0.002588
v 0.004375 -0.015125 -0.005300
v 0.004469 -0.015113 0.002802
v 0.004375 -0.014750 -0.005500
v 0.004375 -0.015062 0.002250
v 0.004281 -0.014500 -0.005594
v 0.004375 -0.014500 0.002500
v 0.004438 -0.014500 0.002937
v 0.004500 -0.014375 -0.005875
v 0.004250 -0.014000 -0.005625
v 0.004512 -0.014115 -0.002291
v 0.004447 -0.014125 -0.002117
v 0.004197 -0.013800 -0.001958
v 0.004438 -0.014000 0.002937
v 0.004198 -0.013804 -0.005662
v 0.004500 -0.013750 -0.002625
v 0.004375 -0.013938 0.002250
v 0.004554 -0.013694 -0.005785
v 0.004375 -0.013500 -0.005250
v 0.004750 -0.013750 -0.005125
v 0.004438 -0.013500 0.002937
v 0.004409 -0.013250 -0.005625
v 0.004536 -0.013181 -0.002904
v 0.004515 -0.013230 -0.002372
v 0.004375 -0.013375 0.002250
v 0.004500 -0.013125 -0.005500
v 0.004500 -0.013000 -0.004875
v 0.004606 -0.013172 -0.001853
v 0.004500 -0.013000 -0.001375
v 0.004500 -0.012750 -0.005125
v 0.004625 -0.013115 -0.002885
v 0.004364 -0.013110 -0.002205
v 0.004649 -0.012752 -0.001661
v 0.004375 -0.012875 0.002250
v 0.004250 -0.012438 -0.004562
v 0.004375 -0.012500 0.003000
v 0.004500 -0.012375 -0.005000
v 0.004500 -0.012375 -0.004500
v 0.004500 -0.012250 -0.004375
v 0.004750 -0.012500 -0.002875
v 0.004449 -0.012612 -0.002571
v 0.004375 -0.012375 0.002250
v 0.004609 -0.012434 0.002757
v 0.004375 -0.012250 0.003000
v 0.004458 -0.012250 -0.004875
v 0.004500 -0.012125 -0.004250
v 0.004326 -0.012000 -0.004125
v 0.004634 -0.012195 -0.002932
v 0.004434 -0.012002 -0.002364
v 0.004438 -0.012125 -0.001688
v 0.004390 -0.012328 0.002549
v 0.004497 -0.012078 0.002831
v 0.004500 -0.011750 -0.003875
v 0.004330 -0.011603 -0.002188
v 0.004550 -0.011929 -0.001597
v 0.004375 -0.011875 0.002375
v 0.004625 -0.011625 -0.003875
v 0.004500 -0.011500 -0.002625
v 0.004583 -0.011333 -0.004125
v 0.004750 -0.011318 -0.002693
v 0.004444 -0.011415 -0.001421
v 0.004375 -0.011250 0.003000
v 0.004397 -0.011250 -0.003625
v 0.004500 -0.011000 -0.003375
v 0.004288 -0.010832 -0.002459
v 0.004458 -0.011401 -0.002254
v 0.004406 -0.011063 -0.001469
v 0.004448 -0.011077 0.002602
v 0.004500 -0.010875 -0.003750
v 0.004443 -0.010793 -0.003209
v 0.004375 -0.011063 0.002250
v 0.004465 -0.010649 0.002684
v 0.004474 -0.010793 0.002861
v 0.004597 -0.010477 -0.002144
v 0.004469 -0.010625 -0.001406
v 0.004375 -0.010500 0.002250
v 0.004387 -0.010635 0.002790
v 0.004375 -0.010250 -0.003000
v 0.004375 -0.009908 -0.002875
v 0.004375 -0.010500 -0.002000
v 0.004413 -0.009892 -0.001397
v 0.004392 -0.010443 0.002534
v 0.004397 -0.010203 0.002917
v 0.004375 -0.010000 -0.003500
v 0.004500 -0.010125 -0.001750
v 0.004449 -0.009739 -0.001410
v 0.004414 -0.010239 -0.001114
v 0.004535 -0.009850 -0.000931
v 0.004625 -0.010000 0.002000
v 0.004375 -0.009875 0.002875
v 0.004375 -0.009750 -0.003250
v 0.004669 -0.009850 -0.002419
v 0.004456 -0.009641 -0.001541
v 0.004375 -0.009750 -0.001000
v 0.004375 -0.009625 0.002750
v 0.004500 -0.009667 -0.003100
v 0.004375 -0.009292 -0.002542
v 0.004500 -0.009625 -0.002500
v 0.004645 -0.009075 -0.002011
v 0.004625 -0.009562 0.001875
v 0.004625 -0.009250 -0.002750
v 0.004500 -0.009250 -0.000875
v 0.004438 -0.009250 0.002188
v 0.004375 -0.009125 0.002875
v 0.004375 -0.009250 0.003000
v 0.004375 -0.009000 -0.003000
v 0.004375 -0.009061 -0.002444
v 0.004500 -0.009000 -0.002125
v 0.004493 -0.009188 -0.001821
v 0.004198 -0.008449 -0.000888
v 0.004625 -0.009125 0.001875
v 0.004375 -0.008813 0.002875
v 0.004542 -0.008771 -0.002604
v 0.004375 -0.008679 -0.002179
v 0.004412 -0.008584 0.002204
v 0.004225 -0.008648 -0.003048
v 0.004389 -0.008552 -0.001229
v 0.004375 -0.008375 0.002875
v 0.004375 -0.008500 0.003000
v 0.004375 -0.008423 -0.002673
v 0.004428 -0.007838 -0.001534
v 0.004375 -0.008224 -0.001750
v 0.004453 -0.008355 0.002007
v 0.004375 -0.007827 0.002827
v 0.004375 -0.007866 -0.002525
v 0.004375 -0.008000 0.002250
v 0.004375 -0.007750 -0.002250
v 0.004375 -0.007875 0.002125
v 0.004375 -0.007750 0.002750
v 0.004399 -0.007546 -0.001521
v 0.004375 -0.007250 0.002250
v 0.004125 -0.007125 0.003000
v 0.004500 -0.006938 -0.001812
v 0.004375 -0.007082 -0.001404
v 0.004375 -0.007125 0.002125
v 0.004438 -0.007000 0.002688
v 0.004375 -0.006875 0.002000
v 0.004375 -0.006625 -0.002250
v 0.004125 -0.006500 -0.001500
v 0.004500 -0.006375 0.001875
v 0.004375 -0.006500 0.002750
v 0.004375 -0.006361 0.002111
v 0.004375 -0.006250 0.002500
v 0.004375 -0.006000 -0.001750
v 0.004500 -0.006000 0.001875
v 0.004250 -0.006250 0.002875
v 0.004688 -0.005500 -0.001438
v 0.004125 -0.005750 -0.001500
v 0.004375 -0.005625 0.002750
v 0.004304 -0.004917 -0.001988
v 0.004375 -0.005250 -0.001000
v 0.004375 -0.005250 0.002000
v 0.004375 -0.005125 0.002500
v 0.004500 -0.004938 -0.001563
v 0.004375 -0.005094 0.001844
v 0.004625 -0.004425 -0.001375
v 0.004375 -0.004875 -0.001125
v 0.004325 -0.004372 -0.001172
v 0.004375 -0.004625 0.001875
v 0.004375 -0.004312 0.002625
v 0.004125 -0.004438 -0.001438
v 0.004375 -0.004375 0.001750
v 0.004375 -0.004125 -0.001125
v 0.004375 -0.004000 0.002000
v 0.004438 -0.003875 0.002438
v 0.004625 -0.003734 -0.001484
v 0.004375 -0.003911 -0.001161
v 0.004375 -0.003875 0.001875
v 0.004347 -0.003700 0.002728
v 0.004375 -0.003895 -0.001145
v 0.004375 -0.003275 0.001775
v 0.004375 -0.003361 -0.001722
v 0.004375 -0.003167 0.001667
v 0.004375 -0.003500 0.002500
v 0.004625 -0.003000 -0.001250
v 0.004375 -0.003250 -0.000750
v 0.004375 -0.002983 0.001500
v 0.004375 -0.002857 0.002000
v 0.004375 -0.003000 0.002250
v 0.004304 -0.003000 0.002571
v 0.004625 -0.002750 -0.001250
v 0.004375 -0.002750 -0.001000
v 0.004375 -0.003292 -0.001042
v 0.004500 -0.002875 -0.000250
v 0.004500 -0.002750 0.001375
v 0.004375 -0.002500 -0.001500
v 0.004625 -0.002750 -0.000000
v 0.004375 -0.002500 0.000139
v 0.004500 -0.002500 0.000625
v 0.004375 -0.002344 0.000862
v 0.004146 -0.002500 0.002229
v 0.004625 -0.002375 -0.000875
v 0.004375 -0.002250 -0.000500
v 0.004375 -0.002438 -0.000312
v 0.004337 -0.002500 -0.001538
v 0.004370 -0.001958 -0.000721
v 0.004375 -0.002125 0.000500
v 0.004500 -0.002062 0.001688
v 0.004375 -0.001750 -0.000000
v 0.004375 -0.001750 0.001000
v 0.004375 -0.002021 0.001771
v 0.004375 -0.001571 0.001571
v 0.004367 -0.001227 -0.000103
v 0.004375 -0.001250 0.000500
v 0.004311 -0.001158 0.001386
v 0.004562 -0.001000 -0.001312
v 0.004375 -0.001333 -0.001250
v 0.004375 -0.001000 0.000893
v 0.004441 -0.000778 -0.000864
v 0.004424 -0.000782 -0.000352
v 0.004500 -0.000875 0.000500
v 0.004625 -0.031500 -0.001000
v 0.004625 -0.031500 -0.001250
v 0.004625 -0.031125 0.000375
v 0.004625 -0.030750 -0.001250
v 0.004625 -0.030583 0.000139
v 0.004750 -0.030625 -0.000813
v 0.004625 -0.030750 0.000750
v 0.004625 -0.030500 0.000500
v 0.004625 -0.030250 -0.001750
v 0.004750 -0.030313 -0.001563
v 0.004875 -0.030250 0.000212
v 0.004625 -0.030375 0.001125
v 0.004612 -0.029596 -0.002285
v 0.004625 -0.029500 -0.001750
v 0.004750 -0.030125 0.000500
v 0.004750 -0.029938 0.000687
v 0.004625 -0.029500 0.001750
v 0.004625 -0.029812 -0.000719
v 0.004625 -0.030000 -0.000000
v 0.004625 -0.028500 0.002500
v 0.004625 -0.029750 0.001750
v 0.004875 -0.029500 -0.002000
v 0.004693 -0.029461 -0.000706
v 0.004625 -0.029700 0.001000
v 0.004875 -0.029500 0.000750
v 0.004875 -0.029125 -0.002000
v 0.004625 -0.029350 -0.000314
v 0.004625 -0.029000 0.001000
v 0.004750 -0.029375 0.001000
v 0.004750 -0.029250 0.001125
v 0.004625 -0.029125 0.002125
v 0.004649 -0.029058 -0.001628
v 0.004812 -0.028805 -0.001358
v 0.004750 -0.029125 -0.001000
v 0.004875 -0.029056 -0.000267
v 0.004625 -0.029250 -0.000000
v 0.004625 -0.030000 -0.000250
v 0.004625 -0.029250 0.001250
v 0.004625 -0.029000 0.001500
v 0.004750 -0.028937 0.001438
v 0.004750 -0.028750 -0.002125
v 0.004625 -0.028750 -0.001750
v 0.004625 -0.028641 0.000500
v 0.004725 -0.028500 0.001900
v 0.004750 -0.028500 -0.002375
v 0.004323 -0.028378 -0.002049
v 0.004625 -0.028583 -0.001667
v 0.004625 -0.028750 0.001000
v 0.004625 -0.028188 0.002375
v 0.004625 -0.028125 0.000875
v 0.004625 -0.028115 -0.001969
v 0.004875 -0.028054 -0.001571
v 0.004875 -0.028125 0.000625
v 0.004625 -0.027750 0.002000
v 0.004625 -0.028341 0.002000
v 0.004725 -0.027750 0.002400
v 0.004625 -0.028000 0.003000
v 0.004625 -0.027641 0.001250
v 0.004625 -0.027750 0.003000
v 0.004777 -0.027990 -0.002359
v 0.004500 -0.027500 -0.002125
v 0.004625 -0.027625 0.001594
v 0.004500 -0.027250 -0.002125
v 0.004625 -0.027250 0.001500
v 0.004625 -0.027500 0.002000
v 0.004625 -0.027591 0.002500
v 0.004734 -0.027500 0.002391
v 0.004625 -0.026875 0.003375
v 0.004625 -0.027000 0.003500
v 0.004800 -0.026950 -0.002375
v 0.004750 -0.027188 0.001438
v 0.004781 -0.026750 0.001844
v 0.004625 -0.026937 0.002188
v 0.004750 -0.027000 0.002875
v 0.004400 -0.027037 -0.002125
v 0.004625 -0.026703 0.003250
v 0.004475 -0.026500 0.004150
v 0.004625 -0.026000 0.002500
v 0.004625 -0.026591 0.002000
v 0.004625 -0.026500 0.003250
v 0.004625 -0.026167 0.004083
v 0.004875 -0.026000 0.002250
v 0.004625 -0.026167 0.002833
v 0.004625 -0.025942 0.003725
v 0.004625 -0.025500 0.004250
v 0.004625 -0.025700 0.003050
v 0.004625 -0.025750 0.003750
v 0.004625 -0.025611 0.002639
v 0.004830 -0.025062 -0.002482
v 0.004750 -0.025250 -0.002375
v 0.004625 -0.025250 0.002750
v 0.004750 -0.025250 0.003625
v 0.004861 -0.024639 -0.002125
v 0.004625 -0.025167 0.003333
v 0.004625 -0.024852 0.004148
v 0.004625 -0.025125 0.004250
v 0.004453 -0.024922 -0.002250
v 0.004625 -0.025000 0.003000
v 0.004625 -0.024750 0.003500
v 0.004750 -0.024500 -0.002625
v 0.004719 -0.024500 0.002906
v 0.004625 -0.024500 0.003500
v 0.004625 -0.024500 0.004250
v 0.004750 -0.024250 -0.002625
v 0.004583 -0.024167 -0.002375
v 0.004625 -0.024250 0.003250
v 0.004625 -0.024000 0.003500
v 0.004875 -0.024125 0.003750
v 0.004750 -0.023750 0.003125
v 0.004750 -0.023750 0.003875
v 0.004700 -0.023700 -0.002725
v 0.004875 -0.023312 0.002875
v 0.004875 -0.023000 0.003000
v 0.004750 -0.023000 -0.002375
v 0.004500 -0.023350 0.003875
v 0.004812 -0.022750 -0.002813
v 0.004625 -0.022500 -0.003250
v 0.004719 -0.022625 -0.003031
v 0.004750 -0.022500 -0.002625
v 0.005000 -0.022000 0.002625
v 0.004656 -0.022344 -0.002625
v 0.004750 -0.022389 0.003375
v 0.004562 -0.021750 -0.002813
v 0.005000 -0.021750 -0.002375
v 0.004708 -0.021833 0.002750
v 0.004625 -0.021750 0.003250
v 0.004656 -0.021187 0.003156
v 0.004375 -0.021518 -0.003232
v 0.004625 -0.021500 0.003250
v 0.004875 -0.021000 -0.002750
v 0.004625 -0.021250 0.002750
v 0.004893 -0.020747 -0.003358
v 0.004625 -0.021000 -0.003000
v 0.004812 -0.021125 0.002438
v 0.004812 -0.021125 0.002937
v 0.004875 -0.021000 -0.003250
v 0.004655 -0.020865 -0.003101
v 0.005000 -0.020750 0.002125
v 0.004688 -0.020500 0.002937
v 0.004750 -0.020500 -0.003125
v 0.004625 -0.020450 -0.003750
v 0.004688 -0.020156 -0.003187
v 0.004625 -0.020250 0.002500
v 0.004625 -0.020250 0.003000
v 0.004625 -0.020250 -0.003750
v 0.004625 -0.020000 -0.003500
v 0.004875 -0.020000 -0.003000
v 0.004750 -0.020250 0.002375
v 0.004750 -0.020000 0.002125
v 0.004625 -0.020094 0.002844
v 0.004875 -0.019750 -0.003250
v 0.004812 -0.019750 0.002062
v 0.004625 -0.019533 0.002783
v 0.004875 -0.019625 -0.003750
v 0.004625 -0.019000 -0.003750
v 0.004625 -0.019094 0.002094
v 0.004594 -0.019063 0.002781
v 0.004875 -0.019000 -0.004000
v 0.004708 -0.018852 -0.003631
v 0.004625 -0.018333 -0.004417
v 0.004625 -0.018625 0.002062
v 0.004750 -0.018625 -0.004125
v 0.004625 -0.018361 0.002111
v 0.004625 -0.018250 0.002500
v 0.004625 -0.018250 0.002750
v 0.004625 -0.018000 -0.004000
v 0.004525 -0.018257 -0.004037
v 0.004688 -0.018000 0.001937
v 0.004625 -0.017533 -0.004667
v 0.004812 -0.017750 -0.003813
v 0.004625 -0.017625 0.002500
v 0.004625 -0.017750 0.002750
v 0.004812 -0.017277 -0.003786
v 0.004662 -0.017334 0.001954
v 0.004708 -0.017500 -0.004417
v 0.004625 -0.017125 0.002500
v 0.004625 -0.017250 0.002750
v 0.004625 -0.016933 -0.004167
v 0.004805 -0.017156 0.001817
v 0.004830 -0.016654 -0.004028
v 0.004625 -0.016750 0.002000
v 0.004625 -0.016625 0.002500
v 0.004625 -0.016750 0.002750
v 0.004625 -0.016625 0.001875
v 0.004750 -0.016250 -0.004875
v 0.004625 -0.016250 -0.004250
v 0.004625 -0.016375 0.001750
v 0.004625 -0.015937 0.002500
v 0.004625 -0.016250 0.002750
v 0.004625 -0.016000 0.002000
v 0.004792 -0.015417 -0.004333
v 0.004625 -0.016004 -0.004479
v 0.004625 -0.015875 0.001875
v 0.004625 -0.015750 0.002750
v 0.004500 -0.015793 -0.005394
v 0.004625 -0.015327 -0.004750
v 0.004625 -0.015683 -0.004667
v 0.004625 -0.015625 0.001750
v 0.004562 -0.015500 0.002813
v 0.004625 -0.015151 -0.005719
v 0.004625 -0.015450 -0.005500
v 0.004625 -0.015250 0.002000
v 0.004625 -0.015183 -0.004917
v 0.004625 -0.015125 0.001875
v 0.004625 -0.015225 0.002525
v 0.004750 -0.014875 -0.005500
v 0.004625 -0.014875 0.001750
v 0.004375 -0.014813 0.003000
v 0.004625 -0.014750 -0.005250
v 0.004625 -0.014500 0.002000
v 0.004625 -0.014500 0.002750
v 0.004750 -0.014500 -0.005625
v 0.004625 -0.014250 -0.005250
v 0.004625 -0.014333 -0.005167
v 0.004625 -0.014375 0.001875
v 0.004625 -0.013938 0.002625
v 0.004375 -0.014313 0.003000
v 0.004879 -0.014149 -0.002163
v 0.004625 -0.014125 0.001750
v 0.004625 -0.014000 0.002750
v 0.004750 -0.013750 -0.002375
v 0.004625 -0.013750 0.002000
v 0.004625 -0.013625 0.002500
v 0.004750 -0.013500 -0.005625
v 0.005086 -0.013585 -0.002336
v 0.004750 -0.013500 -0.002625
v 0.004722 -0.013585 -0.001947
v 0.004198 -0.013223 -0.001634
v 0.004625 -0.013625 0.001875
v 0.004625 -0.013500 0.002750
v 0.004677 -0.013422 -0.002675
v 0.004750 -0.013250 -0.001875
v 0.004625 -0.013375 0.001750
v 0.004625 -0.013125 0.002500
v 0.004375 -0.013312 0.003000
v 0.004750 -0.013125 -0.005250
v 0.005000 -0.013083 -0.005125
v 0.005000 -0.013125 -0.001500
v 0.004625 -0.013000 0.002000
v 0.004975 -0.013125 -0.004685
v 0.004625 -0.012875 0.001875
v 0.004750 -0.012625 -0.004500
v 0.004553 -0.012463 -0.001565
v 0.004625 -0.012625 0.001750
v 0.004759 -0.012638 -0.005023
v 0.004917 -0.012250 -0.004625
v 0.004600 -0.012397 -0.002601
v 0.004416 -0.012233 -0.001358
v 0.004625 -0.012250 0.002000
v 0.004625 -0.012250 0.002500
v 0.004625 -0.012125 0.001875
v 0.004875 -0.011875 -0.004375
v 0.004750 -0.011750 -0.002875
v 0.004625 -0.011875 0.001750
v 0.004625 -0.012000 0.002750
v 0.004750 -0.011500 -0.003625
v 0.004438 -0.011750 -0.002813
v 0.004750 -0.011841 -0.001375
v 0.004625 -0.011500 0.002000
v 0.004625 -0.011563 0.002563
v 0.004750 -0.011250 -0.003875
v 0.004722 -0.011238 -0.002451
v 0.004500 -0.011781 -0.001111
v 0.004625 -0.011375 0.001875
v 0.004625 -0.011250 0.002500
v 0.004750 -0.010937 -0.003312
v 0.004764 -0.010692 -0.002692
v 0.004219 -0.010875 -0.001156
v 0.004625 -0.011125 0.001750
v 0.004625 -0.010750 0.002000
v 0.004625 -0.010719 0.002532
v 0.005063 -0.010750 -0.003375
v 0.004500 -0.010107 -0.003375
v 0.004750 -0.010625 -0.003000
v 0.004887 -0.010528 -0.002760
v 0.004625 -0.010625 0.001875
v 0.004875 -0.010125 -0.001625
v 0.004625 -0.010375 0.001750
v 0.005250 -0.010000 -0.002625
v 0.004753 -0.010201 -0.002465
v 0.004684 -0.010156 -0.002603
v 0.004750 -0.010125 -0.001750
v 0.004711 -0.009541 -0.002198
v 0.004834 -0.009865 -0.001171
v 0.004625 -0.009875 0.001875
v 0.004750 -0.009750 0.002375
v 0.004688 -0.009500 -0.002937
v 0.004527 -0.009560 -0.001946
v 0.004734 -0.009667 -0.002062
v 0.004808 -0.009291 -0.001554
v 0.004625 -0.009250 -0.002000
v 0.004641 -0.009313 -0.001825
v 0.004732 -0.009267 -0.001108
v 0.004625 -0.009250 0.002000
v 0.004625 -0.009000 -0.002500
v 0.004750 -0.009000 -0.001375
v 0.004625 -0.008625 -0.001875
v 0.004748 -0.008630 -0.001626
v 0.004906 -0.008983 -0.001043
v 0.004625 -0.008750 -0.001000
v 0.004647 -0.008413 0.001895
v 0.004625 -0.008750 0.002500
v 0.004652 -0.008311 0.001713
v 0.004671 -0.008653 0.002385
v 0.004832 -0.008664 0.002244
v 0.004654 -0.008316 0.002129
v 0.004625 -0.008000 -0.001500
v 0.004703 -0.008105 0.001507
v 0.004625 -0.007875 0.002375
v 0.004625 -0.007656 -0.001906
v 0.004625 -0.007938 -0.002000
v 0.004625 -0.007750 0.001750
v 0.004583 -0.007583 -0.001375
v 0.004750 -0.007357 -0.001125
v 0.004625 -0.007625 0.001625
v 0.004542 -0.007271 -0.001854
v 0.004625 -0.007375 0.001500
v 0.004625 -0.007125 0.002375
v 0.004625 -0.007375 0.002500
v 0.004625 -0.007000 0.001750
v 0.004625 -0.006812 0.002375
v 0.004420 -0.006615 -0.001820
v 0.004730 -0.006927 -0.001405
v 0.004830 -0.006898 -0.000944
v 0.004438 -0.006835 -0.001167
v 0.004750 -0.006812 0.001438
v 0.004625 -0.006625 0.001500
v 0.004625 -0.006283 0.002283
v 0.004686 -0.006496 -0.001436
v 0.004625 -0.006000 -0.001000
v 0.004625 -0.006125 0.001500
v 0.004625 -0.005750 -0.000750
v 0.004375 -0.005875 0.002500
v 0.004625 -0.005500 -0.001500
v 0.004625 -0.005687 0.001625
v 0.004625 -0.005069 0.001569
v 0.004375 -0.005000 -0.001000
v 0.004875 -0.005000 0.001250
v 0.004625 -0.005000 0.002000
v 0.004625 -0.005250 -0.001250
v 0.004625 -0.004875 0.002250
v 0.004625 -0.004500 -0.001250
v 0.004750 -0.004500 -0.000625
v 0.004500 -0.004562 0.002438
v 0.004625 -0.004250 0.001500
v 0.004625 -0.004125 0.002125
v 0.004625 -0.004250 0.002250
v 0.004750 -0.003969 -0.001219
v 0.004750 -0.003875 -0.000250
v 0.004625 -0.004094 0.001344
v 0.004625 -0.003250 0.002000
v 0.004625 -0.003875 -0.000375
v 0.004625 -0.003750 0.001500
v 0.004675 -0.003437 -0.001138
v 0.004625 -0.003750 -0.000750
v 0.004625 -0.003000 0.000500
v 0.004625 -0.003625 0.001375
v 0.004625 -0.003500 0.002250
v 0.004625 -0.003300 -0.001300
v 0.004750 -0.003375 0.000750
v 0.004625 -0.003250 0.000917
v 0.004759 -0.003411 0.001175
v 0.004634 -0.002629 -0.000693
v 0.004625 -0.003269 -0.000500
v 0.004625 -0.003000 0.001250
v 0.004625 -0.002969 0.001750
v 0.004688 -0.003125 0.001812
v 0.004625 -0.002750 0.000250
v 0.004625 -0.002545 0.000744
v 0.004625 -0.002750 0.001000
v 0.004625 -0.002750 0.001250
v 0.004750 -0.002750 0.001625
v 0.004750 -0.002625 -0.000500
v 0.004625 -0.002500 -0.000250
v 0.004732 -0.002357 0.001250
v 0.004625 -0.002250 -0.000000
v 0.004625 -0.002250 0.001091
v 0.004625 -0.002250 0.001750
v 0.004625 -0.001250 0.000750
v 0.004625 -0.002000 0.000750
v 0.004625 -0.002000 0.001500
v 0.004575 -0.001909 -0.000498
v 0.004625 -0.001875 -0.000156
v 0.004625 -0.001500 -0.001000
v 0.004598 -0.001549 -0.000751
v 0.004625 -0.001000 0.000125
v 0.004625 -0.001000 0.000500
v 0.004625 -0.001250 0.001000
v 0.004625 -0.001625 0.001250
v 0.004625 -0.001250 0.000500
v 0.004515 -0.000921 -0.000851
v 0.004625 -0.001000 -0.000500
v 0.004600 -0.000652 -0.001163
v 0.004669 -0.000992 -0.000995
v 0.004781 -0.030594 -0.000250
v 0.004883 -0.030186 -0.001589
v 0.004875 -0.029679 -0.000821
v 0.004875 -0.029938 -0.000125
v 0.004875 -0.029812 -0.001125
v 0.004875 -0.030000 -0.000625
v 0.004854 -0.030396 -0.000125
v 0.004831 -0.029923 -0.001794
v 0.004875 -0.029500 -0.001250
v 0.004875 -0.029750 0.000750
v 0.005063 -0.029479 -0.000417
v 0.004875 -0.029500 -0.000000
v 0.005000 -0.029375 -0.001000
v 0.005000 -0.029375 -0.000250
v 0.005125 -0.029250 0.000000
v 0.004875 -0.029250 0.000687
v 0.005000 -0.029000 -0.001625
v 0.005125 -0.028750 0.000500
v 0.005125 -0.028750 -0.001750
v 0.004875 -0.028750 -0.002000
v 0.004877 -0.028972 -0.001209
v 0.004875 -0.028875 -0.000625
v 0.004875 -0.028607 0.000250
v 0.004875 -0.028750 0.000750
v 0.004875 -0.028812 0.001250
v 0.005000 -0.028625 0.000750
v 0.004875 -0.028125 0.001625
v 0.004875 -0.028250 0.001750
v 0.005042 -0.028250 -0.001833
v 0.004875 -0.028250 -0.001000
v 0.004875 -0.028250 -0.000625
v 0.004875 -0.028469 -0.000063
v 0.004914 -0.028091 0.001211
v 0.005125 -0.028000 -0.000625
v 0.004875 -0.028000 0.000000
v 0.005125 -0.028000 -0.002000
v 0.005000 -0.027750 0.000125
v 0.004875 -0.027750 0.000250
v 0.004875 -0.027750 0.001000
v 0.004875 -0.028000 0.001250
v 0.004688 -0.027687 -0.001937
v 0.004875 -0.027500 0.000500
v 0.004875 -0.027125 0.002250
v 0.004750 -0.027250 -0.002375
v 0.004875 -0.027281 -0.001719
v 0.005125 -0.027500 0.000250
v 0.004875 -0.027389 0.000861
v 0.004875 -0.027250 0.001750
v 0.004875 -0.026417 0.003083
v 0.004875 -0.026750 0.003000
v 0.004875 -0.026798 -0.001827
v 0.005183 -0.026567 -0.001442
v 0.004875 -0.027000 0.000750
v 0.004875 -0.026750 0.001250
v 0.005000 -0.026875 0.002000
v 0.004875 -0.026500 0.002500
v 0.004936 -0.026412 -0.002027
v 0.005125 -0.026500 0.001000
v 0.004875 -0.026500 0.001750
v 0.004750 -0.026250 -0.002125
v 0.005187 -0.026125 -0.002188
v 0.004750 -0.026000 -0.002125
v 0.005025 -0.026250 0.001100
v 0.004875 -0.025750 0.001750
v 0.004920 -0.025750 0.002955
v 0.004875 -0.026000 0.003250
v 0.004650 -0.025600 -0.002125
v 0.005125 -0.025750 0.001500
v 0.004875 -0.025992 0.003125
v 0.004750 -0.025500 -0.002125
v 0.004875 -0.025143 0.002107
v 0.004875 -0.025667 0.002333
v 0.004875 -0.025250 0.003000
v 0.004875 -0.025500 0.003500
v 0.004875 -0.025083 0.003500
v 0.005000 -0.025187 0.001937
v 0.004875 -0.025167 0.002583
v 0.004875 -0.024750 0.003750
v 0.005125 -0.024750 -0.002375
v 0.004875 -0.024571 0.002429
v 0.005000 -0.024750 0.002125
v 0.004875 -0.024699 0.003364
v 0.004750 -0.024563 0.003875
v 0.004991 -0.024191 -0.002443
v 0.005000 -0.024250 0.003375
v 0.004875 -0.024000 0.002500
v 0.004875 -0.024333 0.002917
v 0.005125 -0.023750 -0.002500
v 0.004686 -0.023620 -0.002319
v 0.004875 -0.023542 0.003542
v 0.005000 -0.023500 -0.002125
v 0.004875 -0.023656 0.002844
v 0.005099 -0.022901 -0.002125
v 0.005125 -0.023500 0.003250
v 0.004875 -0.023000 0.002750
v 0.005000 -0.022750 -0.002625
v 0.004833 -0.022917 -0.002375
v 0.004875 -0.022750 0.002750
v 0.004875 -0.022708 0.003250
v 0.004837 -0.022800 0.003587
v 0.005250 -0.022500 -0.002625
v 0.005125 -0.022125 -0.002250
v 0.005125 -0.022125 0.002375
v 0.005031 -0.022125 -0.002844
v 0.004750 -0.022000 0.003375
v 0.004625 -0.021694 -0.003306
v 0.005000 -0.021750 -0.002875
v 0.005000 -0.021750 0.002875
v 0.005000 -0.021625 -0.003000
v 0.004786 -0.021536 0.002625
v 0.004966 -0.020886 -0.003137
v 0.005083 -0.021083 0.002125
v 0.004921 -0.021194 0.002875
v 0.004959 -0.020716 -0.003119
v 0.005313 -0.020500 0.001812
v 0.004875 -0.020278 -0.003500
v 0.004875 -0.020333 -0.002917
v 0.004875 -0.020250 0.002250
v 0.005000 -0.020250 0.002125
v 0.004875 -0.020250 0.002750
v 0.005000 -0.020250 0.002625
v 0.005250 -0.020000 0.001625
v 0.004938 -0.020000 0.002438
v 0.004875 -0.019275 -0.003225
v 0.004875 -0.019469 0.001969
v 0.004938 -0.019437 0.002438
v 0.004875 -0.019250 -0.004000
v 0.004750 -0.019173 -0.003375
v 0.004875 -0.019164 0.001821
v 0.005078 -0.018729 -0.003756
v 0.005250 -0.018750 0.001375
v 0.004875 -0.019000 0.002500
v 0.005125 -0.019000 -0.003500
v 0.004875 -0.018781 0.002281
v 0.005196 -0.018111 -0.003603
v 0.004887 -0.018235 -0.003466
v 0.004921 -0.018411 -0.003265
v 0.005000 -0.018625 0.001625
v 0.004812 -0.018500 0.002563
v 0.005063 -0.018173 0.001486
v 0.004922 -0.018007 -0.003460
v 0.004875 -0.018094 0.001594
v 0.005097 -0.017750 -0.004028
v 0.004875 -0.017871 -0.004229
v 0.004938 -0.017250 -0.003437
v 0.004875 -0.017687 0.001625
v 0.004847 -0.016995 -0.004515
v 0.004921 -0.017403 0.002135
v 0.005059 -0.017436 0.002049
v 0.005161 -0.016979 -0.003235
v 0.004802 -0.017090 0.001619
v 0.004875 -0.016500 -0.004550
v 0.005125 -0.016750 -0.004250
v 0.004875 -0.016833 -0.003667
v 0.004939 -0.016478 0.001376
v 0.004875 -0.016625 0.002125
v 0.004875 -0.016750 0.002250
v 0.005000 -0.016250 -0.003625
v 0.004875 -0.016375 0.002000
v 0.005063 -0.016250 -0.004312
v 0.004875 -0.016019 -0.003981
v 0.004875 -0.016250 0.001500
v 0.004982 -0.015933 -0.004710
v 0.004875 -0.015875 0.002125
v 0.004875 -0.016000 0.002250
v 0.004875 -0.015583 -0.004917
v 0.005080 -0.015304 -0.003825
v 0.004875 -0.015875 0.001375
v 0.004875 -0.015625 0.002000
v 0.004875 -0.015683 -0.004167
v 0.004875 -0.015625 0.001250
v 0.004732 -0.015250 0.002393
v 0.004875 -0.015500 -0.005000
v 0.005000 -0.015375 -0.004000
v 0.004875 -0.015125 0.002125
v 0.004875 -0.014942 -0.005225
v 0.004875 -0.015000 -0.004500
v 0.004958 -0.015049 -0.004229
v 0.004875 -0.015125 0.001375
v 0.004875 -0.014875 0.002000
v 0.004875 -0.014492 -0.005458
v 0.004750 -0.014835 -0.004837
v 0.004875 -0.014875 0.001250
v 0.004750 -0.014687 0.002375
v 0.004875 -0.014210 -0.004771
v 0.005042 -0.014607 -0.004333
v 0.004875 -0.014375 0.002125
v 0.005042 -0.014426 -0.005174
v 0.004875 -0.014375 0.001375
v 0.004875 -0.014125 0.002000
v 0.005000 -0.014125 -0.004500
v 0.004875 -0.014125 0.001250
v 0.005064 -0.013701 -0.005261
v 0.004938 -0.013781 -0.004781
v 0.004738 -0.014032 -0.001651
v 0.004875 -0.013875 0.002250
v 0.004875 -0.013500 -0.005000
v 0.004875 -0.013500 -0.004750
v 0.004875 -0.013500 -0.002000
v 0.004875 -0.013625 0.001375
v 0.004875 -0.013375 0.002000
v 0.005148 -0.013443 -0.005170
v 0.004717 -0.013441 -0.005111
v 0.004875 -0.013375 0.001250
v 0.005000 -0.013205 -0.004625
v 0.004886 -0.013157 -0.002082
v 0.004750 -0.012812 0.002313
v 0.004875 -0.013000 0.002250
v 0.004938 -0.012812 -0.005000
v 0.004875 -0.012750 -0.004500
v 0.005000 -0.012750 -0.004375
v 0.005000 -0.013000 -0.002625
v 0.004789 -0.012687 -0.002353
v 0.005125 -0.012750 -0.002000
v 0.004875 -0.012875 0.001375
v 0.004875 -0.012625 0.002000
v 0.005194 -0.012538 -0.002171
v 0.005000 -0.012500 -0.001875
v 0.005000 -0.012500 -0.001375
v 0.004875 -0.012625 0.001250
v 0.004750 -0.012500 0.002375
v 0.005000 -0.012500 -0.002625
v 0.005019 -0.012209 -0.002375
v 0.005163 -0.011950 -0.002046
v 0.005000 -0.012187 0.001937
v 0.005250 -0.012250 -0.004375
v 0.004606 -0.012000 -0.004125
v 0.005000 -0.011833 -0.003708
v 0.004875 -0.012000 -0.002500
v 0.005000 -0.012125 -0.001750
v 0.004875 -0.012125 0.001375
v 0.004875 -0.011875 0.002000
v 0.005167 -0.011750 -0.004125
v 0.005000 -0.011875 -0.002875
v 0.004964 -0.011496 -0.001655
v 0.004875 -0.011875 0.001250
v 0.005314 -0.011860 -0.003698
v 0.005000 -0.011500 -0.002375
v 0.004875 -0.011375 0.002125
v 0.004875 -0.011500 0.002250
v 0.005047 -0.011333 -0.003958
v 0.004688 -0.011250 -0.003625
v 0.005000 -0.011250 -0.003375
v 0.005000 -0.011500 -0.002875
v 0.005266 -0.011454 -0.002624
v 0.005000 -0.011250 -0.001375
v 0.004875 -0.011375 0.001375
v 0.004830 -0.010953 0.002154
v 0.004701 -0.011056 -0.003875
v 0.005026 -0.010972 -0.003625
v 0.004875 -0.011000 -0.003250
v 0.005000 -0.011125 -0.003250
v 0.004750 -0.010750 -0.003125
v 0.004750 -0.011000 -0.002375
v 0.005257 -0.010909 -0.001610
v 0.005000 -0.011125 -0.001250
v 0.005000 -0.011000 -0.001125
v 0.004875 -0.011125 0.001250
v 0.005167 -0.010817 -0.002375
v 0.004865 -0.010666 -0.002138
v 0.005000 -0.010750 -0.001375
v 0.004875 -0.010625 0.002125
v 0.004875 -0.010750 0.002250
v 0.004875 -0.010375 -0.003375
v 0.004820 -0.010750 -0.002596
v 0.004946 -0.010470 -0.002430
v 0.005250 -0.010750 -0.001375
v 0.004875 -0.010625 0.001375
v 0.004875 -0.010375 0.002000
v 0.004875 -0.010250 -0.003250
v 0.005000 -0.010250 -0.003125
v 0.004875 -0.010250 -0.002500
v 0.005000 -0.010250 -0.001125
v 0.004875 -0.010375 0.001250
v 0.005000 -0.010125 -0.003000
v 0.005066 -0.010072 -0.002388
v 0.004932 -0.010062 -0.001524
v 0.004875 -0.009875 0.002125
v 0.004875 -0.010000 0.002250
v 0.005000 -0.009750 -0.002625
v 0.005049 -0.009840 -0.002264
v 0.004897 -0.009693 -0.002017
v 0.004939 -0.009937 -0.001904
v 0.005000 -0.009750 -0.000875
v 0.004875 -0.009875 0.001375
v 0.004875 -0.009562 0.002125
v 0.004875 -0.009308 0.001308
v 0.004875 -0.009500 0.001500
v 0.004875 -0.009375 -0.002625
v 0.005047 -0.009285 -0.002361
v 0.005120 -0.009303 -0.000992
v 0.005000 -0.009250 0.001125
v 0.004875 -0.008875 0.002000
v 0.004875 -0.009250 0.002250
v 0.004875 -0.009187 0.001187
v 0.004875 -0.008750 -0.002250
v 0.005053 -0.008932 -0.002091
v 0.005119 -0.009240 -0.001923
v 0.004851 -0.008443 -0.001988
v 0.005125 -0.008687 -0.001438
v 0.004875 -0.008625 0.001000
v 0.004625 -0.008275 -0.002275
v 0.004812 -0.008141 -0.001365
v 0.004875 -0.008133 0.001050
v 0.004898 -0.008124 0.001676
v 0.004968 -0.008332 0.001686
v 0.005125 -0.008250 -0.001750
v 0.005234 -0.008039 -0.001555
v 0.005000 -0.008000 -0.001125
v 0.004875 -0.008000 0.000750
v 0.004875 -0.008125 0.002000
v 0.005000 -0.007750 -0.001625
v 0.004875 -0.007475 -0.000975
v 0.004875 -0.007438 0.001250
v 0.004750 -0.007625 0.002062
v 0.004875 -0.007750 0.002000
v 0.005000 -0.007488 -0.001375
v 0.005000 -0.007438 0.001625
v 0.004875 -0.007250 -0.001500
v 0.005094 -0.006875 -0.001156
v 0.004875 -0.007375 0.000750
v 0.004875 -0.007000 0.001250
v 0.004875 -0.006875 0.001875
v 0.004875 -0.007125 0.002000
v 0.004913 -0.006603 0.000841
v 0.004875 -0.006625 0.001750
v 0.005125 -0.006536 -0.001036
v 0.004875 -0.006500 -0.000500
v 0.004975 -0.006653 0.000725
v 0.004875 -0.006500 0.001250
v 0.004875 -0.006375 -0.000750
v 0.004921 -0.006353 0.001061
v 0.004875 -0.006125 0.001875
v 0.004875 -0.006250 0.002000
v 0.005075 -0.005937 -0.000987
v 0.004875 -0.006273 0.001023
v 0.004875 -0.005813 0.001875
v 0.004875 -0.005750 -0.001000
v 0.004875 -0.005781 -0.000531
v 0.005025 -0.005250 -0.000850
v 0.004875 -0.005625 0.000750
v 0.004875 -0.005500 0.001750
v 0.004875 -0.005500 0.002000
v 0.004775 -0.005250 -0.000600
v 0.004550 -0.005278 0.002353
v 0.005000 -0.005000 -0.000875
v 0.004875 -0.005000 0.001750
v 0.005125 -0.004875 -0.000750
v 0.004875 -0.005176 -0.000426
v 0.004875 -0.004750 -0.000000
v 0.004875 -0.004938 0.000750
v 0.004875 -0.004750 0.001250
v 0.005000 -0.004750 0.001625
v 0.005125 -0.004222 -0.000722
v 0.004875 -0.004500 0.001250
v 0.004875 -0.004250 -0.000500
v 0.004875 -0.004375 -0.000125
v 0.004875 -0.004250 0.001250
v 0.004875 -0.004250 0.001750
v 0.004875 -0.004000 -0.000750
v 0.004875 -0.003688 0.000312
v 0.004888 -0.004356 0.000088
v 0.004875 -0.004000 0.001000
v 0.004958 -0.004125 0.001542
v 0.004875 -0.003750 -0.000750
v 0.004875 -0.003750 0.000000
v 0.004883 -0.004334 0.000647
v 0.004875 -0.003750 0.001000
v 0.004875 -0.003442 0.001533
v 0.004875 -0.003500 0.000750
v 0.004875 -0.003500 0.001750
v 0.004875 -0.003000 -0.000500
v 0.004875 -0.003000 0.000000
v 0.004875 -0.003250 0.000500
v 0.005000 -0.003250 0.001125
v 0.004892 -0.002741 -0.000359
v 0.005000 -0.003125 0.000000
v 0.004875 -0.002875 0.000325
v 0.004875 -0.002750 0.000750
v 0.005125 -0.003000 0.000750
v 0.004875 -0.002875 0.001500
v 0.004875 -0.002750 0.000500
v 0.004875 -0.002500 0.001000
v 0.004875 -0.002500 0.000250
v 0.004750 -0.002224 0.000717
v 0.005125 -0.029333 -0.000917
v 0.005125 -0.029250 -0.001250
v 0.005125 -0.028500 -0.000250
v 0.005125 -0.028719 -0.000031
v 0.005125 -0.028500 -0.001000
v 0.005125 -0.028344 0.000438
v 0.005125 -0.028250 0.001000
v 0.005125 -0.028500 -0.000500
v 0.005125 -0.027750 -0.001750
v 0.005133 -0.027815 -0.001198
v 0.005125 -0.028000 0.000250
v 0.005125 -0.028000 0.001000
v 0.005125 -0.027500 -0.002000
v 0.005014 -0.028111 -0.000250
v 0.005250 -0.027750 0.000375
v 0.005125 -0.027750 0.000500
v 0.005250 -0.027625 0.000500
v 0.005125 -0.027500 0.000750
v 0.005125 -0.027250 0.001000
v 0.005125 -0.027625 0.001000
v 0.004931 -0.027500 0.001694
v 0.005125 -0.027218 -0.000741
v 0.005125 -0.027375 -0.000625
v 0.005125 -0.027250 0.000500
v 0.005065 -0.027604 -0.001401
v 0.005208 -0.027167 -0.000750
v 0.005125 -0.027139 0.001361
v 0.005125 -0.027000 0.001750
v 0.005125 -0.026750 -0.002250
v 0.005250 -0.026841 -0.001875
v 0.005125 -0.027000 -0.000417
v 0.005125 -0.026750 0.000000
v 0.005125 -0.027000 0.000500
v 0.005125 -0.026750 0.002000
v 0.005030 -0.026481 -0.002364
v 0.005125 -0.026500 -0.001750
v 0.005260 -0.026250 -0.001365
v 0.005250 -0.026875 -0.000250
v 0.005125 -0.026000 0.000750
v 0.005125 -0.026969 0.000250
v 0.005154 -0.026250 0.001721
v 0.005125 -0.026500 0.002250
v 0.005250 -0.026313 0.000312
v 0.005125 -0.026250 0.001000
v 0.005164 -0.026091 0.001711
v 0.005125 -0.026250 0.002250
v 0.005375 -0.026000 0.000500
v 0.005025 -0.026250 0.002350
v 0.005125 -0.025750 0.000750
v 0.005250 -0.025833 0.001792
v 0.005250 -0.025500 -0.002125
v 0.005125 -0.025500 0.001500
v 0.005139 -0.025361 -0.002375
v 0.005000 -0.025250 -0.002125
v 0.005125 -0.025675 -0.001725
v 0.005125 -0.025417 0.001000
v 0.005125 -0.025450 0.002250
v 0.005250 -0.025250 0.002125
v 0.005125 -0.025015 0.002635
v 0.005125 -0.024667 0.003083
v 0.005375 -0.024750 0.001250
v 0.005125 -0.024633 0.001500
v 0.005125 -0.024750 0.003000
v 0.005250 -0.024500 -0.002375
v 0.004880 -0.024120 -0.002125
v 0.005125 -0.024795 0.002062
v 0.005125 -0.024103 0.001861
v 0.005125 -0.024250 0.002250
v 0.005125 -0.023931 0.002819
v 0.005275 -0.023975 -0.002375
v 0.005125 -0.023591 0.002000
v 0.005125 -0.023750 0.003250
v 0.005000 -0.023937 0.003375
v 0.005025 -0.023975 -0.002125
v 0.005375 -0.023684 0.001719
v 0.005125 -0.023750 0.002500
v 0.005125 -0.023375 0.003125
v 0.005083 -0.023167 -0.002625
v 0.005256 -0.023383 -0.002403
v 0.005125 -0.023250 0.002500
v 0.005125 -0.023250 0.003000
v 0.005125 -0.023156 0.002344
v 0.005003 -0.023015 0.003387
v 0.005333 -0.023000 -0.002542
v 0.005250 -0.022750 -0.002125
v 0.005250 -0.022813 0.002188
v 0.004848 -0.022590 -0.002438
v 0.005125 -0.022625 0.002250
v 0.005250 -0.022500 0.002875
v 0.005125 -0.022250 0.002500
v 0.005467 -0.022325 -0.002417
v 0.005624 -0.021771 -0.001990
v 0.005083 -0.021917 -0.002375
v 0.005125 -0.021525 0.002275
v 0.005250 -0.021833 0.002875
v 0.005125 -0.021500 -0.003000
v 0.005333 -0.021667 -0.002625
v 0.004938 -0.021500 -0.002688
v 0.005125 -0.021500 0.002250
v 0.005187 -0.021500 0.002688
v 0.005313 -0.021250 -0.002813
v 0.005094 -0.021187 -0.002531
v 0.005348 -0.021183 0.002043
v 0.005125 -0.021250 0.002750
v 0.005036 -0.020786 0.002125
v 0.005250 -0.020750 0.002375
v 0.005375 -0.020500 -0.003000
v 0.005125 -0.020298 -0.002577
v 0.005250 -0.020250 -0.003125
v 0.005375 -0.020037 -0.002279
v 0.005125 -0.020250 0.002000
v 0.005250 -0.020250 0.001875
v 0.005125 -0.020250 0.002500
v 0.005125 -0.020000 -0.002750
v 0.005125 -0.020000 0.002250
v 0.005250 -0.020000 0.002125
v 0.005125 -0.019537 -0.003482
v 0.005125 -0.020000 -0.003250
v 0.005094 -0.019750 0.002281
v 0.005187 -0.019369 -0.002705
v 0.005250 -0.019531 0.001625
v 0.005313 -0.019500 0.002062
v 0.005125 -0.019250 -0.003000
v 0.005250 -0.019250 0.001375
v 0.005250 -0.019125 -0.003375
v 0.005125 -0.019000 -0.003000
v 0.005250 -0.019000 0.001375
v 0.005125 -0.018927 0.002045
v 0.004958 -0.018500 -0.003167
v 0.005195 -0.018378 0.001304
v 0.005250 -0.018750 0.001875
v 0.005042 -0.018000 -0.003833
v 0.005285 -0.017483 0.001167
v 0.005125 -0.018000 0.001750
v 0.005042 -0.018250 0.002083
v 0.005375 -0.017625 -0.003500
v 0.005109 -0.017960 -0.003099
v 0.005125 -0.017750 0.002000
v 0.005125 -0.017292 -0.003208
v 0.005125 -0.017083 -0.003917
v 0.005250 -0.017226 -0.003649
v 0.005178 -0.017364 0.001048
v 0.004994 -0.017315 0.001869
v 0.005125 -0.017000 0.001125
v 0.005125 -0.017000 -0.004000
v 0.005200 -0.016571 0.000746
v 0.005115 -0.016744 0.001210
v 0.005175 -0.016609 0.001574
v 0.005360 -0.016682 0.001500
v 0.005375 -0.016250 -0.003000
v 0.005125 -0.016250 0.001000
v 0.005109 -0.016363 0.001406
v 0.005125 -0.016750 0.001750
v 0.005281 -0.016135 -0.003959
v 0.005125 -0.016250 -0.004000
v 0.005161 -0.016101 -0.003530
v 0.005125 -0.016204 -0.003296
v 0.005307 -0.015750 0.000568
v 0.005125 -0.016125 0.000875
v 0.005125 -0.015875 0.001625
v 0.005125 -0.015812 0.000813
v 0.005125 -0.015625 0.001500
v 0.005125 -0.015333 -0.004417
v 0.005450 -0.015469 -0.003206
v 0.005375 -0.015500 0.000250
v 0.005125 -0.015574 -0.004604
v 0.005333 -0.014923 -0.003587
v 0.005125 -0.015333 -0.003667
v 0.005125 -0.015125 0.001000
v 0.005125 -0.015375 0.001750
v 0.005125 -0.014916 -0.004725
v 0.005125 -0.015125 0.000500
v 0.005125 -0.014875 0.001500
v 0.005250 -0.015000 -0.004375
v 0.005125 -0.014750 -0.004000
v 0.005287 -0.014213 -0.003876
v 0.005125 -0.014500 0.001750
v 0.005300 -0.014241 -0.004763
v 0.005125 -0.014433 -0.004917
v 0.005125 -0.014375 0.000500
v 0.005125 -0.014250 0.001000
v 0.005125 -0.014125 0.001500
v 0.005125 -0.013875 -0.005125
v 0.005125 -0.014000 -0.004286
v 0.005125 -0.014000 -0.002000
v 0.005125 -0.014000 0.001000
v 0.005313 -0.013687 -0.004688
v 0.005125 -0.013750 -0.002000
v 0.005000 -0.013687 0.001937
v 0.004835 -0.013715 -0.001634
v 0.005125 -0.013625 0.000500
v 0.005125 -0.013500 0.001000
v 0.005125 -0.013375 0.001500
v 0.005125 -0.013333 -0.002417
v 0.005147 -0.013168 -0.002426
v 0.005125 -0.013250 0.001000
v 0.005103 -0.013157 -0.004429
v 0.005125 -0.013000 0.001750
v 0.005000 -0.012750 -0.004875
v 0.005125 -0.012625 -0.004125
v 0.005125 -0.012875 0.000500
v 0.005125 -0.012750 0.001000
v 0.005125 -0.012625 0.001500
v 0.005000 -0.012500 -0.004875
v 0.005313 -0.012500 -0.004562
v 0.005250 -0.012479 -0.003875
v 0.005316 -0.012359 -0.001615
v 0.005125 -0.012500 0.001000
v 0.005000 -0.012250 -0.004125
v 0.005341 -0.012226 -0.002558
v 0.005125 -0.012000 -0.001750
v 0.004958 -0.012105 -0.001407
v 0.005125 -0.012125 0.000500
v 0.005125 -0.012000 0.001000
v 0.005125 -0.011875 0.001500
v 0.005155 -0.012075 -0.004423
v 0.005109 -0.011596 -0.002298
v 0.005125 -0.012038 -0.001038
v 0.005125 -0.011625 0.000750
v 0.005125 -0.011750 0.001000
v 0.005437 -0.011812 -0.004000
v 0.005500 -0.011717 -0.003875
v 0.005377 -0.011511 -0.001689
v 0.005125 -0.011375 0.001625
v 0.005125 -0.011250 -0.003250
v 0.005250 -0.011375 -0.003250
v 0.005250 -0.011250 -0.003125
v 0.005143 -0.011079 -0.002019
v 0.005070 -0.011495 -0.001269
v 0.005125 -0.011250 -0.000750
v 0.005125 -0.011125 0.001000
v 0.005250 -0.011125 -0.003750
v 0.005250 -0.011125 -0.003000
v 0.005375 -0.011250 0.000250
v 0.005175 -0.011250 0.000450
v 0.005500 -0.010781 -0.003219
v 0.005125 -0.010750 -0.002000
v 0.005375 -0.010750 -0.001750
v 0.005125 -0.010750 -0.000750
v 0.005125 -0.011000 0.000250
v 0.005125 -0.010750 0.001000
v 0.005250 -0.010688 0.001438
v 0.005125 -0.010875 0.001750
v 0.005500 -0.010500 -0.002875
v 0.005250 -0.010625 -0.002750
v 0.005448 -0.010552 -0.002088
v 0.005125 -0.010500 -0.001750
v 0.005094 -0.010625 -0.001031
v 0.005125 -0.010500 0.001000
v 0.005125 -0.010375 0.001500
v 0.005250 -0.010250 -0.002875
v 0.005367 -0.010271 -0.001308
v 0.005125 -0.010250 -0.000250
v 0.005138 -0.010338 0.000144
v 0.005125 -0.010250 0.001000
v 0.005271 -0.009705 -0.001821
v 0.005250 -0.010125 -0.001500
v 0.005125 -0.009917 -0.000917
v 0.005125 -0.009875 0.001000
v 0.005125 -0.009875 0.001625
v 0.005284 -0.009756 -0.001320
v 0.005291 -0.009819 -0.001172
v 0.005125 -0.010031 -0.000344
v 0.005125 -0.009937 0.000687
v 0.005267 -0.009668 -0.001615
v 0.005081 -0.009574 -0.000849
v 0.005125 -0.009813 0.000188
v 0.005125 -0.009500 0.001000
v 0.005142 -0.009065 -0.001050
v 0.005125 -0.009313 -0.000125
v 0.005125 -0.009562 -0.000063
v 0.005125 -0.009250 0.001000
v 0.005125 -0.009344 0.001563
v 0.005125 -0.009375 0.001750
v 0.005250 -0.009000 -0.002125
v 0.005069 -0.009373 -0.001373
v 0.005125 -0.009000 0.000750
v 0.005125 -0.009000 0.001500
v 0.005250 -0.008750 -0.001875
v 0.005000 -0.008750 -0.001625
v 0.005125 -0.008938 0.000438
v 0.005125 -0.008625 0.000750
v 0.005125 -0.008750 0.001250
v 0.005125 -0.008625 -0.000625
v 0.005250 -0.008375 -0.001750
v 0.005114 -0.008429 -0.001304
v 0.005125 -0.008250 0.000750
v 0.005125 -0.008000 0.001250
v 0.005125 -0.008250 -0.000813
v 0.005125 -0.008750 -0.001000
v 0.005125 -0.008500 -0.000125
v 0.005250 -0.007750 -0.001375
v 0.005125 -0.008000 0.000500
v 0.005125 -0.007750 0.001000
v 0.005375 -0.007750 0.000750
v 0.005125 -0.007875 0.001500
v 0.005083 -0.007562 -0.000701
v 0.005125 -0.007500 0.000500
v 0.005125 -0.007250 0.000500
v 0.005125 -0.007250 0.001500
v 0.005125 -0.007320 -0.001214
v 0.005125 -0.007312 -0.000312
v 0.005125 -0.007688 -0.000438
v 0.005125 -0.007000 0.000500
v 0.005172 -0.006549 0.000839
v 0.005150 -0.006692 0.001208
v 0.005063 -0.006700 -0.000513
v 0.005125 -0.006250 0.001500
v 0.005125 -0.006500 0.001500
v 0.005125 -0.006472 -0.000972
v 0.005250 -0.006250 -0.000625
v 0.005125 -0.007000 -0.000500
v 0.005193 -0.006413 0.000951
v 0.005125 -0.006250 0.001340
v 0.005000 -0.006063 -0.000375
v 0.005125 -0.006000 0.000500
v 0.005125 -0.006000 0.001000
v 0.005321 -0.005750 -0.000554
v 0.005063 -0.005536 -0.000098
v 0.005125 -0.005750 0.000500
v 0.005125 -0.005750 0.001500
v 0.005125 -0.005500 0.000500
v 0.005125 -0.005125 0.001250
v 0.005125 -0.005375 0.001250
v 0.005125 -0.005250 0.000500
v 0.005125 -0.005375 0.001500
v 0.005125 -0.005250 0.000000
v 0.005125 -0.005000 0.000500
v 0.005125 -0.004500 0.001000
v 0.005125 -0.004889 -0.000389
v 0.005125 -0.004750 0.000500
v 0.005125 -0.004250 0.001500
v 0.005125 -0.004500 -0.000250
v 0.005125 -0.004500 0.000250
v 0.005166 -0.004601 0.000371
v 0.005125 -0.004500 0.001500
v 0.005375 -0.004500 0.000750
v 0.005125 -0.004179 0.000000
v 0.005375 -0.004000 0.000250
v 0.005125 -0.004250 0.000750
v 0.005125 -0.003750 0.000250
v 0.005125 -0.003750 0.001250
v 0.005133 -0.003411 -0.000186
v 0.005125 -0.003083 0.000417
v 0.005125 -0.003375 0.000813
v 0.005125 -0.003500 0.001250
v 0.005375 -0.028250 -0.001000
v 0.005281 -0.028344 -0.000250
v 0.005375 -0.027500 -0.001750
v 0.005375 -0.027250 -0.000250
v 0.005375 -0.028000 0.000000
v 0.005428 -0.027197 -0.001200
v 0.005375 -0.027344 0.000281
v 0.005375 -0.027750 0.000250
v 0.005375 -0.027125 -0.001750
v 0.005375 -0.027440 -0.000762
v 0.005569 -0.027227 -0.000747
v 0.005375 -0.027250 0.000750
v 0.005375 -0.027250 0.000000
v 0.005375 -0.026567 0.000500
v 0.005375 -0.027000 0.001000
v 0.005375 -0.026583 -0.001667
v 0.005375 -0.026750 -0.001000
v 0.005375 -0.026317 -0.001917
v 0.005452 -0.026827 -0.001423
v 0.005375 -0.026750 -0.000385
v 0.005625 -0.026691 0.000250
v 0.005319 -0.026750 0.001056
v 0.005588 -0.026357 -0.001537
v 0.005375 -0.026313 0.001125
v 0.005589 -0.026000 -0.001786
v 0.005375 -0.026000 -0.000750
v 0.005375 -0.026375 -0.000594
v 0.005500 -0.025969 0.000906
v 0.005375 -0.026000 0.001500
v 0.005375 -0.025750 0.001500
v 0.005422 -0.025417 -0.001453
v 0.005375 -0.025625 -0.001125
v 0.005375 -0.025750 -0.000250
v 0.005375 -0.025500 0.000000
v 0.005375 -0.025250 0.000750
v 0.005375 -0.025700 0.000550
v 0.005625 -0.025452 -0.001798
v 0.005375 -0.024750 0.000750
v 0.005375 -0.025633 0.001250
v 0.005375 -0.025281 0.001719
v 0.005250 -0.025000 -0.002375
v 0.005375 -0.025000 -0.001750
v 0.005500 -0.025062 0.000312
v 0.005500 -0.025000 0.001375
v 0.005375 -0.024750 -0.001750
v 0.005625 -0.024750 0.000500
v 0.005375 -0.024750 0.002250
v 0.005375 -0.024250 0.000750
v 0.005375 -0.024500 0.001250
v 0.005375 -0.024667 0.001750
v 0.005625 -0.024500 0.001500
v 0.005375 -0.024667 0.002333
v 0.005625 -0.024000 -0.001500
v 0.005375 -0.024187 0.001500
v 0.005375 -0.023917 0.002583
v 0.005232 -0.024500 0.002643
v 0.005563 -0.024000 -0.002062
v 0.005313 -0.024000 -0.001812
v 0.005375 -0.024000 0.001000
v 0.005375 -0.023667 0.001250
v 0.005375 -0.024000 0.002250
v 0.005625 -0.023783 -0.001700
v 0.005250 -0.023500 -0.002125
v 0.005375 -0.023500 0.002250
v 0.005375 -0.023500 0.002750
v 0.005625 -0.023375 0.001125
v 0.005375 -0.023206 0.002544
v 0.005375 -0.023250 0.001500
v 0.005375 -0.023000 0.002000
v 0.005250 -0.023000 0.002875
v 0.005375 -0.022750 0.001500
v 0.005500 -0.022500 -0.002375
v 0.005375 -0.022500 0.002000
v 0.005375 -0.022187 0.002500
v 0.005339 -0.022750 0.002786
v 0.005375 -0.022406 0.001844
v 0.005375 -0.022250 0.002750
v 0.005267 -0.022233 -0.002125
v 0.005375 -0.022125 0.001750
v 0.005500 -0.021875 -0.002500
v 0.005375 -0.021750 0.002000
v 0.005375 -0.021569 0.002569
v 0.005250 -0.021500 -0.002375
v 0.005375 -0.021625 0.001875
v 0.005500 -0.021607 -0.002625
v 0.005687 -0.021500 -0.001937
v 0.005375 -0.021375 0.001750
v 0.005400 -0.021150 0.002375
v 0.005375 -0.020750 -0.002750
v 0.005375 -0.020750 0.001750
v 0.005375 -0.020333 -0.002917
v 0.005375 -0.020250 0.001750
v 0.005375 -0.020250 0.002250
v 0.005529 -0.020013 0.001875
v 0.005375 -0.020250 -0.003000
v 0.005375 -0.020000 -0.002500
v 0.005625 -0.019750 -0.002750
v 0.005375 -0.019112 -0.003200
v 0.005500 -0.019469 0.001375
v 0.005125 -0.019250 0.002250
v 0.005360 -0.018867 0.001223
v 0.005625 -0.018750 -0.003000
v 0.005375 -0.018500 -0.002750
v 0.005456 -0.018647 0.001588
v 0.005500 -0.018500 0.000875
v 0.005500 -0.018500 0.001375
v 0.005333 -0.018250 0.001792
v 0.005625 -0.018500 -0.003000
v 0.005125 -0.018250 -0.003000
v 0.005410 -0.018295 0.001379
v 0.005375 -0.018000 -0.003500
v 0.005257 -0.018322 -0.003353
v 0.005625 -0.017750 -0.002500
v 0.005583 -0.017833 0.000625
v 0.005500 -0.017238 -0.003359
v 0.005572 -0.017662 0.001250
v 0.005375 -0.017250 -0.003000
v 0.005405 -0.016930 0.000303
v 0.005375 -0.017403 0.000708
v 0.005404 -0.017316 0.001129
v 0.005375 -0.017271 -0.002795
v 0.005375 -0.017000 0.000750
v 0.005375 -0.016292 -0.003708
v 0.005375 -0.016875 -0.003500
v 0.005750 -0.016500 -0.003125
v 0.005375 -0.016500 0.000500
v 0.005375 -0.016500 0.001250
v 0.005500 -0.016250 0.000125
v 0.005385 -0.016317 0.000257
v 0.005518 -0.016250 0.000857
v 0.005375 -0.015861 0.000036
v 0.005375 -0.016000 0.000500
v 0.005375 -0.015829 0.001079
v 0.005375 -0.016125 0.001250
v 0.005375 -0.015292 -0.003958
v 0.005500 -0.015812 -0.003625
v 0.005375 -0.015817 -0.003167
v 0.005375 -0.015571 -0.000179
v 0.005375 -0.015000 0.001250
v 0.005250 -0.015188 0.001438
v 0.005313 -0.015417 -0.004107
v 0.005375 -0.014875 0.000250
v 0.005375 -0.014625 0.000750
v 0.005375 -0.014583 -0.004500
v 0.005375 -0.014727 -0.000500
v 0.005375 -0.015000 -0.000250
v 0.005250 -0.014313 0.001438
v 0.005625 -0.014250 -0.004000
v 0.005375 -0.014722 -0.003278
v 0.005375 -0.014500 0.000250
v 0.005375 -0.014500 0.001250
v 0.005375 -0.014083 -0.004417
v 0.005557 -0.014206 -0.003279
v 0.005375 -0.014250 0.000250
v 0.005375 -0.013875 0.000750
v 0.005525 -0.013962 -0.004388
v 0.005400 -0.014261 -0.000764
v 0.005375 -0.014000 0.000250
v 0.005250 -0.013562 0.001438
v 0.005375 -0.013786 -0.003786
v 0.005375 -0.013813 -0.000125
v 0.005375 -0.013750 0.000250
v 0.005375 -0.013750 0.001250
v 0.005375 -0.013375 -0.004625
v 0.005375 -0.013625 -0.000375
v 0.005375 -0.013500 0.000250
v 0.005375 -0.013125 0.000750
v 0.005313 -0.013562 -0.004000
v 0.005327 -0.013258 -0.001669
v 0.005375 -0.013250 0.000250
v 0.005250 -0.012812 0.001438
v 0.005563 -0.012844 -0.004188
v 0.005250 -0.013187 -0.004062
v 0.005375 -0.012750 -0.002500
v 0.005375 -0.013250 -0.002000
v 0.005178 -0.012991 -0.001504
v 0.005384 -0.013010 -0.001292
v 0.005390 -0.013389 -0.000885
v 0.005385 -0.013708 -0.000802
v 0.005375 -0.013000 0.000250
v 0.005375 -0.013000 0.001250
v 0.005339 -0.012940 -0.004694
v 0.005378 -0.012643 -0.001644
v 0.005375 -0.012750 0.000250
v 0.005375 -0.012375 0.000750
v 0.005375 -0.012500 -0.003750
v 0.005386 -0.012133 -0.001674
v 0.005244 -0.012641 -0.001597
v 0.005491 -0.012644 -0.001458
v 0.005375 -0.012500 -0.001250
v 0.005375 -0.012625 -0.000875
v 0.005375 -0.012500 0.000250
v 0.005250 -0.012063 0.001438
v 0.005375 -0.012250 -0.004250
v 0.005625 -0.012354 -0.004104
v 0.005375 -0.012531 -0.000344
v 0.005375 -0.012250 0.000250
v 0.005375 -0.012250 0.001250
v 0.005375 -0.012000 -0.003750
v 0.005375 -0.012000 -0.002250
v 0.005375 -0.012000 0.000250
v 0.005375 -0.011625 0.000750
v 0.005500 -0.011750 -0.003375
v 0.005375 -0.011750 -0.002500
v 0.005376 -0.011990 -0.001934
v 0.005375 -0.011750 0.000250
v 0.005375 -0.011250 0.001250
v 0.005333 -0.011501 -0.002062
v 0.005373 -0.011722 -0.001296
v 0.005375 -0.011656 -0.000219
v 0.005375 -0.011500 0.001250
v 0.005455 -0.011000 -0.002875
v 0.005375 -0.011150 -0.001250
v 0.005375 -0.011250 0.000750
v 0.005250 -0.011063 0.001375
v 0.005521 -0.011250 -0.003625
v 0.005450 -0.011200 -0.002375
v 0.005356 -0.011227 -0.001613
v 0.005375 -0.011250 -0.000500
v 0.005443 -0.011340 -0.000316
v 0.005500 -0.010875 -0.002750
v 0.005375 -0.010750 -0.002750
v 0.005437 -0.010937 -0.002188
v 0.005375 -0.010929 -0.001000
v 0.005194 -0.010783 -0.000714
v 0.005375 -0.010500 0.001250
v 0.005243 -0.010358 -0.002429
v 0.005375 -0.010500 -0.000750
v 0.005386 -0.010453 -0.000117
v 0.005375 -0.010250 0.000813
v 0.005500 -0.010250 -0.001875
v 0.005437 -0.010159 -0.001537
v 0.005500 -0.010375 0.000250
v 0.005375 -0.010500 0.000500
v 0.005638 -0.010071 -0.002625
v 0.005500 -0.010125 -0.002250
v 0.005397 -0.010112 -0.000656
v 0.005375 -0.010000 0.000000
v 0.005375 -0.009750 0.000719
v 0.005375 -0.010125 0.001250
v 0.005580 -0.009656 -0.001857
v 0.005375 -0.009469 -0.000094
v 0.005375 -0.009125 0.000500
v 0.005375 -0.009625 0.001250
v 0.005500 -0.009500 -0.002375
v 0.005562 -0.009523 -0.001771
v 0.005625 -0.009250 -0.001000
v 0.005625 -0.009375 -0.002125
v 0.005359 -0.009283 -0.001819
v 0.005375 -0.009250 -0.001500
v 0.005375 -0.009071 -0.000750
v 0.005375 -0.008750 0.001000
v 0.005375 -0.009000 0.001250
v 0.005415 -0.008834 -0.001264
v 0.005375 -0.009062 -0.000125
v 0.005500 -0.008750 -0.001625
v 0.005375 -0.008625 -0.000453
v 0.005375 -0.008469 0.000406
v 0.005375 -0.008500 0.001000
v 0.005375 -0.008500 -0.001750
v 0.005375 -0.008250 0.000125
v 0.005474 -0.008394 -0.001509
v 0.005500 -0.008375 -0.000750
v 0.005375 -0.008000 0.001000
v 0.005375 -0.008250 0.001000
v 0.005375 -0.008000 -0.001000
v 0.005375 -0.007875 0.000125
v 0.005375 -0.008000 0.000500
v 0.005375 -0.007500 -0.001000
v 0.005375 -0.007500 -0.000375
v 0.005375 -0.007719 -0.000031
v 0.005375 -0.007186 -0.000900
v 0.005375 -0.007250 0.000750
v 0.005250 -0.007438 0.000875
v 0.005375 -0.006500 0.000750
v 0.005375 -0.006750 0.000750
v 0.005375 -0.007000 0.000750
v 0.005375 -0.007000 -0.000750
v 0.005375 -0.006625 0.000375
v 0.005375 -0.006333 -0.000583
v 0.005375 -0.005750 0.000188
v 0.005375 -0.006375 0.000000
v 0.005375 -0.006281 0.000344
v 0.005375 -0.006244 0.000955
v 0.005375 -0.005625 0.000750
v 0.005347 -0.005500 -0.000278
v 0.005375 -0.004750 0.000750
v 0.005375 -0.005125 0.000750
v 0.005338 -0.005000 -0.000288
v 0.005375 -0.004450 0.000100
v 0.005375 -0.004250 0.000500
v 0.005636 -0.026400 -0.000953
v 0.005625 -0.027000 -0.000500
v 0.005625 -0.027000 -0.000250
v 0.005625 -0.027000 0.000000
v 0.005625 -0.026000 -0.000250
v 0.005625 -0.026125 0.000125
v 0.005625 -0.026250 0.000500
v 0.005625 -0.026000 -0.001167
v 0.005625 -0.025625 0.000375
v 0.005625 -0.025750 0.001000
v 0.005625 -0.025500 0.001000
v 0.005625 -0.025529 -0.001571
v 0.005880 -0.025575 -0.001221
v 0.005625 -0.025750 -0.000750
v 0.005625 -0.025750 0.000000
v 0.005625 -0.025500 0.000250
v 0.005554 -0.025571 -0.000364
v 0.005750 -0.025250 0.000375
v 0.005625 -0.025250 0.000500
v 0.005625 -0.025314 0.001150
v 0.005839 -0.025107 -0.001536
v 0.005625 -0.025000 -0.001250
v 0.005625 -0.025500 -0.000333
v 0.005625 -0.025000 0.000750
v 0.005875 -0.024750 -0.001750
v 0.005625 -0.024767 -0.001983
v 0.005625 -0.024750 -0.001250
v 0.005625 -0.024969 -0.000594
v 0.005663 -0.024597 0.001052
v 0.005500 -0.024917 0.001458
v 0.005687 -0.024500 -0.001937
v 0.005518 -0.024936 -0.001579
v 0.005625 -0.024375 0.000031
v 0.005875 -0.024417 0.000833
v 0.005647 -0.024403 -0.001257
v 0.005625 -0.024500 -0.000500
v 0.005625 -0.024250 0.001250
v 0.005875 -0.024000 -0.001750
v 0.005725 -0.024400 -0.000500
v 0.005625 -0.023500 0.000500
v 0.005625 -0.024000 0.002000
v 0.005709 -0.023707 -0.002209
v 0.005875 -0.023750 0.000000
v 0.005625 -0.023750 0.000500
v 0.005625 -0.024150 0.000600
v 0.005625 -0.024000 0.001250
v 0.005625 -0.023458 0.002042
v 0.005875 -0.023500 0.000250
v 0.005625 -0.023496 0.001604
v 0.005625 -0.023250 -0.002250
v 0.005437 -0.023312 -0.001906
v 0.005875 -0.023179 -0.001321
v 0.005625 -0.023250 0.000500
v 0.005625 -0.023375 0.000875
v 0.005625 -0.023000 0.002250
v 0.005625 -0.023000 -0.001750
v 0.005625 -0.023083 -0.001667
v 0.005625 -0.022853 0.000861
v 0.005625 -0.023000 0.001750
v 0.005625 -0.022656 0.002094
v 0.005875 -0.022500 -0.002000
v 0.005625 -0.022250 -0.001750
v 0.005875 -0.022500 0.000750
v 0.005625 -0.022375 0.002000
v 0.005500 -0.022625 0.002375
v 0.005875 -0.022077 -0.001458
v 0.005625 -0.022321 0.001000
v 0.005625 -0.022500 0.001500
v 0.005813 -0.022000 -0.002313
v 0.005625 -0.022000 0.001500
v 0.005625 -0.021625 0.002000
v 0.005625 -0.022000 0.002250
v 0.005762 -0.021766 -0.002347
v 0.005625 -0.021906 0.001344
v 0.005625 -0.021217 0.001283
v 0.005597 -0.021263 0.002291
v 0.005750 -0.021375 -0.002375
v 0.005664 -0.020784 0.001430
v 0.005750 -0.021063 0.001875
v 0.005766 -0.020938 -0.002359
v 0.005563 -0.021000 -0.002062
v 0.005604 -0.021042 0.002313
v 0.005281 -0.020625 -0.002344
v 0.005625 -0.020750 0.002000
v 0.005750 -0.020500 -0.002375
v 0.006125 -0.020500 -0.001500
v 0.005625 -0.020500 0.001500
v 0.005563 -0.020500 0.002062
v 0.005750 -0.020250 0.001875
v 0.005625 -0.020308 -0.002525
v 0.005655 -0.019881 -0.001964
v 0.005581 -0.020079 0.001581
v 0.005750 -0.020000 0.001875
v 0.005750 -0.019875 -0.002500
v 0.005625 -0.019750 -0.002250
v 0.005750 -0.019750 -0.001875
v 0.005625 -0.019750 0.001250
v 0.005625 -0.019750 0.001750
v 0.005625 -0.019500 -0.002750
v 0.005625 -0.019500 -0.002250
v 0.005875 -0.019500 0.001000
v 0.005750 -0.019250 -0.002625
v 0.005375 -0.019250 -0.002500
v 0.005563 -0.019125 0.001688
v 0.005625 -0.019097 -0.002795
v 0.005375 -0.019079 -0.002521
v 0.005875 -0.019042 0.000792
v 0.005673 -0.018634 0.001375
v 0.005708 -0.018750 -0.002667
v 0.005625 -0.018750 -0.002250
v 0.005625 -0.018750 0.001500
v 0.005625 -0.018500 -0.002500
v 0.005392 -0.018125 0.000959
v 0.005812 -0.018564 0.000775
v 0.005875 -0.018000 -0.002750
v 0.005625 -0.018125 -0.002438
v 0.005625 -0.018000 0.000750
v 0.005458 -0.018071 0.001417
v 0.005750 -0.017694 0.000375
v 0.005672 -0.017632 0.000906
v 0.005875 -0.017750 -0.002750
v 0.005687 -0.017000 -0.002438
v 0.006050 -0.017575 0.000350
v 0.005489 -0.017547 0.001108
v 0.005625 -0.017083 -0.003167
v 0.005500 -0.017000 0.000375
v 0.005673 -0.017294 0.000746
v 0.005750 -0.017375 -0.002875
v 0.005563 -0.016937 0.001063
v 0.005625 -0.016614 -0.002736
v 0.005500 -0.016598 0.000125
v 0.005657 -0.016594 0.000705
v 0.005833 -0.016594 -0.002448
v 0.005625 -0.016429 0.000500
v 0.005625 -0.015705 -0.003482
v 0.005687 -0.016375 -0.000063
v 0.005625 -0.016125 -0.003250
v 0.005800 -0.015994 -0.000375
v 0.005625 -0.016000 0.000250
v 0.005625 -0.015750 0.000750
v 0.005625 -0.016000 0.000750
v 0.005717 -0.015550 -0.000542
v 0.005475 -0.015500 0.000650
v 0.005625 -0.015250 -0.003750
v 0.005875 -0.015417 -0.003250
v 0.005969 -0.015375 -0.000656
v 0.005625 -0.015568 0.000318
v 0.005625 -0.015500 -0.003500
v 0.005813 -0.015000 -0.002813
v 0.005625 -0.015042 -0.002958
v 0.005625 -0.015227 -0.000000
v 0.005750 -0.015000 -0.000125
v 0.005437 -0.014775 -0.004163
v 0.005571 -0.014775 -0.003779
v 0.005736 -0.014900 -0.000717
v 0.005625 -0.014500 0.000500
v 0.005625 -0.014750 0.000500
v 0.005844 -0.014594 -0.000875
v 0.005750 -0.014500 -0.000375
v 0.005630 -0.014674 -0.000309
v 0.006000 -0.014250 -0.000875
v 0.005640 -0.014109 -0.000602
v 0.005625 -0.013500 0.000500
v 0.005625 -0.014250 0.000500
v 0.005625 -0.014273 -0.003750
v 0.005625 -0.013750 0.000500
v 0.005625 -0.014000 0.000500
v 0.005625 -0.013750 -0.003286
v 0.005750 -0.013694 -0.001125
v 0.005625 -0.013500 -0.004000
v 0.005625 -0.013500 -0.000250
v 0.005625 -0.013250 0.000500
v 0.005625 -0.013125 -0.004125
v 0.005500 -0.013406 -0.003594
v 0.005625 -0.013250 -0.000500
v 0.005750 -0.013312 -0.000562
v 0.005792 -0.013000 -0.003833
v 0.005625 -0.013000 -0.003500
v 0.005750 -0.013125 -0.001250
v 0.005750 -0.013000 -0.001375
v 0.005750 -0.013063 -0.000813
v 0.005625 -0.012875 -0.000188
v 0.005625 -0.013000 0.000500
v 0.005403 -0.012590 -0.003798
v 0.005625 -0.012833 -0.003417
v 0.005631 -0.012682 -0.001074
v 0.005625 -0.012625 0.000500
v 0.005875 -0.012500 -0.003750
v 0.005625 -0.012250 -0.003500
v 0.005625 -0.012500 -0.000188
v 0.005625 -0.012250 0.000500
v 0.005625 -0.011875 -0.000375
v 0.005625 -0.012000 -0.000125
v 0.005625 -0.011750 0.000500
v 0.005563 -0.012000 -0.004062
v 0.005750 -0.012000 -0.003875
v 0.005625 -0.011828 -0.003328
v 0.005750 -0.012179 -0.003304
v 0.005685 -0.011917 -0.001674
v 0.005684 -0.012153 -0.001169
v 0.005625 -0.011750 -0.001000
v 0.005625 -0.012000 0.000500
v 0.005750 -0.011875 -0.003750
v 0.005750 -0.011550 -0.001375
v 0.005627 -0.010390 0.000179
v 0.005625 -0.011000 0.000250
v 0.005625 -0.011500 0.000500
v 0.005625 -0.011500 -0.003750
v 0.005817 -0.011509 -0.003567
v 0.005388 -0.011630 -0.003431
v 0.005625 -0.011363 -0.002315
v 0.005541 -0.011675 -0.002129
v 0.005479 -0.011417 -0.001720
v 0.005778 -0.011283 -0.003608
v 0.005641 -0.011060 -0.002905
v 0.005625 -0.011250 -0.002000
v 0.006060 -0.011472 -0.001915
v 0.005646 -0.011285 -0.001792
v 0.005625 -0.011250 0.000250
v 0.005500 -0.011071 0.000446
v 0.005541 -0.011178 -0.001852
v 0.005750 -0.011125 -0.001500
v 0.005625 -0.011008 -0.000883
v 0.005625 -0.010750 -0.000312
v 0.005810 -0.010972 -0.003315
v 0.005625 -0.010750 -0.002625
v 0.005535 -0.010793 -0.001566
v 0.005625 -0.010750 0.000250
v 0.005889 -0.010542 -0.002903
v 0.005744 -0.010552 -0.001888
v 0.005625 -0.010250 -0.000250
v 0.005667 -0.010417 -0.002875
v 0.005750 -0.010500 -0.002375
v 0.005463 -0.009835 -0.002082
v 0.005750 -0.010250 -0.001375
v 0.005625 -0.010250 -0.000500
v 0.005500 -0.009750 -0.002625
v 0.005625 -0.009750 -0.002000
v 0.005750 -0.009688 -0.002313
v 0.005750 -0.009500 -0.002125
v 0.005750 -0.009250 -0.001875
v 0.005639 -0.009386 -0.001235
v 0.005885 -0.009191 -0.001636
v 0.005625 -0.008917 -0.000917
v 0.005620 -0.008894 -0.001618
v 0.005642 -0.008259 -0.000952
v 0.005875 -0.025883 -0.000833
v 0.005875 -0.025750 -0.000292
v 0.005875 -0.025750 -0.000500
v 0.005875 -0.025500 0.000000
v 0.005875 -0.024750 -0.000500
v 0.005875 -0.025125 0.000375
v 0.005875 -0.025062 -0.000375
v 0.005875 -0.024750 -0.001250
v 0.005875 -0.024500 0.000000
v 0.005875 -0.024750 0.000750
v 0.005875 -0.024667 -0.000417
v 0.005875 -0.024750 -0.001000
v 0.006125 -0.024250 0.000000
v 0.005952 -0.023488 -0.001654
v 0.005934 -0.024167 -0.001441
v 0.005875 -0.024000 -0.000250
v 0.006125 -0.023750 0.000500
v 0.005875 -0.023500 0.001250
v 0.005875 -0.023917 0.001083
v 0.006000 -0.023875 -0.001500
v 0.005875 -0.023517 0.000750
v 0.005875 -0.023013 -0.001988
v 0.005875 -0.024107 -0.001000
v 0.005875 -0.023688 -0.000188
v 0.005875 -0.024250 -0.001000
v 0.005875 -0.022750 0.001250
v 0.005875 -0.023500 -0.001250
v 0.005844 -0.023800 -0.001231
v 0.005875 -0.023312 -0.000438
v 0.005875 -0.023200 0.000300
v 0.005875 -0.022750 -0.000750
v 0.005875 -0.022133 0.000250
v 0.005875 -0.022750 0.000500
v 0.005875 -0.022625 -0.001500
v 0.006071 -0.022554 -0.000250
v 0.005969 -0.022250 0.001156
v 0.005875 -0.023128 0.001556
v 0.005779 -0.022073 -0.001829
v 0.005875 -0.022205 -0.001250
v 0.005875 -0.022750 -0.000250
v 0.005875 -0.022000 0.001750
v 0.005875 -0.022250 0.001750
v 0.005875 -0.022062 0.000625
v 0.005875 -0.022167 0.000833
v 0.005875 -0.021956 0.001544
v 0.005934 -0.021961 -0.002084
v 0.005874 -0.021742 -0.001727
v 0.005875 -0.021750 0.001000
v 0.005875 -0.021571 0.000500
v 0.005875 -0.021500 0.001000
v 0.005875 -0.021500 0.001750
v 0.006125 -0.021375 -0.002000
v 0.005875 -0.021437 -0.001625
v 0.006063 -0.021187 -0.001375
v 0.005875 -0.021229 0.000821
v 0.005875 -0.021250 0.001500
v 0.005875 -0.021000 -0.001750
v 0.005875 -0.020750 0.000750
v 0.005928 -0.020865 0.001559
v 0.005875 -0.020500 -0.002250
v 0.005839 -0.020750 0.001204
v 0.005875 -0.020500 0.001500
v 0.006125 -0.020250 0.000750
v 0.006000 -0.020000 -0.002125
v 0.005625 -0.020250 0.001250
v 0.005875 -0.019917 0.001667
v 0.005931 -0.019924 -0.002208
v 0.006000 -0.019875 -0.001750
v 0.005875 -0.019583 -0.002417
v 0.006000 -0.019607 -0.001875
v 0.005875 -0.019750 0.001000
v 0.005625 -0.019500 0.001750
v 0.005875 -0.019250 -0.002500
v 0.006000 -0.019193 0.000636
v 0.005875 -0.019429 0.000821
v 0.006000 -0.018500 0.000625
v 0.006125 -0.019094 0.001094
v 0.005937 -0.018750 0.001187
v 0.005875 -0.018630 -0.002620
v 0.005906 -0.018437 0.001156
v 0.005975 -0.017800 -0.002600
v 0.005917 -0.018083 0.000542
v 0.006000 -0.018071 0.000875
v 0.006063 -0.018063 0.000875
v 0.005750 -0.017923 -0.002202
v 0.005875 -0.017531 -0.002219
v 0.006000 -0.017500 0.000625
v 0.006063 -0.017250 -0.002563
v 0.006000 -0.017250 0.000125
v 0.006097 -0.017056 0.000083
v 0.006000 -0.017000 0.000625
v 0.005875 -0.016742 -0.002958
v 0.005958 -0.016750 -0.002667
v 0.006125 -0.016500 -0.002750
v 0.005875 -0.016375 -0.000250
v 0.006125 -0.016583 -0.000417
v 0.006000 -0.016455 0.000125
v 0.006000 -0.016250 -0.000375
v 0.005875 -0.016250 0.000250
v 0.006187 -0.016031 -0.002594
v 0.005781 -0.016188 -0.002531
v 0.006000 -0.015750 -0.002875
v 0.005875 -0.015875 -0.002375
v 0.006068 -0.015946 -0.000497
v 0.005875 -0.015567 -0.003045
v 0.005792 -0.015250 -0.002583
v 0.006000 -0.015859 -0.000125
v 0.006083 -0.015333 -0.000375
v 0.005839 -0.015396 -0.002523
v 0.005943 -0.015228 -0.002454
v 0.006111 -0.014862 -0.000812
v 0.006125 -0.014625 -0.002875
v 0.005875 -0.014750 -0.003250
v 0.006075 -0.014724 -0.000430
v 0.005787 -0.013962 -0.002876
v 0.005839 -0.014787 -0.002748
v 0.005750 -0.014000 -0.003875
v 0.005875 -0.014042 -0.003458
v 0.006097 -0.013719 -0.002309
v 0.005687 -0.013875 -0.000937
v 0.005818 -0.013643 -0.000580
v 0.005875 -0.013750 -0.003000
v 0.005875 -0.013500 -0.002750
v 0.005875 -0.013583 -0.002667
v 0.005935 -0.013427 -0.000791
v 0.005750 -0.013250 -0.001125
v 0.005918 -0.013429 -0.001150
v 0.006000 -0.013000 -0.003625
v 0.005875 -0.012873 -0.003056
v 0.005813 -0.013281 -0.002969
v 0.006125 -0.013375 -0.000875
v 0.006031 -0.012687 -0.003531
v 0.006125 -0.012596 -0.002654
v 0.005776 -0.012734 -0.001370
v 0.005875 -0.012583 -0.002917
v 0.006000 -0.012500 -0.001125
v 0.006125 -0.012125 -0.003375
v 0.005875 -0.012375 -0.003125
v 0.006000 -0.012375 -0.001500
v 0.005907 -0.012390 -0.001617
v 0.005875 -0.012000 -0.003750
v 0.006000 -0.012000 -0.003625
v 0.005875 -0.012000 -0.003000
v 0.006063 -0.012000 -0.001688
v 0.006054 -0.011843 -0.001096
v 0.006125 -0.011771 -0.003271
v 0.006125 -0.011500 -0.002750
v 0.005813 -0.011500 -0.003062
v 0.006087 -0.011631 -0.001709
v 0.006000 -0.011500 -0.001375
v 0.005958 -0.011211 -0.003167
v 0.006125 -0.011000 -0.002250
v 0.005875 -0.011216 -0.002750
v 0.006000 -0.011000 -0.001875
v 0.005748 -0.010950 -0.001370
v 0.005875 -0.010625 -0.002375
v 0.006000 -0.010875 -0.002250
v 0.005866 -0.010597 -0.001968
v 0.005790 -0.010220 -0.001403
v 0.006000 -0.010000 -0.001625
v 0.006042 -0.009917 -0.002250
v 0.005875 -0.009750 -0.001750
v 0.005813 -0.009750 -0.001438
v 0.005875 -0.009500 -0.001500
v 0.006063 -0.024368 -0.000285
v 0.006131 -0.024358 -0.001176
v 0.006125 -0.024500 -0.000750
v 0.006125 -0.023688 -0.000875
v 0.006125 -0.023750 -0.001500
v 0.006125 -0.023500 0.000500
v 0.006125 -0.023344 -0.000031
v 0.006125 -0.023000 -0.001000
v 0.006125 -0.023000 -0.000250
v 0.006125 -0.023000 -0.001750
v 0.006125 -0.022500 -0.001500
v 0.006125 -0.023000 -0.001250
v 0.006125 -0.023000 -0.000625
v 0.006125 -0.023000 0.000000
v 0.006125 -0.023250 0.000500
v 0.006375 -0.022807 -0.000625
v 0.006125 -0.022875 0.000438
v 0.006125 -0.022250 0.001000
v 0.006125 -0.022750 0.001000
v 0.006250 -0.022656 -0.000031
v 0.006125 -0.022017 -0.001733
v 0.006125 -0.022250 0.000000
v 0.006250 -0.022375 0.000250
v 0.006091 -0.022357 -0.000945
v 0.006125 -0.022000 0.000750
v 0.006125 -0.022000 0.001250
v 0.006125 -0.021950 0.000050
v 0.006313 -0.021625 -0.001563
v 0.006125 -0.021750 0.000750
v 0.006125 -0.021406 0.001094
v 0.006125 -0.021792 -0.001208
v 0.006125 -0.021437 -0.000188
v 0.006125 -0.021417 0.000333
v 0.006125 -0.021250 0.001000
v 0.006125 -0.021250 0.001250
v 0.006125 -0.021063 -0.000375
v 0.006125 -0.021000 0.000500
v 0.006125 -0.020750 0.001000
v 0.005953 -0.021038 0.001274
v 0.006361 -0.021000 -0.001764
v 0.006125 -0.021000 -0.001500
v 0.006125 -0.020807 -0.000617
v 0.006125 -0.020750 0.001250
v 0.006125 -0.020621 0.001307
v 0.006332 -0.020420 -0.000782
v 0.006125 -0.020000 0.000250
v 0.006125 -0.021000 -0.000063
v 0.006075 -0.020729 0.000571
v 0.006375 -0.020250 -0.001750
v 0.006125 -0.020250 -0.001000
v 0.006250 -0.020437 -0.000312
v 0.005875 -0.020250 0.001500
v 0.006125 -0.019977 -0.001523
v 0.006375 -0.020000 0.000000
v 0.005875 -0.020000 0.001500
v 0.006125 -0.019750 0.000250
v 0.006187 -0.019750 0.001187
v 0.006250 -0.019667 -0.002125
v 0.006187 -0.019562 -0.001187
v 0.006350 -0.019464 0.000061
v 0.006125 -0.019708 0.000708
v 0.006187 -0.019250 -0.002188
v 0.006125 -0.019375 -0.001750
v 0.006125 -0.019250 -0.001250
v 0.006125 -0.019362 0.001154
v 0.006125 -0.019000 -0.001750
v 0.006240 -0.018592 -0.001529
v 0.006375 -0.018750 -0.002000
v 0.006125 -0.018750 -0.001750
v 0.006375 -0.019000 0.000250
v 0.006250 -0.018500 0.000875
v 0.006125 -0.018500 -0.001750
v 0.006125 -0.018865 0.000365
v 0.006250 -0.018250 -0.001375
v 0.006125 -0.018250 0.000500
v 0.006125 -0.018000 -0.002250
v 0.006125 -0.018475 -0.001725
v 0.006375 -0.018000 -0.001250
v 0.006125 -0.018000 -0.000000
v 0.006125 -0.018167 0.000250
v 0.006125 -0.017513 -0.002487
v 0.006125 -0.017775 -0.001725
v 0.006000 -0.017875 0.000875
v 0.006125 -0.017500 -0.000250
v 0.006375 -0.017500 -0.002250
v 0.006125 -0.017250 -0.002000
v 0.006125 -0.017391 -0.000109
v 0.006000 -0.017150 0.000625
v 0.006330 -0.016750 -0.000455
v 0.006250 -0.017000 0.000375
v 0.006458 -0.016667 -0.002083
v 0.006125 -0.016812 -0.001937
v 0.006125 -0.016522 -0.000462
v 0.006250 -0.016500 0.000125
v 0.006125 -0.016375 -0.002500
v 0.006063 -0.016188 -0.002062
v 0.006125 -0.016479 -0.001729
v 0.006250 -0.016250 -0.000625
v 0.006250 -0.016125 -0.001000
v 0.006125 -0.016000 -0.000833
v 0.006250 -0.016159 -0.000125
v 0.006125 -0.015500 -0.002500
v 0.006149 -0.015805 -0.001343
v 0.006125 -0.015750 -0.000750
v 0.006250 -0.015639 -0.000375
v 0.006125 -0.015500 -0.002000
v 0.006125 -0.015375 -0.002750
v 0.006125 -0.015719 -0.001594
v 0.006125 -0.015250 -0.000750
v 0.006125 -0.015250 -0.003000
v 0.006125 -0.015000 -0.001000
v 0.006375 -0.014625 -0.002500
v 0.006125 -0.014750 -0.001000
v 0.006125 -0.014038 -0.002963
v 0.006125 -0.015250 -0.002250
v 0.006125 -0.014500 -0.001000
v 0.006250 -0.014500 -0.000625
v 0.006375 -0.013969 -0.002531
v 0.006125 -0.014250 -0.001000
v 0.006125 -0.013833 -0.002917
v 0.006063 -0.014438 -0.002313
v 0.006125 -0.014000 -0.001250
v 0.006375 -0.014000 -0.001000
v 0.006202 -0.013268 -0.002989
v 0.006125 -0.014000 -0.002250
v 0.006125 -0.013750 -0.001250
v 0.006028 -0.013972 -0.000625
v 0.006208 -0.013750 -0.002917
v 0.006125 -0.013500 -0.001250
v 0.006125 -0.013250 -0.001500
v 0.006250 -0.013250 -0.001125
v 0.005933 -0.013260 -0.003478
v 0.006125 -0.013250 -0.003250
v 0.006125 -0.013000 -0.001500
v 0.006250 -0.012875 -0.003000
v 0.006125 -0.013250 -0.002500
v 0.006125 -0.012625 -0.001625
v 0.006295 -0.012768 -0.003062
v 0.005996 -0.012352 -0.001105
v 0.006250 -0.012250 -0.003125
v 0.006125 -0.012250 -0.001750
v 0.006250 -0.012250 -0.001125
v 0.006375 -0.011875 -0.003000
v 0.006125 -0.011875 -0.002375
v 0.006125 -0.011875 -0.002125
v 0.006125 -0.011500 -0.003250
v 0.006250 -0.011500 -0.003125
v 0.006113 -0.011211 -0.001329
v 0.006375 -0.011500 -0.003000
v 0.006112 -0.010898 -0.002822
v 0.006125 -0.011000 -0.002000
v 0.006040 -0.010970 -0.001403
v 0.006375 -0.011250 -0.001500
v 0.006154 -0.010405 -0.002595
v 0.006125 -0.010500 -0.002308
v 0.006125 -0.010750 -0.001500
v 0.006250 -0.010625 -0.001750
v 0.005975 -0.010522 -0.001328
v 0.006122 -0.010406 -0.002668
v 0.006136 -0.010224 -0.001932
v 0.006125 -0.010000 -0.001750
v 0.006375 -0.022333 -0.001250
v 0.006375 -0.022750 -0.001000
v 0.006375 -0.022375 -0.000250
v 0.006375 -0.022500 0.000000
v 0.006375 -0.022000 -0.001500
v 0.006375 -0.021688 -0.000937
v 0.006375 -0.021000 -0.000250
v 0.006375 -0.021938 -0.000063
v 0.006375 -0.022000 0.000500
v 0.006375 -0.021531 -0.000094
v 0.006375 -0.021000 0.000750
v 0.006192 -0.021435 -0.001719
v 0.006375 -0.021000 -0.000750
v 0.006375 -0.021125 -0.000125
v 0.006375 -0.021583 0.000667
v 0.006375 -0.021000 0.000500
v 0.006375 -0.021000 -0.001750
v 0.006375 -0.020500 -0.001250
v 0.006500 -0.020875 -0.000500
v 0.006375 -0.020250 0.000500
v 0.006375 -0.019875 0.001000
v 0.006518 -0.020188 -0.001170
v 0.006375 -0.020500 -0.000500
v 0.006500 -0.020375 0.000250
v 0.006375 -0.020583 0.000917
v 0.006375 -0.019500 0.000500
v 0.006375 -0.019540 -0.001781
v 0.006545 -0.020000 -0.001330
v 0.006375 -0.019750 0.000000
v 0.006375 -0.019625 0.000750
v 0.006375 -0.019188 -0.002000
v 0.006333 -0.019338 0.000939
v 0.006375 -0.019750 -0.001000
v 0.006335 -0.020000 -0.001040
v 0.006375 -0.019165 0.000771
v 0.006375 -0.019029 -0.001821
v 0.006625 -0.019204 -0.001396
v 0.006375 -0.019312 -0.000188
v 0.006375 -0.019083 -0.001167
v 0.006375 -0.018750 -0.000000
v 0.006375 -0.018844 0.000594
v 0.006375 -0.018250 -0.002000
v 0.006375 -0.018500 0.000000
v 0.006625 -0.018014 -0.001564
v 0.006375 -0.018250 0.000000
v 0.006375 -0.018250 0.000750
v 0.006375 -0.017931 -0.001889
v 0.006375 -0.018000 -0.000250
v 0.006375 -0.018000 0.000500
v 0.006375 -0.018750 -0.001250
v 0.006375 -0.017844 0.000344
v 0.006450 -0.017750 -0.001925
v 0.006193 -0.017728 -0.001704
v 0.006375 -0.017750 -0.001500
v 0.006375 -0.017667 -0.000333
v 0.006375 -0.017500 0.000250
v 0.006331 -0.017579 0.000581
v 0.006375 -0.017250 -0.000500
v 0.006375 -0.017179 0.000071
v 0.006375 -0.017250 0.000250
v 0.006375 -0.016937 -0.002062
v 0.006375 -0.017250 -0.001500
v 0.006375 -0.017000 -0.000500
v 0.006375 -0.016750 -0.000000
v 0.006625 -0.016750 -0.001750
v 0.006375 -0.016750 -0.001500
v 0.006375 -0.016500 -0.000750
v 0.006355 -0.016748 0.000044
v 0.006375 -0.016250 -0.002250
v 0.006377 -0.016278 -0.000791
v 0.006625 -0.016250 -0.000500
v 0.006375 -0.015594 -0.001719
v 0.006408 -0.015967 -0.001620
v 0.006400 -0.016141 -0.001211
v 0.006375 -0.015833 -0.000417
v 0.006375 -0.015750 -0.002250
v 0.006500 -0.015625 -0.001250
v 0.006375 -0.015500 -0.001000
v 0.006375 -0.015000 -0.000500
v 0.006375 -0.015429 -0.002321
v 0.006251 -0.015214 -0.000412
v 0.006375 -0.015000 -0.002500
v 0.006375 -0.014937 -0.001312
v 0.006375 -0.014667 -0.000583
v 0.006375 -0.014469 -0.001844
v 0.006375 -0.014562 -0.001312
v 0.006375 -0.014049 -0.001886
v 0.006375 -0.014187 -0.001312
v 0.006375 -0.014250 -0.000750
v 0.006387 -0.013079 -0.001835
v 0.006403 -0.013665 -0.001476
v 0.006367 -0.013646 -0.000971
v 0.006375 -0.013500 -0.001250
v 0.006375 -0.013250 -0.002750
v 0.006375 -0.013125 -0.002125
v 0.006375 -0.013250 -0.001500
v 0.006375 -0.013250 -0.001250
v 0.006375 -0.012750 -0.003000
v 0.006375 -0.012500 -0.002375
v 0.006375 -0.012250 -0.001250
v 0.006375 -0.012625 -0.001250
v 0.006370 -0.011798 -0.001447
v 0.006375 -0.012125 -0.001625
v 0.006375 -0.012000 -0.001250
v 0.006375 -0.011000 -0.001750
v 0.006375 -0.011500 -0.001500
v 0.006375 -0.011250 -0.002750
v 0.006382 -0.010549 -0.001936
v 0.006382 -0.010795 -0.002468
v 0.006625 -0.020750 -0.000500
v 0.006632 -0.020591 -0.000917
v 0.006625 -0.020250 -0.000312
v 0.006625 -0.019938 -0.000469
v 0.006641 -0.020470 0.000102
v 0.006625 -0.020000 -0.001250
v 0.006625 -0.019458 0.000292
v 0.006625 -0.019594 -0.000469
v 0.006625 -0.019000 0.000500
v 0.006625 -0.018875 -0.000813
v 0.006625 -0.018938 -0.000188
v 0.006625 -0.018687 -0.000438
v 0.006625 -0.018812 -0.000312
v 0.006625 -0.018750 0.000250
v 0.006625 -0.018750 -0.001750
v 0.006625 -0.018000 -0.000875
v 0.006625 -0.018500 -0.000875
v 0.006625 -0.018500 0.000250
v 0.006625 -0.018250 -0.000500
v 0.006625 -0.018000 0.000250
v 0.006469 -0.018000 0.000406
v 0.006625 -0.017750 -0.000000
v 0.006625 -0.017750 -0.001750
v 0.006625 -0.017375 -0.000875
v 0.006625 -0.017000 -0.000250
v 0.006625 -0.017687 -0.000312
v 0.006625 -0.017417 -0.000083
v 0.006625 -0.017125 -0.001750
v 0.006625 -0.016750 -0.001063
v 0.006625 -0.016250 -0.001500
v 0.006625 -0.016500 -0.000500
v 0.006482 -0.016500 -0.000307
v 0.006625 -0.016000 -0.000750
v 0.006643 -0.015841 -0.001337
v 0.006625 -0.015750 -0.001000
v 0.006513 -0.013656 -0.002159
v 0.006625 -0.013750 -0.001750
v 0.006625 -0.013250 -0.001750
f 15 16 4
f 2 4 1
f 19 1 4
f 7 5 24
f 26 7 27
f 9 10 60
f 14 80 190
f 14 190 3
f 16 47 3
f 16 15 47
f 260 16 3
f 194 18 16
f 4 17 15
f 4 49 17
f 18 194 4
f 18 4 16
f 194 19 4
f 136 1 19
f 136 20 2
f 1 136 2
f 21 20 5
f 136 5 20
f 201 5 136
f 21 5 22
f 7 22 5
f 7 23 22
f 7 25 23
f 50 7 24
f 7 26 25
f 7 50 51
f 51 6 7
f 51 7 6
f 7 93 27
f 27 93 97
f 97 95 27
f 8 28 97
f 8 30 9
f 96 30 8
f 9 28 8
f 29 28 9
f 9 30 10
f 9 31 29
f 60 31 9
f 60 10 33
f 63 60 35
f 35 60 33
f 35 33 61
f 111 65 37
f 250 11 42
f 12 72 11
f 122 13 12
f 13 73 12
f 122 124 13
f 46 44 43
f 128 43 256
f 128 46 43
f 46 14 45
f 46 128 14
f 607 14 128
f 45 14 46
f 14 78 46
f 354 14 607
f 354 80 14
f 81 78 14
f 3 81 14
f 361 3 190
f 361 260 3
f 48 47 15
f 17 48 15
f 260 194 16
f 2 49 4
f 20 21 2
f 50 5 201
f 5 50 24
f 52 26 27
f 207 7 51
f 27 53 52
f 207 93 7
f 27 95 53
f 93 94 97
f 94 54 8
f 97 94 8
f 54 96 8
f 57 97 28
f 57 28 29
f 31 57 29
f 34 56 31
f 31 56 57
f 55 58 30
f 58 10 30
f 32 62 33
f 59 57 56
f 59 56 34
f 59 34 31
f 58 32 10
f 32 33 10
f 33 62 61
f 60 59 31
f 102 35 61
f 36 66 64
f 65 111 37
f 241 172 68
f 38 68 172
f 38 117 68
f 717 38 172
f 38 69 117
f 575 38 717
f 40 119 39
f 119 40 39
f 41 71 249
f 42 71 41
f 250 42 41
f 183 11 250
f 183 12 11
f 12 73 72
f 124 184 13
f 255 124 455
f 43 184 124
f 43 127 184
f 255 43 124
f 44 127 43
f 74 256 43
f 74 43 255
f 129 44 46
f 79 46 78
f 129 46 79
f 3 47 81
f 48 133 47
f 83 48 17
f 196 17 49
f 85 199 89
f 2 86 49
f 87 49 86
f 2 87 86
f 21 87 2
f 21 88 87
f 200 201 136
f 22 23 21
f 23 88 21
f 140 50 201
f 26 52 92
f 26 92 25
f 50 207 51
f 94 96 54
f 55 30 96
f 57 98 97
f 98 57 59
f 60 98 59
f 149 99 55
f 55 99 58
f 32 100 62
f 101 98 63
f 63 98 60
f 99 154 58
f 61 100 155
f 61 62 100
f 35 105 63
f 35 102 105
f 102 61 155
f 64 101 63
f 64 63 36
f 105 36 63
f 105 102 106
f 104 64 65
f 36 157 66
f 157 36 105
f 103 104 107
f 65 109 104
f 64 111 65
f 108 64 66
f 111 64 108
f 66 157 108
f 107 104 109
f 111 109 65
f 160 111 108
f 110 109 111
f 232 166 167
f 429 168 232
f 239 116 234
f 236 239 234
f 67 238 239
f 241 68 67
f 243 717 172
f 70 174 118
f 176 70 118
f 443 119 70
f 446 40 119
f 446 249 40
f 72 42 11
f 13 184 73
f 124 122 455
f 256 74 255
f 76 126 75
f 459 75 126
f 459 76 75
f 77 76 351
f 82 130 77
f 131 82 77
f 77 351 131
f 78 81 79
f 190 80 354
f 82 355 130
f 192 132 82
f 82 131 192
f 47 133 81
f 48 83 133
f 195 193 84
f 193 134 84
f 193 259 134
f 261 194 260
f 85 195 84
f 85 197 195
f 85 84 134
f 259 85 134
f 135 85 259
f 263 199 85
f 197 85 198
f 89 198 85
f 87 88 49
f 264 136 19
f 89 138 198
f 199 137 89
f 137 139 89
f 138 89 139
f 374 139 91
f 141 374 91
f 139 142 91
f 25 202 23
f 143 50 140
f 91 90 268
f 206 91 142
f 206 268 90
f 91 206 90
f 52 267 92
f 143 207 50
f 268 206 144
f 53 267 52
f 208 93 207
f 95 145 53
f 53 145 146
f 147 209 273
f 145 95 146
f 96 148 55
f 94 148 96
f 213 95 97
f 148 149 55
f 147 150 212
f 151 150 147
f 281 213 97
f 281 97 98
f 148 99 149
f 217 281 98
f 153 98 101
f 153 217 98
f 58 154 155
f 32 58 152
f 219 157 154
f 154 102 155
f 104 156 64
f 101 64 153
f 64 156 153
f 105 106 157
f 157 106 102
f 400 158 108
f 400 108 157
f 160 108 158
f 107 109 110
f 110 111 158
f 158 111 160
f 112 163 162
f 112 164 163
f 314 164 112
f 316 166 164
f 166 165 164
f 170 168 113
f 168 170 113
f 168 429 170
f 114 169 170
f 115 114 170
f 234 323 115
f 233 234 115
f 116 323 234
f 235 236 234
f 238 171 239
f 241 67 239
f 68 238 67
f 117 330 68
f 69 333 117
f 69 173 333
f 118 173 69
f 441 38 575
f 441 69 38
f 441 118 69
f 176 443 70
f 339 175 246
f 119 583 70
f 338 119 443
f 179 177 175
f 40 178 119
f 249 178 40
f 120 181 180
f 248 180 179
f 71 247 249
f 120 182 181
f 343 120 180
f 121 182 120
f 183 250 451
f 344 121 120
f 72 71 42
f 122 12 183
f 121 344 123
f 345 122 451
f 185 121 123
f 123 254 185
f 738 455 122
f 125 254 123
f 188 125 123
f 123 454 188
f 126 187 125
f 188 126 125
f 127 186 184
f 459 126 188
f 44 460 127
f 351 76 459
f 44 129 460
f 607 128 256
f 77 189 76
f 79 81 129
f 81 133 353
f 82 191 355
f 612 361 190
f 132 191 82
f 193 191 132
f 259 193 132
f 132 192 360
f 132 360 259
f 263 135 259
f 263 85 135
f 261 19 194
f 476 136 264
f 476 200 136
f 377 88 23
f 372 201 200
f 137 142 139
f 377 23 202
f 265 140 201
f 205 202 25
f 91 203 141
f 204 142 266
f 375 266 142
f 92 205 25
f 268 203 91
f 204 206 142
f 204 266 206
f 92 267 205
f 269 206 266
f 140 207 143
f 206 269 144
f 53 146 267
f 207 271 208
f 379 144 209
f 269 209 144
f 210 379 209
f 210 273 209
f 208 94 93
f 147 276 209
f 273 215 147
f 95 211 146
f 487 148 94
f 274 148 487
f 147 212 276
f 215 151 147
f 274 214 148
f 216 286 150
f 216 150 151
f 148 214 99
f 154 99 219
f 282 281 217
f 217 153 282
f 152 58 155
f 100 32 152
f 220 154 157
f 152 155 100
f 287 156 104
f 156 393 153
f 401 157 219
f 157 102 220
f 220 102 154
f 289 400 157
f 221 107 159
f 103 107 104
f 104 107 221
f 158 399 405
f 399 158 400
f 158 405 110
f 159 107 110
f 297 159 110
f 298 295 159
f 298 159 297
f 228 226 227
f 229 228 227
f 544 227 418
f 161 421 229
f 544 229 227
f 162 161 229
f 162 421 161
f 229 230 162
f 163 421 162
f 163 162 230
f 163 112 162
f 316 164 314
f 165 231 164
f 167 166 316
f 232 318 166
f 168 318 232
f 320 232 167
f 320 429 232
f 170 169 168
f 168 169 428
f 114 115 169
f 233 115 170
f 171 116 239
f 434 239 236
f 434 566 239
f 438 241 239
f 239 566 438
f 68 330 238
f 330 172 241
f 330 241 438
f 117 333 330
f 243 172 330
f 243 332 717
f 335 245 244
f 118 574 173
f 335 244 245
f 578 244 335
f 578 577 244
f 174 574 118
f 176 118 441
f 175 577 578
f 175 579 577
f 337 579 175
f 246 175 580
f 175 578 580
f 176 442 443
f 177 337 175
f 119 178 583
f 341 175 339
f 341 179 175
f 249 247 178
f 338 446 119
f 180 181 179
f 341 248 179
f 446 41 249
f 446 250 41
f 252 120 343
f 122 183 451
f 121 251 182
f 252 344 120
f 72 73 71
f 185 251 121
f 452 123 344
f 454 123 452
f 184 598 253
f 738 122 345
f 186 598 184
f 187 188 125
f 125 188 254
f 188 454 254
f 187 459 188
f 352 256 255
f 126 347 187
f 460 349 127
f 76 350 126
f 129 461 460
f 189 350 76
f 743 351 459
f 352 607 256
f 129 81 461
f 356 131 351
f 357 190 354
f 131 356 192
f 359 190 357
f 359 612 190
f 193 363 191
f 363 193 258
f 614 261 260
f 195 258 193
f 17 364 83
f 195 262 258
f 365 263 259
f 196 364 17
f 197 262 195
f 264 19 261
f 198 368 197
f 197 368 262
f 138 368 198
f 88 370 49
f 88 265 370
f 476 372 200
f 142 137 373
f 377 265 88
f 265 201 372
f 139 374 138
f 377 140 265
f 626 140 377
f 626 378 140
f 266 375 269
f 378 207 140
f 271 207 378
f 144 379 268
f 270 267 146
f 210 209 269
f 487 94 208
f 208 271 487
f 210 209 272
f 276 272 209
f 95 275 211
f 213 275 95
f 214 274 277
f 212 150 385
f 212 151 276
f 151 215 276
f 277 279 214
f 214 279 384
f 278 286 218
f 150 286 278
f 212 216 151
f 384 219 214
f 214 219 99
f 283 392 218
f 283 218 286
f 284 216 497
f 153 391 282
f 285 283 286
f 284 285 216
f 286 216 285
f 284 285 286
f 284 286 285
f 285 395 286
f 104 288 287
f 288 398 287
f 401 289 157
f 159 222 292
f 221 159 292
f 104 221 288
f 293 110 405
f 296 110 293
f 159 295 222
f 295 292 222
f 295 294 292
f 296 297 110
f 298 299 295
f 302 300 223
f 300 301 223
f 224 302 223
f 223 830 304
f 225 303 224
f 304 224 223
f 225 305 303
f 304 225 224
f 225 306 305
f 414 415 225
f 306 225 415
f 684 417 307
f 686 226 308
f 843 226 686
f 418 227 226
f 229 309 228
f 421 309 229
f 230 229 544
f 310 421 163
f 230 698 163
f 163 698 311
f 164 312 163
f 312 112 163
f 112 312 311
f 164 313 312
f 311 314 112
f 231 313 164
f 549 315 700
f 315 427 317
f 316 320 167
f 168 554 318
f 319 553 317
f 428 554 168
f 115 323 428
f 115 428 169
f 707 170 429
f 321 233 170
f 325 323 116
f 432 234 233
f 432 235 234
f 171 238 116
f 327 116 238
f 434 236 235
f 433 326 237
f 328 433 237
f 237 326 240
f 326 435 240
f 240 435 437
f 242 715 240
f 437 242 240
f 244 331 242
f 440 330 243
f 330 333 243
f 332 243 330
f 438 332 330
f 570 244 242
f 570 716 244
f 244 716 718
f 244 718 335
f 334 575 717
f 333 173 574
f 577 576 244
f 442 574 174
f 70 336 174
f 583 336 70
f 582 339 246
f 339 582 341
f 340 178 247
f 584 446 338
f 181 585 179
f 448 248 341
f 341 586 448
f 448 180 248
f 591 247 71
f 180 448 343
f 591 71 342
f 729 250 446
f 450 342 71
f 729 451 250
f 344 252 343
f 73 450 71
f 596 452 344
f 184 450 73
f 184 253 450
f 346 185 254
f 127 598 186
f 347 346 187
f 187 346 254
f 458 255 455
f 458 352 255
f 126 350 347
f 348 459 187
f 746 356 351
f 352 744 607
f 130 462 77
f 77 462 189
f 130 355 462
f 356 465 192
f 133 358 353
f 357 354 359
f 465 360 192
f 257 358 133
f 191 362 355
f 133 469 257
f 363 362 191
f 83 469 133
f 83 364 469
f 361 614 260
f 258 262 363
f 360 472 365
f 365 259 360
f 927 261 614
f 616 261 927
f 196 366 364
f 368 367 262
f 369 263 365
f 49 370 196
f 475 199 263
f 475 263 369
f 371 368 138
f 759 199 475
f 623 137 199
f 623 199 759
f 138 374 371
f 623 373 137
f 377 265 372
f 373 623 375
f 375 142 373
f 377 940 265
f 141 376 374
f 205 377 202
f 141 203 376
f 623 269 375
f 268 382 203
f 378 630 271
f 379 485 268
f 268 485 382
f 270 380 267
f 269 379 210
f 146 380 270
f 382 485 488
f 383 210 488
f 211 380 146
f 381 487 271
f 272 382 488
f 272 488 210
f 210 383 273
f 383 215 273
f 275 634 211
f 274 487 490
f 384 274 490
f 212 385 276
f 276 388 212
f 388 276 215
f 215 383 491
f 384 277 274
f 150 278 385
f 212 782 387
f 212 388 782
f 281 386 213
f 384 279 277
f 280 219 384
f 389 494 278
f 218 389 278
f 387 390 216
f 387 216 212
f 386 281 638
f 218 392 389
f 497 216 390
f 391 281 282
f 391 638 281
f 280 636 219
f 219 636 394
f 153 393 391
f 647 219 394
f 502 392 283
f 283 285 502
f 396 499 287
f 797 401 219
f 647 797 219
f 397 285 395
f 285 286 395
f 290 397 500
f 287 398 396
f 400 289 401
f 795 292 402
f 292 795 221
f 795 403 221
f 288 221 398
f 398 221 404
f 291 506 290
f 500 406 291
f 500 291 290
f 221 403 404
f 294 402 292
f 297 656 409
f 294 407 402
f 409 410 297
f 407 295 408
f 294 295 407
f 410 298 297
f 409 299 298
f 409 298 410
f 818 412 671
f 816 671 412
f 525 818 671
f 525 301 818
f 673 525 671
f 302 301 300
f 413 301 302
f 527 301 525
f 224 303 302
f 302 303 413
f 414 225 830
f 830 225 304
f 307 534 415
f 684 307 415
f 418 226 843
f 419 544 418
f 309 691 228
f 691 544 419
f 421 691 309
f 421 420 691
f 422 230 545
f 163 697 310
f 697 421 310
f 422 698 230
f 311 697 163
f 311 423 697
f 312 423 311
f 699 315 547
f 700 315 699
f 315 424 547
f 548 316 314
f 315 425 424
f 315 549 427
f 166 426 165
f 548 550 316
f 317 425 315
f 318 426 166
f 550 320 316
f 427 319 317
f 553 319 427
f 320 552 555
f 555 429 320
f 429 555 707
f 323 706 428
f 707 557 170
f 559 321 170
f 170 557 559
f 324 430 558
f 322 324 558
f 323 431 706
f 559 233 321
f 324 322 430
f 325 431 323
f 559 432 233
f 326 433 322
f 433 430 322
f 561 322 558
f 432 559 235
f 561 326 322
f 327 325 116
f 711 434 235
f 561 435 326
f 436 328 237
f 238 439 329
f 715 237 240
f 330 439 238
f 242 331 715
f 569 242 437
f 440 439 330
f 569 570 242
f 717 332 438
f 438 883 717
f 333 440 243
f 720 334 717
f 717 572 720
f 244 573 331
f 720 575 334
f 576 573 244
f 718 578 335
f 442 176 441
f 336 442 174
f 580 582 246
f 583 338 443
f 177 444 337
f 445 338 583
f 179 444 177
f 179 585 444
f 340 583 178
f 445 584 338
f 586 341 582
f 182 447 181
f 591 588 247
f 589 729 446
f 448 727 343
f 732 451 729
f 251 449 182
f 727 344 343
f 738 345 451
f 451 735 738
f 185 346 251
f 597 454 452
f 254 454 602
f 457 456 346
f 602 187 254
f 602 348 187
f 350 346 347
f 350 457 346
f 601 459 348
f 459 601 743
f 605 746 351
f 605 351 743
f 81 353 461
f 917 354 607
f 355 466 462
f 464 356 746
f 467 466 355
f 465 356 464
f 612 359 354
f 471 360 465
f 353 358 257
f 362 467 355
f 362 470 467
f 468 754 471
f 363 615 362
f 362 615 470
f 754 472 360
f 754 360 471
f 262 755 363
f 472 369 365
f 196 473 366
f 929 261 616
f 367 474 262
f 262 474 755
f 929 264 261
f 475 369 472
f 757 476 264
f 265 477 370
f 622 372 476
f 371 478 368
f 621 623 759
f 374 478 371
f 940 477 265
f 622 377 372
f 479 940 377
f 376 480 374
f 481 269 623
f 624 626 377
f 203 480 376
f 205 482 377
f 479 377 482
f 382 483 203
f 203 483 480
f 481 629 269
f 267 482 205
f 382 628 483
f 482 267 486
f 486 267 380
f 382 484 628
f 629 485 269
f 485 379 269
f 382 773 484
f 487 381 630
f 630 381 271
f 382 632 773
f 211 775 380
f 272 489 382
f 382 489 632
f 634 775 211
f 487 948 490
f 272 276 489
f 491 383 488
f 492 948 384
f 492 384 490
f 276 385 493
f 491 388 215
f 213 386 275
f 780 384 948
f 385 278 493
f 493 278 494
f 388 491 782
f 780 636 384
f 280 384 636
f 387 782 390
f 392 495 389
f 389 495 494
f 782 497 390
f 391 784 638
f 495 392 496
f 284 497 498
f 498 285 284
f 391 393 784
f 496 392 502
f 498 397 285
f 397 395 285
f 499 156 287
f 502 285 397
f 398 499 396
f 399 400 646
f 797 400 401
f 290 502 397
f 502 290 506
f 501 402 503
f 402 501 795
f 404 504 398
f 648 405 399
f 293 405 648
f 648 399 646
f 505 502 509
f 502 506 509
f 406 500 506
f 503 402 507
f 652 297 296
f 652 296 293
f 653 652 293
f 506 509 291
f 291 509 506
f 506 291 406
f 513 299 409
f 510 651 409
f 510 409 656
f 656 297 652
f 512 507 407
f 507 402 407
f 408 512 407
f 514 408 299
f 408 295 299
f 299 659 514
f 518 521 519
f 411 519 521
f 411 520 519
f 412 522 411
f 670 412 411
f 412 523 522
f 301 524 818
f 301 526 675
f 413 526 301
f 527 525 526
f 529 301 527
f 529 223 301
f 529 830 223
f 531 833 532
f 680 415 414
f 306 415 534
f 681 535 533
f 683 684 415
f 535 681 416
f 838 416 681
f 416 840 535
f 417 536 534
f 417 534 307
f 416 838 840
f 308 536 417
f 226 537 308
f 685 308 417
f 226 539 537
f 685 686 308
f 228 539 226
f 541 539 228
f 538 540 845
f 541 228 419
f 418 1032 419
f 542 540 543
f 228 691 419
f 419 692 691
f 419 1032 692
f 692 544 691
f 694 693 543
f 691 420 544
f 544 420 230
f 544 692 852
f 421 545 420
f 230 420 545
f 694 1042 693
f 852 422 545
f 699 696 1042
f 852 698 422
f 699 546 696
f 699 547 546
f 314 311 698
f 313 231 312
f 317 551 425
f 427 549 702
f 552 320 550
f 553 551 317
f 868 556 553
f 864 428 706
f 430 556 558
f 868 558 556
f 560 430 433
f 710 235 559
f 559 874 710
f 710 711 235
f 328 436 433
f 433 436 562
f 329 563 238
f 327 238 563
f 564 434 711
f 564 566 434
f 715 436 237
f 563 329 439
f 569 437 565
f 714 438 566
f 331 568 715
f 567 439 440
f 714 883 438
f 333 884 440
f 333 574 884
f 722 574 442
f 442 441 722
f 575 722 441
f 336 888 442
f 891 443 442
f 337 444 579
f 891 583 443
f 723 582 580
f 895 584 583
f 583 891 895
f 444 585 581
f 726 586 582
f 896 584 583
f 340 896 583
f 445 583 584
f 585 586 726
f 247 896 340
f 181 587 585
f 586 585 587
f 584 589 446
f 586 587 448
f 589 584 729
f 182 590 447
f 727 448 587
f 182 449 590
f 591 342 450
f 901 732 729
f 251 592 449
f 900 344 727
f 251 594 592
f 734 596 344
f 253 593 450
f 732 735 451
f 595 453 594
f 346 595 251
f 251 595 594
f 346 453 595
f 597 452 596
f 600 454 597
f 458 455 738
f 456 599 453
f 456 453 346
f 601 602 454
f 601 454 600
f 127 603 598
f 909 598 603
f 349 603 127
f 602 601 348
f 603 349 460
f 741 352 458
f 604 743 601
f 741 744 352
f 461 606 460
f 189 608 350
f 745 350 608
f 462 608 189
f 353 606 461
f 353 463 606
f 462 609 608
f 466 610 462
f 462 610 609
f 610 465 464
f 610 464 746
f 353 611 463
f 612 354 917
f 613 609 466
f 609 920 466
f 610 466 920
f 610 471 465
f 920 471 610
f 257 469 353
f 920 468 471
f 922 361 612
f 467 470 466
f 364 366 469
f 361 925 614
f 614 925 927
f 363 755 615
f 756 472 754
f 616 927 929
f 196 617 473
f 196 618 617
f 757 264 929
f 619 475 472
f 370 618 196
f 759 475 619
f 622 476 757
f 477 760 370
f 478 620 368
f 368 620 367
f 374 625 478
f 480 625 374
f 480 483 625
f 627 630 378
f 772 485 629
f 630 627 946
f 484 773 628
f 631 485 772
f 946 487 630
f 774 488 485
f 774 485 631
f 946 948 487
f 489 493 632
f 276 493 489
f 779 491 488
f 948 492 490
f 635 491 779
f 386 634 275
f 783 634 386
f 778 782 635
f 635 782 491
f 638 783 386
f 494 495 637
f 647 394 639
f 640 641 498
f 497 640 498
f 641 397 498
f 789 499 642
f 156 499 789
f 645 643 644
f 644 643 502
f 643 496 502
f 640 960 641
f 641 960 397
f 960 500 397
f 794 963 501
f 963 795 501
f 797 796 400
f 645 644 969
f 502 969 644
f 500 960 801
f 501 503 794
f 795 404 403
f 965 504 404
f 965 404 966
f 965 398 504
f 965 499 398
f 293 648 653
f 502 505 969
f 500 801 506
f 794 503 507
f 655 508 513
f 655 513 650
f 513 799 650
f 409 799 513
f 651 799 409
f 509 654 505
f 511 801 509
f 801 654 509
f 511 509 506
f 511 506 801
f 512 649 507
f 657 649 512
f 659 513 508
f 655 659 508
f 659 299 513
f 657 512 408
f 657 408 658
f 659 803 514
f 803 408 514
f 1163 658 408
f 1163 408 803
f 663 662 660
f 661 662 664
f 516 664 662
f 515 516 662
f 515 662 665
f 662 663 665
f 666 516 515
f 664 516 666
f 665 667 515
f 666 515 517
f 668 666 517
f 517 515 667
f 518 668 517
f 987 518 517
f 811 518 987
f 518 811 994
f 994 521 518
f 519 669 518
f 411 521 812
f 411 522 520
f 812 670 411
f 1001 412 670
f 1001 816 412
f 671 816 673
f 301 1007 524
f 675 1007 301
f 675 525 673
f 673 821 675
f 526 525 675
f 675 821 526
f 677 674 676
f 821 527 526
f 674 677 528
f 530 674 528
f 530 824 674
f 303 828 413
f 527 830 529
f 531 532 530
f 829 530 532
f 530 829 678
f 833 531 530
f 1014 833 530
f 306 1354 305
f 1355 414 830
f 830 832 1355
f 833 831 532
f 833 679 831
f 306 834 1354
f 1018 414 1355
f 1020 533 833
f 1018 680 414
f 1020 681 533
f 534 682 306
f 680 1018 415
f 535 833 533
f 1202 838 681
f 308 537 536
f 685 417 684
f 842 538 687
f 845 687 538
f 540 538 842
f 541 688 539
f 843 844 418
f 540 842 845
f 418 844 1032
f 542 689 845
f 419 690 541
f 540 542 543
f 691 690 419
f 542 694 543
f 544 852 691
f 852 851 691
f 545 851 852
f 421 697 545
f 695 698 852
f 855 314 698
f 424 546 547
f 424 425 546
f 859 548 314
f 314 855 859
f 552 550 548
f 548 859 552
f 425 551 701
f 318 863 426
f 554 864 863
f 554 863 318
f 1056 553 427
f 552 1057 555
f 428 864 554
f 867 551 704
f 556 704 553
f 553 704 551
f 866 553 1056
f 705 707 555
f 866 868 553
f 430 708 556
f 872 558 868
f 707 559 557
f 871 558 872
f 869 706 431
f 560 708 430
f 871 561 558
f 431 874 559
f 433 708 560
f 562 875 433
f 433 875 708
f 874 325 327
f 1066 711 710
f 879 435 561
f 713 712 436
f 436 712 562
f 879 437 435
f 563 880 327
f 437 879 565
f 436 715 713
f 714 566 711
f 711 566 564
f 567 563 439
f 565 1401 716
f 716 570 569
f 716 569 565
f 571 1075 331
f 331 1075 568
f 1077 718 716
f 717 883 572
f 574 719 884
f 573 721 331
f 331 721 571
f 1078 578 718
f 1246 575 720
f 722 719 574
f 722 575 1246
f 576 577 573
f 442 719 722
f 579 724 577
f 887 580 578
f 887 578 1078
f 891 442 722
f 890 724 579
f 444 890 579
f 890 580 887
f 723 724 890
f 890 444 581
f 581 723 890
f 723 580 890
f 893 336 583
f 724 723 581
f 584 893 583
f 891 894 895
f 585 725 581
f 581 725 724
f 726 582 723
f 585 1085 725
f 726 181 585
f 247 897 896
f 1086 584 895
f 587 181 726
f 588 897 247
f 1086 1088 584
f 181 447 585
f 897 588 591
f 1091 729 584
f 584 1088 1091
f 450 728 591
f 450 730 728
f 729 1091 901
f 592 733 449
f 731 344 900
f 593 730 450
f 592 594 733
f 731 734 344
f 736 733 594
f 453 736 594
f 737 597 596
f 737 596 734
f 253 905 593
f 599 739 453
f 453 739 736
f 598 905 253
f 740 458 738
f 597 912 601
f 737 912 597
f 597 601 600
f 458 740 1273
f 741 458 1273
f 913 601 912
f 460 914 603
f 911 456 742
f 742 456 457
f 350 742 457
f 913 604 601
f 350 745 742
f 745 743 913
f 743 604 913
f 745 747 743
f 745 746 747
f 747 605 743
f 748 607 744
f 608 749 745
f 746 605 747
f 748 917 607
f 1105 610 746
f 608 609 749
f 1105 609 610
f 918 612 917
f 1107 612 918
f 920 609 1105
f 353 469 611
f 466 750 613
f 924 468 920
f 925 361 922
f 470 750 466
f 754 468 924
f 366 751 469
f 470 615 753
f 615 755 753
f 473 617 618
f 474 758 755
f 930 619 472
f 930 472 756
f 370 760 618
f 759 619 930
f 935 622 757
f 762 474 367
f 478 762 367
f 620 478 367
f 761 621 759
f 761 759 763
f 761 623 621
f 938 377 622
f 940 377 938
f 764 762 478
f 625 763 478
f 763 481 623
f 763 623 761
f 940 624 377
f 943 764 625
f 943 762 764
f 763 625 764
f 940 479 765
f 378 626 624
f 483 766 625
f 625 766 943
f 764 629 481
f 764 481 763
f 482 765 479
f 628 766 483
f 764 767 768
f 768 629 764
f 765 482 770
f 628 769 766
f 767 629 768
f 486 770 482
f 773 771 628
f 628 771 769
f 772 629 767
f 770 486 380
f 632 776 773
f 772 779 774
f 774 631 772
f 1131 948 946
f 493 776 632
f 779 488 774
f 633 776 777
f 633 777 493
f 493 777 776
f 951 780 948
f 778 635 779
f 780 785 636
f 637 633 494
f 494 633 493
f 782 778 955
f 495 1146 637
f 784 783 638
f 785 394 636
f 495 786 1146
f 787 497 782
f 497 787 788
f 957 497 788
f 640 497 957
f 789 784 393
f 647 639 1148
f 643 790 496
f 790 495 496
f 393 156 789
f 791 790 643
f 793 791 792
f 792 791 643
f 792 643 645
f 404 795 963
f 642 499 965
f 789 642 958
f 793 792 969
f 645 969 792
f 800 966 404
f 646 400 796
f 648 646 796
f 649 794 507
f 657 794 649
f 510 799 651
f 510 1151 799
f 653 1159 652
f 967 653 648
f 1159 653 967
f 654 1160 505
f 654 801 802
f 970 975 655
f 1155 970 655
f 650 1155 655
f 510 656 652
f 652 1159 510
f 657 658 972
f 803 655 975
f 655 803 659
f 658 1163 974
f 805 660 662
f 805 662 804
f 662 661 804
f 807 981 804
f 806 807 804
f 806 804 664
f 661 664 804
f 807 806 664
f 664 666 807
f 808 665 982
f 982 665 663
f 667 665 808
f 809 1167 666
f 666 668 809
f 810 517 985
f 667 985 517
f 517 810 986
f 517 986 987
f 518 669 668
f 669 1175 668
f 519 520 993
f 521 520 812
f 520 521 993
f 993 521 997
f 521 994 998
f 997 521 998
f 522 812 520
f 997 998 812
f 813 815 1184
f 1001 670 812
f 814 815 817
f 817 815 1344
f 817 1344 819
f 523 412 818
f 820 673 816
f 1193 819 1344
f 1190 818 524
f 1193 672 819
f 673 820 821
f 674 822 672
f 1006 674 672
f 674 824 822
f 825 674 1006
f 526 1007 675
f 676 674 825
f 825 677 676
f 526 826 1007
f 1010 527 823
f 823 527 821
f 1350 677 825
f 413 826 526
f 827 824 829
f 530 829 824
f 527 1010 1013
f 678 829 530
f 677 1350 528
f 1350 530 528
f 1350 1012 530
f 303 1351 828
f 1013 830 527
f 532 831 829
f 1012 1014 530
f 305 1351 303
f 1351 305 1354
f 306 1021 834
f 835 679 535
f 535 679 833
f 681 1020 836
f 682 1021 306
f 683 415 1018
f 535 837 835
f 836 1202 681
f 1021 682 534
f 1204 684 683
f 1204 1022 684
f 840 839 535
f 1023 840 838
f 1024 685 684
f 684 1022 1024
f 687 840 1023
f 1209 687 1023
f 843 686 685
f 685 1024 843
f 845 841 840
f 687 845 840
f 847 846 689
f 847 845 846
f 689 542 845
f 542 847 689
f 1036 542 689
f 1034 690 691
f 1036 694 542
f 1034 691 851
f 543 848 542
f 849 852 692
f 693 850 543
f 543 850 848
f 849 1041 852
f 1042 853 693
f 693 853 850
f 697 851 545
f 1041 695 852
f 696 854 1042
f 1042 854 853
f 1039 1042 694
f 1041 698 695
f 546 854 696
f 1040 697 423
f 700 699 1042
f 698 1041 855
f 546 858 856
f 231 857 312
f 546 425 858
f 549 700 1046
f 855 1047 859
f 1046 860 549
f 165 426 231
f 857 231 426
f 858 701 1048
f 701 858 425
f 860 702 549
f 427 860 1052
f 702 860 427
f 1053 426 863
f 1053 861 859
f 861 552 859
f 703 862 551
f 551 862 701
f 427 1052 1227
f 861 1057 552
f 1227 1056 427
f 867 703 551
f 1060 865 864
f 1060 705 555
f 556 867 704
f 706 869 864
f 864 707 1060
f 869 707 864
f 705 1060 707
f 708 870 556
f 556 870 867
f 866 872 868
f 866 871 872
f 707 869 559
f 559 869 431
f 708 873 870
f 709 561 871
f 1061 874 431
f 708 1065 873
f 325 874 431
f 874 1061 1066
f 708 875 1065
f 709 1067 876
f 876 561 709
f 327 1066 874
f 710 874 1066
f 562 712 875
f 876 879 561
f 880 1066 327
f 877 711 1066
f 875 712 878
f 877 1239 711
f 713 878 712
f 879 1070 565
f 711 1239 714
f 1070 1238 565
f 1238 1401 565
f 567 882 563
f 1071 563 882
f 568 881 715
f 715 881 713
f 440 882 567
f 714 1072 883
f 882 440 884
f 1076 1077 716
f 1076 716 1073
f 883 1074 572
f 885 1078 718
f 885 718 1077
f 720 572 1246
f 577 886 573
f 573 886 721
f 442 888 719
f 724 886 577
f 889 890 887
f 1080 891 722
f 889 1252 890
f 724 892 886
f 891 1081 894
f 1083 723 890
f 584 896 893
f 894 1081 895
f 724 725 892
f 1083 726 723
f 895 1084 1086
f 585 1089 1085
f 1090 587 726
f 447 898 585
f 585 898 1089
f 591 728 897
f 447 590 898
f 899 727 587
f 449 902 590
f 900 727 899
f 590 902 903
f 733 902 449
f 904 731 900
f 1421 732 901
f 733 903 902
f 1421 1269 732
f 904 734 731
f 1094 593 905
f 1269 735 732
f 736 739 733
f 733 739 903
f 904 737 734
f 1269 738 735
f 1269 1426 738
f 907 737 904
f 598 906 905
f 738 1426 740
f 599 908 739
f 909 906 598
f 910 908 599
f 456 910 599
f 1099 912 737
f 1099 737 907
f 456 911 910
f 911 912 1099
f 909 603 914
f 1430 741 1273
f 911 913 912
f 742 1280 911
f 911 1280 910
f 911 1278 913
f 460 915 914
f 1276 744 741
f 741 1430 1276
f 913 1278 745
f 606 915 460
f 1103 746 745
f 1103 745 1278
f 1434 748 744
f 744 1276 1434
f 749 916 745
f 745 916 742
f 1103 1105 746
f 1434 917 748
f 613 919 609
f 469 921 611
f 922 612 1107
f 923 1108 613
f 750 923 613
f 924 920 1109
f 751 1112 469
f 926 923 750
f 1111 754 924
f 470 926 750
f 752 754 1111
f 925 1113 927
f 753 926 470
f 931 754 752
f 473 1823 366
f 927 1113 1114
f 755 926 753
f 931 756 754
f 1114 929 927
f 758 1117 755
f 755 1117 926
f 928 930 931
f 618 760 473
f 935 757 929
f 929 1114 935
f 930 756 931
f 474 933 758
f 762 937 474
f 474 937 933
f 934 763 759
f 934 759 930
f 477 936 760
f 938 622 935
f 762 939 937
f 938 941 940
f 934 478 763
f 943 762 942
f 943 942 762
f 1127 764 478
f 765 624 940
f 624 765 378
f 770 378 765
f 378 770 1456
f 766 944 943
f 767 764 1127
f 1456 627 378
f 1456 1125 627
f 773 944 766
f 1128 944 773
f 771 766 769
f 947 772 767
f 947 767 1129
f 945 946 627
f 776 1128 773
f 949 1128 776
f 771 773 766
f 775 1133 380
f 946 945 1131
f 953 779 772
f 953 772 947
f 950 949 776
f 634 781 775
f 1131 951 948
f 633 950 776
f 953 778 779
f 783 781 634
f 780 951 1135
f 637 954 633
f 633 954 950
f 952 778 953
f 785 780 1135
f 950 637 1141
f 637 950 954
f 956 955 952
f 955 778 952
f 1146 1141 637
f 956 788 787
f 956 787 782
f 956 782 955
f 783 784 781
f 394 785 1142
f 639 394 1142
f 784 1145 1305
f 789 1145 784
f 495 790 793
f 786 495 793
f 959 640 957
f 793 790 791
f 640 959 960
f 1310 1472 794
f 1472 961 794
f 794 962 963
f 961 962 794
f 796 797 1315
f 797 647 1148
f 797 1148 1315
f 960 798 801
f 657 1310 794
f 799 1155 650
f 963 800 404
f 965 1474 642
f 958 642 1474
f 968 648 796
f 968 967 648
f 964 801 798
f 960 964 798
f 964 802 801
f 971 1151 510
f 1160 969 505
f 1157 971 510
f 1158 1157 510
f 510 1159 1158
f 973 969 1160
f 1160 654 964
f 964 654 802
f 975 970 1161
f 658 974 972
f 803 975 976
f 974 1163 977
f 976 1163 803
f 979 804 981
f 804 663 660
f 805 804 660
f 804 979 982
f 982 663 804
f 981 807 983
f 981 983 979
f 983 807 1165
f 807 666 1165
f 979 808 982
f 808 979 984
f 667 808 984
f 666 1167 1165
f 985 667 984
f 668 1167 809
f 985 986 810
f 1167 668 1175
f 1174 811 987
f 987 988 1174
f 990 1175 669
f 1174 994 811
f 993 669 519
f 992 995 1179
f 992 996 995
f 1183 1179 815
f 815 1179 995
f 999 1184 815
f 996 999 815
f 995 996 815
f 812 1000 997
f 1186 812 998
f 522 1000 812
f 1186 1001 812
f 817 1002 814
f 1002 815 814
f 1002 1183 815
f 1187 1003 817
f 1003 1002 817
f 815 813 1344
f 1192 816 1186
f 1186 816 1001
f 819 1191 817
f 817 1191 1187
f 818 1190 523
f 819 1004 1191
f 816 1192 820
f 672 822 819
f 819 822 1004
f 524 1007 1190
f 823 821 820
f 1193 1006 672
f 1008 1005 822
f 1008 822 824
f 1347 1007 826
f 1194 1010 823
f 824 827 1008
f 1350 825 1009
f 413 1011 826
f 828 1011 413
f 829 1015 827
f 1011 828 1351
f 1013 832 830
f 679 1015 831
f 831 1015 829
f 1017 833 1014
f 832 1013 1355
f 1016 1015 679
f 1020 833 1017
f 835 1019 679
f 679 1019 1016
f 1017 1200 1020
f 1354 834 1021
f 1020 1202 836
f 1200 1202 1020
f 1018 1201 683
f 1358 838 1202
f 534 1203 1021
f 536 1203 534
f 683 1359 1204
f 535 1206 837
f 1203 536 537
f 535 839 1206
f 1023 838 1358
f 1022 1204 1024
f 840 1025 839
f 1361 1209 1023
f 539 1026 537
f 1207 537 1026
f 1027 1025 840
f 688 1026 539
f 845 1027 841
f 841 1027 840
f 1030 842 687
f 1030 687 1209
f 1026 688 1028
f 845 1029 1027
f 845 842 1030
f 541 1028 688
f 1031 844 843
f 1367 846 845
f 1030 1367 845
f 844 1031 1032
f 847 1033 845
f 845 1033 1029
f 689 846 1367
f 1368 1036 689
f 849 692 1032
f 1032 1217 849
f 542 1035 847
f 851 1037 1034
f 542 848 1035
f 1370 694 1036
f 1370 1039 694
f 1037 851 1038
f 1041 849 1217
f 697 1040 1038
f 697 1038 851
f 1220 1042 1039
f 546 1043 854
f 1046 700 1042
f 1223 855 1041
f 1045 1043 1044
f 856 1044 546
f 546 1044 1043
f 857 1224 312
f 423 312 1224
f 1045 1044 858
f 858 1044 856
f 858 1048 1045
f 1049 1052 1046
f 1052 860 1046
f 426 1050 857
f 1051 1224 859
f 857 859 1224
f 1050 859 857
f 1047 1051 859
f 1053 1050 426
f 859 1053 1051
f 1053 859 1050
f 1047 859 1051
f 1225 859 1047
f 701 1054 1048
f 1052 1049 1227
f 863 861 1053
f 1225 1053 859
f 701 862 1054
f 861 863 1057
f 1055 1057 863
f 864 1055 863
f 864 865 1055
f 1230 555 1057
f 867 1231 703
f 1059 866 1056
f 1059 1056 1591
f 1060 1058 865
f 1230 1060 555
f 1060 1230 1387
f 1064 871 866
f 1064 866 1059
f 1064 709 871
f 1063 1061 431
f 1060 1764 1061
f 1234 1067 709
f 1234 709 1064
f 874 1063 431
f 874 1066 1063
f 1066 1393 1063
f 1068 1393 1066
f 880 1068 1066
f 1239 877 1066
f 1066 1235 1239
f 875 878 1065
f 1067 879 876
f 1070 879 1067
f 563 1071 880
f 713 1069 878
f 1239 1072 714
f 713 881 1069
f 1074 883 1072
f 568 1243 881
f 1073 716 1401
f 568 1075 1243
f 1610 572 1074
f 1244 884 719
f 721 1247 571
f 571 1247 1075
f 1248 885 1077
f 572 1610 1246
f 886 1247 721
f 1248 1410 1078
f 1078 885 1248
f 1410 887 1078
f 888 1079 719
f 1249 719 1079
f 886 1250 1247
f 1410 889 887
f 1252 889 1410
f 336 893 888
f 1081 891 1080
f 1254 886 892
f 725 1082 892
f 1252 1083 890
f 1253 893 896
f 1084 895 1081
f 1085 1082 725
f 1260 726 1083
f 897 1088 896
f 1258 896 1088
f 1089 1087 1085
f 1260 1090 726
f 1793 1091 1088
f 590 1089 898
f 1090 899 587
f 1422 897 728
f 590 1092 1089
f 1424 900 899
f 1424 899 1090
f 1422 728 730
f 1421 901 1091
f 903 1092 590
f 593 1094 730
f 1093 904 900
f 1093 900 1424
f 1098 1266 903
f 1095 1098 903
f 739 1095 903
f 1265 904 1093
f 739 1098 1095
f 1268 907 904
f 1268 904 1265
f 906 1097 905
f 1096 905 1097
f 908 1098 739
f 1099 907 1268
f 909 1097 906
f 908 1100 1098
f 908 910 1100
f 1099 910 911
f 1429 910 1099
f 914 915 909
f 1101 911 910
f 1280 1277 910
f 1433 1278 911
f 1433 911 1101
f 606 1102 915
f 463 1102 606
f 916 1280 742
f 1281 917 1434
f 1282 1105 1103
f 611 1437 463
f 1281 918 917
f 1104 1280 749
f 749 1280 916
f 1647 1437 611
f 919 749 609
f 1109 920 1105
f 921 1106 611
f 1647 611 1106
f 613 1108 919
f 919 1108 749
f 469 1112 1106
f 469 1106 921
f 1111 924 1109
f 1441 925 922
f 926 1110 923
f 923 1110 1108
f 926 1116 1110
f 1111 928 752
f 928 931 752
f 751 366 1823
f 1117 1116 926
f 473 760 1823
f 1444 930 928
f 1290 930 1444
f 1115 760 932
f 933 1116 1117
f 1119 1116 933
f 758 933 1117
f 1118 934 930
f 1118 930 1290
f 760 1120 932
f 1448 1451 935
f 937 1119 933
f 1292 934 1118
f 936 1120 760
f 935 1451 938
f 1122 1119 937
f 1655 934 1292
f 1120 936 477
f 939 1122 937
f 940 1121 477
f 1659 941 938
f 762 1122 939
f 1123 1127 934
f 1127 478 934
f 940 941 1121
f 943 1124 762
f 762 1124 1122
f 1125 1456 941
f 941 1659 1125
f 943 944 1124
f 1123 1458 1127
f 1458 1126 1127
f 1126 1129 1127
f 1129 767 1127
f 1298 770 1130
f 1126 1463 1129
f 380 1130 770
f 944 1128 949
f 944 949 1132
f 1463 953 1129
f 1130 380 1133
f 945 1662 1131
f 949 1300 1132
f 953 947 1129
f 949 1463 1300
f 1463 1139 953
f 775 781 1133
f 781 1134 1133
f 1135 951 1131
f 1131 1462 1136
f 1131 1136 1135
f 950 1463 949
f 950 1137 1463
f 1139 952 953
f 1130 1134 781
f 1140 785 1135
f 1135 1142 1140
f 1139 956 952
f 1140 1142 785
f 1138 788 956
f 1138 956 1139
f 784 1143 781
f 1305 781 1143
f 1144 957 788
f 1144 788 1138
f 1305 1143 784
f 639 1142 1148
f 1144 1138 957
f 789 1147 1145
f 1843 1148 1467
f 1146 786 1308
f 1147 789 958
f 786 793 1311
f 959 957 1312
f 1312 960 959
f 1475 1315 1148
f 1475 1148 1843
f 969 1149 793
f 793 1149 1311
f 1312 964 960
f 1150 1310 657
f 1155 799 1151
f 963 962 800
f 1474 965 1152
f 967 968 796
f 796 1315 967
f 969 1153 1149
f 1154 964 1312
f 1150 657 1846
f 1150 1484 970
f 1155 1150 970
f 1316 1480 1151
f 1157 1151 971
f 1157 1316 1151
f 965 966 800
f 800 1152 965
f 973 1153 969
f 1160 964 1154
f 1846 657 1156
f 972 1156 657
f 1684 1160 1154
f 1484 1161 970
f 972 1321 1486
f 972 974 1321
f 1162 975 1161
f 1162 976 975
f 974 1161 1321
f 974 1162 1161
f 1162 1163 976
f 974 977 1162
f 1163 1162 977
f 978 1164 980
f 980 1164 978
f 980 1164 1498
f 1503 1497 980
f 1503 980 983
f 980 1498 983
f 983 1498 1326
f 1503 983 1165
f 979 983 1326
f 1167 1166 1165
f 1168 986 985
f 1170 987 986
f 1175 1171 1167
f 1169 1167 1171
f 1173 1172 988
f 1173 988 987
f 1170 1173 987
f 1174 1172 1173
f 1178 991 989
f 1176 1175 990
f 1169 1171 1175
f 1176 1177 1175
f 1172 1174 988
f 1178 989 991
f 1178 991 992
f 1522 992 991
f 669 1176 990
f 1177 1176 669
f 1334 994 1174
f 992 1522 996
f 1180 669 993
f 1521 998 1334
f 1334 998 994
f 1181 1180 997
f 1180 993 997
f 1182 1181 997
f 996 1184 999
f 1182 997 1000
f 1521 1186 998
f 1184 996 1185
f 1185 813 1184
f 1183 1002 1187
f 1189 813 1185
f 523 1530 522
f 1187 1002 1003
f 1189 1344 813
f 1191 1188 1187
f 1339 1344 1189
f 1530 523 1190
f 1007 1342 1190
f 1340 1190 1342
f 1005 1004 822
f 1194 823 820
f 820 1192 1194
f 1009 825 1193
f 825 1006 1193
f 1007 1347 1342
f 1345 1004 1008
f 1005 1008 1004
f 1349 1010 1194
f 1008 827 1195
f 1196 1012 1350
f 1010 1349 1013
f 1196 1014 1012
f 1016 1197 827
f 1015 1016 827
f 1198 1199 1196
f 1199 1014 1196
f 1198 1014 1199
f 1013 1552 1355
f 1198 1017 1014
f 1201 1018 1355
f 1200 1017 1198
f 1359 683 1201
f 1357 1021 1203
f 1206 1205 837
f 837 1205 1561
f 1562 1023 1358
f 537 1207 1203
f 1361 1023 1562
f 1211 1024 1204
f 1025 1206 839
f 1208 1209 1361
f 1025 1363 1206
f 1211 843 1024
f 1025 1027 1363
f 1209 1739 1030
f 1208 1739 1209
f 1210 1026 1028
f 541 1212 1028
f 1213 1031 843
f 1367 1030 1739
f 1214 1212 541
f 1213 1032 1031
f 1365 1032 1213
f 1033 1215 1029
f 1566 689 1367
f 690 1034 541
f 1214 541 1034
f 1365 1217 1032
f 1741 1368 689
f 1741 689 1566
f 847 1035 1033
f 1216 1034 1037
f 1370 1036 1368
f 1037 1041 1570
f 1217 1570 1041
f 1372 1039 1370
f 1040 1037 1038
f 1570 1217 1218
f 854 1219 853
f 853 1219 850
f 1220 1039 1372
f 1040 1575 1037
f 1575 1041 1037
f 1041 1575 1218
f 1043 1219 854
f 423 1575 1040
f 1043 1579 1219
f 1221 1582 1220
f 1220 1046 1042
f 1218 1223 1041
f 1218 1577 1223
f 1045 1579 1043
f 1582 1222 1220
f 1222 1046 1220
f 423 1224 1223
f 1223 1224 855
f 1223 1577 1224
f 1582 1046 1222
f 855 1224 1047
f 1582 1049 1046
f 1051 1053 1224
f 1225 1047 1224
f 1054 1226 1048
f 1055 865 1053
f 1380 1053 1225
f 862 1226 1054
f 1382 1056 1227
f 1380 1055 1053
f 703 1226 862
f 1229 1591 1056
f 1229 1056 1382
f 1384 1057 1055
f 1055 1380 1384
f 1231 1228 703
f 703 1228 1226
f 1383 865 1058
f 1384 1230 1057
f 1060 1388 1058
f 870 1231 867
f 1064 1059 1591
f 1061 1388 1060
f 870 1062 1231
f 1388 1061 1595
f 1764 1060 1387
f 1392 1064 1390
f 1063 1595 1061
f 873 1062 870
f 1232 1234 1064
f 1232 1064 1392
f 1394 1061 1764
f 1065 1233 873
f 873 1233 1062
f 1394 1066 1061
f 1394 1235 1066
f 878 1236 1065
f 1397 1070 1067
f 1397 1067 1234
f 1235 1394 1239
f 1069 1237 878
f 878 1237 1236
f 1238 1070 1397
f 1071 1604 880
f 1398 880 1604
f 881 1240 1237
f 1069 881 1237
f 1604 1071 882
f 1241 1240 1243
f 881 1243 1240
f 1073 1401 1242
f 1402 1074 1072
f 1242 1076 1073
f 884 1244 882
f 1241 1243 1075
f 1243 1076 1075
f 1075 1076 1243
f 1242 1243 1076
f 1074 1402 1610
f 1247 1241 1075
f 719 1245 1244
f 1076 1406 1248
f 1076 1248 1077
f 1249 1245 719
f 1080 722 1246
f 1409 1410 1248
f 888 1251 1079
f 1080 1613 893
f 1254 1250 886
f 893 1251 888
f 893 1081 1080
f 1258 1081 893
f 1250 1254 1255
f 1082 1254 892
f 1256 1083 1252
f 1256 1252 1790
f 896 1258 1253
f 1258 1084 1081
f 1085 1255 1082
f 1082 1255 1254
f 1257 1260 1083
f 1257 1083 1256
f 1085 1087 1255
f 1417 1086 1084
f 1619 1260 1257
f 1258 1088 1417
f 1086 1417 1088
f 1260 1420 1090
f 1619 1420 1260
f 897 1793 1088
f 1420 1424 1090
f 1421 1091 1793
f 1261 1089 1264
f 1092 1264 1089
f 1094 1262 730
f 1266 1264 1092
f 903 1266 1092
f 1265 1093 1424
f 1263 1269 1421
f 1264 1266 1270
f 1267 1268 1265
f 905 1096 1094
f 1098 1270 1266
f 1098 1271 1270
f 1267 1803 1268
f 1426 1801 740
f 1268 1803 1099
f 909 1272 1097
f 740 1801 1427
f 1100 1632 1098
f 1098 1632 1271
f 1633 1429 1099
f 1633 1099 1803
f 1427 1273 740
f 915 1274 909
f 1273 1427 1430
f 910 1275 1100
f 1101 910 1429
f 1277 1275 910
f 1641 1276 1430
f 1276 1641 1643
f 1280 1436 1277
f 463 1642 1102
f 1643 1434 1276
f 1438 1277 1436
f 1104 1279 1280
f 1279 1103 1278
f 1437 1642 463
f 1279 1282 1103
f 1104 1282 1279
f 1104 1648 1282
f 1439 1107 918
f 1108 1283 749
f 749 1283 1104
f 1648 1109 1105
f 1648 1105 1282
f 922 1107 1439
f 1441 922 1439
f 1440 1109 1648
f 1110 1283 1108
f 1440 1111 1109
f 1113 925 1441
f 1284 1111 1440
f 751 1285 1112
f 1651 1112 1285
f 1443 1283 1286
f 1286 1283 1110
f 1287 1111 1284
f 1116 1286 1110
f 1287 928 1111
f 1285 751 1823
f 1445 1114 1113
f 1116 1288 1286
f 1444 928 1287
f 760 1115 1823
f 1289 1290 1444
f 1448 935 1114
f 1289 1118 1290
f 1119 1291 1116
f 1289 1655 1292
f 1292 1118 1289
f 1120 1293 932
f 1454 934 1655
f 477 1294 1120
f 1293 1120 1294
f 1122 1124 1119
f 1121 1294 477
f 934 1457 1123
f 1454 1457 934
f 1294 1121 941
f 1295 1125 1659
f 944 1296 1124
f 770 1298 1456
f 944 1297 1296
f 945 627 1125
f 1125 1295 945
f 1299 1126 1458
f 1126 1299 1463
f 1132 1297 944
f 1300 1463 1299
f 1462 1131 1662
f 1299 1132 1300
f 1463 1461 1132
f 1463 1137 1461
f 1134 1130 1133
f 1462 1135 1136
f 1667 1464 1135
f 1301 1667 1135
f 1462 1301 1135
f 1463 1138 1139
f 781 1303 1302
f 1130 781 1302
f 1464 1142 1135
f 1141 1669 950
f 950 1669 1137
f 1466 1138 1463
f 781 1305 1303
f 1146 1304 1141
f 1671 1138 1466
f 1306 1148 1142
f 1467 1148 1306
f 1308 1304 1146
f 1138 1675 1309
f 1138 1671 1675
f 1311 1308 786
f 1138 1309 957
f 1147 1468 1145
f 1145 1468 1307
f 1676 1312 957
f 1310 1150 1471
f 1151 1480 1479
f 961 1473 962
f 962 1477 800
f 2055 967 1315
f 1149 1153 1311
f 1479 1150 1155
f 1155 1151 1479
f 1314 1152 800
f 1680 1159 967
f 1680 967 2055
f 1684 1154 1312
f 1846 1317 1150
f 1317 1484 1150
f 1481 1158 1159
f 1481 1157 1158
f 1318 1153 973
f 973 1160 1684
f 1486 1156 972
f 1321 1161 1484
f 1484 1486 1321
f 1320 974 1321
f 974 1320 1321
f 1320 1486 1321
f 1322 1324 1496
f 1500 1324 1322
f 1322 1323 1500
f 1497 1494 1164
f 1164 1494 1495
f 1497 1164 980
f 1495 1325 1164
f 1164 1325 1498
f 1326 1329 979
f 1327 1329 1326
f 1167 1508 1166
f 1508 1165 1166
f 1508 1328 1165
f 1329 984 979
f 1330 1506 1705
f 1329 985 984
f 1329 1168 985
f 1332 1508 1167
f 1167 1169 1332
f 1331 1170 986
f 1168 1331 986
f 1333 1330 1178
f 1330 1513 1178
f 991 1178 1513
f 1331 1173 1170
f 1517 1174 1173
f 1331 1517 1173
f 1177 1169 1175
f 1333 1178 1519
f 992 1519 1178
f 669 1181 1177
f 992 1179 1519
f 1180 1181 669
f 1183 1336 1179
f 1179 1336 1335
f 996 1522 1526
f 1000 1186 1521
f 1337 1186 1000
f 1187 1335 1336
f 1338 1335 1187
f 1183 1187 1336
f 1526 1185 996
f 1528 1189 1185
f 1528 1185 1526
f 1188 1338 1187
f 1189 1528 1339
f 1533 1192 1186
f 1190 1340 1530
f 1004 1341 1191
f 1537 1344 1339
f 1533 1535 1192
f 1343 1191 1341
f 1345 1191 1343
f 1004 1343 1341
f 1540 1194 1192
f 1192 1535 1540
f 1345 1343 1004
f 1344 1009 1193
f 1538 1342 1347
f 1344 1539 1346
f 1346 1009 1344
f 1194 1540 1349
f 1008 1195 1345
f 826 1348 1347
f 1723 1350 1009
f 1723 1009 1346
f 1011 1348 826
f 827 1550 1195
f 2148 1013 1349
f 1349 1543 2148
f 1353 1197 1550
f 1197 1550 827
f 1550 1198 1350
f 1198 1196 1350
f 1548 1011 1351
f 2148 1552 1013
f 1198 1197 1353
f 1550 1197 1198
f 1016 1352 1197
f 1353 1200 1198
f 1556 1200 1353
f 1555 1201 1355
f 1019 1356 1016
f 1556 1202 1200
f 1021 1357 1354
f 1554 1354 1357
f 1019 835 1356
f 1556 1358 1202
f 1201 1555 1359
f 1203 1558 1357
f 837 1561 835
f 1211 1204 1359
f 1558 1203 1207
f 1206 1561 1205
f 1363 1360 1206
f 1206 1360 1561
f 1026 1210 1207
f 1362 1207 1210
f 1925 1208 1361
f 1925 1739 1208
f 1028 843 1210
f 1211 1564 843
f 1027 1029 1363
f 843 1028 1213
f 1213 1028 1365
f 1564 1365 1028
f 1214 1028 1212
f 1214 1034 1028
f 1215 1366 1029
f 1029 1366 1364
f 1033 1035 1215
f 1037 1570 1216
f 1571 1370 1368
f 850 1369 848
f 848 1369 1035
f 1940 1217 1745
f 1219 1369 850
f 1574 1372 1370
f 2181 1218 1940
f 1940 1218 1217
f 1371 1369 1219
f 1579 1373 1219
f 1219 1373 1371
f 1372 1221 1220
f 1576 1575 423
f 1218 2181 1577
f 1576 423 1374
f 1223 1374 423
f 1223 1224 1374
f 1224 1581 1374
f 1375 1224 1577
f 1048 1377 1045
f 1045 1377 1579
f 1376 1582 1221
f 1375 1752 1224
f 1048 1378 1377
f 1053 1581 1224
f 1587 1225 1224
f 1224 1752 1587
f 1379 1378 1226
f 1226 1378 1048
f 1382 1227 1049
f 865 1756 1053
f 1225 1587 1380
f 1226 1381 1379
f 1756 865 1383
f 1226 1228 1381
f 1231 1385 1228
f 1386 1591 1229
f 1386 1229 1382
f 1590 1383 1058
f 1760 1230 1384
f 1389 1385 1231
f 1760 1387 1230
f 1594 1385 1389
f 1390 1064 1591
f 1062 1389 1231
f 1762 1764 1387
f 1062 1391 1389
f 1596 1392 1390
f 1062 1598 1391
f 1392 1596 1234
f 1063 1393 1595
f 1233 1395 1062
f 1062 1395 1598
f 1234 1232 1392
f 1065 1395 1233
f 1769 1393 1068
f 1236 1395 1065
f 1600 1397 1234
f 1600 1234 1967
f 880 1398 1068
f 1601 1239 1394
f 1394 1597 1601
f 1396 1395 1236
f 1603 1238 1397
f 1239 1601 2218
f 1240 1236 1237
f 1400 1401 1603
f 1401 1238 1603
f 1773 1072 2218
f 2218 1072 1239
f 1240 1399 1236
f 1400 1243 1401
f 882 1606 1604
f 1241 1399 1240
f 1400 1975 1243
f 1243 1242 1401
f 1072 1773 1402
f 1975 1607 1243
f 1244 1403 882
f 1606 882 1403
f 1608 1076 1243
f 1608 1243 1607
f 1612 1406 1076
f 1612 1076 1608
f 1403 1244 1245
f 1247 1404 1241
f 1249 1407 1245
f 1246 1610 1408
f 1247 1405 1404
f 1409 1248 1406
f 1408 1080 1246
f 1079 1251 1249
f 1407 1249 1251
f 1408 1613 1080
f 1616 1412 1247
f 1250 1616 1247
f 1410 1409 1413
f 1250 1413 1616
f 1413 1252 1410
f 1251 893 1414
f 1613 1414 893
f 1250 1411 1412
f 1413 1412 1616
f 1412 1413 1250
f 1790 1252 1413
f 1253 1258 893
f 1414 1084 1258
f 1790 1257 1256
f 1084 1414 1416
f 1087 1259 1255
f 1619 1257 1790
f 1417 1791 1258
f 1416 1417 1084
f 897 1418 1793
f 1418 1417 1793
f 1621 1793 1417
f 1087 1423 1419
f 1261 1423 1089
f 1089 1423 1087
f 1422 1418 897
f 1625 1424 1420
f 1423 1261 1264
f 1425 1424 1625
f 1422 730 1262
f 1998 1263 1421
f 1421 1626 1998
f 1425 1265 1424
f 1799 1269 1998
f 1998 1269 1263
f 1425 1267 1265
f 1629 1267 1425
f 1094 1096 1097
f 1269 1799 1426
f 1629 1803 1267
f 909 1635 1272
f 1632 1100 1428
f 1274 1635 909
f 1431 1428 1100
f 1275 1431 1100
f 1635 1274 915
f 1634 1431 1432
f 1277 1432 1275
f 1275 1432 1431
f 1433 1101 1429
f 1102 1642 915
f 1433 1279 1278
f 1643 1811 1434
f 1438 1435 1277
f 1433 1436 1280
f 1812 1436 1433
f 1433 1280 1279
f 1811 1281 1434
f 2013 1104 1436
f 1439 918 1811
f 1811 918 1281
f 1104 1438 1436
f 2013 1648 1104
f 1104 1283 1438
f 1112 1647 1106
f 1443 1442 1283
f 1442 1284 1440
f 1442 1443 1287
f 1442 1287 1284
f 1287 1443 1444
f 1113 1652 1653
f 1286 1288 1443
f 1653 1445 1113
f 1445 1653 1114
f 1116 1446 1288
f 1444 1447 1289
f 1291 1449 1116
f 1116 1449 1446
f 1827 1289 1447
f 932 1450 1115
f 1827 1655 1289
f 1293 1450 932
f 2288 1454 1655
f 1293 1294 1452
f 938 1294 1659
f 1294 938 1452
f 1124 1453 1119
f 938 1657 1455
f 1659 1294 1455
f 1657 1659 1455
f 1456 1294 941
f 1124 1296 1661
f 1457 1458 1123
f 1298 1459 1456
f 1660 945 1295
f 1299 1458 1664
f 1130 1460 1298
f 1459 1298 1460
f 1660 1662 945
f 1130 1833 1460
f 1665 1462 1662
f 1834 1462 1665
f 1463 1132 1666
f 1132 1299 1666
f 1833 1130 1302
f 1667 1301 1462
f 1462 1834 1667
f 1669 1141 1304
f 1305 1465 1303
f 1465 1145 1307
f 1305 1145 1465
f 1464 1467 1306
f 1142 1464 1306
f 1308 1675 1304
f 1675 1308 1469
f 1309 1675 957
f 1844 1475 1843
f 1311 1469 1308
f 957 1675 1470
f 1470 1676 957
f 1310 1471 1472
f 1474 2050 958
f 958 2050 1147
f 1469 1311 1675
f 1472 1476 961
f 961 1476 1473
f 1473 1477 962
f 1314 800 1477
f 1315 1475 2055
f 1675 1153 2051
f 1675 1311 1153
f 1483 1312 1676
f 1313 1150 1846
f 1682 1150 1479
f 1682 1681 1150
f 1314 1477 1152
f 1152 1849 1474
f 1152 1477 1849
f 1318 2051 1153
f 1684 1312 1483
f 1156 1478 1846
f 1317 1846 1150
f 1317 1150 1681
f 2061 1316 1157
f 1481 1159 1680
f 1482 2051 1318
f 1483 1482 1318
f 1684 1318 973
f 1684 1319 1318
f 1681 1484 1317
f 1485 1483 1318
f 1684 1318 1319
f 1684 1485 1318
f 1486 2333 1156
f 1686 1486 1484
f 1487 1486 1320
f 1686 1321 1486
f 1487 1321 1686
f 1487 1685 1486
f 1321 1487 1320
f 2091 1491 1490
f 1494 1491 1495
f 1493 1323 1322
f 1697 1496 1492
f 1324 1697 1492
f 1324 1492 1496
f 1500 1323 1493
f 1497 1503 1502
f 1495 1498 1325
f 1501 1697 1324
f 1501 1324 1500
f 1505 1326 1498
f 1504 1503 1165
f 1505 1327 1326
f 1511 1507 1506
f 1701 2106 1506
f 1501 1701 1506
f 1328 1504 1165
f 1330 1511 1506
f 2106 1705 1506
f 1514 1509 1508
f 1510 1331 1168
f 1513 1330 1705
f 1706 1513 1705
f 1332 1514 1508
f 1169 1514 1332
f 1333 1511 1330
f 1333 1512 1511
f 1522 991 1892
f 991 1513 1892
f 1177 1514 1169
f 1515 1514 1177
f 1181 1518 1177
f 1516 1177 1518
f 2122 1334 1174
f 1181 1182 1518
f 2122 1521 1334
f 2122 2405 1521
f 1335 1519 1179
f 1521 2405 1000
f 1338 1524 1519
f 1335 1338 1519
f 1715 1526 1522
f 1182 1000 1523
f 1338 1525 1524
f 522 1529 1000
f 1529 1337 1000
f 1715 1528 1526
f 1530 1529 522
f 1527 1186 1337
f 1719 1339 1528
f 1188 1531 1338
f 1191 1534 1188
f 1188 1534 1531
f 1537 1339 1532
f 1342 1538 1340
f 1345 1536 1191
f 1191 1536 1534
f 1535 1533 1540
f 1537 1539 1344
f 1347 1542 1538
f 1345 1541 1536
f 1345 1195 1541
f 1542 1347 1348
f 1011 1548 1348
f 1550 1545 1195
f 1195 1545 1544
f 1546 1723 1547
f 1546 1350 1723
f 1197 1545 1550
f 1547 1550 1546
f 1546 1550 1350
f 1351 1551 1548
f 1197 1549 1545
f 1726 1551 1351
f 1354 1554 1351
f 1726 1351 1554
f 1728 1355 1552
f 1016 1727 1352
f 1352 1727 1197
f 1728 1555 1355
f 1356 1553 1016
f 1016 1553 1727
f 1356 835 1553
f 1729 835 1732
f 1920 1358 1556
f 1557 1359 1555
f 1561 1920 835
f 835 1920 1732
f 1562 1358 1920
f 1559 1359 1557
f 1920 1561 1562
f 1207 1362 1558
f 1359 1736 1211
f 1559 1736 1359
f 1360 1560 1561
f 1561 1560 1732
f 1562 1734 1361
f 1561 1734 1562
f 1736 1210 1211
f 1734 1925 1361
f 843 1563 1210
f 1563 1211 1210
f 1211 1563 1564
f 1210 1736 1738
f 843 1564 1563
f 1738 1365 1564
f 1029 1364 1363
f 1565 1564 1028
f 1566 1367 1739
f 1034 1565 1028
f 1565 1034 1216
f 1567 1217 1365
f 1035 1568 1215
f 1567 1933 1217
f 1035 1569 1568
f 1571 1368 1741
f 1937 1217 1933
f 1937 1745 1217
f 1572 1569 1369
f 1369 1569 1035
f 1573 1574 1370
f 1573 1370 1571
f 1369 1371 1572
f 1373 1750 1371
f 1947 1221 1372
f 1947 1372 1574
f 1579 1750 1373
f 1579 1578 1750
f 1580 1376 1221
f 1752 1375 1577
f 1577 1948 1752
f 1583 1578 1579
f 1377 1583 1579
f 1582 1376 1580
f 1378 1583 1377
f 1584 1585 1582
f 1585 1586 1582
f 1586 1049 1582
f 1379 1583 1378
f 1585 1049 1586
f 1585 1753 1049
f 1581 1053 1756
f 1049 1955 1382
f 1753 1955 1049
f 1587 1754 1380
f 1757 1382 1955
f 1588 1382 1757
f 1760 1384 1380
f 1380 1956 1760
f 1385 1589 1381
f 1385 1381 1228
f 1761 1386 1382
f 1761 1382 1588
f 1592 1591 1761
f 1591 1386 1761
f 1388 1590 1058
f 1762 1387 1760
f 1385 1594 1589
f 1592 1390 1591
f 1592 1596 1390
f 1593 1388 1595
f 1389 1391 1594
f 1960 1596 1592
f 1393 1769 1595
f 1767 1394 1764
f 1967 1234 1596
f 1767 1597 1394
f 1395 1396 1598
f 1598 1396 1599
f 1396 1600 1967
f 1236 1602 1396
f 1396 1602 1599
f 1396 1603 1600
f 1396 1972 1603
f 1603 1397 1600
f 1399 1772 1236
f 1972 1400 1603
f 1241 1605 1399
f 1775 1402 1773
f 1611 1605 1241
f 1609 1610 1402
f 1609 1402 1775
f 1404 1405 1241
f 1241 1405 1611
f 1609 1403 1245
f 1783 1245 1407
f 1785 1611 1405
f 1247 1785 1405
f 1612 1409 1406
f 1610 1613 1408
f 1615 1611 1785
f 1412 1615 1247
f 1614 1247 1615
f 1247 1614 1785
f 1615 1409 1612
f 1413 1409 1615
f 1412 1411 1615
f 1615 1616 1413
f 1986 1414 1613
f 2239 1413 1616
f 1415 1414 1258
f 1415 1985 1414
f 1255 1617 1250
f 1788 1790 1413
f 1788 1413 2239
f 1258 1791 1415
f 1618 1416 1414
f 1990 1417 1618
f 1618 1417 1416
f 1087 1620 1259
f 1259 1620 1255
f 1990 1621 1417
f 1622 1420 1619
f 1419 1624 1087
f 1087 1624 1620
f 1623 1625 1420
f 1623 1420 1622
f 1626 1421 1793
f 1423 1624 1419
f 1423 1627 1624
f 1625 1796 1425
f 1629 1425 1796
f 1264 1628 1423
f 1270 1628 1264
f 1097 1630 1094
f 1800 1094 1630
f 1801 1426 1799
f 1270 1271 1628
f 1631 1427 1801
f 1271 1632 1802
f 1635 1097 1272
f 1428 1634 1632
f 1637 1429 1633
f 1806 1430 1427
f 1427 1631 1806
f 1431 1634 1428
f 1638 1637 1636
f 1433 1429 1637
f 915 1639 1635
f 1806 1641 1430
f 1637 1638 1807
f 1807 1812 1433
f 1807 1433 1637
f 1640 1639 915
f 1640 915 1642
f 1277 1644 1432
f 1277 1435 1644
f 1437 1813 1642
f 2013 1436 1812
f 2268 1439 1811
f 1813 1437 1647
f 2268 1814 1439
f 1646 1648 2013
f 1815 1441 1439
f 1439 1814 1815
f 1283 1442 1438
f 1112 1649 1647
f 1443 1816 1442
f 1648 1646 1442
f 1648 1442 1440
f 1651 1649 1112
f 1441 1815 1113
f 1443 1650 1816
f 1646 1443 1442
f 1822 1443 1646
f 1443 1821 1650
f 1443 1822 1444
f 1443 1288 1821
f 1447 1444 1822
f 1115 1654 1823
f 1448 1114 1653
f 1115 2021 1654
f 1450 2021 1115
f 1826 1451 1448
f 2021 1450 1293
f 938 1656 1452
f 1657 938 1451
f 1451 1826 1657
f 1453 1829 1119
f 1119 1829 1291
f 1455 1656 938
f 2290 1457 1454
f 2290 1454 2288
f 1294 1656 1455
f 1294 1658 1656
f 1661 1453 1124
f 1456 1658 1294
f 1296 1297 1661
f 1831 1458 1457
f 1297 1831 1661
f 1831 1664 1458
f 1132 1831 1297
f 1132 1663 1831
f 1831 1299 1664
f 1834 1665 1662
f 1666 1299 1831
f 1137 1132 1461
f 1137 2298 1132
f 1840 1833 1302
f 2036 1466 1463
f 2036 1463 1666
f 1840 1302 1303
f 1304 2036 1669
f 1304 1466 2036
f 1465 1840 1303
f 1843 1464 1668
f 1669 1670 1304
f 1466 1304 1670
f 1671 1466 1670
f 1307 1840 1465
f 1843 1467 1464
f 1675 1842 1304
f 1304 1842 1669
f 2050 1673 1147
f 1147 1673 1468
f 1475 1844 2055
f 2064 1675 2051
f 1674 1675 2064
f 1675 2310 2051
f 1676 1470 1675
f 1313 1678 1150
f 1150 1678 1471
f 1471 1476 1472
f 1678 1476 1471
f 1473 1679 1477
f 2054 2050 1474
f 2051 1483 1675
f 1676 1675 1483
f 2057 1846 1478
f 1313 1846 1677
f 2058 1479 1480
f 1679 1683 1477
f 1683 1849 1477
f 1849 2054 1474
f 2060 1481 1851
f 1851 1481 1680
f 1482 2064 2051
f 2331 2061 1157
f 2062 2331 1157
f 2063 1157 1481
f 2063 2062 1157
f 2063 1481 2060
f 1483 1485 1684
f 1486 1685 2333
f 2066 1484 1681
f 2066 1686 1484
f 1685 1487 1686
f 1857 1687 1854
f 1688 1687 1857
f 1689 1489 1690
f 1489 1488 1690
f 1690 1488 1692
f 1488 1489 1692
f 2086 1862 2091
f 2086 1490 1691
f 2091 1490 2086
f 1695 1692 1693
f 2090 1491 2091
f 1866 1491 2090
f 1496 1693 1322
f 1491 1694 1490
f 1866 1495 1491
f 1695 1693 1496
f 1494 1497 1491
f 1870 1695 1496
f 1697 1870 1496
f 1696 1498 1495
f 1698 1497 1502
f 1501 1870 1697
f 1499 1501 1500
f 1699 1503 1504
f 1699 1502 1503
f 1877 1505 1498
f 1507 1511 1506
f 1511 1501 1506
f 1501 2106 1701
f 1328 1879 1504
f 1879 1699 1504
f 1505 1700 1327
f 1700 1702 1327
f 1703 1508 1509
f 1703 1328 1508
f 1702 1329 1327
f 1329 1702 1168
f 1884 1510 1168
f 1702 1884 1168
f 1703 1509 1514
f 1704 1511 1512
f 1514 1515 1707
f 1888 1517 1331
f 1510 1888 1331
f 1513 1706 2117
f 1515 1177 1707
f 1519 1512 1333
f 1892 1513 2117
f 1516 1707 1177
f 1709 1708 1174
f 1709 1174 1517
f 1710 1708 1709
f 1519 1711 1512
f 1708 2122 1174
f 1708 1710 2122
f 1519 1712 1711
f 1520 1522 1892
f 1182 1900 1518
f 1519 1524 1712
f 1713 1520 1714
f 1713 1522 1520
f 1523 1900 1182
f 1714 1715 1713
f 1713 1715 1522
f 1000 1900 1523
f 1000 1716 1900
f 1717 1337 1000
f 1000 1337 1716
f 1717 1716 1337
f 1529 1527 1337
f 2131 1719 1528
f 1530 1527 1529
f 1533 1530 1717
f 1186 1530 1533
f 1530 1186 1527
f 1717 2417 1533
f 1531 1718 1338
f 1338 1718 1525
f 1340 1907 1530
f 2417 2133 1533
f 1534 1718 1531
f 1906 1532 1339
f 1906 1339 1719
f 2135 1533 2133
f 1906 1537 1532
f 1538 1721 1340
f 1907 1340 1721
f 1536 1720 1534
f 1909 1537 1906
f 2138 1540 1533
f 1533 2135 2138
f 1539 1537 1909
f 1721 1538 1542
f 2139 1346 1539
f 1543 1349 1540
f 1540 2138 1543
f 1195 1724 1541
f 1541 1724 1536
f 1723 1346 2139
f 1544 1724 1195
f 1545 1724 1544
f 1725 1547 1723
f 1543 2144 2148
f 1545 1549 1724
f 1725 1550 1547
f 1551 1726 1548
f 1912 1548 1726
f 2149 1552 2148
f 2439 1353 1550
f 2439 1550 1725
f 2149 2151 1552
f 1197 1727 1549
f 1552 2151 1728
f 1914 1353 2439
f 1357 1915 1554
f 2154 1555 1728
f 835 1729 1553
f 1730 1556 1353
f 1920 1556 1730
f 1357 1557 1915
f 1558 1557 1357
f 1557 1558 1559
f 1915 1557 1922
f 1732 1560 1729
f 1732 1731 2453
f 2453 1561 1732
f 1362 1733 1558
f 1733 1922 1558
f 1559 1558 1736
f 1922 1736 1558
f 2453 1734 1561
f 2161 1736 1922
f 1210 1733 1362
f 1210 1735 1733
f 1738 1735 1210
f 1736 2163 1738
f 1364 1737 1363
f 1363 1737 1360
f 1927 1365 1738
f 1738 2163 1927
f 1565 1738 1564
f 1366 1934 1364
f 1929 1566 1739
f 1927 1931 1365
f 1929 1741 1566
f 1930 1565 1216
f 1933 1567 1365
f 1365 1931 1933
f 1568 1740 1215
f 1215 1740 1366
f 1569 1740 1568
f 1742 1743 1741
f 1743 1571 1741
f 1570 1744 1216
f 1933 1936 1937
f 1743 1573 1571
f 1744 1570 1939
f 1746 1939 1570
f 1371 1747 1572
f 1938 1574 1573
f 1938 1573 1743
f 1218 1748 1570
f 1746 1570 1748
f 1575 1748 1218
f 1942 1947 1574
f 1576 1748 1575
f 1948 1577 2181
f 2181 1943 1948
f 1748 1576 1374
f 1749 1750 1578
f 1751 1580 1947
f 1580 1221 1947
f 1949 1374 1581
f 1578 1583 1749
f 1751 1582 1580
f 1751 1585 1584
f 1751 1584 1582
f 1754 1587 1752
f 1753 1585 1751
f 1583 1755 1954
f 1381 1755 1379
f 1379 1755 1583
f 1956 1380 1754
f 1383 1759 1756
f 1758 1755 1381
f 1589 1758 1381
f 1759 1383 1590
f 1388 1763 1590
f 1958 1592 1761
f 1593 1763 1388
f 1594 1766 1589
f 1958 1960 1592
f 1391 1765 1594
f 1594 1765 1766
f 1962 1766 1765
f 1391 1962 1765
f 1964 1596 1960
f 1598 1768 1391
f 1391 1768 1962
f 1967 1596 1964
f 2211 1597 1767
f 1598 1770 1768
f 1068 1771 1769
f 1970 1396 1967
f 1398 1971 1771
f 1398 1771 1068
f 2213 1601 1597
f 1597 2211 2213
f 1599 1602 1598
f 1970 1972 1396
f 1604 2224 1398
f 1971 1398 2224
f 1601 2213 2218
f 1974 1400 1972
f 2223 2224 1604
f 1606 1775 1604
f 2223 1604 1775
f 1399 1605 1772
f 1774 1975 1400
f 1773 1776 1775
f 1403 1609 1606
f 1775 1606 1780
f 1780 1606 1609
f 1605 1778 1777
f 1611 1779 1605
f 1781 1605 1779
f 1779 1608 1607
f 1779 1607 1975
f 1775 1780 1609
f 1778 1605 1781
f 1779 1612 1608
f 1245 1610 1609
f 1610 1245 1980
f 1780 1980 1245
f 1782 1611 1981
f 1782 1779 1611
f 1782 1612 1779
f 1781 1981 1784
f 1614 1615 1612
f 1614 1612 1782
f 2234 1613 1610
f 1610 1980 2234
f 1615 1784 1611
f 1611 1784 1981
f 1782 1785 1614
f 1251 1786 1783
f 1251 1783 1407
f 1984 1613 2234
f 2235 1615 1785
f 1414 1786 1251
f 1615 1411 1784
f 2239 1616 1615
f 2239 1615 2235
f 1613 1984 1986
f 1617 1787 1250
f 1250 1787 1411
f 1986 1989 1414
f 1789 1415 1791
f 1990 1618 1414
f 1414 1989 1990
f 1991 1619 1790
f 1620 1617 1255
f 1792 1619 1991
f 1417 1993 1791
f 2543 1621 1990
f 1794 1617 1620
f 1992 1622 1619
f 1992 1619 1792
f 1418 1993 1417
f 2543 1793 1621
f 1794 1620 1624
f 1992 1623 1622
f 1422 1795 1418
f 1996 1626 1793
f 1992 1625 1623
f 1796 1625 1992
f 1262 1797 1422
f 1795 1422 1797
f 1626 1996 1998
f 1423 1798 1627
f 1094 1800 1797
f 1094 1797 1262
f 1628 1798 1423
f 2000 1629 2551
f 1271 1802 1628
f 2001 1803 1629
f 2001 1629 2000
f 2004 1630 1097
f 1801 2002 1631
f 2006 1633 1803
f 1634 1804 1632
f 1632 1804 1802
f 1805 1637 1633
f 1805 1633 2006
f 2007 1804 1634
f 1638 1636 1805
f 1805 1636 1637
f 1639 1640 1635
f 2008 1635 1640
f 2262 1641 1806
f 1432 2007 1634
f 1807 1638 1805
f 2262 2009 1641
f 1807 1805 1808
f 1808 1812 1807
f 2010 1643 1641
f 1641 2009 2010
f 1644 1809 1432
f 1432 1809 2007
f 2265 1812 1808
f 2010 1811 1643
f 1810 1642 1813
f 1811 2010 2268
f 2012 2013 1812
f 1438 1645 1435
f 1647 2015 1813
f 1442 1816 1438
f 1649 1817 1647
f 2015 1647 1817
f 1651 1817 1649
f 1818 1113 1815
f 1819 1822 1646
f 1818 1652 1113
f 1820 1822 1819
f 1652 1818 1653
f 1288 1824 1821
f 1446 1824 1288
f 1653 2016 1448
f 1446 1449 1824
f 2573 1447 1822
f 2022 1826 1448
f 1448 2020 2022
f 1293 1828 2021
f 1291 1825 1449
f 1452 1828 1293
f 2286 2288 1655
f 2286 1655 1827
f 1828 1452 1656
f 2025 1657 1826
f 1826 2283 2025
f 1295 1659 1657
f 1657 2025 1295
f 1830 1456 1459
f 2027 1660 1295
f 1830 1459 1460
f 1457 1661 1831
f 2030 1662 1660
f 1660 2027 2030
f 1663 2028 1831
f 2030 1834 1662
f 1833 1832 1460
f 1835 1666 2890
f 1833 1836 2033
f 1835 2036 1666
f 1833 1840 1836
f 1838 1667 1837
f 1668 1838 1837
f 1838 1464 1667
f 1838 1668 1464
f 1669 1839 1137
f 1840 1841 2589
f 1670 1669 2043
f 1669 2039 2043
f 1307 1841 1840
f 2042 1843 1668
f 1468 1841 1307
f 1468 2045 1841
f 2046 1844 1843
f 1843 2042 2046
f 1672 1842 1675
f 1671 1670 2043
f 1673 2045 1468
f 1672 1675 1845
f 2043 1675 1671
f 2597 1675 2043
f 2048 1844 2046
f 1674 1845 1675
f 2597 2310 1675
f 1673 2050 2047
f 1476 1847 1473
f 1847 1848 1473
f 1473 1848 1679
f 2056 2055 1844
f 2323 1483 2051
f 2617 1852 1681
f 1850 1681 1682
f 1850 2617 1681
f 1850 1682 1479
f 1850 1479 2058
f 1480 1316 2061
f 1683 1679 1849
f 1680 2055 1851
f 1156 2333 1478
f 1852 2066 1681
f 2064 1482 1483
f 1483 2323 2064
f 2067 1685 1686
f 1688 2073 1687
f 2075 1854 1687
f 1855 2076 1856
f 2078 1857 1854
f 1690 1859 1857
f 1689 1690 1857
f 2084 1689 1857
f 2086 1858 1860
f 1689 2084 1489
f 1858 2086 2085
f 1691 2085 2086
f 1692 1861 1690
f 1695 2094 1692
f 1692 2094 1861
f 1490 2088 1691
f 1490 2093 2088
f 1864 1322 1693
f 1692 1864 1693
f 1863 1864 1692
f 2093 1490 1694
f 2099 2094 1695
f 1863 1493 1322
f 1863 1322 1864
f 1870 2099 1695
f 1865 1871 1493
f 1865 1493 1863
f 1491 1497 1694
f 1868 1696 1495
f 1866 1868 1495
f 1493 1871 1500
f 1872 1867 1698
f 1698 1867 1497
f 1873 1867 1872
f 1696 1868 1498
f 1498 1868 1869
f 2097 1877 1498
f 1869 2097 1498
f 1871 1499 1500
f 1502 1872 1698
f 1876 1875 1502
f 1875 1873 1502
f 1873 1872 1502
f 1501 1874 1870
f 1871 1501 1499
f 2380 1501 1871
f 1502 2103 1876
f 1699 2103 1502
f 1505 1877 1700
f 1877 1878 1700
f 2380 2106 1501
f 1879 2103 1699
f 1883 1879 1880
f 1702 1700 1878
f 1328 1880 1879
f 1328 1883 1880
f 1703 1883 1328
f 1702 1881 1884
f 1511 1704 1882
f 1514 1707 1703
f 1885 1888 1510
f 1884 1885 1510
f 1886 1888 1885
f 1886 1889 1888
f 1890 1888 1889
f 1512 1891 1704
f 2117 1706 1705
f 2118 1887 1707
f 1709 1517 1888
f 1888 1890 1709
f 1711 1895 1512
f 1512 1895 1891
f 2118 1707 1516
f 1893 2118 1516
f 1894 1710 1709
f 1896 1897 1892
f 1893 1516 1518
f 1894 2122 1710
f 1894 2116 2122
f 1712 1895 1711
f 1897 1520 1892
f 1897 1714 1520
f 1897 1715 1714
f 1901 1717 1000
f 1712 1898 1899
f 1525 1898 1524
f 1524 1898 1712
f 1902 1528 1715
f 1902 1715 1897
f 1717 1900 1716
f 1901 1900 1717
f 1904 1898 1525
f 1902 2131 1528
f 1717 1905 1903
f 1530 1905 1717
f 1903 2417 1717
f 1718 1904 1525
f 1906 1719 2131
f 1530 1907 2134
f 1534 1720 1718
f 2134 1907 1721
f 1536 1908 1720
f 1722 2137 1536
f 1536 2137 1908
f 2139 1539 1909
f 2430 1543 2138
f 1536 2142 1722
f 2143 1723 2139
f 2140 1542 1348
f 2430 2144 1543
f 1536 1724 2142
f 1910 1725 1723
f 1910 1723 2143
f 2144 2146 2148
f 1549 1911 1724
f 2434 2439 1725
f 2434 1725 1910
f 1727 1913 1549
f 1915 1726 1554
f 1917 1913 1727
f 1553 1917 1727
f 2156 1730 1353
f 2156 1353 1914
f 1916 2154 1728
f 1729 1917 1553
f 1920 1730 2156
f 2154 1918 1555
f 1729 1919 1917
f 1555 1918 1557
f 1729 2445 1919
f 1920 1731 1732
f 1915 1922 1918
f 1560 1921 1729
f 1729 1921 2445
f 1733 2160 1922
f 1360 1923 1560
f 2162 1734 2453
f 2163 1736 2161
f 2162 1925 1734
f 1737 1364 1360
f 1928 1739 1925
f 1565 1930 1926
f 1565 1926 1738
f 1934 1924 1364
f 2169 1929 1739
f 2169 1739 1928
f 1216 1932 1930
f 1740 1934 1366
f 1742 1741 1929
f 1744 1932 1216
f 1569 1935 1740
f 1740 1935 1934
f 1938 1743 1742
f 2176 1745 1937
f 1572 1747 1569
f 2176 1940 1745
f 2178 1574 1938
f 1939 1746 1748
f 1371 1941 1747
f 1942 1574 2178
f 1750 1944 1941
f 1750 1941 1371
f 1945 1947 1942
f 1749 1946 1750
f 1750 1946 1944
f 1374 1949 1748
f 2185 1748 1949
f 1947 2192 1751
f 1945 2192 1947
f 1950 1752 1948
f 1583 1951 1749
f 1581 1952 1949
f 1950 2190 1752
f 2194 1952 1581
f 2195 1754 1752
f 1752 2190 2195
f 1953 1951 1583
f 1955 1753 1751
f 2194 1581 1756
f 1583 1954 1953
f 1754 2195 1956
f 1957 1757 1955
f 2198 1756 1759
f 1758 1954 1755
f 2490 1760 1956
f 1956 2199 2490
f 1757 1957 1761
f 1757 1761 1588
f 1589 1766 1758
f 1957 1958 1761
f 2205 1762 1760
f 1961 1959 1766
f 1962 1961 1766
f 2795 1763 1593
f 2500 1764 1762
f 2500 1767 1764
f 1963 2507 1960
f 2507 1964 1960
f 1595 1769 1593
f 1767 2500 1965
f 1964 2507 1967
f 1965 2211 1767
f 1966 1769 1771
f 1598 1968 1770
f 2214 1970 1967
f 1602 1969 1598
f 1598 1969 1968
f 2213 2215 2218
f 1772 2219 1236
f 1236 2219 1602
f 2220 1974 1972
f 1973 1773 2218
f 1778 2222 1772
f 2226 1778 1772
f 1605 2226 1772
f 1974 1774 1400
f 2524 1776 1773
f 1777 1975 1605
f 1976 1605 1975
f 1605 1976 2226
f 1975 1774 1974
f 1977 2223 1775
f 2524 1977 1775
f 1776 2524 1775
f 1975 1777 1778
f 1778 1781 1779
f 1975 1778 1779
f 1977 2524 1780
f 1781 1978 1778
f 2231 1781 1778
f 1979 1780 1245
f 2524 1980 1780
f 2231 1981 1781
f 1979 1245 1783
f 1781 1784 1978
f 1980 2232 2234
f 1786 1983 1783
f 2235 1785 1782
f 1414 1985 1983
f 1414 1983 1786
f 1984 2236 1986
f 1415 1789 1985
f 1787 1987 1411
f 2829 1790 1788
f 2829 1788 2239
f 1988 1789 1791
f 1991 1790 2829
f 1991 2541 1992
f 1992 1792 1991
f 2242 1791 1993
f 1617 1794 1994
f 2541 1995 1992
f 1418 1795 1993
f 2246 1793 2543
f 1995 1796 1992
f 2246 1996 1793
f 1624 1994 1794
f 2248 1629 1796
f 1997 1795 1797
f 2551 1629 2248
f 2250 1799 1998
f 1798 1628 1999
f 1630 2004 1800
f 2252 1800 2004
f 2002 1801 1799
f 1799 2250 2002
f 1802 2003 1628
f 2254 1803 2001
f 2257 2006 1803
f 2257 1803 2254
f 1097 2005 2004
f 2002 2253 1631
f 1635 2008 2005
f 1635 2005 1097
f 1804 2007 1802
f 1802 2007 2556
f 2262 1806 1631
f 1631 2260 2262
f 2006 2847 1805
f 1808 1805 2847
f 1642 2011 1640
f 1810 2011 1642
f 2012 1812 2265
f 2011 1810 1813
f 2010 2563 2268
f 2269 1813 2015
f 2270 1814 2268
f 2014 1646 2013
f 1814 2270 1815
f 1816 2276 1438
f 1815 2273 1818
f 1650 2276 1816
f 1821 1824 1650
f 1819 2278 1820
f 2278 1822 1820
f 1285 2018 1651
f 2277 1651 2018
f 2016 1653 1818
f 1823 2018 1285
f 2864 1822 2278
f 1654 2019 1823
f 2018 1823 2019
f 2020 1448 2016
f 1449 1825 1824
f 2864 2573 1822
f 2021 2019 1654
f 2283 1826 2022
f 1291 1829 1825
f 2023 2286 1827
f 2289 1656 1658
f 2582 1295 2025
f 1456 1830 1658
f 2026 1457 2290
f 1295 2582 2027
f 2028 1457 2026
f 1460 2029 1830
f 1661 1457 2028
f 1666 1831 2028
f 2029 1460 1832
f 1132 2031 1663
f 1833 2033 1832
f 2298 2031 1132
f 2035 1667 2032
f 2032 1667 1834
f 1137 2034 2298
f 2035 1837 1667
f 2035 1668 1837
f 1839 2034 1137
f 2039 1669 2036
f 2037 1840 2589
f 2035 2038 1668
f 1669 1842 1839
f 1841 2040 2589
f 1841 2041 2040
f 2038 2042 1668
f 2041 1841 2044
f 2044 1841 2045
f 2042 2304 2046
f 2047 2045 1673
f 2046 2049 2048
f 2050 2054 2047
f 2056 1844 2048
f 2057 2314 1846
f 1846 2315 1677
f 2314 2315 1846
f 2315 1313 1677
f 1678 2053 1476
f 2052 2053 1678
f 1848 1849 1679
f 2055 2056 2320
f 2324 2617 1850
f 2059 2058 1480
f 2061 2059 1480
f 2054 1849 2319
f 2060 1851 2055
f 2612 2060 2055
f 2612 2055 2320
f 1478 2333 2057
f 2323 2614 2064
f 2334 2064 2614
f 1685 2065 2333
f 2065 1685 2067
f 2068 1686 2066
f 2067 1686 2068
f 2074 1687 2073
f 2071 1856 2344
f 1856 2071 1853
f 2074 2075 1687
f 2076 2344 1856
f 1853 2071 2072
f 1688 2074 2073
f 2076 1855 1856
f 2347 2076 1856
f 1856 1853 2347
f 2079 2077 2074
f 1688 2079 2074
f 2075 2078 1854
f 1688 1857 2079
f 2079 1857 2081
f 2082 1857 2078
f 2081 1857 1859
f 1857 2082 2084
f 2085 2083 1858
f 2080 1858 2083
f 1859 1690 2081
f 2357 2086 1860
f 1858 2357 1860
f 2650 1862 2086
f 2650 2086 2357
f 1690 1861 2087
f 2653 1692 1489
f 2650 2091 1862
f 2659 2089 1692
f 2659 1692 2653
f 2092 1863 1692
f 2092 1692 2089
f 2092 1865 1863
f 2095 2093 1694
f 1869 1866 2360
f 2099 2096 2094
f 2092 1871 1865
f 1497 2095 1694
f 1867 2095 1497
f 1868 1866 1869
f 2098 2097 1869
f 2666 2097 2098
f 2101 2100 1873
f 1873 2100 1867
f 2101 2375 2100
f 1870 1874 2099
f 1875 2101 1873
f 2103 2374 1876
f 1876 2374 1875
f 2374 2375 1875
f 2375 2101 1875
f 2666 1877 2097
f 1877 2666 1878
f 2666 2102 1878
f 1511 2104 1501
f 1883 2103 1879
f 1881 1702 1878
f 1511 1882 2104
f 1703 1707 2107
f 1884 1881 2105
f 2109 2107 1707
f 2111 2110 1886
f 2111 1886 1885
f 2108 2111 1885
f 1884 2108 1885
f 2112 2110 2111
f 1704 2113 1882
f 2395 1705 2106
f 2395 2106 2389
f 2109 1707 1887
f 2110 1889 1886
f 2114 1890 1889
f 2112 2114 1889
f 2110 2112 1889
f 2398 2117 1705
f 2398 1705 2395
f 2394 1887 2118
f 2115 1709 2114
f 2114 1709 1890
f 2114 2116 2115
f 2119 2118 1893
f 2115 1894 1709
f 2400 2118 2119
f 2115 2116 1894
f 1895 2121 1891
f 1891 2121 1704
f 2117 1896 1892
f 1518 2119 1893
f 2400 2119 1518
f 2116 2120 2122
f 2404 1897 1896
f 2404 1896 2117
f 1900 2124 1518
f 1712 2123 1895
f 2126 2124 1900
f 2405 3008 1000
f 1712 2125 2123
f 2409 1902 1897
f 2409 1897 2404
f 2411 1901 1000
f 1000 3008 2411
f 1899 2127 1712
f 1712 2127 2125
f 1901 2126 1900
f 1901 2129 2126
f 1898 2127 1899
f 2128 2131 1902
f 2128 1902 2409
f 1901 1903 2129
f 1904 2130 1898
f 1898 2130 2127
f 2128 2419 2131
f 1905 2132 1903
f 2129 1903 2132
f 1901 2417 1903
f 1904 1718 2130
f 2131 2419 1906
f 1530 2134 2132
f 1530 2132 1905
f 2423 1909 1906
f 2423 1906 2419
f 2422 2135 2133
f 1721 2136 2134
f 2427 2138 2135
f 2135 2422 2427
f 1542 2140 1721
f 2136 1721 2140
f 2142 2137 1722
f 2141 2137 2142
f 1722 2143 2139
f 2138 2427 2430
f 1722 2142 2143
f 1724 2145 2142
f 2142 2145 2141
f 2143 2142 1910
f 1724 1911 2145
f 2434 1910 2142
f 2147 1548 1912
f 2147 1912 1726
f 1549 2150 1911
f 2437 2439 2434
f 1913 2155 1549
f 1549 2155 2150
f 1915 2154 1726
f 1726 1728 2152
f 2154 1728 1726
f 2151 2152 1728
f 2153 1914 2439
f 1728 2154 1916
f 2152 2151 1916
f 2151 2443 1916
f 2155 1913 1917
f 2153 2156 1914
f 1918 2154 1915
f 1917 1919 2155
f 2154 1916 2157
f 2156 1731 1920
f 2449 2453 1731
f 2449 1731 2156
f 2158 1918 1922
f 2158 1557 1918
f 2159 2157 2450
f 2160 2159 1922
f 2159 2158 1922
f 1557 2158 1922
f 2159 1922 2158
f 1922 2159 2450
f 1560 1923 1921
f 2450 2161 1922
f 1735 2160 1733
f 1364 1923 1360
f 2166 1925 2162
f 1738 2164 1735
f 1924 2165 1364
f 1364 2165 1923
f 2166 1928 1925
f 1926 2164 1738
f 2167 1927 2163
f 2163 2749 2167
f 2169 1928 2166
f 1931 1927 2167
f 1934 2168 1924
f 1934 2170 2168
f 2169 2173 1929
f 1932 2174 1930
f 2171 1930 2174
f 2175 1933 1931
f 1935 2172 1934
f 1934 2172 2170
f 2173 1742 1929
f 1744 2467 2174
f 1744 2174 1932
f 2175 1936 1933
f 2762 1938 1742
f 2762 1742 2173
f 2176 1937 1936
f 1936 2175 2176
f 1747 2177 1569
f 1569 2177 1935
f 1939 2179 1744
f 2467 1744 2179
f 2472 1940 2176
f 2187 2182 1747
f 1941 2187 1747
f 1748 2180 1939
f 2179 1939 2180
f 2472 2181 1940
f 2183 1942 2178
f 2183 2178 1941
f 1748 2185 2180
f 2184 2182 1944
f 2182 2187 1944
f 1941 1944 2187
f 2183 1941 1945
f 2183 1945 1942
f 2186 1948 1943
f 1946 2189 1944
f 1944 2189 2184
f 2187 1945 1941
f 1949 2188 2185
f 2186 2475 1948
f 1749 2189 1946
f 2476 2192 1945
f 2476 1945 2187
f 2478 2188 1949
f 2190 1950 1948
f 1948 2475 2190
f 1951 2191 1749
f 1749 2191 2189
f 1952 2194 1949
f 2478 1949 2194
f 2485 2191 1951
f 2192 2193 2481
f 2481 1751 2192
f 2190 2479 2195
f 2485 1951 1953
f 1955 1751 2481
f 1756 2198 2194
f 2485 1953 2196
f 1954 2196 1953
f 2481 2197 1955
f 2199 1956 2195
f 2197 1957 1955
f 1759 2200 2198
f 2486 1957 2197
f 2199 2487 2490
f 1766 2201 1758
f 1758 2201 1954
f 2492 1957 2486
f 1590 2202 1759
f 2200 1759 2202
f 2203 1760 2490
f 2206 2204 1766
f 1766 2204 2201
f 1763 2202 1590
f 2203 2205 1760
f 2496 1958 1957
f 1961 2206 1959
f 1959 2206 1766
f 2207 2208 2496
f 2208 1960 1958
f 2208 1958 2496
f 1593 2501 2795
f 2205 2500 1762
f 1961 2209 2206
f 2207 1960 2208
f 1962 2209 1961
f 2207 2507 1963
f 2207 1963 1960
f 1769 1966 1593
f 2501 1593 1966
f 2503 1965 2500
f 2500 2502 2503
f 1962 1768 2209
f 2505 2507 2207
f 1770 2210 1768
f 1965 2212 2211
f 1770 1968 2210
f 2214 1967 2507
f 1971 2512 1771
f 2211 2212 2213
f 1969 2217 1968
f 1602 2217 1969
f 1972 1970 2214
f 2224 2221 1971
f 2512 1971 2221
f 2216 2217 2219
f 1602 2219 2217
f 1973 2218 2215
f 1772 2222 2219
f 2519 1974 2220
f 2226 1976 2519
f 1976 1975 1974
f 1976 1974 2519
f 2811 2524 1773
f 2227 2224 2223
f 1973 2811 1773
f 2517 2811 1973
f 1778 2225 2222
f 1977 2230 2223
f 2526 1778 2226
f 2230 1977 1780
f 1978 2229 1778
f 2526 2231 1778
f 1979 2230 1780
f 2232 1980 2228
f 2228 1980 2524
f 2230 1979 1783
f 1784 2233 1978
f 2816 1782 1981
f 2816 1981 2231
f 1982 2233 1784
f 2235 1782 2816
f 1983 2532 1783
f 2236 1984 2234
f 2535 2239 2235
f 1784 2237 1982
f 2536 1986 2236
f 2238 1985 1789
f 1989 1986 2536
f 1987 2240 1411
f 1411 2240 1784
f 2539 2829 2239
f 1791 2242 1988
f 1789 1988 2242
f 2241 1990 1989
f 2541 1991 2829
f 1617 2243 1787
f 1994 2244 1617
f 1617 2244 2243
f 2245 1995 2541
f 1796 2245 2544
f 1796 1995 2245
f 2838 1996 2246
f 1997 2247 1795
f 1627 2545 1624
f 1624 2545 1994
f 2544 2248 1796
f 2247 1997 1797
f 2249 1998 1996
f 1996 2838 2249
f 2251 2545 1798
f 1627 1798 2545
f 2249 2250 1998
f 2251 1798 1999
f 1628 2251 1999
f 2000 2551 2553
f 2553 2001 2000
f 2004 2555 2252
f 2253 2002 2250
f 2254 2001 2553
f 2255 2555 2004
f 1802 2256 2003
f 2005 2258 2004
f 2255 2004 2258
f 2260 1631 2253
f 2556 2256 1802
f 2557 2006 2257
f 2008 2259 2258
f 2008 2258 2005
f 2007 2261 2556
f 2847 2006 2557
f 1640 2263 2008
f 2259 2008 2263
f 3153 1808 2847
f 2264 2263 1640
f 2558 2261 1809
f 2007 1809 2261
f 3153 2265 1808
f 2011 2267 1640
f 2264 1640 2267
f 2563 2010 2009
f 1644 2266 1809
f 3156 2012 2265
f 1813 2269 2011
f 2267 2011 2269
f 2563 3157 2268
f 1645 2271 1435
f 1435 2271 1644
f 2014 2013 2012
f 2015 2272 2269
f 1438 2271 1645
f 2273 1815 2270
f 2276 2275 1438
f 1438 2275 2271
f 2859 1646 2014
f 1817 2274 2015
f 2272 2015 2274
f 2859 1819 1646
f 2861 1819 2859
f 1651 2274 1817
f 2861 2278 1819
f 1824 2276 1650
f 1824 2017 2276
f 2572 2016 1818
f 1824 1825 2017
f 2019 2279 2018
f 2870 2020 2016
f 2016 2572 2870
f 2021 2280 2279
f 2021 2279 2019
f 2281 2022 2020
f 2020 2870 2281
f 1828 2285 2021
f 2280 2021 2285
f 2281 2283 2022
f 1829 2282 1825
f 1829 2576 2282
f 2024 2576 1829
f 2286 2023 2284
f 1656 2289 1828
f 2285 1828 2289
f 2287 2025 2283
f 1829 2873 2024
f 2286 2284 2288
f 1453 2873 1829
f 1658 2291 2289
f 2025 2287 2582
f 1661 2873 1453
f 2290 2581 2026
f 1830 2292 2291
f 1830 2291 1658
f 2583 2026 2581
f 2293 2292 1830
f 2294 2027 2582
f 2028 2580 1661
f 2295 2580 2028
f 2029 2296 1830
f 2293 1830 2296
f 2888 2030 2027
f 2027 2294 2888
f 2890 1666 2885
f 2885 1666 2028
f 2296 2029 1832
f 2586 1834 2888
f 2888 1834 2030
f 2033 2297 1832
f 2586 2032 1834
f 2586 3197 2032
f 2299 1835 2890
f 2891 2297 2033
f 2299 2036 1835
f 1836 2037 2033
f 2891 2033 2037
f 2897 2035 2032
f 1840 2037 1836
f 2302 2035 2897
f 2300 2034 1839
f 2591 2039 2036
f 2589 2301 2592
f 2302 2038 2035
f 1842 2594 1839
f 2041 2301 2040
f 2301 2589 2040
f 2593 2042 2303
f 2042 2302 2303
f 2042 2038 2302
f 1672 2594 1842
f 2596 2043 2039
f 2044 2595 2041
f 2593 2304 2042
f 2045 2595 2044
f 2598 2046 2304
f 1845 2305 1672
f 2306 2045 2047
f 2307 2308 2047
f 2308 2309 2047
f 2047 2309 2306
f 1674 2904 1845
f 2599 2310 2597
f 2047 2054 2307
f 2054 2311 2307
f 2054 2908 2311
f 2307 2311 2308
f 2049 2312 2048
f 2315 1678 1313
f 1847 2316 1848
f 1848 2317 1849
f 2316 2317 1848
f 2327 1849 2318
f 2908 2054 2319
f 2320 2056 2321
f 2056 2048 2312
f 2064 2313 1674
f 2064 2322 2313
f 2310 2323 2051
f 2617 2330 1852
f 2617 2616 2330
f 2609 2324 1850
f 2325 2058 2059
f 2325 1850 2058
f 2325 2059 2061
f 2325 2061 2326
f 1849 2327 2319
f 2612 2320 2321
f 2328 2057 2333
f 2066 1852 2330
f 2329 2066 2330
f 2617 2324 2925
f 2326 2061 2331
f 2619 2062 2063
f 2619 2331 2062
f 2619 2063 2060
f 2060 2612 2619
f 2064 2334 2322
f 2333 2332 2328
f 2066 2622 2336
f 2329 2622 2066
f 2334 2614 2621
f 2065 2335 2333
f 2065 2067 2335
f 2336 2068 2066
f 2337 2935 2067
f 2068 2336 2338
f 2067 2068 2338
f 2067 2338 2337
f 2069 2070 2339
f 2069 2627 2070
f 2937 2627 2069
f 2339 2070 2627
f 2340 2339 2627
f 2344 2076 2341
f 2343 2344 2342
f 2071 2344 2343
f 2343 2072 2071
f 2630 2074 2077
f 2344 2341 2076
f 2343 2951 1853
f 2343 1853 2072
f 2074 2630 2075
f 2951 2347 1853
f 2079 2346 2077
f 2345 2078 2075
f 2348 2349 2345
f 2349 2078 2345
f 2350 2347 2641
f 2642 2346 2081
f 2079 2081 2346
f 2348 2643 2349
f 2349 2082 2078
f 2080 2350 1858
f 1858 2350 2351
f 2350 2641 2351
f 2349 2643 2082
f 2085 2080 2083
f 2085 2350 2080
f 2357 1858 2351
f 1690 2353 2081
f 2081 2353 2352
f 2084 2082 2643
f 2355 2085 2354
f 2087 2356 1690
f 1690 2356 2353
f 2647 1489 2084
f 1691 2354 2085
f 2087 1861 2356
f 2653 1489 2647
f 2088 2362 1691
f 2358 2091 2650
f 1861 2359 2655
f 2358 2360 2091
f 2094 2361 1861
f 1861 2361 2359
f 2362 2088 2093
f 2360 2090 2091
f 2660 2661 2362
f 2360 2358 2662
f 2363 2360 2662
f 2094 2359 2361
f 2366 2359 2094
f 2364 2092 2089
f 2364 2089 2659
f 2365 2362 2093
f 2660 2362 2365
f 2360 1866 2090
f 2360 2363 1869
f 2368 2366 2094
f 2665 2092 2364
f 2095 2365 2093
f 1867 2365 2095
f 2660 2365 1867
f 2363 2367 1869
f 2099 2368 2096
f 2096 2368 2094
f 2369 2092 2665
f 2371 2370 1867
f 2371 2375 2370
f 2367 2666 2098
f 1869 2367 2098
f 2099 2373 2368
f 2369 1871 2092
f 2100 2371 1867
f 2375 2371 2100
f 2102 2666 2372
f 2372 2376 2102
f 1874 2377 2099
f 2099 2377 2373
f 2676 2380 1871
f 2676 1871 2369
f 2672 2375 2374
f 2672 2103 2378
f 1881 1878 2102
f 2376 1881 2102
f 2103 2672 2374
f 2382 2381 2103
f 2105 1881 2379
f 2679 2383 2105
f 2379 2679 2105
f 2104 2385 1501
f 1501 2385 1874
f 2986 2106 2380
f 1883 2382 2103
f 1703 2382 1883
f 2383 2384 2105
f 1882 2388 2385
f 1882 2385 2104
f 2389 2106 2986
f 2109 1703 2107
f 2386 1703 2109
f 2386 2109 2390
f 2384 1884 2105
f 1884 2384 2108
f 2384 2387 2694
f 2113 2391 1882
f 1882 2391 2388
f 2392 2395 2389
f 2109 2393 2390
f 1887 2393 2109
f 2394 2393 1887
f 2384 2111 2108
f 2111 2384 2112
f 2384 2114 2112
f 2384 2694 2114
f 2392 2696 2395
f 2694 2996 2114
f 1704 2397 2113
f 2113 2397 2391
f 2696 2398 2395
f 2394 2118 2396
f 2118 2399 2396
f 2114 2996 2697
f 2116 2114 2697
f 2398 2699 2117
f 2696 2699 2398
f 2400 2399 2118
f 2116 2401 2120
f 2116 2697 2401
f 2121 2402 1704
f 1704 2402 2397
f 2701 2404 2117
f 2701 2117 2699
f 1518 2403 2400
f 3005 2122 2401
f 2401 2122 2120
f 2124 2403 1518
f 3005 2405 2122
f 2704 2406 2121
f 2123 2704 1895
f 1895 2704 2121
f 2408 2404 2407
f 2408 2409 2404
f 2125 2704 2123
f 2126 2410 2124
f 3007 2124 2410
f 2127 2706 2125
f 2125 2706 2704
f 2408 2412 2409
f 2129 2410 2126
f 2410 2129 2413
f 2415 2414 2411
f 2127 2711 2706
f 2409 2412 2128
f 2708 1901 2414
f 2414 1901 2411
f 2127 2130 2711
f 2712 2419 2128
f 2712 2128 2412
f 2132 2413 2129
f 2416 2413 2132
f 2708 2417 1901
f 1718 2418 2130
f 2134 2715 2132
f 2713 2133 2417
f 1720 2420 1718
f 1718 2420 2418
f 2718 2423 2419
f 2421 2715 2134
f 2713 2422 2133
f 1908 2418 2420
f 2428 2418 1908
f 1720 1908 2420
f 2136 2426 2134
f 2421 2134 2426
f 2424 1908 2137
f 1908 2424 2428
f 2424 2137 2423
f 2137 2425 2423
f 2425 2139 1909
f 2425 1909 2423
f 2422 2719 2427
f 3025 2428 2424
f 2428 3025 2137
f 2137 2139 2425
f 2137 3025 2139
f 2140 2723 2136
f 2426 2136 2723
f 2137 2141 2428
f 3025 1722 2139
f 2429 2723 2140
f 2724 2142 1722
f 1348 2432 2140
f 2429 2140 2432
f 3030 2144 2430
f 2145 2433 2141
f 2141 2433 2431
f 1548 2432 1348
f 3030 2146 2144
f 2434 2142 2724
f 2726 1548 2147
f 2435 2148 2146
f 2146 3030 2435
f 2150 2436 1911
f 1911 2436 2145
f 2726 2147 1726
f 3034 2149 2435
f 2435 2149 2148
f 2437 2434 3035
f 2152 2731 1726
f 3034 2728 2149
f 2155 2440 2150
f 2732 2151 2149
f 2149 2728 2732
f 2438 2150 2441
f 2441 2150 2440
f 2439 2442 2153
f 2731 2152 2443
f 2732 2443 2151
f 2441 2440 2155
f 2153 2442 2156
f 1916 2444 2152
f 2152 1916 2443
f 2444 1916 2152
f 2155 1919 2441
f 3044 2156 2442
f 2444 1916 2154
f 2157 2447 2443
f 2447 2157 2444
f 1916 2444 2157
f 2157 2443 2447
f 2443 2740 2447
f 3048 2449 2156
f 3048 2156 3044
f 2446 2154 2157
f 2444 2154 2446
f 2444 2157 2447
f 2157 2444 2450
f 2446 2450 2444
f 1921 2448 2445
f 2159 2450 2446
f 2159 2446 2157
f 2450 2451 2447
f 2450 2447 2451
f 2447 2742 2451
f 3051 2453 2449
f 2160 2160 2159
f 2160 2450 2159
f 2454 2450 2160
f 1923 2452 1921
f 2160 2160 2454
f 2450 2454 2161
f 2746 2451 2742
f 2163 2451 2746
f 2455 2166 2162
f 2455 2162 2453
f 2160 2163 2454
f 2163 2161 2454
f 2457 2163 2746
f 2748 2166 2455
f 2164 1926 2160
f 2164 2160 1735
f 2160 2463 2163
f 2160 1926 2463
f 2456 2163 2749
f 2749 2163 2463
f 2749 2457 2750
f 2749 2163 2457
f 2165 2458 1923
f 2459 2166 2748
f 2749 2463 2167
f 2461 2749 2750
f 1924 2168 2458
f 1924 2458 2165
f 2462 2169 2166
f 2462 2166 2459
f 1930 2171 1926
f 2463 1926 2171
f 2167 2463 1931
f 1931 2463 2460
f 2175 1931 2460
f 3064 2173 2169
f 3064 2169 2462
f 2464 2171 2174
f 2762 2173 3064
f 2467 2465 2174
f 2758 2760 2175
f 1935 2177 2172
f 2763 2176 2175
f 2175 2760 2763
f 2470 2178 1938
f 2470 1938 2762
f 3068 2176 2763
f 2466 2468 2469
f 1747 2468 2177
f 2177 2468 2466
f 2470 1941 2178
f 2471 2467 2179
f 3068 2472 2176
f 2473 2469 2468
f 2182 2473 2468
f 2182 2468 1747
f 2474 1941 2470
f 2471 2179 2180
f 1943 2181 2472
f 2765 2473 2773
f 2182 2773 2473
f 1941 2474 2187
f 2185 2771 2180
f 2184 2773 2182
f 2770 2187 2474
f 2775 2771 2185
f 2475 2186 1943
f 1943 2772 2475
f 2476 2187 2770
f 2188 2478 2185
f 2775 2185 2478
f 3077 2192 2476
f 2479 2190 2475
f 2191 2781 2189
f 2189 2781 2184
f 2480 2193 2192
f 2480 2192 3077
f 2194 2482 2478
f 2485 2184 2781
f 2484 2184 2485
f 2191 2485 2480
f 2485 2481 2480
f 2481 2193 2480
f 2483 2195 2479
f 2198 2785 2194
f 2482 2194 2785
f 2483 2199 2195
f 2196 2786 2485
f 2485 2786 2484
f 2485 2197 2481
f 2199 2483 2788
f 2486 2197 2485
f 2200 2489 2198
f 2785 2198 2489
f 2788 2487 2199
f 1954 2488 2196
f 2487 2788 2490
f 2201 2491 1954
f 1954 2491 2488
f 2489 2200 2202
f 2790 2203 2490
f 2206 2493 2491
f 2204 2206 2201
f 2201 2206 2491
f 2494 2496 1957
f 2494 1957 2492
f 1763 2497 2202
f 2790 2205 2203
f 2495 2493 2206
f 2795 2497 1763
f 2206 2498 2495
f 2496 3097 2207
f 2796 2500 2205
f 2209 2498 2206
f 2499 2505 2207
f 2499 2207 3097
f 1966 2799 2501
f 1768 2504 2209
f 2506 2799 1966
f 2508 1965 2503
f 2210 2504 1768
f 1771 2509 1966
f 2506 1966 2509
f 2508 2212 1965
f 2210 1968 2504
f 3112 2214 2507
f 2512 2509 1771
f 2508 2213 2212
f 2510 2213 2508
f 2217 2805 1968
f 2511 1972 2214
f 2511 2214 3112
f 2510 2215 2213
f 2216 2805 2217
f 2513 2514 2511
f 2514 2220 1972
f 2514 1972 2511
f 2804 2512 2221
f 2219 2805 2216
f 2219 2518 2805
f 2513 2519 2220
f 2513 2220 2514
f 2517 2804 1973
f 2221 1973 2804
f 2515 2517 1973
f 2215 2515 1973
f 2518 2219 2222
f 2516 2519 2513
f 2520 2517 2221
f 2224 2520 2221
f 1973 2221 2517
f 2225 2521 2222
f 2222 2521 2518
f 2519 2810 2226
f 2516 2810 2519
f 2223 2522 2227
f 2522 2224 2227
f 2522 2520 2224
f 2812 2226 2810
f 2230 2523 2522
f 2230 2522 2223
f 2229 2525 1778
f 1778 2525 2225
f 2813 2526 2226
f 2813 2226 2812
f 2230 2527 2523
f 3422 2228 2524
f 3121 2232 3422
f 3422 2232 2228
f 1978 2528 2229
f 2529 2231 2526
f 1783 2530 2230
f 2527 2230 2530
f 2233 2528 1978
f 2816 2231 2529
f 2532 2530 1783
f 2531 2234 2232
f 2232 3121 2531
f 2818 2236 2531
f 2531 2236 2234
f 1982 2533 2233
f 2534 2535 2235
f 2534 2235 2816
f 1985 2238 2532
f 1985 2532 1983
f 1982 2237 2533
f 2236 2818 2536
f 2824 2239 2535
f 1789 2537 2238
f 2822 1989 2536
f 2240 3130 1784
f 1784 3130 2237
f 2824 2539 2239
f 2538 2537 1789
f 2822 2826 1989
f 2242 2540 1789
f 2538 1789 2540
f 2828 2241 1989
f 1989 2826 2828
f 2828 1990 2241
f 1787 2243 1987
f 1993 2542 2242
f 2540 2242 2542
f 3138 2245 2541
f 1795 2542 1993
f 3136 2246 2543
f 2544 2245 3138
f 2247 2546 1795
f 3136 2838 2246
f 2244 1994 2545
f 2251 2547 2545
f 2548 2248 2544
f 1797 2549 2247
f 2546 2247 2549
f 2550 2249 2838
f 2548 2836 2551
f 2551 2248 2548
f 1800 2552 2549
f 1800 2549 1797
f 3141 2250 2550
f 2550 2250 2249
f 2836 3448 2551
f 2252 2552 1800
f 3141 2840 2250
f 1628 2003 2251
f 3448 2553 2551
f 2552 2252 2555
f 2842 2253 2250
f 2250 2840 2842
f 3145 2254 2553
f 2842 2844 2253
f 2554 2003 2556
f 2256 2556 2003
f 3145 2257 2254
f 2555 2255 2258
f 2846 2260 2253
f 2253 2844 2846
f 3145 2557 2257
f 2846 2848 2260
f 2261 2558 2556
f 3152 2262 2260
f 2260 2848 3152
f 2849 3153 2847
f 2263 2264 2259
f 2850 2259 2264
f 3152 2852 2262
f 2562 2009 2262
f 2562 2262 2852
f 1809 2559 2558
f 1809 2561 2559
f 3156 2265 3153
f 2560 2264 2267
f 2563 2009 2562
f 2266 2561 1809
f 2269 2858 2267
f 2564 2267 2858
f 2856 2268 3157
f 2271 2566 1644
f 2565 2858 2269
f 3161 2270 2856
f 2856 2270 2268
f 2272 2567 2269
f 2565 2269 2567
f 2275 2566 2271
f 2568 2566 2275
f 2862 2273 2270
f 2270 3161 2862
f 2567 2272 2274
f 2275 2569 2568
f 1651 2571 2274
f 3167 1818 2273
f 2273 2862 3167
f 2276 2569 2275
f 2276 2570 2569
f 2277 2571 1651
f 2017 2570 2276
f 2018 2279 2277
f 2571 2277 2279
f 2868 2572 1818
f 1818 3167 2868
f 3762 2864 2278
f 2867 2279 2574
f 2572 2868 2870
f 2280 2574 2279
f 2023 1827 1447
f 2575 2281 2870
f 2285 2577 2280
f 3173 2280 2577
f 3180 2283 2575
f 2575 2283 2281
f 2023 2576 2284
f 2576 2023 2871
f 3180 2872 2283
f 2024 2284 2576
f 2871 2284 2576
f 2289 2578 2285
f 2577 2285 2578
f 2874 2287 2283
f 2283 2872 2874
f 2873 2284 2024
f 2878 2288 2284
f 2877 2578 2289
f 2290 2288 2878
f 2291 2292 2289
f 2877 2289 2292
f 2880 2582 2287
f 2287 2874 2880
f 1661 2580 2579
f 1661 2579 2873
f 2290 2878 2581
f 2880 2882 2582
f 2883 2292 2293
f 2884 2294 2582
f 2582 2882 2884
f 2295 2881 2580
f 2885 2026 2583
f 2883 2293 2296
f 2028 2584 2295
f 2885 2028 2026
f 2294 2884 2888
f 2028 1663 2584
f 2585 2890 2885
f 2887 2296 1832
f 2031 2584 1663
f 2297 2891 1832
f 2588 2031 2298
f 2893 2299 2890
f 2587 2032 3197
f 2034 2300 2298
f 2588 2298 2300
f 2036 2299 2893
f 2037 2589 2891
f 2894 2891 2589
f 2587 2897 2032
f 2300 1839 2588
f 3201 2591 2036
f 2590 2589 2592
f 2594 2588 1839
f 3210 2039 2591
f 2041 2592 2301
f 2041 2898 2592
f 2593 2303 2302
f 2304 2593 2302
f 3210 2596 2039
f 2041 2595 2898
f 2305 2594 1672
f 2045 2600 2595
f 2901 2598 2304
f 2901 2903 2598
f 2596 2597 2043
f 2306 2600 2045
f 2308 2600 2309
f 2309 2600 2306
f 2046 3216 2049
f 2598 3216 2046
f 1674 2601 2904
f 3519 2310 2599
f 2311 2910 2308
f 2311 2908 2910
f 2308 2910 2600
f 2312 2049 3216
f 2313 2601 1674
f 2603 1678 2315
f 2052 1678 2604
f 2052 2605 2053
f 2317 2316 1849
f 2316 2318 1849
f 2319 2914 2908
f 2606 2321 2056
f 2606 2056 2915
f 2056 3223 2915
f 2056 2312 3223
f 2924 2323 2310
f 2057 2615 2314
f 2603 2607 1678
f 1678 2607 2608
f 1678 2608 2604
f 3530 1850 2325
f 3530 2609 1850
f 2325 2326 2618
f 2920 2327 2318
f 2914 2319 2327
f 2619 2612 2610
f 2612 2611 2610
f 2612 2321 2606
f 2612 2606 2915
f 2924 2614 2323
f 2328 2615 2057
f 3235 2330 2616
f 2925 2324 2609
f 2925 2609 2926
f 2618 2326 2331
f 2618 2331 2619
f 2620 2622 2329
f 2621 2322 2334
f 2333 2623 2332
f 2335 2623 2333
f 2623 2328 2332
f 2935 2623 2067
f 2623 2335 2067
f 2624 2336 2622
f 2624 2622 2620
f 2624 2338 2336
f 2937 2069 2626
f 2935 2337 2937
f 2625 2337 2338
f 2626 2069 2339
f 2627 2937 2337
f 2340 2626 2339
f 2629 2634 2077
f 2948 2629 2077
f 2630 2077 2634
f 2076 2631 2344
f 2344 2631 2342
f 2951 2343 2342
f 2948 2346 2633
f 2948 2077 2346
f 2634 2075 2630
f 2634 2345 2075
f 2347 2636 2631
f 2347 2631 2076
f 2632 2347 2951
f 2638 2633 2346
f 2346 2635 2638
f 2635 2346 2634
f 2643 2345 2634
f 2347 2639 2636
f 2640 2641 2632
f 2632 2641 2347
f 2640 2632 2637
f 2956 2638 2642
f 2638 2643 2642
f 2642 2643 2346
f 2634 2346 2643
f 2643 2348 2345
f 2350 2639 2347
f 2641 2640 2645
f 2646 2351 2641
f 2641 2645 2646
f 2081 2352 2642
f 2085 2644 2350
f 2646 2357 2351
f 2958 2084 2643
f 2355 2649 2644
f 2355 2644 2085
f 2646 2960 2357
f 2647 2084 2958
f 1691 2648 2354
f 2354 2648 2355
f 2648 2649 2355
f 2960 2650 2357
f 2960 2651 2650
f 1861 2652 2356
f 2362 2648 1691
f 2654 2648 2362
f 2965 2358 2650
f 2963 2650 2651
f 2965 2650 2963
f 1861 2655 2652
f 2656 2659 2653
f 2654 2362 2661
f 2359 2657 2655
f 2658 2659 2656
f 2358 2965 2662
f 2359 2366 2657
f 2658 2665 2659
f 2665 2364 2659
f 2658 2968 2665
f 1867 2661 2660
f 2661 2670 2663
f 2666 2367 2363
f 2666 2363 2667
f 2368 2669 2366
f 2366 2669 2664
f 2665 2968 3293
f 2370 2661 1867
f 2661 2370 2375
f 2672 2661 2375
f 2670 2661 2672
f 2372 2666 2667
f 2667 2668 2372
f 2368 2373 2669
f 3293 2676 2369
f 3293 2369 2665
f 2668 2376 2372
f 2668 2671 2376
f 2674 2675 2671
f 2377 2982 2373
f 2672 2378 2670
f 2678 2677 2103
f 2103 2677 2378
f 2677 2673 2378
f 2673 2670 2378
f 2671 1881 2376
f 1881 2671 2379
f 2379 2671 2675
f 2675 2679 2379
f 1874 2680 2377
f 2377 2680 2982
f 2976 2986 2380
f 2976 2380 2676
f 2381 2678 2103
f 2382 2681 2381
f 2681 2678 2381
f 2383 2679 2384
f 2679 2683 2384
f 2683 2679 2684
f 2686 2982 2680
f 2685 2982 2686
f 2385 2686 1874
f 1874 2686 2680
f 1703 2681 2382
f 2681 1703 2386
f 2687 2682 2386
f 2384 2683 2387
f 2387 2683 2684
f 2688 2689 2387
f 2684 2688 2387
f 2388 2685 2686
f 2388 2686 2385
f 2690 2389 2986
f 2390 2687 2386
f 2393 2691 2390
f 2691 2687 2390
f 2689 2694 2387
f 2391 2685 2388
f 2690 2392 2389
f 2693 2692 2394
f 2692 2987 2394
f 2987 2393 2394
f 2689 2988 2694
f 2696 2392 2690
f 2396 2693 2394
f 2694 2992 2996
f 2397 2695 2391
f 2400 2396 2399
f 2693 2396 2400
f 2998 2693 2400
f 2996 3001 2697
f 2699 2696 2997
f 2700 2998 2400
f 3005 2401 2697
f 2698 2397 2702
f 2402 2702 2397
f 2403 2700 2400
f 3010 2404 2701
f 3008 2405 3005
f 2702 2402 3009
f 2704 2402 2406
f 2406 2402 2121
f 2703 2407 2404
f 2703 2404 3010
f 2704 3009 2402
f 2703 2408 2407
f 2705 2411 3008
f 3008 3012 2705
f 3015 2412 2408
f 3015 2408 2703
f 2707 2410 2413
f 2705 2415 2411
f 2705 2414 2415
f 2416 2707 2413
f 3014 2708 2414
f 3017 2712 2412
f 2132 2709 2416
f 3324 2417 2708
f 2418 2710 2130
f 2130 2710 2711
f 2715 2709 2132
f 3324 2713 2417
f 2711 2710 2418
f 2716 2711 2418
f 2714 2718 2712
f 2718 2419 2712
f 2719 2422 2713
f 2716 2418 2428
f 2714 2717 2718
f 2715 2421 2426
f 2428 2720 2716
f 2718 3022 2424
f 2717 3022 2718
f 2718 2424 2423
f 2721 2427 2719
f 2428 3028 2720
f 3025 2424 3022
f 3023 2426 2723
f 2141 2722 2428
f 2428 2722 3028
f 3027 2430 2427
f 2427 2721 3027
f 2141 2431 2722
f 3336 2724 1722
f 2723 2429 2432
f 3027 3030 2430
f 1548 2726 2432
f 2725 2434 2724
f 3034 2435 3030
f 3030 3032 3034
f 2145 2436 2433
f 3035 2434 2725
f 1726 2727 2726
f 2150 3039 2436
f 2731 2727 1726
f 2438 3039 2150
f 2729 2730 2437
f 2730 2439 2437
f 2441 3039 2438
f 2441 2735 3039
f 2729 2442 2439
f 2729 2439 2730
f 2443 2734 2731
f 2729 2736 2442
f 2733 2736 2729
f 2737 2734 2443
f 2740 2443 2732
f 2732 3040 2740
f 2735 2441 2738
f 1919 2738 2441
f 3044 2442 2736
f 2447 2739 2443
f 2737 2443 2739
f 2445 2738 1919
f 2741 2447 2740
f 2445 2448 2738
f 2451 3052 2447
f 2739 2447 3052
f 2741 2742 2447
f 1921 2743 2448
f 3051 2449 3048
f 2742 2741 3050
f 2452 2744 1921
f 1921 2744 2743
f 3052 2451 2746
f 2745 2455 2453
f 2745 2453 3051
f 2456 2451 2163
f 2746 2451 2457
f 2456 2457 2451
f 2747 2746 2742
f 2747 2742 3050
f 1923 2458 2452
f 2748 2455 2745
f 2457 2749 2750
f 2749 2457 2456
f 2458 2753 2751
f 2168 2752 2458
f 2752 2753 2748
f 2753 2459 2748
f 2460 2754 2749
f 2749 2461 2750
f 2751 2753 2168
f 2752 2168 2753
f 2753 2462 2459
f 2749 2754 2460
f 2751 2168 2170
f 2755 3064 2462
f 2755 2462 2753
f 2464 2756 2463
f 2464 2463 2171
f 3369 2175 3056
f 3056 2175 2460
f 2751 2170 2757
f 2172 2757 2170
f 2174 2756 2464
f 3369 2758 2175
f 2172 2759 2757
f 2764 2762 3064
f 2177 2761 2172
f 2172 2761 2759
f 2760 2758 2763
f 2177 2466 2761
f 2764 2470 2762
f 3067 2465 2467
f 2469 2765 2466
f 2770 2470 2764
f 3072 2467 2471
f 2766 2472 3068
f 2473 2765 2469
f 2768 2770 2767
f 2770 2474 2470
f 3072 2471 2180
f 2772 1943 2766
f 2766 1943 2472
f 2773 2769 2765
f 2774 2476 2770
f 2776 2475 2772
f 2184 2777 2773
f 3077 2476 2774
f 2478 2779 2775
f 2477 2777 2184
f 3079 2479 2475
f 2475 2776 3079
f 2780 2777 2184
f 2184 2777 2477
f 2781 2480 3077
f 2781 3077 2778
f 2482 2783 2478
f 2779 2478 2783
f 2780 2184 2484
f 2781 2191 2480
f 2784 2483 2479
f 2479 3079 2784
f 2780 2484 3085
f 2781 2782 2787
f 2787 2485 2781
f 2783 2482 2785
f 2484 2786 3085
f 2787 2486 2485
f 2483 2784 2788
f 3088 2486 2787
f 3086 2785 2489
f 2488 2491 2196
f 2196 2491 2786
f 2789 2492 2486
f 2789 2486 3088
f 3397 2490 2788
f 2788 3087 3397
f 3090 2489 2202
f 3397 2790 2490
f 2495 2791 2491
f 2493 2495 2491
f 2792 2492 2793
f 2792 2494 2492
f 3094 2205 2790
f 2793 3097 2792
f 3097 2496 2792
f 2792 2496 2494
f 3094 2796 2205
f 2498 2794 2495
f 3098 2497 2795
f 3103 2795 2501
f 2796 2502 2500
f 2209 2797 2498
f 3406 2505 2499
f 3406 2499 3405
f 3103 2501 2799
f 2798 2503 2502
f 2504 2797 2209
f 3106 2505 3406
f 3409 2507 2505
f 3409 2505 3106
f 2800 2799 2508
f 2506 2508 2799
f 2509 2508 2506
f 2503 2800 2508
f 1968 2801 2504
f 3110 3112 2507
f 3110 2507 3409
f 2508 2509 2510
f 2805 2802 1968
f 1968 2802 2801
f 2512 2510 2509
f 2512 2804 2510
f 2515 2215 2800
f 2800 2215 2510
f 3112 2803 2513
f 3112 2513 2511
f 2808 2802 2805
f 2807 2802 2808
f 2803 2805 2518
f 2516 2803 2518
f 2513 2803 2516
f 2517 2806 2804
f 2807 2808 2518
f 2810 2518 2808
f 2810 2516 2518
f 2520 2806 2517
f 3418 2517 3707
f 3707 2517 2515
f 2521 2809 2518
f 2518 2809 2807
f 3418 2811 2517
f 3421 2524 2811
f 2225 2525 2521
f 3421 3422 2524
f 2528 2814 2229
f 3124 2529 2526
f 3124 2526 2813
f 2530 2815 2527
f 3120 2527 2815
f 2816 2529 3124
f 2532 2817 2815
f 2532 2815 2530
f 3125 2531 3121
f 3121 3123 3125
f 2233 3126 2528
f 3125 2818 2531
f 2533 2819 2233
f 2233 2819 3126
f 2534 2816 3129
f 2238 2820 2532
f 2237 2819 2533
f 2821 2535 2534
f 3430 2820 2238
f 2822 2536 2818
f 2818 3128 2822
f 2819 2237 2823
f 3130 2824 2535
f 3130 2535 2821
f 2537 2538 2238
f 3430 2238 2538
f 2240 3131 3130
f 2827 2539 2824
f 2825 2538 2540
f 1987 3131 2240
f 2827 2829 2539
f 3132 1990 2828
f 2243 3131 1987
f 2542 2830 2540
f 3133 2540 2830
f 2831 2543 3132
f 3132 2543 1990
f 2244 3131 2243
f 2244 2832 3131
f 3135 3138 2541
f 3135 2541 2829
f 1795 2833 2830
f 1795 2830 2542
f 2831 3136 2543
f 2244 2834 2832
f 2546 2833 1795
f 3137 2838 3136
f 2244 2545 2835
f 2834 2244 2835
f 2544 3138 2836
f 2548 2544 2836
f 3137 3140 2838
f 2545 2547 2835
f 2837 2546 2549
f 3141 2550 2838
f 2838 3140 3141
f 2547 2251 2839
f 2003 2841 2251
f 2251 2841 2839
f 3145 2553 3448
f 2555 2843 2552
f 3146 2552 2843
f 2556 2841 2554
f 2554 2841 2003
f 2258 2845 2555
f 2843 2555 2845
f 2844 2842 2846
f 2558 3147 2556
f 2558 2851 3147
f 2847 2557 3145
f 2259 2850 2845
f 2259 2845 2258
f 2848 2846 3152
f 2559 2851 2558
f 2853 2851 2559
f 2560 2850 2264
f 2850 2562 2852
f 2560 2562 2850
f 2853 2559 2561
f 2267 2562 2560
f 2562 2854 2852
f 2562 2852 2563
f 2852 3464 2563
f 2852 3749 3464
f 2855 2561 2266
f 2564 2562 2267
f 2854 2562 2564
f 3464 3157 2563
f 2855 2266 1644
f 2857 2012 3156
f 2855 1644 2566
f 2014 2012 2857
f 2857 2859 2014
f 2858 2565 2567
f 2568 2860 2566
f 3165 2862 3161
f 3161 3163 3165
f 3470 2861 2859
f 3164 2567 2274
f 2569 2860 2568
f 2862 3165 3167
f 2863 2278 2861
f 2861 3762 2863
f 3762 2278 2863
f 2279 2867 2571
f 3168 2571 2867
f 3171 2868 3167
f 3167 3169 3171
f 2017 2866 2865
f 1825 3172 2017
f 2866 2017 3172
f 3174 2870 2868
f 2868 3171 3174
f 1447 2573 2869
f 2280 3173 2574
f 3174 3177 2870
f 1825 3182 3172
f 3484 2023 2869
f 2869 2023 1447
f 3180 2575 2870
f 2870 3177 3180
f 2282 3182 1825
f 3179 3173 2577
f 2576 3182 2282
f 2023 3484 2871
f 3180 3185 2872
f 2284 3182 2576
f 2284 2873 3182
f 2875 2284 2871
f 2578 2877 2577
f 3184 2577 2877
f 2872 3185 2874
f 2284 2873 2878
f 2873 2284 2875
f 2875 2871 2876
f 2579 2881 2873
f 2881 2878 2873
f 2871 2878 2876
f 2292 2879 2877
f 2874 3188 2880
f 2580 2881 2579
f 3191 2581 2878
f 2292 2883 2879
f 3191 2583 2581
f 2882 2880 2884
f 3191 2881 2295
f 2885 2583 3192
f 2296 2887 2883
f 2583 2295 2584
f 2886 2585 2885
f 2885 3192 2886
f 2884 3193 2888
f 2584 2889 2583
f 2886 2890 2585
f 2886 3495 2890
f 1832 2891 2887
f 3197 2586 2888
f 2031 2889 2584
f 2031 2892 2889
f 3201 2893 2890
f 2890 3495 3201
f 2588 2892 2031
f 3202 2587 3197
f 3197 3200 3202
f 3201 2036 2893
f 2589 2896 2894
f 3202 2897 2587
f 3500 2591 3201
f 2590 2896 2589
f 2897 3206 2302
f 2592 2898 2590
f 3206 3204 2302
f 2594 2900 2588
f 3503 2588 2900
f 3506 3210 2591
f 3204 2304 2302
f 3204 3209 2304
f 2595 2899 2898
f 3209 2901 2304
f 2305 1845 2594
f 1845 2900 2594
f 3210 3795 2596
f 2600 2902 2595
f 2905 2597 2596
f 2596 3795 2905
f 2906 2598 2903
f 2905 2599 2597
f 2906 3216 2598
f 2905 3519 2599
f 3800 3519 2905
f 3516 2908 2909
f 2910 2908 3516
f 2601 3218 2907
f 2053 2605 2912
f 2053 2912 1476
f 1476 2912 1847
f 2318 2913 2920
f 2316 2913 2318
f 2914 2602 2908
f 2908 2602 2909
f 2312 3216 2911
f 2312 2911 3223
f 2322 2601 2313
f 2322 2916 2601
f 3809 2924 2310
f 3519 3809 2310
f 2314 2615 3224
f 3224 2315 2314
f 2604 2608 2052
f 2052 2608 2605
f 2608 2912 2605
f 2609 2917 2926
f 2609 3530 2917
f 3226 3530 2325
f 2919 2918 2618
f 2918 2325 2618
f 2918 3226 2325
f 2327 3227 2914
f 2327 2920 3227
f 2921 2610 2611
f 3227 2602 2914
f 2921 2611 2922
f 2611 2923 2922
f 2611 2612 2923
f 2923 2612 2915
f 2613 2916 2322
f 2328 3224 2615
f 2620 2329 3234
f 2329 2330 3234
f 3536 2616 2617
f 3536 3235 2616
f 2925 3536 2617
f 2618 3538 2919
f 3237 3538 2618
f 3237 2618 2619
f 2619 2610 2921
f 3238 2619 2921
f 3237 2619 3238
f 3238 2921 2922
f 2924 2621 2614
f 3233 2328 2927
f 2928 3241 2613
f 2928 2613 2322
f 2928 2322 2621
f 3233 2927 2623
f 2931 3233 2623
f 2623 2927 2328
f 2933 2929 2928
f 2928 2930 2934
f 2623 2935 2931
f 2932 2625 2624
f 2932 2624 2620
f 2928 2934 2936
f 2625 2338 2624
f 2938 2933 2928
f 2928 2936 2938
f 2936 2626 2938
f 2626 2936 2938
f 2626 3246 2937
f 2941 3246 2626
f 2625 2939 2337
f 2933 2938 2940
f 2942 2938 2941
f 2941 2626 2942
f 2627 3248 2943
f 2627 2337 2939
f 2627 2939 3248
f 2945 2944 2938
f 2340 2938 2942
f 2945 2938 2340
f 2626 2340 2942
f 2943 2628 2340
f 2943 2340 2627
f 2340 2946 2945
f 3251 2946 2340
f 2628 3251 2340
f 2948 2634 2629
f 2947 2949 3257
f 2634 2948 3257
f 2952 2634 3257
f 2951 2342 2631
f 2951 2950 2632
f 2632 2950 3255
f 2633 2947 3257
f 2633 3257 2948
f 2634 2952 2635
f 2955 2951 2631
f 2638 2953 2633
f 2954 2638 2635
f 2954 2635 2952
f 2636 2955 2631
f 2638 2956 2953
f 2954 2643 2638
f 2350 2644 2636
f 2350 2636 2639
f 2636 2644 2955
f 2640 2637 2957
f 2637 3265 2957
f 3558 2958 2643
f 3558 2643 2954
f 2642 2352 2956
f 2955 2644 2959
f 2960 2646 2640
f 2640 2646 2645
f 2640 2957 2960
f 2353 3564 2352
f 2649 2959 2644
f 3568 2653 2647
f 2959 2649 2961
f 2963 2651 2960
f 2963 2960 3275
f 2960 3269 3275
f 2353 2652 3271
f 2356 2652 2353
f 3273 2653 3568
f 2654 2962 2649
f 2654 2649 2648
f 2649 2962 2961
f 3279 2656 2653
f 3279 2653 3273
f 2661 2967 2962
f 2661 2962 2654
f 2965 2963 2964
f 2963 3275 2964
f 3271 2652 2657
f 3271 2657 3576
f 2657 2652 2655
f 3279 2966 2658
f 3279 2658 2656
f 2962 2967 2363
f 2965 2363 2662
f 2363 2965 2962
f 2366 3576 2657
f 2663 2967 2661
f 2965 2667 2363
f 2969 2965 2964
f 2366 2664 3576
f 2968 2658 2966
f 2670 2967 2663
f 2674 2965 2969
f 2667 2965 2674
f 2978 2967 2670
f 3284 2967 2970
f 2967 2978 2970
f 2972 2970 2978
f 2668 2667 2671
f 2667 2674 2671
f 2673 2978 2670
f 2674 2973 2675
f 2679 2674 2971
f 2973 2674 2679
f 2974 2679 2971
f 2982 2975 2373
f 2976 3293 2977
f 2976 2676 3293
f 2677 2978 2673
f 2978 2677 2678
f 2972 2978 2979
f 2978 2980 2979
f 2973 2679 2675
f 2679 2974 2684
f 2684 2974 3301
f 2981 3301 2974
f 3299 2976 2977
f 2681 2978 2678
f 2978 2681 2386
f 2978 2386 2980
f 2980 2386 2682
f 3301 2981 2984
f 3298 3301 2984
f 2685 2989 2982
f 3299 2986 2976
f 3299 2985 2986
f 2687 2980 2682
f 2983 2980 2687
f 2688 2684 2689
f 2684 2988 2689
f 2684 3301 2988
f 2986 3304 2690
f 2985 3304 2986
f 2691 2983 2687
f 2983 2691 2393
f 2983 2393 2987
f 2991 2987 2692
f 3301 3303 2988
f 2391 2990 2685
f 2685 2990 2989
f 3306 2696 2690
f 3306 2690 3304
f 2693 2991 2692
f 2993 2992 2694
f 2988 2993 2694
f 2695 2994 2391
f 2391 2994 2990
f 3309 2997 2696
f 3309 2696 3306
f 2693 2998 2991
f 2995 2998 2999
f 3001 3000 2697
f 2996 2992 3001
f 3002 3000 3001
f 2698 3003 2397
f 2397 3003 2695
f 2997 2701 2699
f 3004 2998 2700
f 2999 2998 3004
f 3000 3005 2697
f 3000 3002 3005
f 3006 3010 2701
f 3006 2701 2997
f 2403 3004 2700
f 3009 2698 2702
f 2124 3007 2403
f 3316 3008 3005
f 2704 3013 3009
f 3622 3015 2703
f 3622 2703 3010
f 2410 2707 3007
f 3011 3007 2707
f 2706 3013 2704
f 3016 3011 2707
f 3012 2414 2705
f 3012 3014 2414
f 3323 3017 2412
f 3323 2412 3015
f 2416 3016 2707
f 3011 3016 2416
f 3324 2708 3014
f 2711 3322 2706
f 2711 3018 3322
f 2714 2712 3017
f 2715 3330 2709
f 3327 2713 3324
f 2716 3019 2711
f 2711 3019 3018
f 3331 2719 3327
f 3327 2719 2713
f 3021 3019 2716
f 2714 3020 2717
f 2426 3023 2715
f 3330 2715 3023
f 3021 2716 2720
f 3022 2717 3020
f 3024 2721 2719
f 2719 3331 3024
f 3021 2720 3028
f 2723 3026 3023
f 3333 1722 3025
f 2721 3024 3027
f 2431 3028 2722
f 3336 1722 3333
f 2432 3029 2723
f 3026 2723 3029
f 2433 3031 2431
f 2431 3031 3028
f 3339 2724 3336
f 2726 3340 3029
f 2726 3029 2432
f 3030 3338 3032
f 3339 2725 2724
f 3033 3340 2726
f 3032 3338 3034
f 2436 3037 2433
f 2433 3037 3031
f 3035 2725 3339
f 2727 3036 2726
f 3033 2726 3036
f 3039 3037 2436
f 3345 2437 3035
f 2731 3038 3036
f 2731 3036 2727
f 3343 2728 3034
f 3345 2733 2729
f 3345 2729 2437
f 3040 2732 2728
f 2728 3343 3040
f 2735 3041 3039
f 2734 2737 2731
f 3038 2731 2737
f 3348 2740 3040
f 2738 3041 2735
f 3044 2736 3042
f 3043 2737 2739
f 3348 3349 2740
f 3044 3042 3046
f 3046 3048 3044
f 3352 2741 2740
f 2740 3349 3352
f 2448 3047 2738
f 2738 3047 3045
f 3052 3049 2739
f 3353 2739 3049
f 2448 2743 3047
f 3358 3051 3048
f 2741 3352 3050
f 2746 2747 3052
f 3054 2745 3051
f 3050 3052 2747
f 3050 3359 3052
f 3050 3053 3360
f 3050 3360 3359
f 2458 3055 2452
f 3054 2748 2745
f 3056 3361 2746
f 2750 3056 2746
f 3361 2750 2746
f 2750 3361 3359
f 2751 3057 2458
f 2458 3057 3055
f 3054 2458 2752
f 3054 2752 2748
f 3056 2750 3058
f 3359 3058 2750
f 3365 3058 3359
f 3057 2751 3059
f 3054 2753 2458
f 3060 2753 3054
f 2460 3061 3056
f 3061 3058 3056
f 3063 3059 2751
f 2753 3060 2755
f 2756 3062 2460
f 2756 2460 2463
f 3061 2460 3062
f 3058 3369 3056
f 3058 3365 3369
f 3063 2751 2757
f 3064 2755 3060
f 2174 3065 3062
f 2174 3062 2756
f 3066 2758 3369
f 3063 2757 2759
f 3373 2764 3064
f 2465 3067 3065
f 2465 3065 2174
f 3666 2763 2758
f 2758 3066 3666
f 2467 3072 3067
f 3666 3068 2763
f 2761 3069 3070
f 2765 3069 2466
f 2466 3069 2761
f 2767 2764 3071
f 2767 2770 2764
f 3669 2766 3068
f 3070 3069 2765
f 3378 3070 2765
f 3071 2768 2767
f 2180 3073 3072
f 3382 2772 3669
f 3669 2772 2766
f 3378 2765 2769
f 3074 2770 2768
f 3074 2768 3071
f 2771 3073 2180
f 3074 2774 2770
f 3075 2771 2775
f 3076 2776 2772
f 2772 3382 3076
f 2777 3385 2773
f 2773 3385 2769
f 3077 2774 3074
f 3075 2775 2779
f 3078 2778 3077
f 2776 3076 3079
f 2777 2780 3080
f 3081 3078 3083
f 3081 2778 3078
f 3387 2779 2783
f 3084 3083 3082
f 3083 2782 3081
f 2782 2781 3081
f 3081 2781 2778
f 3079 3388 2784
f 3083 3084 2787
f 2787 2782 3083
f 2785 3086 2783
f 3389 2783 3086
f 2780 3085 2786
f 3087 2788 2784
f 3088 2787 3685
f 2489 3090 3086
f 2491 3091 2786
f 2786 3091 3399
f 3089 2789 3088
f 3087 3395 3397
f 2791 3089 2491
f 2491 3089 3091
f 3092 2492 2789
f 3092 2789 3089
f 2202 3093 3090
f 3094 2790 3397
f 2495 3095 2791
f 3096 2791 3095
f 3089 2791 3096
f 3089 3097 3092
f 3089 3096 3097
f 3097 2793 2492
f 3097 2492 3092
f 2497 3098 3093
f 2497 3093 2202
f 3096 3095 3097
f 3097 3095 3102
f 3100 2796 3094
f 3100 3094 3400
f 2794 3101 2495
f 2495 3101 3099
f 3102 2499 3097
f 2795 3103 3098
f 3100 3098 3103
f 3404 2796 3100
f 3405 2499 3102
f 2797 3105 2498
f 2498 3105 2794
f 2799 2798 3103
f 3103 2502 3104
f 2502 3103 2798
f 3407 3104 2502
f 2796 3407 2502
f 2799 3107 2798
f 3107 2503 2798
f 3109 2503 3107
f 2503 3109 3104
f 3104 3407 2503
f 2504 3108 2797
f 2800 3107 2799
f 2800 3109 3107
f 2503 3410 2800
f 2801 3108 2504
f 3111 2800 2510
f 3111 3109 2800
f 2800 3410 3411
f 2804 3111 2510
f 3701 2515 3411
f 3411 2515 2800
f 3115 2801 2802
f 3113 3112 3114
f 3113 2803 3112
f 3415 2515 3701
f 3115 2802 2807
f 3114 2808 3113
f 2808 2805 3113
f 2805 2803 3113
f 3416 2804 2806
f 3415 3707 2515
f 3115 2807 3116
f 2809 3117 2807
f 2807 3117 3116
f 3420 2810 2808
f 3118 2811 3418
f 3420 2812 2810
f 2523 3119 2522
f 3118 3421 2811
f 3712 2812 3420
f 2527 3119 2523
f 2814 3122 2229
f 2229 3122 2525
f 2814 2528 3126
f 3129 2816 3124
f 2532 3127 2817
f 3128 2818 3125
f 2819 2823 3126
f 2820 3127 2532
f 2237 3129 3719
f 2237 2821 2534
f 2237 2534 3129
f 3720 2822 3128
f 2823 3719 3431
f 3719 2823 2237
f 3130 2821 2237
f 2538 2825 3430
f 3722 2822 3720
f 3431 3438 3130
f 2824 3130 3438
f 3722 2826 2822
f 3130 3131 3431
f 3438 2827 2824
f 2540 3133 2825
f 3132 2828 2826
f 2826 3722 3132
f 3131 3440 3134
f 3438 2829 2827
f 3441 2829 3438
f 3730 2831 3132
f 2832 3440 3131
f 3441 3135 2829
f 3730 3136 2831
f 2546 3139 2833
f 2835 2547 2834
f 2837 3139 2546
f 3447 3448 2836
f 3447 2836 3138
f 3139 2837 2549
f 3140 3137 3141
f 2839 3444 2547
f 2552 3143 2549
f 3146 3143 2552
f 3142 2840 3141
f 2841 3144 3451
f 3738 3145 3448
f 3453 2842 2840
f 2840 3142 3453
f 2556 3147 3144
f 2556 3144 2841
f 3454 3146 2843
f 3454 2843 2845
f 3455 2846 2842
f 2842 3453 3149
f 2842 3149 3455
f 2850 3150 2845
f 2851 3148 3147
f 2851 3151 3148
f 3456 2849 2847
f 3153 2849 3456
f 3459 3150 2850
f 3152 2846 3455
f 2852 3462 2850
f 3459 2850 3462
f 4021 2852 3152
f 3154 3462 2852
f 4021 3749 2852
f 3461 3156 3153
f 2854 3155 2852
f 3154 2852 3155
f 2564 3155 2854
f 3156 4024 2857
f 2858 3160 2564
f 4025 2856 3157
f 3159 2857 4024
f 4025 3161 2856
f 2855 2566 3158
f 2566 3162 3158
f 3159 2859 2857
f 3466 2859 3159
f 2567 3164 2858
f 3160 2858 3164
f 3161 3469 3163
f 3162 2566 2860
f 3466 3470 2859
f 3163 3469 3165
f 3760 2861 3470
f 2274 3166 3164
f 2569 2570 2860
f 3756 2860 2570
f 2571 3168 3166
f 2571 3166 2274
f 3165 3472 3167
f 3760 3762 2861
f 3167 3475 3169
f 2017 2865 2570
f 2866 2570 2865
f 3477 2864 3762
f 2867 3170 3168
f 3169 3475 3171
f 3477 2573 2864
f 3477 4036 2573
f 3479 3170 2867
f 2573 4036 2869
f 2574 3173 2867
f 3479 2867 3173
f 3171 3480 3174
f 3175 3478 3172
f 3176 2869 4036
f 3182 3178 3172
f 3175 3172 3178
f 3176 3484 2869
f 3177 3174 3180
f 3181 3178 3182
f 2577 3184 3179
f 3181 3182 3183
f 3490 2871 3484
f 2873 2876 3182
f 3183 3182 3186
f 3186 3182 2876
f 2877 3187 3184
f 3188 2874 3185
f 2875 2876 2873
f 2871 3490 2878
f 2878 3186 2876
f 2878 3492 3186
f 3187 2877 2879
f 3189 2880 3188
f 2881 3492 2878
f 2881 3191 3492
f 3775 3191 2878
f 2883 3190 2879
f 3191 3775 3776
f 3191 3776 3192
f 3193 2884 2880
f 2880 3189 3193
f 2295 2583 3191
f 2887 3496 2883
f 3190 2883 3496
f 3192 2583 3778
f 3495 2886 3192
f 3194 3496 2887
f 3195 2888 3193
f 2889 2892 2583
f 3778 2583 2892
f 2891 3196 2887
f 3194 2887 3196
f 3195 3197 2888
f 3786 3201 3495
f 2894 3199 3196
f 2894 3196 2891
f 3198 2892 2895
f 2895 2892 2588
f 2896 3203 2894
f 3199 2894 3203
f 3204 2897 3202
f 2588 3205 2895
f 2590 3203 2896
f 3502 3203 2590
f 3204 3206 2897
f 3503 3205 2588
f 3501 2591 3500
f 3504 2591 3501
f 2898 2899 2590
f 3502 2590 3207
f 3207 2590 2899
f 3504 3506 2591
f 2899 3208 3207
f 3208 2899 3211
f 3211 2899 2595
f 3209 3507 2903
f 3209 2903 2901
f 3213 2900 1845
f 2902 3215 2595
f 3211 2595 3215
f 2904 3213 1845
f 2600 3214 3215
f 2600 3215 2902
f 2903 3522 2906
f 2903 3212 3522
f 2601 3213 2904
f 2601 2907 3213
f 2910 3214 2600
f 3522 3216 2906
f 3514 3800 2905
f 3516 2909 3217
f 2910 3512 3214
f 3216 3223 2911
f 3216 3522 3223
f 3523 3522 3517
f 3804 2912 3219
f 2912 2316 1847
f 3220 2913 2316
f 2909 2602 3217
f 2916 3218 2601
f 3224 3225 2315
f 3225 3526 2315
f 3526 2603 2315
f 2607 2603 2608
f 2608 3219 2912
f 2919 3226 2918
f 2913 3221 2920
f 2920 3221 3227
f 2602 3227 3222
f 3228 2922 2923
f 3228 2923 3229
f 2923 2915 3229
f 3230 2915 3223
f 2613 3218 2916
f 2613 3231 3218
f 2924 3809 3232
f 3233 3224 2328
f 3817 3234 2330
f 3818 2330 3235
f 3818 3817 2330
f 3536 2925 2926
f 3821 2926 3236
f 3821 3536 2926
f 3236 2926 2917
f 3823 3538 3237
f 3238 2922 3228
f 3238 3228 3229
f 2613 3241 3231
f 3232 2621 2924
f 2930 2621 3232
f 3240 3239 2620
f 2620 3234 3240
f 2929 3241 2928
f 2621 2930 2928
f 2931 3534 3233
f 2932 2620 3239
f 2932 3239 3243
f 3242 3244 2930
f 2934 2930 3244
f 3243 2625 2932
f 2936 2934 3244
f 3246 2935 2937
f 2940 3245 2933
f 2938 3245 2940
f 2938 3244 3247
f 3244 2938 2936
f 3247 2941 2938
f 3249 2943 3248
f 3250 2938 2944
f 2628 3249 3251
f 2943 3249 2628
f 2945 3250 2944
f 3249 2946 3251
f 3249 3252 2946
f 2946 3252 2945
f 3257 2949 2947
f 2633 3253 2947
f 3257 2947 3253
f 3254 2950 2951
f 3254 3258 2950
f 3258 3550 2950
f 2950 3550 3255
f 2633 3256 3253
f 2955 3258 3254
f 2955 3254 2951
f 2953 3256 2633
f 3265 2637 3255
f 3255 2637 2632
f 3259 3255 3560
f 3265 3255 3259
f 3260 2954 2952
f 3261 3258 2955
f 3553 3258 3263
f 3263 3258 3261
f 3558 2954 3260
f 2955 3262 3261
f 3265 3259 3266
f 2956 2352 3562
f 2959 3262 2955
f 3262 2959 3261
f 3269 2960 3265
f 3265 2960 2957
f 2352 3564 3562
f 3267 2647 2958
f 3267 2958 3558
f 2959 3268 3261
f 3264 3261 3268
f 3270 3265 3266
f 3269 3265 3270
f 2353 3272 3564
f 3568 2647 3267
f 3275 3269 3574
f 2353 3271 3272
f 3271 3273 3568
f 2962 3274 2961
f 3569 2959 2961
f 3269 3270 3574
f 3276 3277 3271
f 3278 3271 3277
f 3271 3279 3273
f 3271 3278 3279
f 3569 2961 3274
f 3286 2964 3275
f 3286 3275 3280
f 3280 3275 3574
f 3576 3276 3271
f 3278 2966 3279
f 3274 2962 2965
f 3281 3274 2965
f 3278 3277 2966
f 2967 3284 2363
f 3281 2965 2363
f 3284 3281 2363
f 3274 3281 3282
f 3286 2969 2964
f 3286 3280 3283
f 2664 2669 3288
f 2968 2966 3277
f 3290 3286 3283
f 3290 3283 3287
f 2373 3288 2669
f 3587 3293 2968
f 3284 2970 2972
f 3281 3284 2972
f 3281 3289 3282
f 3281 2972 3289
f 3285 3282 3289
f 3286 2674 2969
f 2674 3286 2971
f 3286 3290 2971
f 2975 3292 2373
f 2373 3292 3288
f 2974 2971 3290
f 3290 3295 2974
f 3290 3287 3295
f 3298 3287 3291
f 3295 3287 3298
f 3299 2977 3293
f 2972 2979 2980
f 2972 2980 3289
f 3294 3297 3296
f 3294 3289 3297
f 2974 3295 2981
f 3295 3298 2981
f 3291 3594 3298
f 2982 3597 2975
f 2983 3289 2980
f 3298 2984 2981
f 3298 3598 3301
f 3302 2982 2989
f 2982 3302 3597
f 3597 3302 2989
f 3299 3302 2989
f 2985 3299 2989
f 2983 3297 3289
f 3297 2983 2987
f 3297 2987 3300
f 3307 3300 2987
f 3598 3303 3301
f 3305 3597 2989
f 3304 2985 2989
f 2991 3307 2987
f 3307 2991 3308
f 2993 2988 3303
f 2993 3303 3603
f 3305 2989 2990
f 3304 2989 3306
f 3308 2991 2998
f 3305 2990 2994
f 3308 2998 2995
f 3605 3308 2995
f 3610 2997 3309
f 3311 3605 2999
f 3605 2995 2999
f 3310 3001 2992
f 3310 3002 3001
f 3003 3312 2695
f 3887 3005 3310
f 3310 3005 3002
f 3310 3608 3887
f 2698 3312 3003
f 3313 2997 3314
f 3313 3006 2997
f 2403 3315 3004
f 3887 3316 3005
f 3312 3891 3317
f 3312 2698 3009
f 3312 3009 3314
f 3314 3009 3313
f 3009 3010 3313
f 3313 3010 3006
f 3007 3315 2403
f 3614 3008 3316
f 3009 3317 3891
f 3319 3009 3891
f 3319 3622 3010
f 3319 3010 3009
f 3616 3007 3011
f 3614 3012 3008
f 3614 3617 3012
f 3013 3318 3009
f 3009 3318 3317
f 3012 3320 3014
f 3320 3012 3011
f 3011 3012 3321
f 3012 3617 3619
f 3012 3619 3321
f 3320 3011 3321
f 3321 3014 3320
f 3619 3014 3321
f 3321 3014 3619
f 2706 3322 3013
f 3323 3015 3622
f 2416 3321 3011
f 3324 3321 3621
f 3324 3014 3321
f 3624 3017 3323
f 2709 3326 2416
f 2714 3017 3624
f 3330 3326 2709
f 3325 3327 3324
f 3328 2714 3329
f 3328 3020 2714
f 3018 3021 3629
f 3019 3021 3018
f 3328 3329 3020
f 3329 3630 3020
f 3023 3633 3330
f 3020 3630 3022
f 3332 3633 3023
f 3331 3631 3024
f 3028 3629 3021
f 3028 3632 3629
f 3333 3025 3022
f 3333 3022 3630
f 3026 3334 3023
f 3332 3023 3334
f 3028 3335 3632
f 3636 3027 3024
f 3024 3634 3636
f 3334 3026 3029
f 3338 3030 3636
f 3636 3030 3027
f 3031 3337 3028
f 3028 3337 3335
f 4179 3339 3336
f 3341 3034 3338
f 3037 3342 3031
f 3642 3035 3339
f 3340 3033 3036
f 3341 3343 3034
f 3642 3345 3035
f 3039 3344 3037
f 3346 3040 3343
f 3041 3347 3039
f 3039 3347 3344
f 2736 2733 3345
f 2737 3043 3038
f 3645 3038 3043
f 2736 3345 3042
f 3040 3346 3348
f 3041 2738 3350
f 2739 3351 3043
f 3350 2738 3045
f 3353 3351 2739
f 3349 3348 3352
f 3047 3350 3045
f 3046 3042 3355
f 3355 3048 3046
f 3047 2743 3354
f 3355 3358 3048
f 3356 3353 3049
f 3053 3050 3352
f 3352 3357 3053
f 2744 3922 2743
f 2743 3922 3354
f 3356 3049 3052
f 3925 3054 3051
f 3925 3051 3358
f 3362 3052 3359
f 3360 3053 3655
f 2452 3055 2744
f 3656 3054 3925
f 3361 3362 3359
f 3363 3359 3360
f 3658 3054 3656
f 3058 3361 3056
f 3058 3364 3361
f 3363 3365 3359
f 3366 3060 3054
f 3366 3054 3658
f 3367 3364 3058
f 3366 3658 3060
f 3658 3370 3060
f 3062 3058 3061
f 3367 3058 3062
f 3365 3368 3369
f 3060 3370 3064
f 3661 3066 3369
f 2759 3372 3063
f 3373 3064 3370
f 3067 3371 3065
f 3372 2761 3375
f 3372 2759 2761
f 3374 3371 3067
f 3066 3661 3666
f 3670 2764 3373
f 3072 3376 3067
f 3374 3067 3376
f 3377 3068 3666
f 3070 3378 2761
f 2761 3378 3375
f 3379 3071 2764
f 3379 2764 3670
f 3377 3669 3068
f 3379 3670 3071
f 3073 3381 3072
f 3376 3072 3381
f 3383 3380 3378
f 3670 3074 3071
f 2771 3381 3073
f 2769 3383 3378
f 2769 3385 3383
f 3673 2771 3075
f 3382 3672 3076
f 3078 3077 3074
f 3078 3074 3384
f 3673 3075 2779
f 2777 3386 3385
f 3388 3079 3076
f 3076 3674 3388
f 3080 3679 2777
f 2777 3679 3386
f 3082 3078 3080
f 3082 3083 3078
f 2783 3389 3387
f 3080 2780 3082
f 2780 3084 3082
f 3390 2784 3388
f 3392 3391 2780
f 3391 2787 3084
f 3391 3084 2780
f 3086 3683 3389
f 3390 3087 2784
f 3392 2780 2786
f 3393 3685 2787
f 3393 2787 3391
f 3394 3683 3086
f 3087 3390 3395
f 3399 3682 2786
f 2786 3682 3392
f 3090 3686 3086
f 3394 3086 3686
f 3396 3089 3088
f 3396 3088 3685
f 3688 3686 3090
f 3395 3398 3397
f 3095 3399 3091
f 3396 3091 3089
f 3093 3690 3090
f 3688 3090 3690
f 3400 3094 3397
f 3400 3397 3398
f 3399 2495 3401
f 3095 2495 3399
f 3396 3095 3091
f 3098 3690 3093
f 3402 3401 2495
f 3099 3402 2495
f 3102 3396 3403
f 3095 3396 3102
f 3404 3690 3100
f 3098 3100 3690
f 3690 3404 3100
f 3400 3690 3100
f 3099 3101 3402
f 3405 3102 3403
f 3694 3404 3100
f 3103 3694 3100
f 3693 3406 3405
f 3104 3694 3103
f 3407 2796 3404
f 2794 3105 3101
f 3974 3409 3106
f 3974 3106 3406
f 3410 2503 3407
f 3108 3408 2797
f 2797 3408 3105
f 3700 3112 3110
f 3700 3110 3409
f 3698 3109 3111
f 2801 3412 3108
f 2804 3414 3111
f 2801 3115 3412
f 3413 3114 3112
f 3413 3112 3700
f 3416 3414 2804
f 3413 2808 3114
f 3116 3705 3115
f 3417 2808 3413
f 2520 3416 2806
f 3709 3420 2808
f 3709 2808 3417
f 2522 3711 2520
f 4513 3118 3418
f 2809 3419 3117
f 3119 3711 2522
f 4513 3421 3118
f 2521 3419 2809
f 3987 3712 3420
f 2527 3423 3119
f 2525 3988 2521
f 3120 3423 2527
f 3424 3121 3422
f 3122 3988 2525
f 3994 2813 2812
f 3994 2812 3712
f 2815 3425 3120
f 3423 3120 3425
f 3424 3123 3121
f 3124 2813 3994
f 2817 3425 2815
f 3426 3125 3123
f 3123 3424 3426
f 2814 3126 4267
f 3129 3124 3718
f 3127 3427 2817
f 3428 3128 3426
f 3426 3128 3125
f 3126 2823 4267
f 2820 3427 3127
f 3718 3719 3129
f 3128 3428 3720
f 3431 3429 2823
f 2825 3432 3430
f 3431 3433 3429
f 3431 3131 3433
f 3438 3431 3434
f 3435 3432 2825
f 3133 3436 2825
f 3435 2825 3436
f 3437 3132 3722
f 3134 3433 3131
f 3439 3132 3437
f 2830 3442 3133
f 3436 3133 3442
f 3439 3730 3132
f 3138 3135 3441
f 2833 3442 2830
f 3731 3136 3730
f 2834 2547 2832
f 3139 3733 2833
f 3443 3137 3731
f 3731 3137 3136
f 3447 3445 3446
f 3447 3138 3445
f 3448 3447 3446
f 2549 3449 3139
f 3733 3139 3449
f 3450 3141 3137
f 3450 3137 3443
f 3143 3449 2549
f 3142 3141 3450
f 2841 3451 2839
f 4282 3738 3448
f 4012 3142 3736
f 3146 3454 3143
f 3452 3143 3454
f 4012 3453 3142
f 3147 4289 3144
f 3145 3738 4015
f 3148 4289 3147
f 3456 2847 4015
f 4015 2847 3145
f 2845 3455 3454
f 3457 3454 3455
f 3457 3149 3453
f 3453 3739 3457
f 3150 3455 2845
f 3149 3457 3455
f 3458 3153 3456
f 3152 3459 3457
f 3455 3459 3152
f 3459 3455 3150
f 3457 3745 3152
f 2851 3460 3151
f 3746 3153 3458
f 3745 4021 3152
f 2851 2853 3460
f 3746 3461 3153
f 2561 3463 2853
f 3462 3154 3155
f 2855 3463 2561
f 3750 3156 3461
f 4024 3156 3750
f 2564 3465 3155
f 4299 3157 3464
f 3160 3465 2564
f 4299 4025 3157
f 3158 3751 2855
f 3466 3159 4024
f 3469 3161 4025
f 3164 3468 3160
f 3467 3160 3468
f 2860 3756 3162
f 3466 4300 3470
f 3472 3165 3469
f 3757 3760 3470
f 3166 3471 3164
f 3468 3164 3471
f 2570 3473 3756
f 3168 3474 3471
f 3168 3471 3166
f 3475 3167 3472
f 2570 3476 3473
f 3763 3474 3168
f 2866 3476 2570
f 3170 3479 3168
f 3763 3168 3479
f 3480 3171 3475
f 3476 2866 3478
f 3172 3478 2866
f 3173 3482 3479
f 3483 3174 3480
f 3484 3176 4036
f 4036 3481 3484
f 3179 3485 3482
f 3179 3482 3173
f 3769 3180 3174
f 3174 3483 3769
f 3184 3487 3179
f 3485 3179 3487
f 4042 3185 3769
f 3769 3185 3180
f 3486 3490 3484
f 3488 3487 3184
f 4042 4043 3185
f 3183 3186 3489
f 3187 3491 3184
f 3488 3184 3491
f 3771 3188 3185
f 3185 4043 3771
f 4046 2878 3490
f 3771 3772 3188
f 4046 3775 2878
f 3491 3187 2879
f 3774 3189 3188
f 3188 3772 3774
f 3192 3492 3191
f 3192 3493 3492
f 4053 3193 3189
f 3189 3774 4053
f 3192 3494 3493
f 3779 3192 3776
f 3777 3190 3496
f 4053 4054 3193
f 3778 3494 3192
f 3779 3495 3192
f 3781 3195 3193
f 3193 4054 3781
f 2892 3497 3778
f 3496 3194 3196
f 4058 3197 3781
f 3781 3197 3195
f 3198 3497 2892
f 4058 3200 3197
f 3498 3201 3786
f 3499 3202 3200
f 3200 4058 3499
f 3498 3500 3201
f 3203 3502 3199
f 3785 3199 3502
f 4064 3204 3499
f 3499 3204 3202
f 4064 3788 3204
f 3501 3500 3504
f 3207 3505 3502
f 3204 3788 3789
f 3204 3789 3209
f 3504 4067 3506
f 3208 3505 3207
f 3789 3507 3209
f 4067 3210 3506
f 3211 3508 3208
f 3509 3208 3508
f 3510 2903 3507
f 3510 3507 3793
f 3213 4073 2900
f 4067 3795 3210
f 3215 3508 3211
f 3511 3509 3215
f 3509 3508 3215
f 2903 3510 3212
f 3514 2905 3795
f 3214 3511 3215
f 3509 3511 3798
f 3798 3511 3512
f 3513 3522 3510
f 3510 3522 3212
f 3512 3511 3214
f 4075 3517 3513
f 3513 3517 3522
f 3217 3515 3516
f 2910 3801 3512
f 2910 3516 3801
f 3218 3518 2907
f 3219 3520 3804
f 2912 3521 2316
f 3804 3521 2912
f 3221 2913 3220
f 2602 3222 4083
f 3217 2602 3515
f 2602 4083 3515
f 3230 3223 4091
f 3223 3522 4091
f 3518 3218 3524
f 3525 3810 3224
f 3224 4088 3225
f 3810 4088 3224
f 3526 3527 2603
f 3527 3811 2603
f 2603 3811 2608
f 3811 3528 2608
f 3528 3529 2608
f 3219 2608 3520
f 2608 4081 3520
f 2608 3529 4081
f 3530 3226 3531
f 3531 3226 2919
f 3531 2919 3812
f 3532 3229 2915
f 2915 4095 3532
f 2915 3230 4095
f 3231 3524 3218
f 3232 3809 3533
f 3224 3233 3525
f 3525 3233 3534
f 3535 3234 3817
f 3819 3818 3235
f 3820 3235 3536
f 3820 3819 3235
f 3236 2917 3530
f 3236 3530 3531
f 3537 3812 2919
f 3537 2919 3538
f 3539 3237 3238
f 3539 3823 3237
f 3238 3229 3532
f 3539 3238 3532
f 3533 2930 3232
f 3240 3234 3535
f 3241 3829 3231
f 2931 3815 3534
f 3243 3239 3240
f 3540 3829 3241
f 3540 3241 2929
f 3540 2929 2933
f 3242 3541 3244
f 2939 2625 3243
f 3542 3540 2933
f 3542 2933 3245
f 3244 3541 3543
f 2941 3828 3246
f 2935 3246 3828
f 3245 2938 3544
f 3244 3543 3247
f 3543 2941 3247
f 3248 2939 3832
f 4367 2938 3250
f 3249 3248 3832
f 4367 3250 3546
f 3250 3547 3546
f 3250 3545 3547
f 3249 3546 3547
f 3546 3249 3548
f 2945 3545 3250
f 3545 3252 3249
f 3545 3249 3547
f 3545 2945 3252
f 3257 3253 3256
f 3257 3256 3839
f 3258 3555 3550
f 3555 3255 3550
f 3549 3255 3551
f 3549 3555 3255
f 3555 3549 3255
f 3556 3255 3549
f 3556 3560 3255
f 3255 3560 3551
f 3839 2952 3257
f 3260 2952 3839
f 3258 3553 3555
f 3255 3555 3560
f 3551 3560 3555
f 3840 3556 3552
f 2953 3557 3256
f 3554 3555 3553
f 3561 3560 3556
f 3561 3556 3840
f 3839 3558 3260
f 3553 3263 3559
f 2956 3557 2953
f 3263 3565 3559
f 3263 3570 3565
f 3571 3266 3259
f 3571 3259 3560
f 3567 3560 3561
f 3571 3560 3567
f 3562 3557 2956
f 3558 3563 3267
f 3264 3263 3261
f 3566 3267 3563
f 3263 3264 3570
f 3571 3270 3266
f 3272 3851 3564
f 3568 3267 3566
f 2959 3569 3268
f 3277 3851 3272
f 3568 3272 3271
f 3568 3855 3272
f 3570 3264 3268
f 3584 3270 3571
f 3574 3270 3584
f 3571 3567 3584
f 3277 3276 3572
f 3855 3277 3272
f 3577 3277 3855
f 3274 3285 3569
f 3569 3285 3573
f 3582 3280 3574
f 3276 3576 3572
f 3268 3569 3573
f 3583 3574 3584
f 3582 3574 3583
f 3584 3575 3578
f 2664 3579 3576
f 3586 3277 3577
f 3285 3274 3282
f 3285 3580 3573
f 3280 3581 3283
f 3280 3582 3581
f 3585 3579 2664
f 3277 3586 2968
f 3581 3287 3283
f 3291 3582 3583
f 3581 3582 3291
f 3591 3583 3584
f 3291 3583 3591
f 3288 3585 2664
f 3288 3292 3585
f 3587 2968 3586
f 3289 3588 3580
f 3289 3580 3285
f 3580 3588 3592
f 3580 3589 3590
f 3580 3592 3589
f 3287 3581 3291
f 3871 3293 3587
f 3294 3588 3289
f 3588 3294 3592
f 3291 3591 3594
f 2975 3870 3292
f 3871 3299 3293
f 3296 3592 3294
f 3592 3296 3297
f 3592 3297 3589
f 3300 3589 3297
f 3593 3589 3300
f 3874 3298 3594
f 3597 3870 2975
f 3600 3299 3871
f 3300 3601 3593
f 3595 3593 3601
f 3874 3598 3298
f 3594 3596 3874
f 3600 3302 3299
f 3601 3300 3307
f 3598 3874 3303
f 3305 3599 3597
f 3600 2989 3302
f 3606 2989 3600
f 3602 3601 3307
f 3604 3599 3305
f 2989 3606 3306
f 3308 3605 3307
f 3605 3602 3307
f 2994 3604 3305
f 2994 4152 3604
f 3606 3309 3306
f 3607 3605 3311
f 3608 3310 2992
f 3882 2992 3609
f 3608 2992 3882
f 2695 4152 2994
f 3610 3309 3606
f 2999 3607 3311
f 3312 3612 2695
f 3004 3315 2999
f 3611 2999 3315
f 3608 3882 3887
f 3613 3314 2997
f 3613 2997 3610
f 3614 3316 3887
f 3317 3615 3312
f 3312 3615 3612
f 3613 3889 3312
f 3613 3312 3314
f 3007 3616 3315
f 3318 3615 3317
f 3889 3891 3312
f 3011 3321 3616
f 3321 3618 3616
f 3013 3620 3318
f 4161 3622 3319
f 4161 3319 3891
f 3618 3321 3619
f 3619 3617 3621
f 3322 3620 3013
f 2416 3621 3321
f 3617 3324 3621
f 4167 3324 3617
f 3624 3323 3622
f 3326 3621 2416
f 4167 3325 3324
f 3018 3625 3322
f 3322 3625 3623
f 3621 3326 3899
f 3327 3325 4167
f 3627 3329 2714
f 3627 2714 3624
f 3330 3628 3326
f 3899 3326 3628
f 3631 3331 3626
f 3626 3331 3327
f 3630 3627 3902
f 3630 3329 3627
f 3633 3628 3330
f 3634 3024 3631
f 3902 3333 3630
f 3633 3332 3334
f 3635 3632 3335
f 3637 3635 3335
f 3333 3638 3336
f 3906 3334 3029
f 3909 3338 3636
f 3337 3637 3335
f 4179 3336 3638
f 3340 3640 3029
f 3909 4440 3338
f 3031 3639 3337
f 4182 3339 4179
f 3910 3341 3338
f 3338 4440 3910
f 3342 3639 3031
f 4186 3642 3339
f 4186 3339 4182
f 3036 3641 3340
f 3640 3340 3641
f 3912 3343 3910
f 3910 3343 3341
f 3037 3643 3342
f 3038 3645 3641
f 3038 3641 3036
f 3643 3037 3344
f 3644 3345 3642
f 3343 3912 3346
f 3643 3344 3347
f 3917 3345 3644
f 3043 3918 3645
f 3345 3917 4191
f 3646 3918 3043
f 4196 3348 3346
f 3350 3647 3041
f 3041 3647 3347
f 3345 4191 3648
f 3648 3042 3345
f 3351 3649 3043
f 3646 3043 3649
f 3648 4191 3042
f 4191 3650 3042
f 3920 3352 3348
f 3348 4196 3920
f 3650 3355 3042
f 3353 3356 3351
f 3651 3350 3354
f 3354 3350 3047
f 3654 3357 3352
f 3654 3352 3920
f 3922 3651 3354
f 3652 3358 3355
f 3052 3653 3356
f 3654 3356 3053
f 3653 3053 3356
f 3357 3654 3053
f 2744 3657 3922
f 3925 3358 3652
f 3362 3653 3052
f 3053 3362 3655
f 3362 3053 3653
f 3360 3655 3654
f 3926 3360 3654
f 3055 3657 2744
f 3926 3655 3363
f 3362 3363 3655
f 3360 3926 3363
f 3057 3657 3055
f 3362 3361 3364
f 3363 3362 3365
f 3929 3365 3362
f 3365 3929 3926
f 3657 3059 3927
f 3657 3057 3059
f 3362 3364 3367
f 3933 3368 3926
f 3926 3368 3365
f 3926 3930 3933
f 3063 3372 3059
f 3059 3372 3927
f 3370 3932 3934
f 3370 3658 3932
f 3062 3659 3367
f 4213 3369 3933
f 3933 3369 3368
f 3065 3659 3062
f 4213 3661 3369
f 3934 3373 3370
f 3371 3374 3065
f 3662 3660 3372
f 3663 3662 3372
f 3661 3936 3666
f 3375 3663 3372
f 3937 3670 3373
f 3937 3373 3664
f 3665 3374 3376
f 3943 3377 3666
f 3375 3378 3667
f 3943 3669 3377
f 3375 3667 3380
f 3378 3380 3667
f 3381 3668 3376
f 3672 3382 3669
f 3671 3074 3670
f 2771 3673 3668
f 2771 3668 3381
f 3671 3384 3074
f 3674 3076 3672
f 3946 3383 3385
f 2779 3675 3673
f 3386 3946 3385
f 3078 3384 3676
f 3387 3675 2779
f 3954 3388 3674
f 3386 3679 3678
f 3676 3080 3078
f 3389 3677 3387
f 3675 3387 3677
f 3391 3678 3679
f 3676 3679 3080
f 3955 3677 3389
f 3680 3390 3388
f 3388 3954 3680
f 3678 3392 3681
f 3391 3392 3678
f 3393 3391 3679
f 3955 3389 3683
f 3682 3681 3392
f 3959 3395 3390
f 3959 3390 3680
f 4234 3685 3393
f 3683 3394 3686
f 3682 3399 3684
f 3399 3687 3684
f 3689 3396 3685
f 3398 3686 3400
f 3688 3400 3686
f 3401 3691 3399
f 3399 3691 3687
f 3400 3688 3690
f 3398 3964 3690
f 3402 3691 3401
f 3689 3692 3403
f 3689 3403 3396
f 3404 3966 3690
f 4239 3690 3964
f 3101 3691 3402
f 3403 3692 3405
f 3694 3966 3404
f 3970 3404 4239
f 4239 3404 3690
f 3693 3405 3692
f 3970 3407 3404
f 3105 3968 3101
f 3101 3968 3967
f 4501 3406 3693
f 3109 3695 3104
f 3694 3104 3695
f 3972 3974 3406
f 3972 3406 4501
f 3109 3697 3695
f 3975 3410 3407
f 3407 3970 3975
f 3408 3696 3105
f 3698 3697 3109
f 3977 3700 3409
f 3977 3409 3974
f 4251 3411 3410
f 3410 3975 4251
f 3412 3699 3108
f 3108 3699 3408
f 3414 3704 3698
f 3414 3698 3111
f 4251 3701 3411
f 3412 3115 3699
f 3702 3700 3703
f 3702 3413 3700
f 3980 3415 3701
f 3702 3703 3413
f 3703 3417 3413
f 3416 3706 3414
f 3704 3414 3706
f 3980 3707 3415
f 3709 3417 3703
f 2520 3706 3416
f 3984 3418 3707
f 3117 3708 3116
f 3116 3708 3705
f 3711 3706 2520
f 3984 4513 3418
f 3117 3419 3708
f 3987 3420 3709
f 3714 3421 4513
f 2521 3710 3419
f 3423 3713 3711
f 3423 3711 3119
f 3424 3422 3714
f 3714 3422 3421
f 3988 3710 2521
f 3992 3994 3712
f 3713 3423 3425
f 3714 3716 3424
f 2817 3715 3425
f 3716 3426 3424
f 2814 4267 3122
f 3124 3994 3718
f 3427 3715 2817
f 3716 3428 3426
f 4267 2823 3717
f 2820 3430 3427
f 3716 3996 3428
f 3429 3717 2823
f 3428 3996 3720
f 3721 3431 3719
f 3432 3435 3430
f 3996 3430 3435
f 3720 3998 3722
f 3997 3429 3723
f 3434 3431 3721
f 3437 3722 3998
f 3440 3723 3429
f 3429 3433 3440
f 3724 3435 3436
f 3134 3440 3433
f 3438 3434 3441
f 3439 3437 3725
f 3442 3729 3436
f 3725 3436 3729
f 3726 3730 3439
f 2832 3727 3440
f 3728 3138 3441
f 4004 3138 3728
f 2833 4281 3729
f 2833 3729 3442
f 2547 4005 2832
f 2547 4006 4005
f 4004 3445 3138
f 3733 4281 2833
f 3444 4006 2547
f 3732 3446 3445
f 3448 3446 3732
f 4282 3448 3732
f 3733 3450 3734
f 3443 3734 3450
f 3443 4009 3734
f 2839 4008 3444
f 2839 3451 4008
f 3143 3142 3733
f 3143 3733 3449
f 3142 3735 3734
f 3142 3450 3733
f 3142 3734 3736
f 3734 4009 3736
f 3452 3142 3143
f 3735 3142 3452
f 3454 3740 3452
f 3739 3453 4012
f 3737 4015 3738
f 3741 3456 4015
f 3457 3742 3454
f 3740 3454 3742
f 4018 3457 3739
f 3743 3148 3151
f 4292 3457 4018
f 3743 3151 3460
f 4294 3458 3456
f 3459 3744 3457
f 3742 3457 3744
f 4292 3745 3457
f 3746 3458 4294
f 3462 3748 3744
f 3462 3744 3459
f 2853 3747 3460
f 3750 3461 3746
f 3463 3747 2853
f 3155 3465 3462
f 3748 3462 3465
f 4557 3464 3749
f 2855 3751 3463
f 3752 4024 3750
f 4557 4299 3464
f 3160 3467 3465
f 3158 3753 3751
f 4300 3466 4024
f 4026 3469 4025
f 3162 3755 3158
f 3754 3467 3468
f 3756 3755 3162
f 3757 3470 4300
f 4304 3472 3469
f 3469 4026 4304
f 3471 3474 3468
f 3758 3468 3474
f 3473 3759 3756
f 4027 3760 3757
f 4032 3475 3472
f 3472 4304 4032
f 3762 3760 3761
f 4034 3477 3762
f 3479 3765 3763
f 4310 3480 3475
f 3475 4032 4310
f 3478 3764 3476
f 4034 4036 3477
f 3478 3175 3764
f 3766 3481 4036
f 3765 3479 3482
f 4040 3483 3480
f 3480 4310 4040
f 3766 3484 3481
f 4037 3484 3766
f 3767 3175 3178
f 4037 3486 3484
f 3483 4040 3769
f 3767 3178 3181
f 3487 3488 3485
f 3768 3485 3488
f 3183 3489 3181
f 4316 3181 3489
f 4577 3490 3486
f 3770 3488 3491
f 3186 4318 3489
f 4044 4046 3490
f 3492 4318 3186
f 2879 3773 3491
f 4048 3491 3773
f 3772 3771 3774
f 4046 4047 3775
f 3190 3777 3773
f 3190 3773 2879
f 3774 4051 4053
f 3776 3775 3779
f 3496 3780 3777
f 3196 3782 3496
f 3780 3496 3782
f 3497 3198 3495
f 3495 3198 3786
f 3495 3779 3784
f 3495 3784 3783
f 3199 3785 3782
f 3199 3782 3196
f 2895 3786 3198
f 3498 3786 3783
f 3784 3498 3783
f 4064 3499 4058
f 4058 4061 4064
f 3205 3503 3786
f 3205 3786 2895
f 3784 3500 3498
f 4604 3500 3784
f 3502 3787 3785
f 4067 3504 3500
f 3787 3502 3208
f 3208 3502 3505
f 2900 3791 3503
f 4070 3503 3791
f 3789 3788 3507
f 2900 4073 3791
f 5112 4071 4067
f 3208 3509 3790
f 3793 3792 3510
f 3507 4325 3793
f 3794 3792 3793
f 4071 3795 4067
f 3790 3509 3798
f 3792 3794 3796
f 3792 3796 3510
f 4331 3514 3795
f 4331 3795 4071
f 4075 3513 3510
f 3510 3796 4075
f 2907 3797 3213
f 4077 3514 4331
f 3799 3798 3512
f 3802 3798 3799
f 4077 3800 3514
f 3515 4083 3516
f 3801 3516 4083
f 3801 3799 3512
f 4075 4092 3517
f 4075 4080 4092
f 4079 3519 3800
f 3804 4082 3521
f 4081 4082 3804
f 3521 4082 2316
f 2316 3805 3220
f 4082 3805 2316
f 3222 3807 4083
f 4083 3807 4089
f 4083 3808 3801
f 3522 3523 4091
f 4092 3523 3517
f 3524 3803 3518
f 4079 3809 3519
f 3520 4081 3804
f 3806 3221 3220
f 3227 3221 3806
f 3222 3227 3807
f 3227 3814 3807
f 3227 3813 3814
f 3807 3814 4089
f 4091 3523 4092
f 3231 4097 3524
f 3525 3534 3810
f 3810 3534 3815
f 3817 3816 3535
f 3821 3820 3536
f 3236 3531 3822
f 4354 3537 3538
f 4354 3538 3823
f 4897 4354 3823
f 3539 3532 4095
f 4097 3231 3824
f 3825 2930 3533
f 3825 3533 3809
f 3240 3535 3827
f 3829 3824 3231
f 2930 3825 3242
f 3541 3242 3825
f 3541 3825 4102
f 2931 3826 3815
f 3243 3240 3827
f 3243 3827 4101
f 3541 4102 3830
f 2935 3828 2931
f 4101 2939 3243
f 3829 3540 3542
f 3543 3541 3830
f 3831 3245 3544
f 3544 2938 3831
f 3831 2938 4108
f 3828 2941 3543
f 3832 2939 4107
f 2938 4367 4108
f 3249 3833 3548
f 3249 3832 3833
f 3548 3833 3546
f 3551 3556 3549
f 3556 3834 3552
f 3835 3834 3556
f 3836 4114 3834
f 3839 3256 3838
f 3554 3551 3555
f 3841 3551 3554
f 3551 3841 3556
f 3837 3556 3841
f 3846 3552 3834
f 3840 3552 3846
f 4374 3838 3557
f 3838 3256 3557
f 3846 3561 3840
f 3834 4122 3846
f 4375 4374 3557
f 3553 3845 3554
f 3554 3845 3841
f 3562 4375 3557
f 3842 3563 3558
f 3842 3558 3839
f 3565 3843 3553
f 3565 3553 3559
f 3553 3844 3845
f 3553 3843 3844
f 3850 3567 3561
f 3850 3561 3846
f 3842 4674 3563
f 4674 3566 3563
f 3848 3850 3846
f 3848 3846 3847
f 3570 3849 3565
f 3843 3565 3844
f 3853 3567 3850
f 3277 3854 3851
f 3268 3856 3570
f 3849 3852 3565
f 3849 3570 3852
f 3857 3584 3567
f 3859 3567 3853
f 3857 3567 3859
f 3853 3850 3859
f 3576 3854 3572
f 3572 3854 3277
f 3852 3570 3858
f 3857 3575 3584
f 3857 3859 3575
f 3573 3864 3268
f 3268 3861 3856
f 3268 3864 3861
f 3856 3861 3570
f 3570 3865 3858
f 3570 3861 3865
f 3575 3859 3578
f 3862 3859 3860
f 3579 3585 3576
f 3863 3586 3577
f 3580 3864 3573
f 3865 3861 3867
f 3865 3584 3859
f 3859 3584 3578
f 3863 4395 3586
f 4395 3587 3586
f 3861 3864 3866
f 3861 3866 3867
f 3584 3867 3591
f 3867 3584 3865
f 4136 3865 3859
f 3859 3862 4136
f 3590 3864 3580
f 3864 3593 3866
f 3591 3867 3865
f 3865 4141 3591
f 3865 4136 4141
f 3868 3871 3587
f 3589 3864 3590
f 3864 3589 3593
f 3866 3593 4140
f 3866 4140 3867
f 4141 3594 3591
f 3594 4141 3869
f 4140 3593 3595
f 3594 4143 3596
f 3594 3869 4143
f 3870 3872 4144
f 3597 3872 3870
f 3601 3877 4140
f 3601 4140 3595
f 4140 3877 3873
f 4143 3874 3596
f 4144 3872 3599
f 3875 4144 3599
f 3599 3872 3597
f 3874 3603 3303
f 3604 3875 3599
f 3876 3606 3600
f 3602 3877 3601
f 3878 2993 3603
f 3876 4406 3606
f 4153 3877 3605
f 3877 3602 3605
f 3878 2992 2993
f 3878 3879 4151
f 3878 4151 2992
f 3607 3880 3605
f 4153 3605 3881
f 3881 3605 3880
f 4151 3882 3609
f 2992 4151 3609
f 2695 3883 4152
f 2999 3880 3607
f 3611 3881 2999
f 3881 3880 2999
f 3883 3612 4413
f 2695 3612 3883
f 3885 3610 3884
f 3315 3886 3611
f 3882 4411 3887
f 4156 4413 3612
f 3610 3885 3613
f 3315 3888 3886
f 4155 3614 3887
f 3615 4156 3612
f 3889 3613 3885
f 3616 3890 3888
f 3616 3888 3315
f 4158 3614 4155
f 3891 3889 4157
f 4159 3890 3616
f 4158 3617 3614
f 4157 3893 3891
f 3618 3619 3616
f 4159 3616 3619
f 3617 4158 3894
f 3620 3895 3318
f 3318 3895 3892
f 3893 4161 3891
f 3621 4162 3619
f 3894 4424 3617
f 3895 3322 3897
f 3620 3322 3895
f 3896 3622 4161
f 3621 4164 4162
f 4165 4167 3617
f 3617 4424 4165
f 3897 3322 3623
f 3624 3896 3898
f 3622 3896 3624
f 3621 3899 4164
f 3625 3897 3623
f 4166 3624 3898
f 3626 3327 4167
f 4169 3626 4167
f 3018 4168 3625
f 3627 3624 4166
f 3900 3899 3628
f 4169 3631 3626
f 3629 4168 3018
f 3629 3901 4168
f 3633 3903 3628
f 3632 3901 3629
f 4176 3634 3631
f 3905 3333 3902
f 3334 3906 3633
f 3903 3633 3906
f 3635 3637 3632
f 3632 3637 3904
f 3905 3638 3333
f 3907 3636 3634
f 3905 4175 3638
f 4175 4178 3638
f 3029 3908 3906
f 3909 3636 3907
f 4178 4179 3638
f 3640 3908 3029
f 3337 3639 3637
f 4440 4181 3910
f 3641 3911 3640
f 4183 3640 3911
f 3912 3910 4181
f 3914 3639 3643
f 3342 3643 3639
f 3915 3642 4186
f 3645 3913 3911
f 3645 3911 3641
f 3642 3915 3644
f 3916 3913 3645
f 3913 3346 3912
f 3916 3346 3913
f 3347 3914 3643
f 3347 4190 3914
f 3917 3644 3915
f 3916 3645 3918
f 4192 4196 3346
f 3647 4190 3347
f 3918 3646 3649
f 3350 4190 3647
f 3350 3919 4190
f 4195 3650 4191
f 3921 3649 3351
f 3651 3919 3350
f 3355 4195 4198
f 3355 3650 4195
f 3356 3921 3351
f 3355 4198 3652
f 3920 4202 3654
f 3654 3921 3356
f 3924 3654 4202
f 3657 3923 3922
f 4454 3925 3652
f 3655 4203 3654
f 3924 3926 3654
f 4207 3656 3925
f 3926 4203 3655
f 3926 3924 3930
f 3657 4205 3927
f 4207 4205 3657
f 3658 4207 3657
f 3656 4207 3658
f 3929 4203 3926
f 3931 3928 3927
f 3932 3927 4205
f 3927 3932 3657
f 3932 3658 3657
f 3367 3659 3362
f 3929 3362 3659
f 3372 3931 3927
f 3660 3931 3372
f 3065 3935 3659
f 3936 3661 4213
f 4214 3373 3934
f 3374 3935 3065
f 4214 3937 3664
f 4214 3664 3373
f 3938 3666 3936
f 4216 3662 3375
f 4216 3375 3939
f 3663 3375 3662
f 3376 3942 3665
f 3374 3665 3942
f 3938 3943 3666
f 3940 3939 3375
f 3941 3670 3937
f 3668 3942 3376
f 3380 3940 3375
f 3671 3941 3944
f 3670 3941 3671
f 4222 3672 3943
f 3943 3672 3669
f 3383 3940 3380
f 3673 3945 3668
f 4222 4472 3672
f 3384 3671 3949
f 3951 3945 3673
f 3947 3674 3672
f 3672 4472 3947
f 3951 3673 3675
f 3947 4224 3674
f 3386 3948 3946
f 3949 3676 3384
f 3951 4227 3674
f 4227 3954 3674
f 3951 3674 4224
f 3950 3948 3386
f 3952 3950 3386
f 3677 3955 3675
f 4227 3675 3955
f 3678 3952 3386
f 4481 3679 3676
f 4481 3676 3953
f 3393 4481 3957
f 3393 3679 4481
f 3683 3956 3955
f 3958 3955 3956
f 3678 3681 3682
f 3957 4234 3393
f 3686 3956 3683
f 3686 3960 3956
f 3961 3395 3959
f 4235 3682 3684
f 3685 4234 3962
f 3961 3398 3395
f 3687 4235 3684
f 3687 3691 4235
f 3962 3689 3685
f 3398 4237 3686
f 3964 3398 3961
f 3963 3689 3962
f 3966 3398 3690
f 3966 4237 3398
f 3691 3965 4236
f 3692 3963 4496
f 3692 3689 3963
f 3965 3101 3967
f 3691 3101 3965
f 4496 4241 3692
f 3694 3969 3966
f 3692 4241 3693
f 4501 3693 4241
f 3969 3694 3695
f 4244 4245 3970
f 3968 3105 3971
f 4246 3975 3970
f 3970 4245 4246
f 3696 3973 3105
f 3105 3973 3971
f 4250 3977 3974
f 3698 3976 3697
f 4249 3697 3976
f 3975 4246 4251
f 3408 3699 3696
f 3704 3976 3698
f 3978 3701 4251
f 4253 3703 3700
f 4253 3700 3977
f 3978 3980 3701
f 3705 3981 3115
f 3115 3981 3699
f 3979 3704 3706
f 3982 3707 3980
f 3705 3708 3981
f 3982 3984 3707
f 4257 3709 3703
f 3711 3985 3983
f 3711 3983 3706
f 3710 3986 3419
f 4257 3987 3709
f 4513 4260 3714
f 4788 3712 3987
f 3988 3122 3990
f 3992 3712 4788
f 3425 3991 3713
f 3989 3713 3991
f 3715 3714 3989
f 3715 3716 3714
f 4267 3990 3122
f 3715 3991 3425
f 3427 3716 3715
f 3993 4267 3717
f 3718 3994 3995
f 4272 3718 3995
f 3719 3718 4272
f 3430 3996 3427
f 4272 3721 3719
f 3717 3429 3997
f 3435 3437 3996
f 4273 3996 3999
f 3999 3996 3437
f 4524 3998 3720
f 3724 3437 3435
f 3998 3999 3437
f 3721 4001 3434
f 3436 4002 3724
f 4002 3437 3724
f 3437 4002 3725
f 3723 3440 4000
f 4001 3441 3434
f 4276 3441 4001
f 3725 4002 3436
f 4003 3439 3725
f 3439 4003 3726
f 3727 4005 3440
f 4276 4004 3441
f 3441 4004 3728
f 4003 3725 3729
f 4279 3730 4003
f 4003 3730 3726
f 4005 3727 2832
f 4536 3731 4279
f 4279 3731 3730
f 4282 3445 4004
f 3733 4007 4281
f 3444 4008 4006
f 3445 4282 3732
f 3734 4007 3733
f 3731 4284 3443
f 3443 4284 4009
f 3451 4285 4008
f 3451 4010 4285
f 4542 3738 4282
f 3735 4011 3734
f 4286 3734 4011
f 4810 3736 4009
f 3144 4010 3451
f 3452 4011 3735
f 4810 4012 3736
f 4288 3737 3738
f 3740 4016 4011
f 3740 4011 3452
f 4290 3739 4012
f 4289 4013 4014
f 4288 4015 3737
f 3148 4013 4289
f 3148 4014 4013
f 3148 4017 4014
f 4016 3740 3742
f 3739 4290 4018
f 3743 4017 3148
f 4294 3456 3741
f 3744 4019 3742
f 4291 3742 4019
f 4020 3745 4292
f 3460 4293 3743
f 3748 4019 3744
f 4020 4021 3745
f 3460 3747 4293
f 4295 3750 3746
f 4820 3750 4295
f 4296 3749 4021
f 4293 3747 3463
f 3465 4022 3748
f 4296 4557 3749
f 4297 3463 3751
f 4826 3752 3750
f 3465 4023 4022
f 3753 4297 3751
f 4826 4024 3752
f 3467 4023 3465
f 3158 4560 3753
f 4302 4026 4025
f 3755 4560 3158
f 3468 4028 3754
f 3467 3754 4028
f 4027 3757 4300
f 3758 4028 3468
f 4026 4302 4304
f 3759 3755 3756
f 4028 3758 3474
f 3473 4309 3759
f 4308 4032 4304
f 4304 4306 4308
f 4309 3476 4030
f 3473 3476 4309
f 4029 3761 3760
f 3762 3761 4029
f 4307 3762 4029
f 3763 4031 3474
f 4030 3476 4033
f 4307 4034 3762
f 4031 3763 3765
f 4032 4308 4310
f 3764 4033 3476
f 4035 4033 3764
f 4037 3766 4036
f 3482 4038 3765
f 4311 3765 4038
f 4314 4040 4310
f 4310 4312 4314
f 3175 4039 3764
f 3485 4041 4038
f 3485 4038 3482
f 3767 4039 3175
f 4577 3486 4037
f 3768 4041 3485
f 4579 3769 4040
f 4040 4314 4579
f 4041 3768 3488
f 4579 4042 3769
f 4044 3490 4577
f 3491 4048 3770
f 3488 3770 4048
f 4045 3771 4043
f 4043 4042 4045
f 4318 4316 3489
f 4044 4047 4046
f 4318 3492 4049
f 4589 3774 3771
f 3771 4045 4589
f 3493 4049 3492
f 4588 3775 4047
f 3777 4050 3773
f 4589 4051 3774
f 4052 4050 3777
f 4051 4589 4053
f 4852 3779 3775
f 3780 4056 3777
f 4052 3777 4056
f 3778 4055 3494
f 4596 3779 4852
f 4057 3781 4054
f 4054 4053 4057
f 4055 3778 3497
f 4056 3780 3782
f 4057 4058 3781
f 3495 3783 3497
f 3783 4059 3497
f 3785 4060 3782
f 4058 4601 4061
f 3786 4059 3783
f 3786 4062 4059
f 4063 4060 3785
f 4061 4601 4064
f 3786 4065 4062
f 4855 4604 3784
f 3787 4066 3785
f 4063 3785 4066
f 3503 4065 3786
f 4321 3788 4064
f 4321 4069 3788
f 4070 4065 3503
f 3208 4322 3787
f 4066 3787 4322
f 4068 3788 4069
f 3790 4322 3208
f 4068 3507 3788
f 3507 4068 4325
f 4073 4070 3791
f 4072 4324 3790
f 4324 4322 3790
f 4325 3794 3793
f 3213 3797 4073
f 3798 4074 3790
f 4072 3790 4074
f 4328 3796 4325
f 4325 3796 3794
f 4325 4330 4328
f 4331 4071 4871
f 4328 4075 3796
f 4075 4328 4076
f 4074 3798 4333
f 4333 3798 3802
f 4080 4075 4076
f 3518 4078 2907
f 4079 3800 4077
f 3802 3799 4333
f 3803 4078 3518
f 4082 4339 3805
f 3220 4626 3806
f 3805 4626 3220
f 4083 4089 4340
f 4084 4092 4080
f 4084 4080 4085
f 3524 4086 3803
f 4087 4088 3810
f 4088 3526 3225
f 3811 4630 3528
f 4339 4082 4081
f 3812 3822 3531
f 3537 3822 3812
f 4626 3227 3806
f 3813 3227 4626
f 3813 4089 3814
f 4096 4095 3230
f 4096 3230 4090
f 3230 4091 4090
f 4349 4092 4084
f 4350 3524 4097
f 4086 3524 4350
f 3810 3815 4087
f 4087 3815 4093
f 4359 3535 3816
f 3816 3817 4359
f 3817 3818 4649
f 3819 3820 4094
f 4094 3820 3821
f 4644 3821 3236
f 4644 4643 3821
f 4353 3822 3537
f 4646 4353 3537
f 4646 3537 4354
f 4355 3823 3539
f 4355 4897 3823
f 4095 4355 3539
f 4100 3815 3826
f 4100 4093 3815
f 3827 3535 4359
f 4894 4359 3817
f 4894 3817 4649
f 4649 3818 3819
f 3829 4098 3824
f 3824 4098 4097
f 2931 4100 3826
f 3825 4099 4102
f 3828 4100 2931
f 4103 2939 4101
f 4103 4101 3827
f 4104 3829 3542
f 4104 4363 3829
f 4104 3542 3245
f 3831 4104 3245
f 3830 4102 4105
f 4103 4107 2939
f 3543 4105 4109
f 3830 4105 3543
f 4109 3828 3543
f 4109 4106 3828
f 3832 4107 4656
f 3832 4110 3833
f 4367 3546 4369
f 4369 3546 4370
f 3546 3833 4110
f 4113 3834 3835
f 3836 4111 4114
f 4113 3835 3556
f 3837 4113 3556
f 4113 3836 3834
f 4113 4111 3836
f 4112 4114 4373
f 3839 3838 4374
f 4113 3837 4118
f 4122 3834 4114
f 4116 4114 4112
f 4122 4114 4116
f 4116 4112 4115
f 4117 3842 3839
f 3841 4120 3837
f 3841 4119 4120
f 3837 4120 4118
f 4121 3846 4122
f 4122 4116 4121
f 3562 4124 4375
f 4117 4674 3842
f 3845 4119 3841
f 4121 3847 3846
f 3564 4124 3562
f 3564 4672 4124
f 3568 3566 4674
f 3844 4126 3845
f 4130 4125 4120
f 3847 4121 4385
f 3851 4672 3564
f 3851 4676 4672
f 3565 4126 3844
f 4120 3848 4130
f 3848 4120 3850
f 4119 3850 4120
f 3847 4130 3848
f 4388 3847 4385
f 4676 3851 4389
f 4915 3855 3568
f 3852 4126 3565
f 4126 4127 3845
f 3845 4128 4119
f 3845 4127 4128
f 4128 3850 4119
f 4393 4130 3847
f 4679 3847 4388
f 4393 3847 4679
f 3854 4389 3851
f 3852 4129 4126
f 4127 3850 4128
f 3850 4127 3859
f 4133 4130 4393
f 3576 4131 3854
f 4132 3577 3855
f 4129 4135 4126
f 4129 3852 4135
f 4126 4135 4127
f 3860 4135 4130
f 3859 4135 3860
f 4135 3859 4127
f 4130 4133 3860
f 3576 4394 4131
f 4132 4682 3863
f 4682 5869 3863
f 4132 3863 3577
f 3865 4134 3852
f 3865 3852 3858
f 3852 4134 4135
f 4133 3862 3860
f 3585 4394 3576
f 5869 4395 3863
f 4136 4134 3865
f 4398 4134 4136
f 4136 3862 4399
f 3292 4394 3585
f 3292 4137 4394
f 3867 4138 4136
f 3867 4136 3865
f 4136 4138 4141
f 4142 4136 4399
f 4139 4137 3870
f 4137 3292 3870
f 4140 4138 3867
f 4138 4140 4141
f 4142 3869 4141
f 4142 4143 3869
f 4142 4399 4143
f 4144 4139 3870
f 4140 4146 4141
f 4142 4141 4146
f 4145 3600 3871
f 4145 3871 3868
f 4147 4140 3873
f 4146 4140 4147
f 3603 3874 4143
f 3603 4143 4148
f 4145 4406 3876
f 4145 3876 3600
f 3877 4147 3873
f 4405 3603 4148
f 3604 4149 3875
f 4147 3877 4150
f 3877 4153 4150
f 3878 3603 3879
f 3603 4151 3879
f 3603 4405 4151
f 4152 4149 3604
f 3610 3606 4406
f 4153 3881 4410
f 4701 3882 4151
f 4411 3882 4701
f 3883 4414 4152
f 3886 3881 3611
f 4410 3881 3886
f 4154 3885 3884
f 4412 3887 4411
f 4154 4415 3885
f 4415 4157 3885
f 3888 3890 3886
f 4412 4155 3887
f 4157 3889 3885
f 3318 4156 3615
f 4160 4156 3892
f 3892 4156 3318
f 3893 4157 4161
f 3619 4162 4159
f 4424 3894 4158
f 4158 4423 4424
f 3895 4160 3892
f 3897 4160 3895
f 4163 3896 4161
f 4163 4166 3898
f 4163 3898 3896
f 3900 4164 3899
f 4165 4428 4167
f 4430 4169 4167
f 4167 4428 4430
f 4432 3627 4166
f 3901 4170 4168
f 4432 3902 3627
f 3903 4431 3628
f 4171 3631 4169
f 4169 4430 4171
f 4170 3632 4172
f 3901 3632 4170
f 4432 3905 3902
f 4171 4176 3631
f 4172 3632 3904
f 3906 4174 3903
f 4175 3905 4173
f 4174 3906 4176
f 3634 3906 3907
f 3906 3634 4176
f 3637 4177 3904
f 4178 4175 4179
f 3908 3907 3906
f 3909 3907 4176
f 4437 3909 4176
f 3639 4177 3637
f 3640 4183 3907
f 3640 3907 3908
f 4437 4440 3909
f 4728 4182 4179
f 4183 4180 3907
f 3914 4177 3639
f 3911 3912 4183
f 4184 4183 3912
f 4730 4184 3912
f 4181 4730 3912
f 3913 3912 3911
f 4186 4187 3915
f 4187 3917 3915
f 3918 4188 3916
f 3916 4188 3346
f 3916 4445 4189
f 4187 4191 3917
f 3918 4192 4188
f 3346 4188 4192
f 3649 4192 3918
f 3649 4450 4192
f 4189 4196 4192
f 4189 4740 4196
f 3919 4193 4190
f 4450 3921 4196
f 3649 3921 4450
f 4196 3921 3920
f 4196 4740 4197
f 4194 4193 3651
f 3919 3651 4193
f 4200 4199 3921
f 4199 3920 3921
f 3920 4199 4197
f 4204 3651 3922
f 4454 3652 4198
f 4201 4200 3921
f 4197 4202 3920
f 3923 4204 3922
f 3654 4203 4201
f 3654 4201 3921
f 4456 3924 4202
f 3657 4204 3923
f 4205 3925 4454
f 3927 4204 3657
f 3927 3928 4204
f 4207 3925 4205
f 4206 4203 4208
f 4458 3930 3924
f 3924 4456 4458
f 3929 4208 4203
f 4458 4459 3930
f 3659 4209 3929
f 4208 3929 4209
f 4461 3933 3930
f 3930 4459 4461
f 4211 3934 3932
f 3659 4212 4209
f 4461 4213 3933
f 4210 3931 3662
f 3660 3662 3931
f 4211 4214 3934
f 3935 4212 3659
f 4465 3936 4213
f 3374 4215 3935
f 4465 4754 3936
f 3937 4214 4217
f 4759 4215 3374
f 4466 3938 3936
f 3936 4754 4466
f 3937 4217 4219
f 3942 4218 3374
f 4759 3374 4218
f 4466 3943 3938
f 4219 3941 3937
f 4219 4220 3944
f 4219 3944 3941
f 3668 4221 3942
f 4470 4222 3943
f 4223 3940 3383
f 4220 3671 3944
f 4473 3671 4220
f 3945 4221 3668
f 3946 4223 3383
f 4473 3949 3671
f 4224 3947 4472
f 4225 4223 3948
f 3948 4223 3946
f 3675 4227 3951
f 3950 4225 3948
f 3676 4226 4478
f 3676 3949 4226
f 4224 4476 3951
f 3676 4478 3953
f 3955 4228 4227
f 4228 3954 4227
f 3951 4476 4228
f 4229 3952 3678
f 4478 4481 3953
f 4482 3680 4228
f 4228 3680 3954
f 4230 4229 3678
f 3958 4231 3955
f 4232 3680 4482
f 3682 4230 3678
f 3682 4233 4230
f 3956 4231 3958
f 4232 3959 3680
f 4235 4233 3682
f 4770 3961 3959
f 3959 4232 4770
f 4234 4486 3962
f 3686 4237 3960
f 4489 3961 4770
f 4489 3964 3961
f 4236 4235 3691
f 3966 4494 4237
f 3965 4240 4236
f 4496 3963 4490
f 4238 4494 3966
f 4492 4239 3964
f 4240 3965 3967
f 3969 4243 3966
f 4238 3966 4243
f 4497 3970 4239
f 4240 3967 3968
f 4496 4242 4241
f 4497 4244 3970
f 4242 4501 4241
f 4243 3969 3695
f 4247 3968 3971
f 4248 3972 4501
f 4245 4244 4246
f 3973 4247 3971
f 3972 4248 3974
f 3696 4247 3973
f 3696 4504 4247
f 4250 3974 4248
f 4246 4783 4251
f 3699 4504 3696
f 3704 4254 3976
f 4252 3978 4251
f 4253 3977 4250
f 3979 4254 3704
f 4252 3980 3978
f 4255 3699 3981
f 4252 3982 3980
f 4256 4257 3703
f 4256 3703 4253
f 3983 3979 3706
f 4252 3984 3982
f 4512 3984 4252
f 3708 3419 3981
f 4512 4513 3984
f 3419 3986 4258
f 4514 3987 4257
f 3711 4259 3985
f 3710 4258 3986
f 3710 4261 4258
f 4788 3987 4514
f 3713 4262 4259
f 3713 4259 3711
f 4263 3985 3714
f 4259 3714 3985
f 4262 3714 4259
f 4515 4263 3714
f 4260 4515 3714
f 3988 4261 3710
f 3989 4262 3713
f 3989 3714 4262
f 3988 3990 4264
f 4266 4263 3989
f 3991 3715 3989
f 4263 4266 3989
f 4267 4264 3990
f 4265 3994 3992
f 3995 3994 4265
f 4267 3993 4268
f 3717 4268 3993
f 3996 3716 3427
f 4525 4269 4270
f 3997 4268 3717
f 3995 4271 4272
f 3720 4273 4269
f 3996 4273 3720
f 4269 4525 4524
f 4269 4524 3720
f 4274 3998 4527
f 3998 4524 4527
f 3723 4526 3997
f 4275 3721 4272
f 4528 4273 3999
f 4275 4276 3721
f 3721 4276 4001
f 4003 4277 3999
f 4528 3999 4277
f 4531 3999 3998
f 4000 3440 4278
f 4805 4003 4531
f 4531 4003 3999
f 4005 4278 3440
f 4277 4003 3729
f 4805 4279 4003
f 4005 4006 4278
f 4278 4006 4285
f 4280 4004 4276
f 4280 4282 4004
f 4283 3731 4536
f 4008 4285 4006
f 3734 4286 4007
f 4283 4284 3731
f 4011 4287 4286
f 4284 4810 4009
f 4288 3738 4542
f 4546 4012 4810
f 3144 4289 4010
f 4546 4290 4012
f 3741 4015 4288
f 3742 4291 4016
f 4549 4016 4291
f 4815 4018 4290
f 4290 4547 4815
f 5062 4294 3741
f 4815 4292 4018
f 3746 4294 4295
f 4819 4020 4292
f 3748 4022 4019
f 4822 4021 4819
f 4819 4021 4020
f 4822 4296 4021
f 4826 3750 4820
f 4555 4022 4298
f 4023 4298 4022
f 5073 4024 4826
f 3467 4561 4023
f 4559 4025 4299
f 5073 4300 4024
f 4301 4561 3467
f 4559 4302 4025
f 4028 4303 3467
f 4301 3467 4303
f 4567 4027 4300
f 4302 4564 4304
f 3474 4305 4028
f 4303 4028 4305
f 4304 4566 4306
f 4027 4567 3760
f 4029 3760 4567
f 4029 4567 4307
f 4031 4305 3474
f 4306 4566 4308
f 4309 4030 4033
f 4830 4034 4307
f 4568 4031 3765
f 4308 4569 4310
f 4830 4036 4034
f 4037 4036 4830
f 4310 4572 4312
f 3764 4313 4035
f 4312 4572 4314
f 4039 4313 3764
f 4314 4576 4579
f 3488 4583 4041
f 4578 4041 4583
f 4582 4042 4579
f 4044 4577 4315
f 4317 4583 3488
f 4582 4584 4042
f 4048 4587 3488
f 4317 3488 4587
f 4586 4045 4042
f 4042 4584 4586
f 4585 4316 4049
f 4049 4316 4318
f 4588 4047 4044
f 4319 4587 4048
f 3773 4050 4048
f 4319 4048 4050
f 4045 4586 4589
f 3493 4320 4049
f 4591 3775 4588
f 4592 4050 4052
f 4593 4053 4589
f 4589 4590 4593
f 4055 3493 3494
f 4591 4852 3775
f 4592 4052 4056
f 4593 4594 4053
f 4598 4057 4053
f 4053 4594 4598
f 3497 4059 4055
f 3784 3779 4596
f 4597 4056 3782
f 4600 4058 4598
f 4598 4058 4057
f 4060 4063 3782
f 4600 4601 4058
f 5392 4855 3784
f 4321 4064 4601
f 4612 4069 4321
f 4864 4067 3500
f 4606 4066 4323
f 4323 4066 4322
f 4068 4069 4612
f 4611 4068 4612
f 4864 5112 4067
f 4323 4322 4324
f 4325 4068 4611
f 4613 4325 4611
f 4073 4327 4070
f 6112 4071 5112
f 4613 4330 4325
f 3797 4327 4073
f 5436 4071 6112
f 4072 4074 4326
f 5436 4871 4071
f 4078 3797 2907
f 4074 4335 4620
f 4074 4333 4335
f 4332 4080 4328
f 4328 4080 4076
f 4328 4330 4332
f 4331 4079 4077
f 4332 4085 4080
f 4332 4336 4085
f 4339 4626 3805
f 4083 4340 4341
f 3808 4083 4341
f 3801 4333 3799
f 3801 3808 4333
f 4342 4334 4335
f 4343 4636 4085
f 4343 4085 4336
f 4337 3809 4079
f 4345 4088 4087
f 4351 3526 4088
f 4351 4088 4345
f 4346 3527 4641
f 3811 3527 4346
f 3529 4631 4081
f 3528 4631 3529
f 4631 4339 4081
f 4339 4347 4338
f 4626 4632 3813
f 3813 4348 4089
f 4089 4341 4340
f 4089 4348 4341
f 4090 4091 5149
f 4091 4092 5149
f 4890 4092 4349
f 4890 5149 4092
f 4349 4084 4085
f 4093 4344 4087
f 3526 4351 4641
f 3526 4641 3527
f 3821 4360 4094
f 4360 3821 4352
f 3821 4643 4352
f 4645 3236 3822
f 4645 4644 3236
f 4888 3822 4353
f 4888 4645 3822
f 4647 4646 4354
f 4355 4095 4096
f 4355 4096 4090
f 4097 4356 4350
f 4358 4357 3825
f 3825 3809 4358
f 4893 4650 3827
f 4893 3827 4359
f 4895 4649 3819
f 3819 4094 4360
f 4097 4098 4356
f 4357 4099 3825
f 4363 4361 3829
f 4361 4098 3829
f 4357 4102 4099
f 3828 4648 4100
f 3828 4362 4648
f 4364 4105 4102
f 4365 3828 4106
f 4365 4362 3828
f 4656 4107 4103
f 4657 4363 4104
f 4657 4104 3831
f 4658 4657 3831
f 4658 3831 4108
f 4364 4366 4105
f 4105 4366 4659
f 4105 4365 4106
f 4109 4105 4106
f 4368 3832 4656
f 4367 4658 4108
f 4368 4110 3832
f 3546 4110 4368
f 3546 4368 4370
f 4662 4369 4370
f 4664 4369 4662
f 4113 4114 4111
f 4372 4373 4114
f 4112 4373 4115
f 4115 4373 4371
f 4371 4667 4377
f 3839 4374 4117
f 4113 4376 4114
f 4113 4118 4376
f 4671 4372 4114
f 4371 4377 4115
f 4118 4380 4376
f 4118 4379 4380
f 4114 4116 4671
f 4376 4116 4114
f 4115 4671 4116
f 4115 4377 4671
f 4120 4382 4379
f 4120 4379 4118
f 4380 4121 4376
f 4380 4379 4121
f 4121 4383 4671
f 4121 4116 4376
f 4121 4671 4123
f 4671 4381 4123
f 4124 4672 4375
f 5180 4674 4117
f 4125 4382 4120
f 4379 4382 4121
f 4382 4385 4121
f 4123 4381 4121
f 4381 4383 4121
f 4130 4384 4382
f 4130 4382 4125
f 4382 4384 4385
f 4385 4386 4383
f 4383 4381 4385
f 4674 4915 3568
f 4384 4387 4385
f 4384 4130 4387
f 4386 4385 4387
f 4381 4388 4385
f 4130 4392 4387
f 3854 4131 4389
f 4132 3855 4390
f 4130 4391 4392
f 4390 4682 4132
f 4135 4391 4130
f 4921 4133 4393
f 4684 4133 4921
f 4134 4398 4391
f 4134 4391 4135
f 4684 3862 4133
f 4685 3587 4395
f 4396 4391 4398
f 4397 4399 3862
f 3862 4684 4397
f 4922 4394 4139
f 4137 4139 4394
f 4685 3868 3587
f 4398 4136 4142
f 4689 4401 4400
f 4685 4400 4401
f 3868 4685 4401
f 4693 4398 4142
f 4692 4143 4399
f 4401 4689 4145
f 4689 5523 4145
f 4401 4145 3868
f 4693 4142 4146
f 4694 4143 4692
f 4144 4403 4402
f 4694 4148 4143
f 4697 4148 4694
f 4403 4144 3875
f 4699 4406 4145
f 4147 4404 4696
f 4405 4148 4697
f 4149 4403 3875
f 4408 4147 4150
f 4404 4147 4408
f 4701 4151 4405
f 4407 4403 4152
f 4152 4403 4149
f 3610 4406 4409
f 4153 4408 4150
f 4414 4407 4152
f 4409 3884 3610
f 4410 4408 4153
f 4701 4703 4412
f 4701 4412 4411
f 4409 4705 4154
f 4705 4415 4154
f 4409 4154 3884
f 4707 4414 4413
f 4414 3883 4413
f 3886 4418 4416
f 3886 4416 4410
f 4417 4707 4413
f 4155 4412 4419
f 4156 4417 4413
f 4156 4420 4417
f 3890 4418 3886
f 4942 4158 4419
f 4419 4158 4155
f 4160 4420 4156
f 4714 4157 4421
f 4159 4418 3890
f 4422 4418 4159
f 4942 4423 4158
f 4714 4161 4157
f 4162 4426 4159
f 4423 4942 4424
f 4714 4163 4161
f 4425 3897 4427
f 4425 4160 3897
f 4164 3900 4162
f 4426 4162 3900
f 4165 4424 5212
f 3625 4429 3897
f 3897 4429 4427
f 5212 4428 4165
f 4168 4429 3625
f 4721 3900 3628
f 4428 5212 4430
f 4170 4429 4168
f 4721 3628 4431
f 4433 4171 4430
f 4434 3905 4432
f 4434 4723 4173
f 4434 4173 3905
f 4174 4724 3903
f 4435 4176 4171
f 4171 4433 4435
f 4723 4175 4173
f 4176 4724 4174
f 4176 4438 4724
f 4435 4437 4176
f 4177 4436 3904
f 4723 4179 4175
f 4958 4179 4723
f 3907 4438 4176
f 4958 4728 4179
f 3907 4439 4438
f 4437 4729 4440
f 4183 4441 4180
f 4441 3907 4180
f 4441 4439 3907
f 4730 4181 4440
f 4440 4729 4730
f 3914 4442 4177
f 4728 4186 4182
f 4964 4186 4728
f 4183 4184 4441
f 4185 4442 3914
f 4964 4187 4186
f 4731 4184 4730
f 4730 5561 4731
f 4185 3914 4443
f 4444 4733 3916
f 4733 4445 3916
f 4731 4445 4184
f 4190 4449 3914
f 3914 4449 4443
f 3916 4189 4444
f 4189 4733 4444
f 4189 4446 4733
f 4447 4189 4445
f 4445 4731 4447
f 4187 4190 4448
f 4190 4187 4449
f 4191 4187 4448
f 4450 4189 4192
f 4450 4446 4189
f 4195 4193 4738
f 4193 4195 4190
f 4448 4190 4195
f 4195 4191 4448
f 4189 4447 4740
f 4194 4738 4193
f 4195 4738 4451
f 4196 4197 4450
f 4197 4739 4450
f 4452 4197 4740
f 3651 4453 4194
f 4969 4198 4195
f 4969 4195 4451
f 4200 4197 4199
f 4452 4202 4197
f 4204 4453 3651
f 4454 4198 4969
f 4202 4452 4976
f 4969 4455 4454
f 4203 4457 4201
f 4976 4456 4202
f 4455 4205 4454
f 5240 4205 4455
f 4206 4457 4203
f 4742 4204 3928
f 4980 4205 5240
f 4457 4206 4208
f 4456 4744 4458
f 4742 3928 4460
f 4980 3932 4205
f 3931 4460 3928
f 4749 4208 4209
f 4459 4458 4461
f 4462 4460 4210
f 4210 4460 3931
f 4750 4213 4461
f 3662 4462 4210
f 3662 4463 4462
f 4464 4214 4211
f 3935 4215 4212
f 4750 4465 4213
f 4216 4463 3662
f 4987 4214 4464
f 4987 4217 4214
f 3939 4757 4216
f 3939 3940 4757
f 4987 4219 4217
f 4467 4218 3942
f 4466 4470 3943
f 4469 3940 4468
f 4223 4468 3940
f 4473 4220 4219
f 4467 3942 4221
f 4469 4468 4223
f 4761 4469 4223
f 4474 4221 3945
f 4470 4472 4222
f 4225 4761 4223
f 4473 4226 3949
f 3951 4475 3945
f 4224 4472 4476
f 4225 3950 4477
f 4473 4478 4226
f 4228 4475 3951
f 3950 3952 4477
f 4479 4475 4228
f 4480 4228 4476
f 4230 3952 4229
f 4478 4483 4481
f 3955 4231 4228
f 4479 4228 4231
f 4480 4482 4228
f 4483 3957 4481
f 4483 5002 4234
f 5002 4486 4234
f 4483 4234 3957
f 4482 4768 4232
f 4485 4233 4484
f 4233 4235 4484
f 3960 4487 4231
f 3960 4231 3956
f 4232 4768 4770
f 4485 4484 4235
f 5007 4485 4235
f 4488 3962 4486
f 4237 4491 4487
f 4237 4487 3960
f 4236 5007 4235
f 3962 4488 3963
f 4773 3964 4489
f 4240 4771 4236
f 4488 4490 3963
f 4491 4237 4494
f 4773 4492 3964
f 4493 4771 4240
f 5011 4496 4490
f 4774 4239 4492
f 4495 4493 4240
f 4494 4238 4243
f 4774 4497 4239
f 3968 4495 4240
f 3968 4498 4495
f 4242 4496 4499
f 5017 4244 4497
f 4247 4498 3968
f 4501 4499 4777
f 4501 4242 4499
f 4500 4243 3695
f 4501 4777 4502
f 4502 4248 4501
f 3697 4503 3695
f 5017 4246 4244
f 5019 4246 5017
f 4502 4777 4248
f 4777 4506 4248
f 4249 4503 3697
f 5019 4783 4246
f 4506 4250 4248
f 3976 4507 4249
f 4503 4249 4507
f 3699 4505 4504
f 4254 4507 3976
f 4783 4252 4251
f 4508 4252 4783
f 4784 3699 4255
f 3699 4784 4505
f 4505 4784 4509
f 4506 4784 4255
f 4253 4506 4255
f 4250 4506 4253
f 5291 4507 4254
f 4510 4255 4509
f 4510 4253 4255
f 5027 5291 4254
f 3981 4509 4255
f 3981 5024 4509
f 4510 4509 4256
f 4256 4253 4510
f 3983 4254 3979
f 3983 4511 4254
f 3419 5024 3981
f 3419 5293 5024
f 4257 4256 5025
f 3985 4511 3983
f 3985 4785 4511
f 4512 4786 4513
f 3419 4258 4261
f 5293 3419 4261
f 5025 4514 4257
f 4515 4260 4513
f 4513 4786 4515
f 4263 4516 3985
f 4261 3988 4517
f 4518 3992 4788
f 4791 4263 4515
f 3988 4519 4517
f 3988 4264 4519
f 4265 3992 4790
f 3992 4518 4790
f 4266 5033 4263
f 4791 4266 4263
f 4791 4792 4266
f 4267 4519 4264
f 4267 4520 4519
f 4790 3995 4265
f 4521 4269 4266
f 4266 4792 4521
f 4520 4267 4523
f 4523 4267 4268
f 3995 4790 5629
f 4266 4269 4522
f 4521 4522 4269
f 4269 4524 4270
f 4521 4525 4270
f 4273 4524 4269
f 4527 4270 4524
f 4525 4527 4524
f 4268 3997 4526
f 4272 4271 4275
f 4527 4524 4273
f 4528 4274 4527
f 4528 4527 4273
f 4530 3998 4529
f 3998 4528 4529
f 3998 4274 4528
f 4000 4526 3723
f 4000 4278 4526
f 4275 4801 4276
f 4530 4531 3998
f 4804 4276 4801
f 3729 4534 4277
f 4532 4277 4534
f 4807 4279 4805
f 4280 4276 4535
f 4281 4534 3729
f 4807 4536 4279
f 4285 4533 4278
f 4535 4282 4280
f 4806 4282 4535
f 4007 4537 4281
f 4806 5049 4282
f 4282 5049 4542
f 4286 4539 4537
f 4286 4537 4007
f 4538 4285 4541
f 4010 4541 4285
f 4540 4284 4283
f 4539 4286 4287
f 4540 4810 4284
f 4288 4542 4544
f 4011 4545 4287
f 4010 4289 4813
f 4543 4010 4813
f 4813 4289 4014
f 4016 4549 4545
f 4016 4545 4011
f 4547 4290 4546
f 4813 4014 4548
f 5056 3741 4288
f 4017 4550 4014
f 5062 3741 5056
f 4291 4551 4549
f 4547 4814 4815
f 3743 4550 4017
f 4816 4551 4291
f 4552 4292 4815
f 4293 5061 3743
f 5062 4820 4294
f 4295 4294 4820
f 4019 4553 4291
f 4816 4291 4553
f 4552 4819 4292
f 5061 4293 4823
f 4022 4555 4553
f 4022 4553 4019
f 4554 4823 4293
f 4293 4297 4554
f 4293 3463 4297
f 4556 4296 4822
f 4824 4826 4820
f 4556 4557 4296
f 4559 4299 4557
f 3753 4558 4297
f 4564 4302 4559
f 3755 4562 4560
f 4563 4300 5073
f 4561 4301 4303
f 3759 4562 3755
f 4563 4567 4300
f 4566 4304 4564
f 4309 4829 3759
f 4565 4303 4305
f 4309 4567 4829
f 5079 4829 4567
f 4031 4568 4305
f 4569 4308 4566
f 4309 4033 4567
f 4033 4035 4567
f 4830 4307 4829
f 3765 4571 4568
f 4572 4310 4569
f 4570 4037 4830
f 4311 4571 3765
f 4038 4573 4311
f 4571 4311 4573
f 4574 4314 4572
f 4041 4573 4038
f 4574 4576 4314
f 4575 4577 4037
f 4576 4574 4579
f 3181 4580 3767
f 4581 4315 4577
f 4316 4580 3181
f 4315 4581 4044
f 4839 4044 4581
f 5365 4044 4839
f 4583 4317 4587
f 4584 4582 4586
f 5365 4588 4044
f 4320 4585 4049
f 4587 4319 4050
f 4586 4845 4589
f 4055 4320 3493
f 4056 4597 4592
f 4594 4593 4598
f 4059 4595 4055
f 5392 3784 4596
f 3782 4599 4597
f 4600 4598 4601
f 4063 4599 3782
f 4607 4321 4601
f 4601 4602 4607
f 4065 4603 4062
f 4065 4605 4603
f 4066 4606 4063
f 4858 4063 4606
f 5418 3500 4604
f 4607 4612 4321
f 4612 4607 4863
f 4070 4609 4065
f 5418 4864 3500
f 4323 4610 4606
f 4608 4606 4072
f 4072 4606 4610
f 4070 4614 4609
f 4324 4610 4323
f 4324 4072 4610
f 4611 4612 4613
f 4612 5114 4613
f 4327 4614 4070
f 4072 4326 4616
f 5114 4330 4613
f 4329 4330 5114
f 4327 4615 4614
f 4617 4616 4074
f 4074 4616 4326
f 4618 4623 4330
f 4618 4330 4329
f 4327 3797 4615
f 4620 4617 4074
f 4619 4617 4620
f 4620 4621 4619
f 4078 4615 3797
f 4621 4620 4622
f 4623 4332 4330
f 4623 4624 4625
f 4871 4079 4331
f 4334 4620 4335
f 4342 4620 4334
f 4622 4620 4628
f 4628 4620 4342
f 4625 4336 4623
f 4623 4336 4332
f 4875 4337 4079
f 4626 4339 4338
f 4333 3808 4635
f 4333 4627 4335
f 4635 4627 4333
f 4336 4636 4343
f 4625 4629 4336
f 4875 3809 4337
f 4892 3809 4875
f 4344 4345 4087
f 3811 4346 4641
f 4630 4631 3528
f 4631 4880 4339
f 4338 4347 4626
f 4626 4347 4632
f 4632 4633 3813
f 3813 4634 4348
f 4633 4634 3813
f 4341 4348 3808
f 3808 4348 4635
f 4085 4891 4349
f 4349 4891 4890
f 4636 4891 4085
f 4086 4350 4878
f 4892 4358 3809
f 4344 4093 4345
f 4093 4637 4345
f 4345 4639 4351
f 4638 4639 4345
f 4351 4640 4641
f 3811 4641 4642
f 3811 4642 4630
f 4888 4353 4646
f 4647 4354 4897
f 4889 4897 4355
f 4889 4355 4090
f 4889 4090 5149
f 4356 4878 4350
f 4100 4648 4093
f 4648 4637 4093
f 5154 4359 4894
f 5154 4893 4359
f 5156 4894 4649
f 5827 3819 4360
f 5827 4895 3819
f 4652 4357 4358
f 4363 4654 4361
f 4654 4098 4361
f 4654 4356 4098
f 4357 4652 4102
f 4652 4364 4102
f 4653 4899 4103
f 4103 3827 4650
f 4103 4650 4653
f 4654 4363 4657
f 4652 4655 4364
f 4899 4656 4103
f 4655 4366 4364
f 4659 4365 4105
f 4660 4658 4367
f 4660 4367 4904
f 4366 5170 4659
f 4368 4656 4903
f 4368 4903 4661
f 4904 4367 4369
f 4370 4368 4661
f 4370 4661 4662
f 4663 4369 4664
f 4371 4666 4667
f 4666 4371 4373
f 4372 4666 4373
f 4378 4374 4375
f 4374 4378 5176
f 4671 4668 4372
f 4666 4372 4668
f 4667 5178 4911
f 5176 4117 4374
f 5180 4117 5176
f 4666 4668 4670
f 4670 4668 4671
f 4667 4671 4377
f 4667 4911 4671
f 4375 4669 4378
f 4375 4672 4669
f 4383 4675 4671
f 4670 4671 4675
f 4673 4381 4671
f 4675 4383 4386
f 4389 4677 4676
f 3855 4916 4390
f 4392 4918 4387
f 4678 4679 4388
f 4680 4918 4392
f 4679 4919 4393
f 5186 4682 4390
f 4391 4683 4392
f 4680 4392 4683
f 4393 4919 4921
f 4394 4681 4131
f 4396 4683 4391
f 4685 4395 5869
f 4398 4688 4396
f 4686 4396 4688
f 4926 4397 4684
f 4684 4925 4926
f 4139 4687 4922
f 4139 4690 4687
f 4398 4691 4688
f 5193 4399 4926
f 4926 4399 4397
f 4144 4690 4139
f 4689 4400 4685
f 4693 4691 4398
f 5193 4692 4399
f 4402 4690 4144
f 4402 4403 4695
f 6186 4145 5523
f 4931 4145 6186
f 4147 4696 4693
f 4147 4693 4146
f 4404 4693 4696
f 4694 4692 4933
f 4694 4933 4697
f 4698 4695 4403
f 4931 4699 4145
f 4933 4405 4697
f 4407 4698 4403
f 4406 4699 4700
f 4408 4935 4404
f 4701 4405 4933
f 4700 4705 4409
f 4700 4409 4406
f 4702 4935 4408
f 4407 4414 4704
f 4410 4706 4408
f 4702 4408 4706
f 4937 4412 4703
f 4414 4707 4704
f 4416 4706 4410
f 4416 4708 4706
f 4937 4939 4412
f 4412 4939 4419
f 4709 4157 4415
f 4416 4418 4422
f 4710 4419 4939
f 4709 4941 4421
f 4709 4421 4157
f 4710 4942 4419
f 4160 4711 4420
f 4941 4714 4421
f 4159 4712 4422
f 4160 4713 4711
f 4426 4712 4159
f 4947 4424 4942
f 4713 4160 4425
f 4945 4424 4947
f 4716 4713 4427
f 4427 4713 4425
f 4163 4714 4717
f 3900 4715 4426
f 5210 5212 4424
f 4424 4945 5210
f 4429 4716 4427
f 4718 4166 4163
f 4718 4163 4717
f 3900 4720 4715
f 4719 4432 4166
f 4719 4166 4718
f 4721 4720 3900
f 5213 4430 5212
f 4170 4172 4429
f 4719 4718 4434
f 4718 4953 4434
f 4719 4434 4432
f 5213 5215 4430
f 3903 4721 4431
f 5214 4721 3903
f 4430 5215 4433
f 4953 4723 4434
f 5214 3903 4724
f 3904 4722 4172
f 3904 4956 4722
f 4725 4435 4433
f 4433 5551 4725
f 4436 4956 3904
f 4438 4726 4724
f 5222 4958 4723
f 4727 4437 4435
f 4435 4725 4727
f 4726 4438 4439
f 4727 4729 4437
f 4177 4442 4960
f 4729 4727 4730
f 4735 4187 4964
f 4445 4733 4184
f 4449 4185 4443
f 4736 4447 4731
f 4731 4966 4736
f 4738 4734 4449
f 4735 4449 4187
f 4735 5564 4449
f 4737 4446 4450
f 5564 4738 4449
f 4451 4738 5564
f 4737 4450 4739
f 4447 4736 4740
f 4194 4453 4738
f 4972 4452 4740
f 4200 4741 4197
f 4201 4741 4200
f 4452 4972 4976
f 5240 4455 4969
f 4457 4978 4201
f 4744 4456 4976
f 4745 4743 4742
f 4208 4747 4457
f 4978 4457 4747
f 4746 4458 4744
f 4460 4745 4742
f 3932 4980 4748
f 4749 4747 4208
f 4748 4211 3932
f 4750 4461 4458
f 4458 4746 4750
f 4462 4463 4460
f 4748 5579 4211
f 5579 4464 4211
f 4212 4749 4209
f 4215 4752 4212
f 4753 4465 4750
f 4216 4751 4463
f 4216 5246 4751
f 4215 4755 4752
f 4753 4754 4465
f 4757 5246 4216
f 4759 4755 4215
f 4756 4466 4754
f 4756 4754 4753
f 4758 4219 4987
f 4218 4467 4759
f 5254 4466 4756
f 4995 4757 4469
f 4469 4757 3940
f 4219 4758 4760
f 4467 4993 4759
f 4760 4473 4219
f 4221 4474 4467
f 4466 5255 4470
f 4760 4996 4471
f 4760 4471 4473
f 5256 4472 5255
f 5255 4472 4470
f 4225 4763 4761
f 4996 4473 4471
f 3945 4762 4474
f 4999 4472 5256
f 4475 4762 3945
f 5260 4476 4999
f 4999 4476 4472
f 5594 4763 4477
f 4477 4763 4225
f 4764 4478 4473
f 3952 5594 4477
f 5003 4475 4479
f 5005 4480 4476
f 4230 4765 3952
f 4764 5002 4483
f 4764 4483 4478
f 4231 4766 4479
f 5005 4482 4480
f 4231 4767 4766
f 4482 4769 4768
f 5007 4230 4485
f 4485 4230 4233
f 4487 4767 4231
f 4768 4769 4770
f 4486 5010 4488
f 4773 4489 4770
f 4770 5957 4773
f 4236 4771 5007
f 5010 5011 4490
f 5010 4490 4488
f 4494 4776 4491
f 4772 4491 4776
f 4774 4492 4773
f 4775 4496 5011
f 4496 4775 4499
f 4243 4778 4494
f 4776 4494 4778
f 5277 4497 4774
f 4500 4778 4243
f 5277 5017 4497
f 4247 4780 4498
f 5605 4777 4499
f 3695 4778 4500
f 4503 4778 3695
f 4503 4781 4778
f 4779 5019 5017
f 4504 4782 4247
f 4247 4782 4780
f 4505 4782 4504
f 4506 5287 4784
f 5023 4508 4783
f 4783 5020 5023
f 5291 5022 4507
f 5292 4252 5023
f 5023 4252 4508
f 5973 4509 4784
f 5025 4509 5973
f 5292 4512 4252
f 5025 4256 4509
f 5027 4254 4511
f 4261 4787 5293
f 4788 4514 5025
f 3985 4789 4785
f 4791 4515 4786
f 4261 5621 4787
f 4516 4789 3985
f 4517 5621 4261
f 4518 4788 4790
f 4789 4516 4263
f 4266 4522 5033
f 4523 4519 4520
f 4523 4793 4519
f 5301 3995 5629
f 4521 5033 4522
f 4521 4794 5033
f 4793 4523 4268
f 3995 5301 5034
f 4271 3995 5034
f 4270 4794 4521
f 4795 4525 4521
f 4521 4792 4795
f 4793 4268 4796
f 4527 4794 4270
f 4798 4527 4795
f 4795 4527 4525
f 4526 4796 4268
f 5034 4797 4271
f 4271 4797 4275
f 4527 4799 4798
f 4527 4799 4528
f 4799 4527 4798
f 4798 4795 5036
f 4797 4801 4275
f 4528 4799 4527
f 5036 4529 4528
f 4530 4529 5036
f 4531 4530 5036
f 4278 4800 4526
f 4277 4532 4528
f 5036 4528 4532
f 5319 4278 4803
f 4533 4803 4278
f 4802 4805 4531
f 4806 4276 4804
f 5040 4532 4534
f 4805 5041 4807
f 4276 4806 4535
f 4281 5044 4534
f 5046 4533 4285
f 4537 5044 4281
f 4283 4536 4807
f 4538 5046 4285
f 4808 4540 4283
f 4542 5049 4809
f 4541 4010 4543
f 5056 4542 4809
f 4287 4545 4539
f 5051 4539 4545
f 5325 4810 4540
f 5056 4544 4542
f 4547 4546 4810
f 4288 4544 5056
f 4549 4811 4545
f 5058 4811 4549
f 4812 4814 4547
f 5061 4813 4548
f 4548 4014 5061
f 4014 4550 5061
f 5060 5062 5056
f 4551 4816 4549
f 5058 4549 4816
f 4814 4812 4815
f 3743 5061 4550
f 5653 4552 4815
f 4820 5062 4817
f 4553 4818 4816
f 5653 4819 4552
f 4823 5064 5061
f 4555 4821 4818
f 4555 4818 4553
f 5065 4824 4820
f 5067 4556 4822
f 4297 4558 4554
f 4298 4825 4555
f 4821 4555 4825
f 5340 4557 5067
f 5067 4557 4556
f 4023 4825 4298
f 5340 4559 4557
f 4561 4827 4023
f 4560 4558 3753
f 5075 4564 5344
f 5344 4564 4559
f 5346 4563 5073
f 4303 5076 4561
f 4827 4561 5076
f 5346 4567 4563
f 5347 4567 5346
f 4565 5076 4303
f 4828 4566 4564
f 4564 5075 4828
f 4829 4562 3759
f 5347 5079 4567
f 5076 4565 4305
f 4828 5349 4566
f 4307 4567 4829
f 4568 5083 4305
f 5082 4569 4566
f 4566 5349 5082
f 4829 4567 5078
f 4567 4035 5078
f 5079 4830 4829
f 4831 5083 4568
f 4571 4835 4568
f 4831 4568 4835
f 4832 4572 4569
f 4569 5082 4832
f 4313 4833 4035
f 4834 4570 4830
f 4832 5354 4572
f 4834 4037 4570
f 4835 4571 4573
f 4836 4574 4572
f 4572 5354 4836
f 6357 4575 4037
f 4041 4837 4573
f 3767 4580 4039
f 6357 4577 4575
f 5084 4577 6357
f 4578 4837 4041
f 4838 4579 4574
f 4574 4836 4838
f 4581 4577 5084
f 4583 4842 4578
f 4837 4578 4842
f 4840 4582 4838
f 4838 4582 4579
f 4580 4316 4841
f 4585 4841 4316
f 5086 5365 4839
f 4587 4844 4583
f 4842 4583 4844
f 4845 4586 4582
f 4582 4840 4845
f 4846 4588 5365
f 4320 4843 4585
f 4050 4847 4587
f 4844 4587 4847
f 4848 4589 4845
f 4846 4591 4588
f 4592 5380 4847
f 4592 4847 4050
f 4848 4590 4589
f 4849 5380 4592
f 4850 4593 4590
f 4590 4848 4850
f 4055 4851 4320
f 4597 4853 4592
f 4849 4592 4853
f 4595 4851 4055
f 5392 4596 4852
f 4852 5094 5392
f 5095 4853 4597
f 5098 4598 4593
f 4593 4850 5098
f 4599 4856 4597
f 5095 4597 4854
f 4597 4856 4854
f 4601 4598 5098
f 4602 4601 5098
f 4062 4603 4059
f 5392 5099 4855
f 4063 4858 4856
f 4063 4856 4599
f 4857 4604 4855
f 4857 4855 5099
f 4859 4607 4602
f 4859 4602 4860
f 4861 4604 4857
f 4065 5414 4605
f 4861 5418 4604
f 4608 4858 4606
f 4858 4862 5107
f 4858 4608 4862
f 4859 4863 4607
f 4859 4860 4863
f 4609 5414 4065
f 4072 4865 4608
f 5110 4612 4863
f 4616 4865 4072
f 5110 5114 4612
f 4865 4616 4867
f 4866 4329 5114
f 4867 4616 4617
f 4866 4618 4329
f 5117 4870 4623
f 5117 4623 4618
f 4866 5117 4618
f 4872 4871 5436
f 4619 4867 4617
f 4621 4867 4619
f 4078 4869 4615
f 4622 4628 4621
f 4873 4621 4628
f 4870 4624 4623
f 3803 4874 4078
f 4875 4079 4871
f 4086 4874 3803
f 4628 4342 4876
f 4877 4336 4629
f 5463 5134 4628
f 4625 4877 4629
f 4881 4625 4624
f 4880 4630 4879
f 4631 4630 4880
f 4880 4347 4339
f 4632 6128 4633
f 4347 6128 4632
f 4634 5140 4348
f 4627 4635 4335
f 4336 4877 4636
f 4877 5151 4636
f 4625 4881 5142
f 5151 4625 5142
f 4877 4625 5151
f 4637 4883 4345
f 4639 4638 4351
f 4638 4884 4351
f 4351 4885 4640
f 4884 4885 4351
f 4630 4642 4886
f 4887 4360 4352
f 4886 4879 4630
f 4352 4643 4887
f 4643 4644 4645
f 4643 4645 4888
f 5469 4888 4646
f 4896 4646 4647
f 4896 5469 4646
f 5151 4891 4636
f 4637 4648 5143
f 5478 4649 4895
f 5478 5156 4649
f 5479 4360 4887
f 5827 4360 5479
f 5479 4887 4643
f 5479 4643 5480
f 4896 4647 4897
f 5157 4897 4889
f 4892 4652 4358
f 4648 4362 5143
f 5143 4362 4898
f 4650 4893 5153
f 4650 5153 4899
f 4654 5486 4356
f 4651 4652 4900
f 4362 4901 4898
f 4653 4650 4899
f 4651 4900 4652
f 4652 5494 4655
f 4900 5494 4652
f 4365 4901 4362
f 4903 4656 4899
f 4657 5162 4654
f 5165 4657 4658
f 4660 5165 4658
f 4655 4902 4366
f 4366 4902 5168
f 4365 4659 5170
f 4660 5496 5165
f 5170 4366 5169
f 5168 5169 4366
f 4661 5172 4662
f 4903 5172 4661
f 4663 4904 4369
f 4663 4905 4904
f 4905 4663 4664
f 4906 4664 4662
f 4665 4667 4666
f 4666 4910 4665
f 4665 4910 4667
f 4910 5178 4667
f 4669 4907 4378
f 5176 4378 4907
f 4666 4908 4910
f 5177 4910 4909
f 4670 4908 4666
f 4910 4908 4670
f 5178 5179 4911
f 4670 4914 4911
f 4670 4675 4914
f 4671 4914 4673
f 4914 4671 4911
f 4911 5179 4912
f 4914 4675 4913
f 4673 4914 4381
f 4381 4914 4912
f 4672 4676 5182
f 4386 4917 4675
f 4913 4675 4917
f 4912 4388 4381
f 4677 5182 4676
f 3855 4915 4916
f 4387 4917 4386
f 5865 4678 4912
f 4912 4678 4388
f 4916 5186 4390
f 4918 4917 4387
f 5517 4679 5865
f 5865 4679 4678
f 5517 4919 4679
f 4681 4920 4131
f 5869 4682 5186
f 4918 4680 4683
f 4919 5517 4921
f 4394 4920 4681
f 4394 4922 4920
f 4396 4686 4683
f 4925 4684 4921
f 4923 4922 4687
f 4690 4923 4687
f 4924 4686 4688
f 4927 5191 4689
f 4689 4685 5872
f 4689 5872 4927
f 4691 4928 4688
f 5191 5523 4689
f 4933 4692 5193
f 4690 4402 4929
f 4693 4930 4691
f 4928 4691 4930
f 4698 4929 4695
f 4695 4929 4402
f 4404 4930 4693
f 4932 4930 4404
f 4404 4935 4932
f 4407 4936 4698
f 4931 4934 4700
f 4934 5526 4700
f 4931 4700 4699
f 5198 4701 4933
f 5199 4701 5198
f 5526 4705 4700
f 5199 4703 4701
f 4704 4936 4407
f 5200 4702 4706
f 4937 4703 5199
f 4707 4936 4704
f 4415 5885 4938
f 4705 5885 4415
f 5200 4706 4708
f 4417 4420 4707
f 4938 5201 4709
f 5201 4941 4709
f 4938 4709 4415
f 4940 4708 4416
f 4422 4940 4416
f 4942 4710 4939
f 4939 5534 4942
f 4944 4420 4711
f 4712 4943 4422
f 4942 5206 4945
f 4944 4711 4713
f 4944 4713 4948
f 4946 4714 4941
f 4945 4947 4942
f 4714 4946 4717
f 4716 4948 4713
f 5540 4718 4717
f 4429 4950 4716
f 4720 4949 4715
f 5545 5212 5210
f 4429 4952 4950
f 4172 4952 4429
f 4721 5214 4720
f 4951 4720 5214
f 5548 4433 5215
f 4722 4956 4172
f 4954 4723 4953
f 4724 4955 5214
f 5548 5551 4433
f 5219 4723 4954
f 5220 4955 4724
f 4436 4957 4956
f 5219 5222 4723
f 5220 4724 4726
f 4959 4727 4725
f 4960 4436 4177
f 4728 4958 4962
f 4439 4961 4726
f 5224 4726 4961
f 4442 5556 4960
f 4962 4964 4728
f 4441 4961 4439
f 5225 4730 4727
f 4727 4959 5225
f 4963 4441 4184
f 5225 5561 4730
f 4733 4965 4184
f 4963 4184 4965
f 4966 4731 5561
f 4449 4734 4185
f 4964 5915 4732
f 5915 4735 4732
f 4964 4732 4735
f 4446 4737 4733
f 4965 4733 4737
f 4966 5229 4736
f 4738 4967 4734
f 4738 4968 4967
f 4969 4451 5564
f 4739 4970 4737
f 5232 4740 4736
f 4736 5231 5232
f 4453 5235 4738
f 4197 4970 4739
f 4971 4970 4197
f 5232 4972 4740
f 4453 4973 5235
f 4741 4974 4197
f 4971 4197 4974
f 4977 4973 4204
f 4973 4453 4204
f 4975 4969 5233
f 4201 5570 4974
f 4201 4974 4741
f 4972 5236 4976
f 4742 4977 4204
f 4975 5240 4969
f 4978 5570 4201
f 5243 4744 4976
f 4743 4977 4742
f 5243 4979 4744
f 4745 4977 4743
f 4747 4983 4978
f 4744 4979 4746
f 4460 4982 4745
f 4980 4981 4748
f 4981 6239 4748
f 4460 4751 4982
f 6239 5579 4748
f 4749 4984 4747
f 4983 4747 4984
f 4986 4985 4746
f 4985 4750 4746
f 4986 4746 5580
f 4463 4751 4460
f 4987 4464 5579
f 4212 4984 4749
f 4753 4750 4985
f 4752 4984 4212
f 4990 4752 4755
f 4989 4987 5247
f 4753 5252 4756
f 4988 5246 4757
f 4991 4988 4757
f 4758 4989 5253
f 4987 4989 4758
f 4759 4992 4755
f 4756 5252 5254
f 4995 4991 4757
f 5253 4996 4760
f 5253 4760 4758
f 4993 4992 4759
f 4994 4466 5254
f 4474 4997 4993
f 4474 4993 4467
f 4994 5255 4466
f 4761 4995 4469
f 4474 4998 4997
f 4762 4998 4474
f 5594 4761 4763
f 5592 4473 4996
f 4764 4473 5592
f 4475 5261 4762
f 5003 5261 4475
f 5260 5004 4476
f 3952 5001 5594
f 5000 5002 4764
f 5004 5005 4476
f 4765 5001 3952
f 4766 5006 5003
f 4766 5003 4479
f 5267 4482 5005
f 5005 5949 5267
f 5007 4765 4230
f 4486 5947 5008
f 5002 5947 4486
f 5006 4766 4767
f 5267 4769 4482
f 5008 5009 5010
f 5010 4486 5008
f 5267 4770 4769
f 5270 4770 5267
f 5009 6275 5010
f 5271 4487 4491
f 5270 5957 4770
f 6275 5011 5010
f 5012 5271 4773
f 4491 4773 5271
f 4772 4773 4491
f 5957 5012 4773
f 5013 5272 4493
f 4771 4493 5272
f 4776 4774 4772
f 4774 4773 4772
f 4495 5013 4493
f 4776 5014 4774
f 5011 5015 4499
f 5015 5275 4499
f 5011 4499 4775
f 4778 5014 4776
f 4778 5276 5014
f 5014 5277 4774
f 5014 5274 5277
f 5275 5605 4499
f 4780 5016 4498
f 5281 4779 5017
f 4781 5018 4778
f 5280 4778 5018
f 5281 5019 4779
f 4782 5278 4780
f 4777 5283 4506
f 4503 5018 4781
f 5020 4783 5019
f 5287 4506 5283
f 5288 4503 4507
f 5287 5614 4784
f 5288 4507 5022
f 4509 5021 4505
f 4509 5024 5021
f 5614 5973 4784
f 5026 4512 5292
f 5978 4786 5026
f 5026 4786 4512
f 5295 5025 5977
f 4785 5027 4511
f 5028 5027 4785
f 5978 5296 4786
f 5295 4788 5025
f 5028 4785 4789
f 5297 4791 4786
f 4786 5296 5297
f 5295 4790 4788
f 4263 5030 4789
f 5029 4789 5030
f 4791 5297 5298
f 4519 5621 4517
f 4519 5031 5621
f 5625 5629 4790
f 5033 5030 4263
f 5299 5030 5033
f 5298 4792 4791
f 5031 4519 5032
f 4792 5298 5300
f 4519 4793 5032
f 5302 5033 4794
f 5300 5303 4792
f 5306 4795 4792
f 4792 5303 5306
f 4527 5035 4794
f 5308 4794 5035
f 4796 4526 5309
f 4798 5035 4527
f 4798 5036 5035
f 5036 5308 5035
f 5037 5036 4795
f 4795 5306 5037
f 5313 4526 5038
f 5309 4526 5313
f 5038 4526 4800
f 4801 4797 5039
f 4801 5039 5317
f 4532 4531 5036
f 5315 4802 5312
f 5319 4800 4278
f 4806 4801 5317
f 4804 4801 4806
f 5040 4531 4532
f 4802 4531 5040
f 5315 4805 4802
f 5041 4805 5315
f 5041 5040 4534
f 5042 5319 4803
f 4803 4533 5042
f 4806 5043 5047
f 4534 4807 5041
f 5044 4807 4534
f 5041 5636 5639
f 5321 4533 5046
f 5048 4806 5047
f 4537 4283 5044
f 4283 5045 5041
f 4283 4807 5044
f 4283 5041 4808
f 5041 5639 4808
f 5048 5049 4806
f 4539 5051 4283
f 4539 4283 4537
f 5045 4283 5051
f 5322 4540 5639
f 5639 4540 4808
f 4541 5046 4538
f 4809 5049 5052
f 5049 5050 5052
f 5322 5325 4540
f 4541 4543 5326
f 5056 4809 5052
f 4545 5053 5051
f 5054 5056 5052
f 4545 5055 5053
f 5325 4547 4810
f 5056 5054 5328
f 4811 5055 4545
f 5330 4812 4547
f 5328 5057 5056
f 5333 5056 5057
f 4543 4813 5059
f 5333 5060 5056
f 4816 5063 5058
f 6020 4815 4812
f 4812 5330 6020
f 5061 5059 4813
f 6020 5653 4815
f 5655 4817 5062
f 5063 4816 4818
f 5336 4819 5653
f 4820 4817 5065
f 4817 5655 5065
f 5658 4822 5336
f 5336 4822 4819
f 4823 5066 5064
f 5658 5067 4822
f 4823 4554 5068
f 5341 4823 5068
f 5066 4823 5341
f 4558 5068 4554
f 5065 4826 4824
f 5342 4826 5065
f 4825 5069 4821
f 5337 4821 5069
f 5070 4826 5342
f 4023 5071 5069
f 4023 5069 4825
f 5072 4559 5340
f 5070 5073 4826
f 4827 5071 4023
f 5072 5344 4559
f 4560 5343 4558
f 5074 4827 5076
f 5349 4828 5075
f 5075 5670 5349
f 4829 5077 4562
f 4829 5078 5077
f 4305 5080 5076
f 5348 5076 5080
f 5083 5080 4305
f 5349 5675 5082
f 5081 4830 5079
f 4035 5353 5078
f 5083 4831 4835
f 5354 4832 5082
f 5082 5682 5354
f 4833 5353 4035
f 6045 4834 4830
f 6045 4037 4834
f 5355 4835 4573
f 5354 5681 4836
f 4039 4580 4313
f 6045 6357 4037
f 4837 5085 4573
f 4840 4838 4836
f 4836 5685 4840
f 4839 4581 5084
f 4839 5084 5086
f 5085 4837 4842
f 5087 4580 4841
f 5360 5369 4840
f 4585 5087 4841
f 4585 5089 5087
f 4844 5090 4842
f 5088 4842 5090
f 5371 4845 4840
f 4840 5369 5371
f 4843 5089 4585
f 5371 5386 4845
f 5090 4844 4847
f 5381 4848 4845
f 4845 5386 5381
f 5091 4591 4846
f 4320 5092 5384
f 4852 5091 5094
f 4852 4591 5091
f 4320 4851 5092
f 5380 4849 4853
f 4848 5096 4850
f 4595 4059 4851
f 5093 4851 4059
f 5098 4850 5096
f 5096 5398 5098
f 4603 5408 4059
f 5097 4059 5408
f 4858 4854 4856
f 5100 4602 5098
f 5100 5098 5101
f 4854 4858 5104
f 5100 4860 4602
f 5105 5102 5103
f 4605 5414 4603
f 5418 4861 4857
f 4857 5106 5418
f 5104 4858 5107
f 4860 5100 5111
f 5110 4863 4860
f 5109 4864 5418
f 5118 5110 4860
f 5118 4860 5111
f 5119 5111 5108
f 5109 5112 4864
f 5113 4608 4865
f 5114 5110 5118
f 5119 5118 5111
f 4615 5115 4614
f 4867 5113 4865
f 4867 5116 5113
f 5114 5117 4866
f 5114 5118 5117
f 5120 5119 5427
f 4615 5128 5115
f 5116 4867 5122
f 4867 5123 5122
f 4870 5117 5118
f 4870 5118 4868
f 4868 5118 5119
f 5119 5127 4868
f 5127 5119 5120
f 5121 5429 5124
f 5128 4615 4869
f 5125 5123 4867
f 4621 5125 4867
f 4873 5125 4621
f 5126 5125 4873
f 5127 4870 4868
f 5129 5127 5120
f 5129 5120 5124
f 4078 5128 4869
f 5131 4871 4872
f 4628 5134 4873
f 5134 5126 4873
f 5448 5126 5132
f 4870 5127 5133
f 5133 5127 5129
f 5129 5124 5130
f 5130 5124 5442
f 4874 5128 4078
f 5131 4875 4871
f 5134 5132 5126
f 4870 5135 4624
f 5135 4870 5133
f 4086 5136 4874
f 5453 4875 5131
f 5463 4628 4876
f 5135 4881 4624
f 5135 5133 5472
f 4878 5136 4086
f 5453 4892 4875
f 4880 5138 4347
f 5137 5138 4880
f 5138 6128 4347
f 4633 5140 4634
f 4348 5148 4635
f 5140 5148 4348
f 4635 5148 4335
f 4335 5461 4342
f 5148 5461 4335
f 4342 5461 4876
f 5134 5463 5141
f 4881 4882 5142
f 4881 5135 4882
f 4882 5135 5472
f 5136 4878 5152
f 4345 5144 4638
f 4883 5144 4345
f 4640 4642 4641
f 4879 4886 4880
f 4880 4886 5145
f 5146 5480 4643
f 5145 5137 4880
f 5147 5146 4643
f 5147 4643 4888
f 5468 5147 4888
f 5469 5468 4888
f 5469 4896 5481
f 5140 5139 5460
f 5483 5157 4889
f 5483 4889 5148
f 4889 5149 5148
f 5150 5149 4890
f 5150 4890 4891
f 5150 4891 5151
f 5485 5150 5151
f 5473 5472 5465
f 4356 5152 4878
f 4356 5486 5152
f 4892 6136 5152
f 5154 5153 4893
f 5155 5154 4894
f 5824 4894 5156
f 5824 5155 4894
f 5478 4895 5827
f 5826 5478 5827
f 5481 4896 4897
f 5157 5481 4897
f 5152 4652 4892
f 5836 4652 5152
f 5159 5488 4899
f 4899 5153 5159
f 4654 5158 5486
f 4900 4652 5836
f 4901 5160 4898
f 5160 5143 4898
f 5488 5161 4899
f 4655 5494 5163
f 5163 4902 4655
f 4365 5160 4901
f 4365 5166 5160
f 5164 4899 5161
f 5164 4903 4899
f 5162 4657 5165
f 5163 5168 4902
f 4365 5170 5166
f 6156 4903 5164
f 5167 5496 4660
f 5167 4660 4904
f 4903 6156 5171
f 4905 5167 4904
f 5169 5499 5170
f 5171 5172 4903
f 5168 5497 5169
f 5172 4906 4662
f 5501 4905 4664
f 4664 5504 5173
f 4664 4906 5504
f 5501 4664 5173
f 4907 5174 5506
f 5506 5176 4907
f 5177 5854 4910
f 5854 5175 5178
f 4910 5854 5178
f 5508 5180 5176
f 4670 4911 4910
f 4911 4909 4910
f 4915 4674 5180
f 4912 4909 4911
f 4912 5181 4909
f 5512 4912 5859
f 5859 4912 5179
f 5182 5862 4672
f 4913 4912 4914
f 4913 5181 4912
f 5514 4915 5861
f 4917 5183 4913
f 4912 5512 5184
f 4677 5185 5182
f 4916 4915 5514
f 5184 5865 4912
f 4389 5185 4677
f 5514 5186 4916
f 4918 5188 4917
f 4131 5187 4389
f 4920 5187 4131
f 5866 5869 5186
f 4683 5189 4918
f 5188 4918 5189
f 5870 4921 5517
f 5517 5868 5870
f 4922 5871 4920
f 4686 5189 4683
f 5521 4925 5870
f 5870 4925 4921
f 4922 4923 5871
f 4924 5189 4686
f 4690 5190 4923
f 5189 4924 4688
f 5192 4926 4925
f 4925 5521 5192
f 5191 4927 5872
f 5192 5193 4926
f 5877 4933 5193
f 4690 4929 5194
f 5194 4929 5196
f 4930 4932 4928
f 5195 4928 4932
f 4698 5196 4929
f 4933 5877 5197
f 5197 5198 4933
f 4936 6197 4698
f 5198 5197 5199
f 5885 4705 5526
f 4702 5527 4935
f 4702 5200 5527
f 5199 5530 4937
f 4707 4420 4936
f 5201 4938 5885
f 5202 5200 4708
f 5530 4939 4937
f 5533 4939 5530
f 5533 5534 4939
f 4420 5204 5203
f 5893 4941 6201
f 4422 5205 4940
f 4708 4940 5205
f 5204 4420 4944
f 4943 5205 4422
f 5534 5206 4942
f 4948 5204 4944
f 5893 4946 4941
f 5205 4943 4712
f 5208 4712 4426
f 5207 5540 4717
f 5207 4717 4946
f 4715 5209 4426
f 5208 4426 4949
f 4949 4426 5209
f 4945 5542 5210
f 4716 5543 4948
f 4949 5209 4715
f 5210 5542 5545
f 4720 5211 4949
f 5547 4718 5900
f 5547 4953 4718
f 5213 5548 5215
f 5216 4952 4172
f 4956 5218 4172
f 4172 5218 5216
f 5219 4954 4953
f 4955 5220 5214
f 5217 5214 5220
f 4957 5218 4956
f 5221 4725 5551
f 4726 5223 5220
f 5221 4959 4725
f 5224 5223 4726
f 4960 5556 4436
f 5222 5557 4962
f 5222 4962 4958
f 4441 4963 5224
f 4441 5224 4961
f 4442 5912 5556
f 5909 4964 4962
f 5911 4964 5909
f 5561 5225 5227
f 4185 5228 4442
f 5911 5915 4964
f 5226 4963 4965
f 5229 4966 5561
f 4734 5228 4185
f 5564 4735 5915
f 4737 5230 4965
f 5562 4965 5230
f 5231 4736 5229
f 4970 4971 4737
f 5230 4737 4971
f 5235 4968 4738
f 5236 4972 5232
f 5234 4971 4974
f 5237 5235 4977
f 4977 5235 4973
f 5239 4976 5236
f 5240 4975 5238
f 4978 5572 5570
f 5239 5243 4976
f 5238 4980 5240
f 5242 5572 4978
f 5574 5243 5239
f 4745 5241 4977
f 5238 4981 4980
f 5242 4978 4983
f 4746 5243 5574
f 4746 4979 5243
f 5576 4746 5574
f 5577 5580 4746
f 5577 4746 5576
f 4984 4985 4983
f 4983 4986 5580
f 4986 4983 4985
f 5937 4987 5579
f 4984 4753 4985
f 4753 4984 5245
f 5580 5245 4984
f 5244 5246 6246
f 4751 5246 5244
f 5937 5247 4987
f 4752 4990 4984
f 5248 6246 5246
f 5249 4753 5245
f 4988 5248 5246
f 4989 6247 5250
f 5247 6247 4989
f 4755 5251 4990
f 5249 5252 4753
f 5250 5253 4989
f 4992 5251 4755
f 5252 5249 5254
f 6251 4996 5253
f 6255 4994 5254
f 5940 4996 6251
f 6255 5255 4994
f 4761 5591 4995
f 5592 4996 5940
f 5591 4761 5257
f 4762 5259 4998
f 5597 4999 5256
f 5594 5257 4761
f 4764 5592 5258
f 5261 5259 4762
f 5597 5260 4999
f 5258 5000 4764
f 5260 5262 5004
f 5598 5002 5000
f 5003 5264 5261
f 5263 5004 5262
f 4765 5600 5001
f 5006 5264 5003
f 5263 5005 5004
f 5265 5005 5263
f 5600 4765 5266
f 5598 5947 5002
f 5267 5264 5006
f 5265 5949 5005
f 5007 5266 4765
f 4767 5267 5006
f 5949 5268 5267
f 6275 5009 5008
f 4487 5270 4767
f 5267 4767 5270
f 4771 5269 5007
f 5271 5270 4487
f 5268 5957 5270
f 5012 5604 5271
f 5014 5604 5012
f 5273 5014 5012
f 4495 5272 5013
f 4495 4498 5272
f 5015 5011 6280
f 5276 5604 5014
f 5273 5274 5014
f 6280 5275 5015
f 5274 5273 5277
f 5016 5961 4498
f 4778 5280 5276
f 5281 5017 5277
f 4780 5278 5016
f 5279 4777 5605
f 5279 5283 4777
f 6284 5019 5281
f 4782 5282 5278
f 5285 5284 5283
f 4503 5288 5018
f 5286 5020 6284
f 6284 5020 5019
f 5284 5287 5283
f 5286 5289 5020
f 5022 5290 5288
f 5971 5023 5020
f 5020 5289 5971
f 5291 5290 5022
f 5971 5292 5023
f 5977 5025 5973
f 5978 5026 5292
f 5027 5028 5291
f 5618 5291 5028
f 4787 5294 5293
f 5293 5294 5615
f 5978 5983 5296
f 4789 5029 5028
f 5296 5983 5297
f 5620 4790 5295
f 5622 4790 5620
f 5622 5625 4790
f 5030 5299 5029
f 5623 5029 5299
f 5297 5985 5298
f 5033 5302 5299
f 5298 5990 5300
f 4793 5304 5032
f 4793 5307 5304
f 5034 5301 5305
f 4794 5308 5302
f 5303 5300 5306
f 4796 5307 4793
f 4797 5034 5305
f 5309 5307 4796
f 5036 5310 5308
f 5311 5037 5306
f 5999 5039 4797
f 5037 5310 5036
f 5037 5312 5310
f 5312 5314 5310
f 5311 5312 5037
f 4800 5313 5038
f 4802 5314 5312
f 5312 5311 5315
f 5039 6003 5317
f 5314 5040 5315
f 4802 5040 5314
f 5315 5040 5041
f 5315 5636 5316
f 6006 4806 5317
f 5041 5320 5040
f 5320 5041 5040
f 5636 5041 5316
f 5319 5042 5318
f 4533 5318 5042
f 6006 5043 4806
f 5045 5320 5041
f 5638 5319 5318
f 5318 4533 5638
f 4533 5321 5638
f 5043 5048 5047
f 5051 5640 5045
f 5046 4541 5323
f 5048 5050 5049
f 5645 5050 5048
f 6330 5325 5322
f 5052 5050 5324
f 5640 5051 5053
f 6015 4541 5326
f 5323 4541 6015
f 5050 5327 5324
f 5052 5324 5327
f 5328 5052 5327
f 5054 5052 5328
f 5648 4547 5325
f 4543 5329 5326
f 4811 5058 5055
f 5648 5330 4547
f 5057 5328 5331
f 5331 5333 5057
f 5059 5329 4543
f 5063 5335 5058
f 5332 5058 5335
f 5330 5651 6020
f 5059 5061 5334
f 5333 5062 5060
f 5655 5062 5333
f 5334 5061 5064
f 5335 5063 4818
f 4821 5337 4818
f 5066 5654 5064
f 5065 5655 5339
f 5338 5067 5658
f 5339 5342 5065
f 5338 5340 5067
f 5341 5068 4558
f 5664 5072 5340
f 4558 5343 5341
f 5342 5073 5070
f 5665 5073 5342
f 5664 5344 5072
f 5343 4560 5345
f 5665 5346 5073
f 6032 4827 5074
f 5666 5075 5344
f 4562 5345 4560
f 4562 5668 5345
f 6032 5074 5076
f 5666 5670 5075
f 5077 5668 4562
f 5672 5079 5347
f 5083 5352 5080
f 5677 5082 5675
f 5079 5351 5081
f 5677 5682 5082
f 5353 5350 5078
f 5351 4830 5081
f 5676 4830 5351
f 4835 5355 5083
f 5352 5083 5355
f 5676 6045 4830
f 4573 5356 5355
f 5686 4836 5681
f 4580 5683 4313
f 5085 5356 4573
f 5686 5685 4836
f 4580 5357 5683
f 5684 5084 6357
f 5696 4840 5685
f 5087 5357 4580
f 5086 5084 5684
f 6050 5085 4842
f 5696 5360 4840
f 5364 5370 5363
f 5684 5365 5086
f 6062 4842 5088
f 5369 5360 5366
f 5362 5367 5361
f 5374 5363 5370
f 5377 5370 5359
f 5377 5359 5368
f 6062 5088 5090
f 5389 5701 5367
f 5389 5367 5362
f 5374 5362 5363
f 5375 5374 5370
f 5375 5370 5376
f 5720 5377 5368
f 5720 5368 5719
f 6377 4846 5365
f 4846 4846 6377
f 5382 5369 5366
f 5371 5369 5382
f 5382 5366 5701
f 5395 5701 5389
f 5390 5389 5362
f 5376 5370 5377
f 4320 5373 4843
f 5711 5090 4847
f 5386 5371 5382
f 5387 5382 5701
f 5404 5701 5395
f 5387 5701 5404
f 5383 5362 5374
f 5390 5362 5383
f 5378 5377 5720
f 5378 5720 5372
f 5384 5373 4320
f 5388 5383 5374
f 5388 5374 5375
f 5391 5375 5376
f 5754 5377 5378
f 5376 5377 5754
f 5092 4851 5384
f 5379 5094 5091
f 7019 5094 5379
f 4848 5381 5399
f 5399 5381 5386
f 5386 5382 5387
f 5390 5383 5388
f 5396 5375 5391
f 5388 5375 5396
f 5378 5749 5754
f 6721 5094 7019
f 4853 5095 5380
f 5385 5380 5095
f 5411 5399 5386
f 5411 5386 5387
f 5394 5404 5395
f 5400 5390 5388
f 5400 5388 5413
f 5376 5754 5391
f 4059 5751 5093
f 6721 5392 5094
f 5096 4848 5398
f 5398 4848 5399
f 5403 5411 5387
f 5424 5387 5404
f 5403 5387 5424
f 5405 5389 5390
f 5395 5389 5405
f 5406 5390 5400
f 5405 5390 5406
f 5763 5388 5396
f 5413 5388 5763
f 5097 5751 4059
f 4854 5397 5095
f 5095 5401 5393
f 5095 5397 5401
f 5101 5098 5398
f 5402 5399 5411
f 5412 5394 5395
f 5404 5394 5412
f 5421 5395 5405
f 5412 5395 5421
f 5396 5391 5763
f 5101 5399 5102
f 5101 5398 5399
f 5102 5399 5103
f 5399 5402 5103
f 5406 5400 5413
f 5407 5413 5763
f 4603 5414 5408
f 6393 4857 5099
f 5104 5397 4854
f 5409 5100 5101
f 5105 5101 5102
f 5105 5409 5101
f 5410 5402 5411
f 5103 5402 5410
f 5411 5403 5424
f 5416 5424 5404
f 5416 5404 5412
f 5417 5405 5406
f 5421 5405 5417
f 5417 5406 5413
f 6396 5106 4857
f 5107 5419 5397
f 5107 5397 5104
f 5397 5419 5415
f 5409 5111 5100
f 5409 5105 5111
f 5428 5105 5103
f 5111 5105 5428
f 5423 5410 5411
f 5103 5410 5423
f 5434 5411 5424
f 5423 5411 5434
f 5425 5412 5421
f 5417 5413 5782
f 5782 5413 5407
f 6396 5418 5106
f 4862 5419 5107
f 5415 5419 5420
f 5111 5427 5108
f 5111 5428 5427
f 5429 5428 5103
f 5430 5103 5423
f 5429 5103 5430
f 5435 5416 5412
f 5424 5416 5435
f 5435 5412 5425
f 5417 5782 5421
f 4614 5115 4609
f 5418 6105 5109
f 4608 5419 4862
f 5419 5422 5420
f 5427 5119 5108
f 5777 5425 5421
f 5421 5782 5777
f 5783 5112 5109
f 5113 5116 5419
f 5113 5419 4608
f 5432 5422 5419
f 5422 5433 5420
f 5430 5423 5434
f 5443 5434 5424
f 5443 5424 5435
f 5431 5435 5425
f 5425 5777 5431
f 5783 6112 5112
f 5433 5422 5437
f 5120 5427 5124
f 5124 5427 5428
f 5124 5428 5121
f 5121 5428 5429
f 5440 5430 5434
f 5429 5430 5440
f 5123 5116 5122
f 5442 5124 5429
f 5442 5429 5440
f 5440 5434 5443
f 5435 5431 5797
f 5435 5797 5443
f 5123 5125 5126
f 5123 5126 5432
f 5422 5432 5437
f 5437 5449 5438
f 5452 5442 5440
f 5448 5432 5126
f 5432 5449 5437
f 5432 5448 5449
f 5130 5442 5129
f 5129 5442 5450
f 5450 5442 5452
f 5443 5446 5445
f 5452 5443 5445
f 5440 5443 5452
f 5446 5443 5444
f 4874 5441 5128
f 5131 4872 6416
f 5447 5448 5132
f 5449 5448 5455
f 6416 5453 5131
f 5134 5447 5132
f 5455 5448 5454
f 5448 5447 5454
f 5129 5456 5133
f 5456 5450 5457
f 5129 5450 5456
f 5802 4892 5453
f 6128 5459 4633
f 5458 5459 6128
f 4633 5459 5140
f 5809 5139 5140
f 5459 5809 5140
f 5460 5148 5140
f 5462 4876 5461
f 5463 4876 5462
f 5141 5464 5134
f 5134 5464 5447
f 5447 5810 5454
f 5133 5456 5472
f 5456 5465 5472
f 5466 5456 5457
f 5819 5136 5152
f 5802 6136 4892
f 4637 5143 4883
f 4884 4638 4885
f 4642 5467 4886
f 4640 5467 4642
f 5147 5468 5829
f 5830 5468 5469
f 5460 5470 5148
f 5148 5149 5461
f 5150 5461 5149
f 5461 5150 5462
f 5462 5150 5463
f 5485 5141 5150
f 5463 5150 5141
f 5485 5464 5141
f 4882 5834 5142
f 5142 5834 5151
f 4882 5472 5834
f 5473 5465 5456
f 5473 5456 5474
f 5474 5456 5466
f 5486 5475 5152
f 5476 5819 5152
f 5152 6136 5476
f 5477 4883 5143
f 5154 5489 5153
f 5153 5489 5488
f 5155 5838 5154
f 5155 5824 5839
f 5824 5156 5478
f 5480 5146 5147
f 5481 5830 5469
f 6447 5831 5481
f 5482 5481 5157
f 5482 6447 5481
f 6142 5157 5483
f 5483 5148 5832
f 5484 5832 5471
f 5484 5471 5485
f 5834 5472 5473
f 5475 5836 5152
f 5143 5487 5477
f 5488 5159 5153
f 5838 5155 5490
f 5490 5155 5839
f 4654 5835 5158
f 5491 4900 5836
f 5835 5486 5158
f 5143 5160 5487
f 5492 5161 5488
f 5162 5835 4654
f 5494 4900 5493
f 5493 4900 5491
f 5494 5491 5493
f 5494 5493 5491
f 5493 5163 5494
f 5166 5495 5160
f 5161 5492 5164
f 5165 6154 5162
f 5493 5844 5163
f 6156 5164 5492
f 5496 6154 5165
f 5168 5163 5498
f 5163 5497 5498
f 5163 5844 5497
f 5498 5497 5168
f 5166 5842 5495
f 5170 5842 5166
f 6156 5500 5171
f 5496 5167 5848
f 5167 4905 5848
f 5170 5499 5842
f 5500 5172 5171
f 5503 4905 5501
f 5848 4905 5503
f 5169 5497 5499
f 4906 5172 5500
f 4906 5500 5502
f 5504 4906 5502
f 5850 5503 5501
f 5851 5850 5501
f 5501 5173 5504
f 5501 5504 5851
f 5505 5506 5174
f 4907 5505 5174
f 4907 5856 5505
f 5508 5176 5506
f 5507 5178 5175
f 5855 5178 5507
f 4669 5856 4907
f 5854 5177 4909
f 5855 5179 5178
f 5509 5180 5508
f 4672 5510 4669
f 5509 4915 5180
f 5861 4915 5509
f 5181 5511 4909
f 5862 5510 4672
f 5511 5181 4913
f 5862 5182 5513
f 5865 5184 5512
f 5185 5513 5182
f 4917 5515 5183
f 5516 5866 5514
f 5866 5186 5514
f 5188 5515 4917
f 5187 5185 4389
f 5189 5519 5188
f 5518 5188 5519
f 5520 4685 5869
f 5520 5872 4685
f 6185 5519 5189
f 5190 5871 4923
f 5191 5872 6496
f 4688 5522 5189
f 6185 5189 5522
f 5874 5192 5521
f 4690 6189 5190
f 6496 5523 5191
f 4928 5524 5522
f 4928 5522 4688
f 5874 5193 5192
f 5876 5193 5874
f 5194 6189 4690
f 5195 5524 4928
f 5876 5877 5193
f 5879 4931 6186
f 5524 5195 4932
f 4698 5194 5196
f 4934 4931 5879
f 4934 5879 5882
f 5881 5197 5877
f 5882 5526 4934
f 4935 5527 4932
f 5525 4932 5527
f 6198 5199 5529
f 5199 5197 5529
f 5200 5202 5527
f 5528 5527 5202
f 6198 5530 5199
f 4936 5887 6197
f 4936 4420 5887
f 5201 5885 5888
f 5888 4941 5201
f 5532 4941 5888
f 4708 5890 5202
f 5530 5889 5533
f 5203 5531 4420
f 5532 6201 4941
f 5205 5535 4708
f 5898 5206 5534
f 5534 5895 5896
f 5534 5896 5898
f 4948 5536 5204
f 5205 4712 5538
f 5898 4945 5206
f 5537 5897 5207
f 5537 5207 4946
f 5208 5538 4712
f 5542 4945 5898
f 5543 5539 4948
f 5897 5540 5207
f 5541 5208 4949
f 5544 4718 5540
f 5541 4949 5211
f 4950 5543 4716
f 5544 5900 4718
f 5546 5212 5545
f 4951 5902 4720
f 5211 4720 5902
f 5546 5213 5212
f 5214 5217 5902
f 5214 5902 4951
f 5905 4953 5547
f 5219 4953 5905
f 5550 5551 5548
f 5218 5549 5216
f 5220 5907 5217
f 5550 6525 5551
f 5219 5905 5552
f 6219 5221 5551
f 5551 6525 6219
f 5552 5222 5219
f 5557 5222 5552
f 5223 5554 5220
f 5555 4959 6219
f 6219 4959 5221
f 4436 5553 4957
f 4436 5556 5553
f 5555 5558 4959
f 5909 4962 5557
f 5223 5224 5558
f 5558 5555 5559
f 4963 5226 5558
f 4963 5558 5224
f 5226 4959 5558
f 4959 5226 5225
f 5559 5913 5560
f 4442 6222 5912
f 5560 5227 5226
f 5225 5226 5227
f 5561 5227 5560
f 5913 5561 5560
f 5228 6222 4442
f 4965 5562 5226
f 5560 5226 5562
f 5916 5229 5561
f 5563 5562 5230
f 5565 5231 5229
f 5233 4969 5564
f 5231 5565 5920
f 5921 5231 5920
f 4971 5234 5230
f 5565 5230 5234
f 6230 5232 5231
f 5231 5921 6230
f 5566 4968 5567
f 4975 5233 7203
f 5923 5236 6230
f 6230 5236 5232
f 5567 4968 5235
f 5568 5567 5235
f 5237 5568 5235
f 5569 5924 5238
f 5569 5238 4975
f 5239 5236 5923
f 5571 5238 5924
f 5241 5237 4977
f 5571 4981 5238
f 5573 5574 5239
f 5572 4983 5577
f 5242 4983 5572
f 6546 6239 4981
f 5580 5577 4983
f 5576 5575 5577
f 4751 5578 4982
f 5581 5575 5576
f 4751 5244 5578
f 5578 5244 5582
f 5584 5580 4984
f 5583 5245 5581
f 5581 5245 5580
f 5581 5576 5583
f 6246 5582 5244
f 6247 5247 5937
f 4990 5584 4984
f 5584 4990 5585
f 5586 5249 5245
f 5245 5583 5586
f 5251 5585 4990
f 5587 5253 5250
f 5588 5254 5249
f 5249 5586 5588
f 4995 5589 4991
f 5587 6251 5253
f 5588 6255 5254
f 4995 5591 5589
f 4997 5590 4993
f 5942 5255 6255
f 4998 5590 4997
f 5593 5256 5942
f 5942 5256 5255
f 5259 5596 4998
f 5593 5597 5256
f 5595 5258 5592
f 5262 5260 5597
f 5262 5597 5593
f 5001 5943 5594
f 5598 5000 5258
f 5262 5259 5261
f 5264 5263 5261
f 5261 5263 5262
f 5264 5265 5263
f 5265 5264 5599
f 5946 5947 5598
f 5267 5948 5264
f 5599 5949 5265
f 5007 5269 5266
f 5269 5600 5266
f 5268 5948 5267
f 5268 5601 5948
f 5949 5951 5268
f 5602 5952 5008
f 5952 6275 5008
f 5602 5008 5947
f 5271 5268 5270
f 5271 5601 5268
f 5268 5951 5953
f 4771 5603 5269
f 5953 5957 5268
f 5272 5603 4771
f 6273 5271 5604
f 6581 6280 5011
f 5012 5957 5273
f 4498 5960 5272
f 5276 5606 5604
f 6281 5605 6280
f 5605 5275 6280
f 5607 5277 5273
f 5016 5278 5961
f 5280 5608 5276
f 5606 5276 5608
f 5607 5281 5277
f 5967 5279 5605
f 5278 5282 5609
f 5967 5283 5279
f 5285 5283 5967
f 5018 5610 5280
f 5608 5280 5610
f 4782 5609 5282
f 5288 5613 5610
f 5288 5610 5018
f 5611 5286 6284
f 4505 5612 4782
f 5285 5287 5284
f 5614 5287 5285
f 5611 5289 5286
f 5971 5289 5611
f 5021 5612 4505
f 5613 5288 5290
f 5024 5615 5021
f 5291 5616 5290
f 5972 5292 5971
f 5975 5292 5972
f 5615 5024 5293
f 5618 5616 5291
f 5975 5978 5292
f 5294 5982 5615
f 5617 5295 5977
f 5029 5618 5028
f 5294 4787 5619
f 5617 5620 5295
f 5618 5029 5623
f 5984 5297 5983
f 4787 5621 5619
f 5984 5985 5297
f 5621 5624 5986
f 5621 5031 5624
f 5299 5626 5623
f 6619 5298 5985
f 5987 5625 5622
f 6619 5990 5298
f 5032 5624 5031
f 5629 5625 5627
f 5302 5991 5299
f 5626 5299 5991
f 5629 5627 5628
f 5630 5991 5302
f 5307 5993 5032
f 5307 5032 5304
f 5629 5305 5301
f 5308 5630 5302
f 5631 5306 5300
f 4797 5305 5999
f 5631 5630 5308
f 5306 5631 5632
f 6306 5306 5632
f 5307 5309 5313
f 5310 5634 5308
f 5631 5308 5634
f 6308 5311 5306
f 5306 6306 6308
f 5039 5999 5633
f 5633 6003 5039
f 5314 5634 5310
f 5634 5314 5635
f 6313 5315 5311
f 5311 6308 6313
f 5998 5313 4800
f 4800 5319 5998
f 5998 5319 6001
f 5315 5316 5314
f 5316 5635 5314
f 6313 5636 5315
f 6005 6006 5317
f 5041 5635 5316
f 5041 5637 5635
f 5636 6313 5642
f 5319 5638 6001
f 5320 5637 5041
f 5642 5639 5636
f 5045 5640 5320
f 5641 5322 5639
f 5639 5642 5641
f 5645 5048 5043
f 5642 5322 5641
f 6330 5322 5642
f 5321 5046 5644
f 5644 5046 5323
f 6011 5050 5645
f 5053 5643 5640
f 6009 5325 6330
f 6013 5325 6009
f 6015 5646 5323
f 5327 5050 5647
f 5050 6011 5647
f 5647 5328 5327
f 5648 5325 6013
f 6015 5326 5649
f 5649 5326 5329
f 5328 5647 6011
f 6016 5328 6011
f 5331 5328 6016
f 5058 5332 5055
f 6014 5330 5648
f 5650 6015 5649
f 5649 5329 5650
f 5652 5331 6016
f 6014 5651 5330
f 5059 5334 5329
f 5652 5333 5331
f 6017 5332 5335
f 5651 6014 6020
f 5655 5333 5652
f 4818 5656 5335
f 6022 5335 5656
f 6023 5336 5653
f 5064 5654 5334
f 5659 5655 6652
f 5337 5657 5656
f 5337 5656 4818
f 6023 5658 5336
f 5659 5339 5655
f 5660 5338 5658
f 5341 5654 5066
f 5341 5661 5654
f 5069 5662 5337
f 5657 5337 5662
f 6031 5340 5660
f 5660 5340 5338
f 5341 5663 5661
f 5071 5662 5069
f 6031 5664 5340
f 5343 5663 5341
f 6347 5665 5342
f 4827 6032 5071
f 5666 5344 5664
f 5343 5345 6036
f 5347 5346 5665
f 5076 5669 6032
f 6037 5666 5667
f 5670 5666 6037
f 5348 5669 5076
f 5674 5349 5670
f 5078 5671 5077
f 5080 5673 5348
f 5669 5348 5673
f 5674 5675 5349
f 5350 5671 5078
f 6993 5079 5672
f 5352 5673 5080
f 5674 5670 5675
f 6993 5676 5079
f 5079 5676 5351
f 5350 5353 5678
f 5355 5679 5352
f 6046 5352 5679
f 6049 5682 5677
f 5677 5675 6049
f 4833 5678 5353
f 5680 5679 5355
f 5682 5681 5354
f 4313 5683 4833
f 5356 6051 5355
f 5680 5355 6051
f 5686 5681 5682
f 5682 6049 5686
f 5085 6050 6051
f 5085 6051 5356
f 5697 5685 5686
f 5696 5685 5697
f 5698 5686 5687
f 5697 5686 5698
f 6053 6055 5691
f 5691 5688 5358
f 5691 6055 5688
f 5358 5688 5359
f 5688 5692 5359
f 5694 5688 5693
f 5692 5688 5694
f 4842 6062 6050
f 5689 5361 5687
f 6366 5362 5689
f 5362 5361 5689
f 5362 6366 5363
f 5363 6366 5690
f 5363 5690 5364
f 5364 6053 5370
f 5370 6053 5359
f 5359 6053 5691
f 5359 5691 5358
f 5359 5692 5368
f 5368 5692 5694
f 5709 5695 5699
f 6058 5365 5684
f 6061 5365 6058
f 5360 5696 5366
f 5696 5700 5366
f 5701 5696 5697
f 5700 5696 5701
f 5367 5697 5698
f 5701 5697 5367
f 5367 5698 5687
f 5367 5687 5361
f 5706 5705 5704
f 5694 5719 5368
f 5725 5694 5695
f 5719 5694 5725
f 5725 5695 5709
f 6061 6377 5365
f 5090 5711 6062
f 6062 5711 5712
f 5366 5700 5701
f 5714 5702 5703
f 5702 5714 5715
f 5702 5715 5704
f 5704 5716 5706
f 5706 5717 5707
f 5708 5707 5719
f 5707 5720 5719
f 5707 5718 5720
f 5726 5725 5709
f 4843 5710 5089
f 5713 5722 5714
f 5714 5722 5715
f 5715 5723 5704
f 5704 5723 5716
f 5706 5716 5717
f 5717 5736 5707
f 5707 5724 5718
f 5707 5736 5724
f 5725 5372 5718
f 5720 5718 5372
f 5725 5731 5372
f 5731 5725 5726
f 5373 5384 4843
f 4847 5727 5711
f 5711 5728 5712
f 5712 5728 5729
f 5721 5729 5730
f 5721 5730 5713
f 5725 5718 5724
f 6089 5378 5731
f 5731 5378 5372
f 5731 5726 5732
f 7019 5379 5091
f 5380 5727 4847
f 5713 5730 5722
f 5722 5730 5715
f 5715 5734 5723
f 5723 5735 5716
f 5717 5716 5736
f 5731 5732 6089
f 5384 4851 5733
f 4851 5737 5733
f 5385 5727 5380
f 5727 5738 5711
f 5711 5739 5728
f 5711 5738 5739
f 5729 5740 5730
f 5730 5741 5715
f 5715 5741 5734
f 5723 5734 5735
f 5735 5742 5716
f 5716 5743 5736
f 5716 5742 5743
f 5749 5378 6089
f 5093 5737 4851
f 5385 5744 5727
f 5385 5095 5744
f 5728 5745 5729
f 5728 5739 5745
f 5729 5745 5740
f 5740 5746 5730
f 5730 5746 5741
f 5734 5747 5735
f 6084 5736 5748
f 5736 5742 5748
f 5736 5743 5742
f 5749 5757 5754
f 6095 5392 6721
f 5744 5752 5727
f 5744 5095 5752
f 5727 5752 5738
f 5740 5745 5746
f 5734 5741 5753
f 5734 5753 5747
f 5748 5742 5735
f 6093 5749 5750
f 5757 5749 6093
f 5097 5408 5751
f 6095 5099 5392
f 5401 5764 5095
f 5401 5095 5393
f 5095 5764 5752
f 5738 5755 5739
f 5739 5755 5745
f 5746 5756 5741
f 5747 6091 5735
f 5768 5391 5754
f 5763 5391 5768
f 5768 5754 5757
f 5752 5758 5738
f 5738 5758 5755
f 5755 5759 5745
f 5746 5745 5760
f 5746 5760 5756
f 5753 5761 5747
f 5753 5741 5761
f 5762 6091 5747
f 6396 4857 6393
f 5764 5401 5397
f 5755 5758 5759
f 5759 5765 5745
f 5745 5765 5760
f 5756 5766 5741
f 5761 5767 5747
f 5761 5741 5767
f 5762 5747 5767
f 5768 5407 5763
f 5780 5408 5414
f 5780 6395 5408
f 5415 5764 5397
f 5764 5769 5752
f 5752 5770 5758
f 5752 5769 5770
f 5758 5771 5759
f 5760 5772 5756
f 5766 5778 5741
f 5766 5756 5778
f 5767 5741 5778
f 5407 5779 5782
f 5773 5407 5768
f 5779 5407 5773
f 4609 5780 5414
f 6405 5418 6396
f 5764 5415 5420
f 5764 5420 5769
f 5770 5774 5758
f 5758 5775 5771
f 5758 5774 5775
f 5765 5776 5760
f 5765 5759 5776
f 5772 5777 5756
f 5772 5760 5777
f 5756 5777 5778
f 5426 5780 4609
f 5115 5426 4609
f 6405 6105 5418
f 5420 5785 5769
f 5771 5775 5759
f 5776 5781 5760
f 5776 5759 5781
f 5760 5793 5777
f 5760 5781 5793
f 5782 5779 6109
f 6105 5783 5109
f 5116 5784 5419
f 5784 5432 5419
f 5433 5785 5420
f 5785 5786 5769
f 5774 5787 5775
f 5774 5770 5787
f 5775 5788 5759
f 5759 5788 5781
f 5793 5431 5777
f 5782 5797 5777
f 5782 6109 5797
f 5115 5789 5426
f 6409 6112 5783
f 5123 5784 5116
f 5123 5432 5784
f 5785 5433 5437
f 5769 5790 5770
f 5769 5786 5790
f 5787 5791 5775
f 5787 5770 5791
f 5775 5792 5788
f 5775 5791 5792
f 5793 5777 5797
f 5128 5789 5115
f 5795 5436 6112
f 5785 5437 5438
f 5785 5438 5786
f 5790 5786 5438
f 5770 5790 5439
f 5770 5796 5791
f 5770 5439 5796
f 5788 5792 5781
f 5799 5781 5792
f 5793 5797 5431
f 5441 5789 5128
f 5795 4872 5436
f 5449 5798 5790
f 5449 5790 5438
f 5798 5439 5790
f 5792 5791 5799
f 5797 5444 5443
f 5797 6117 6122
f 6120 6416 4872
f 5803 5798 5449
f 5791 5796 6124
f 5796 5798 6124
f 5796 5439 5798
f 5444 5445 5446
f 5801 5799 5791
f 6424 5444 5797
f 5797 6122 6424
f 4874 6119 5441
f 5455 5803 5449
f 5798 5803 5804
f 5804 6124 5798
f 5452 5451 5450
f 5445 5444 5452
f 5444 5806 5452
f 5444 6424 5806
f 6125 6424 6122
f 6430 5802 6416
f 5802 5453 6416
f 5451 5457 5450
f 5805 5451 5812
f 5452 5806 6134
f 5812 5452 6134
f 5451 5452 5812
f 5145 5815 5137
f 5138 5137 5808
f 5138 5808 6128
f 5458 5809 5459
f 5455 5454 5811
f 5455 5811 5803
f 5457 5451 5466
f 5451 5474 5466
f 5451 5805 5474
f 5819 5807 5136
f 5813 5144 4883
f 4638 5144 6137
f 4638 6431 4885
f 4640 5814 5467
f 4885 5814 4640
f 4886 5815 5145
f 5467 5815 4886
f 5468 5830 5829
f 5809 6130 5139
f 5139 5816 5460
f 6130 5816 5139
f 5460 5817 5470
f 5816 5817 5460
f 5148 5817 5832
f 5470 5817 5148
f 5817 5471 5832
f 5471 5818 5485
f 5485 5818 5464
f 5464 5818 5447
f 5447 5818 5810
f 5810 6131 5454
f 5473 5474 6448
f 6136 5819 5476
f 5477 5821 4883
f 4883 5821 5813
f 5813 5822 5144
f 5144 5822 5823
f 5823 6137 5144
f 5825 5824 5478
f 5825 5478 5826
f 5828 5479 5480
f 5828 5827 5479
f 5828 5480 5147
f 5828 5147 5829
f 5831 5830 5481
f 6447 5482 5157
f 6456 5157 6142
f 6456 6447 5157
f 6143 5483 5832
f 6143 6142 5483
f 5833 5484 5485
f 5833 5832 5484
f 5833 5485 5151
f 5833 5151 5834
f 6145 5834 5473
f 6145 5473 6448
f 5486 5835 5475
f 5836 5475 5819
f 5487 5820 5477
f 6147 5837 5488
f 6792 5488 5489
f 6792 6147 5488
f 6792 5489 5154
f 6453 5154 5838
f 6453 6792 5154
f 5838 5490 5839
f 6148 5839 5824
f 5841 5491 5836
f 5160 5820 5487
f 5492 5488 5837
f 5162 5840 5835
f 5493 5491 5841
f 6465 6156 5492
f 6159 6154 5496
f 5493 5843 5844
f 5846 5500 6156
f 5847 6159 5496
f 5847 5496 5848
f 5842 5499 5845
f 5845 5499 5849
f 5503 6157 5848
f 6161 5849 5497
f 5849 5499 5497
f 5851 5504 5502
f 5852 5851 5502
f 5850 6165 5853
f 5850 5851 6165
f 5506 5505 5856
f 5507 5175 5855
f 5856 5508 5506
f 4669 5857 5856
f 4909 6166 5854
f 6171 5179 5855
f 4669 5858 5857
f 5508 5860 5509
f 5511 6173 4909
f 6171 5859 5179
f 5510 5858 4669
f 5509 5860 5861
f 6481 5512 5859
f 4913 5864 5511
f 6483 5512 6481
f 6175 5514 5861
f 5183 5864 4913
f 6483 5865 5512
f 5185 5862 5513
f 5863 5514 6175
f 5515 5864 5183
f 5863 5516 5514
f 5188 5864 5515
f 5188 5518 5864
f 5867 5517 5865
f 5187 4920 5185
f 6177 5866 5516
f 5867 5868 5517
f 6177 5869 5866
f 5872 5520 5869
f 6492 5521 5870
f 5870 5868 6492
f 6185 6183 5519
f 5874 5521 6492
f 5190 5873 5871
f 5875 6186 6496
f 6186 5523 6496
f 5876 6498 5877
f 6189 5194 5878
f 4932 5880 5524
f 5877 6498 5881
f 4698 5878 5194
f 5525 5880 4932
f 5879 6195 5882
f 6195 5526 5882
f 5525 5527 5883
f 5881 5527 5197
f 5527 5881 5883
f 5881 6503 5883
f 6197 6194 4698
f 5883 5529 5528
f 5197 5528 5529
f 5528 5197 5527
f 6198 5529 5883
f 6503 6198 5883
f 5884 6197 5887
f 5202 5886 5528
f 5883 5528 5886
f 6200 5530 6198
f 4420 5531 5887
f 5202 5890 5886
f 6200 5889 5530
f 6201 5532 5888
f 5533 5889 5891
f 4708 5894 5890
f 5895 5534 5891
f 5891 5534 5533
f 5204 5892 5203
f 5535 5894 4708
f 6203 5204 5536
f 6202 4946 5893
f 5894 5535 5538
f 4948 5539 5536
f 5897 5537 4946
f 5539 6203 5536
f 5538 5535 5205
f 5896 6207 5898
f 5208 6206 5538
f 5898 6207 5542
f 5897 6857 5540
f 5900 5544 5540
f 5900 5540 6857
f 5546 5545 5899
f 5899 5545 5542
f 4950 4952 5543
f 6213 5546 5899
f 5901 5211 5902
f 6213 5213 5546
f 5548 5213 6213
f 5216 6522 4952
f 5216 5903 6522
f 6212 5905 5547
f 5904 5902 5217
f 5903 5216 5549
f 5904 5217 5907
f 6525 5550 5548
f 5548 6517 6525
f 5218 5906 5549
f 5549 5906 5903
f 4957 5906 5218
f 6215 5552 5905
f 5220 5554 5907
f 6525 7191 6219
f 5909 5557 5552
f 5552 6217 5909
f 5908 5555 6219
f 5223 5910 5554
f 6526 5554 5910
f 5558 5910 5223
f 5558 5559 5910
f 5559 6220 5910
f 5560 6220 5559
f 5555 5913 5559
f 5914 5561 5913
f 5913 5555 5914
f 5562 5563 5560
f 5914 5916 5561
f 6537 5564 5915
f 5918 5229 5916
f 4967 5917 4734
f 5233 5564 6537
f 5230 5919 5918
f 5563 5230 5918
f 5229 5919 5565
f 5919 5229 5918
f 5918 5916 6226
f 5918 6226 5920
f 4968 5917 4967
f 4968 6231 5917
f 5565 5919 5230
f 6226 5921 5920
f 4968 5566 6231
f 6538 7203 5233
f 5234 5922 5565
f 5920 5565 5922
f 5567 6231 5566
f 6882 5922 5234
f 5924 5569 4975
f 4974 5925 5234
f 6882 5234 5926
f 5926 5234 5925
f 4974 5926 5925
f 5570 5926 4974
f 5928 5923 6543
f 5239 5923 5928
f 5927 5571 5924
f 5926 5572 5928
f 5570 5572 5926
f 5239 5928 5573
f 5928 6543 5930
f 5241 4745 5237
f 5927 4981 5571
f 6236 4981 5927
f 5931 5932 5572
f 5932 5928 5572
f 5573 5928 5574
f 5932 5574 5928
f 5574 5932 5929
f 6236 6546 4981
f 5577 5931 5572
f 5575 5931 5577
f 5929 5576 5574
f 5576 5929 6547
f 5929 5928 6547
f 5928 5930 6547
f 4982 5578 4745
f 5581 5931 5575
f 5933 5931 5581
f 6240 5576 6547
f 5935 5579 6239
f 5583 5581 5580
f 6240 6243 5576
f 5582 5934 5578
f 5935 5937 5579
f 5584 5583 5580
f 5581 5576 5936
f 5576 5581 5583
f 6243 5936 5576
f 6243 6245 5936
f 5938 5250 6247
f 6895 5938 6247
f 6245 5586 5583
f 5587 5250 5938
f 4991 5248 4988
f 5939 5588 5586
f 4993 5941 4992
f 5939 6255 5588
f 5590 5941 4993
f 5257 5943 5591
f 5943 6257 5591
f 7230 5592 5940
f 4998 6260 5590
f 5594 5943 5257
f 6258 5595 5592
f 7230 6258 5592
f 5596 6260 4998
f 6258 5258 5595
f 6258 6904 5258
f 5259 6266 5596
f 6266 6260 5596
f 5593 5945 5262
f 5593 6259 5945
f 6904 6262 5258
f 6262 5598 5258
f 5262 6266 5259
f 5599 6266 5262
f 5599 5262 5945
f 5599 5945 6263
f 6262 5946 5598
f 5948 5599 5264
f 6572 5949 5599
f 5600 5269 5950
f 5271 6273 5601
f 5603 6272 5269
f 5954 6275 5952
f 5954 5952 5602
f 6274 5957 5953
f 5955 5011 6275
f 5604 5956 6273
f 6274 6277 5957
f 5958 5272 5960
f 5958 5603 5272
f 5955 6581 5011
f 5959 5956 5604
f 6279 5273 5957
f 5957 6277 6279
f 4498 5961 5960
f 5606 5962 5604
f 5959 5604 5962
f 6279 6584 5273
f 5962 5963 5273
f 5963 5607 5273
f 5962 5273 6584
f 5278 5964 5961
f 5967 5605 6281
f 5962 5606 5608
f 5966 5281 5965
f 5281 5963 5965
f 5281 5607 5963
f 5966 6284 5281
f 5278 5609 5964
f 5610 5613 5608
f 5968 5608 5969
f 5969 5608 5613
f 6287 5611 6284
f 6286 5614 5285
f 6287 5971 5611
f 5021 5615 5612
f 5290 5970 5613
f 6289 5973 5614
f 5616 5974 5290
f 5972 5971 5975
f 5976 6293 5615
f 6291 5615 6293
f 5975 6604 5978
f 5982 5976 5615
f 5617 5977 5979
f 5618 5980 5616
f 5981 5983 5978
f 5978 6604 5981
f 5617 5979 5620
f 5619 5982 5294
f 5623 6295 5618
f 5621 6296 5619
f 5622 5620 5987
f 6296 5621 5986
f 5626 5988 5623
f 5989 5625 5987
f 5989 5627 5625
f 6300 5627 5989
f 5990 6301 5300
f 5628 5627 5992
f 5627 6302 5992
f 5627 6300 6302
f 5992 5629 5628
f 5300 6301 5994
f 5629 5992 6302
f 5305 5629 6302
f 5300 5630 5631
f 5630 5300 5994
f 5993 5307 5995
f 5305 5996 5999
f 5305 6302 5996
f 6305 5632 5631
f 6306 5632 6305
f 5313 5997 5307
f 6305 5631 5634
f 5997 5313 5998
f 6002 6003 5633
f 6000 5634 5635
f 6307 5998 6001
f 6003 6005 5317
f 5637 6319 5635
f 6312 5635 6319
f 6321 5642 6313
f 5638 6317 6001
f 6318 6006 6005
f 5320 6319 5637
f 5642 6321 6325
f 6006 5645 5043
f 5643 5320 5640
f 6325 6330 5642
f 5644 6637 5321
f 6330 5643 6009
f 5643 6330 6327
f 6327 6330 6007
f 6329 5644 5323
f 5645 6331 6008
f 6011 5645 6008
f 5053 6009 5643
f 6010 6329 5323
f 5323 5646 6010
f 5055 6013 6009
f 5055 6009 5053
f 5648 6013 6336
f 6335 5648 6336
f 6011 6008 6012
f 5332 6013 5055
f 6014 5648 6335
f 6015 5650 5329
f 6012 6016 6011
f 6017 6013 5332
f 6015 5329 6018
f 5334 6018 5329
f 6019 5652 6016
f 5335 6021 6017
f 6976 6020 6014
f 5334 6339 6018
f 6022 6021 5335
f 6342 5653 6020
f 5654 6339 5334
f 5655 5652 6652
f 6342 6023 5653
f 5657 6022 5656
f 6028 5658 6023
f 6025 6024 5654
f 6028 5660 5658
f 6023 6659 6028
f 6029 6025 5654
f 5654 5663 6029
f 5654 5661 5663
f 6026 5339 5659
f 5342 5339 6026
f 5662 6027 5657
f 6028 6031 5660
f 6031 6028 6661
f 5071 6030 6027
f 5071 6027 5662
f 6033 5664 6031
f 6346 6347 5342
f 6032 6030 5071
f 6033 5666 5664
f 6031 6661 6033
f 6034 5665 6347
f 6033 5667 5666
f 5347 5665 5672
f 5669 6041 6032
f 6032 6038 6035
f 6032 6041 6038
f 6033 6037 5667
f 5668 6036 5345
f 6350 5670 6037
f 5671 5668 5077
f 5671 5350 5668
f 5669 5673 6041
f 6350 6039 5670
f 6670 6993 5672
f 6996 5675 5670
f 5670 6039 6352
f 6996 5670 6352
f 5350 6042 6040
f 5352 6043 5673
f 5352 6046 6043
f 6041 5673 6043
f 6042 5350 6044
f 6044 5350 5678
f 5676 6993 6045
f 6047 6049 5675
f 6047 5675 6996
f 5683 5678 4833
f 6046 5679 5680
f 6048 5686 6049
f 6047 6355 6049
f 6058 5684 6357
f 6048 5687 5686
f 6048 6049 6052
f 6055 6362 5688
f 6686 6362 6055
f 5688 6056 5693
f 6362 6056 5688
f 5357 6359 5683
f 6050 6059 6051
f 6051 6059 6060
f 6048 5689 5687
f 6048 6052 5689
f 6052 6366 5689
f 5690 6366 5364
f 6053 6366 6054
f 6053 5364 6366
f 5693 6056 5694
f 5694 6056 5695
f 6057 5695 6056
f 5087 6069 5357
f 6050 6063 6059
f 6050 6062 6063
f 6067 6072 6066
f 5699 5695 6372
f 6069 5087 5089
f 5089 5710 6069
f 6369 6060 6070
f 6060 6059 6070
f 5704 6064 6065
f 5703 5704 6065
f 5702 5704 5703
f 6064 5704 5705
f 6064 5705 6066
f 6066 5705 5706
f 6066 5706 5707
f 6066 5707 6067
f 6067 5707 6072
f 6072 5707 5708
f 6068 6074 6073
f 6068 6072 6074
f 5699 6372 5709
f 6075 6062 5712
f 6062 6075 6063
f 6059 5713 5714
f 6070 6059 5714
f 6070 5714 6071
f 6071 5714 5703
f 5719 6072 5708
f 6072 5719 5725
f 6079 6072 5725
f 6063 5712 5721
f 6075 5712 6063
f 6063 5721 6059
f 6059 5721 5713
f 6074 6072 6079
f 5709 6080 5726
f 5709 6077 6080
f 5384 6078 4843
f 4846 6081 4846
f 5091 4846 6081
f 5712 5729 5721
f 5724 6082 5725
f 5725 6082 6079
f 6080 5732 5726
f 5737 5384 5733
f 6081 7019 5091
f 5736 6084 6082
f 5736 6082 5724
f 6082 6084 6079
f 6083 6079 6085
f 5732 6080 6089
f 6080 6090 6089
f 6090 6080 6086
f 6084 6087 6079
f 6085 6079 6087
f 6088 5749 6089
f 6086 6386 6090
f 5093 5751 5737
f 6084 6092 6087
f 6084 6098 6092
f 6088 5750 5749
f 6089 6090 6088
f 5735 6091 6084
f 5735 6084 5748
f 6088 6093 5750
f 6088 6090 6390
f 6088 6390 6093
f 5408 6094 5751
f 6084 6099 6098
f 6084 6091 6099
f 6389 6092 6098
f 6096 6093 6390
f 5408 6097 6094
f 6095 6393 5099
f 6091 5762 6101
f 6091 6101 6099
f 6398 5768 5757
f 6096 6398 5757
f 6093 6096 5757
f 6395 6097 5408
f 5767 6103 5762
f 6100 5762 6103
f 5762 6104 6101
f 5762 6100 6104
f 6398 5773 5768
f 6399 6405 6396
f 5778 6103 5767
f 6104 6100 6103
f 5426 6107 5780
f 6107 6102 5780
f 5777 6103 5778
f 6104 6103 6106
f 5773 6109 5779
f 6109 6402 6111
f 5773 6402 6109
f 5793 6108 6103
f 5793 6103 5777
f 6109 6111 6110
f 5781 5799 5793
f 5799 6108 5793
f 6116 5794 6109
f 6109 5794 5797
f 6116 6109 6113
f 6109 6110 6113
f 6115 6754 6112
f 6754 5795 6112
f 6115 6112 6409
f 5799 6117 6108
f 6108 5797 6116
f 5797 6108 6117
f 5794 6116 5797
f 5441 6114 5789
f 6754 4872 5795
f 6120 4872 6754
f 6121 5799 5801
f 6117 5799 6121
f 6116 6122 6117
f 6122 6116 5800
f 5800 6116 6118
f 6118 6116 6113
f 5801 5791 6124
f 4874 6123 6119
f 5801 6423 6121
f 6126 6125 6122
f 5136 6123 4874
f 5136 6127 6123
f 6133 5804 5803
f 6133 6124 5804
f 5801 6124 6133
f 6769 5801 6426
f 5801 6769 6417
f 6424 6134 5806
f 5807 6127 5136
f 6136 5802 6430
f 6129 5458 6128
f 6130 5809 5458
f 6132 5811 5454
f 6132 5454 6131
f 6132 5803 5811
f 6133 5803 6132
f 5801 6133 6426
f 5812 6134 5805
f 6429 6134 6424
f 5819 6135 5807
f 4638 6137 6431
f 5814 7084 5467
f 5467 6138 5815
f 5815 6138 5137
f 5137 6435 5808
f 5137 6138 6435
f 5808 6435 6128
f 5817 6788 5471
f 5471 6439 5818
f 6788 6439 5471
f 5474 5805 6449
f 5805 6134 6139
f 6140 6135 5475
f 5819 5475 6135
f 6450 6442 5477
f 6450 5477 5820
f 6442 5821 5477
f 5823 5822 6137
f 6141 6431 6137
f 5824 5825 6148
f 6444 5826 5827
f 6444 5825 5826
f 6445 5827 5828
f 6445 6444 5827
f 6786 5828 5829
f 6786 5829 5830
f 6786 5830 5831
f 6446 6786 5831
f 6446 5831 6447
f 5832 5833 6143
f 6459 6458 5833
f 6144 6459 5833
f 6144 5833 5834
f 6145 6144 5834
f 6448 5474 6449
f 5835 6140 5475
f 6454 5838 5839
f 6454 6453 5838
f 6454 5839 6148
f 7105 6148 5825
f 7105 5825 6455
f 6457 6143 5833
f 6457 5833 6458
f 5835 5840 6149
f 5819 5841 5836
f 6150 5841 5819
f 5492 5837 6147
f 5492 6147 6463
f 5162 6149 5840
f 5495 6151 5160
f 6151 6152 5160
f 6152 5820 5160
f 6463 6465 5492
f 5841 6153 5493
f 5495 5842 6151
f 6151 5842 6152
f 6153 6155 5493
f 5493 6155 5843
f 5844 5843 6467
f 6156 6469 5846
f 6159 5848 6157
f 6159 5847 5848
f 6467 5497 5844
f 6158 5845 5849
f 5846 6469 5500
f 6467 6160 5497
f 5497 6160 6161
f 6474 5502 6469
f 6469 5502 5500
f 6157 5503 5850
f 6157 5850 6163
f 5849 6161 6158
f 6164 5851 5852
f 6162 5852 5502
f 6474 6162 5502
f 5853 6163 5850
f 6164 6165 5851
f 6165 6163 5853
f 5175 5854 6166
f 6167 5175 6166
f 5855 5175 6167
f 5857 6168 5856
f 6169 5856 6168
f 6169 5508 5856
f 6168 5508 6169
f 6166 6173 6170
f 6166 4909 6173
f 6172 5857 5858
f 6168 5860 5508
f 6481 5859 6171
f 5511 6482 6173
f 5862 5858 5510
f 5860 6174 5861
f 5864 6482 5511
f 6174 6175 5861
f 5867 5865 6483
f 5185 6176 5862
f 6176 5185 6178
f 6175 5516 5863
f 6177 5516 6175
f 5518 6484 5864
f 5185 6179 6178
f 4920 6179 5185
f 6487 5868 5867
f 4920 6180 6179
f 6182 5869 6177
f 6177 6181 6182
f 5519 6183 5518
f 5871 6180 4920
f 6182 5872 5869
f 6184 5871 5873
f 6182 6496 5872
f 6493 6496 6182
f 6834 5874 6492
f 5190 6184 5873
f 6189 6184 5190
f 6187 6186 5875
f 6496 6187 5875
f 5524 6188 5522
f 6185 5522 6188
f 6498 5876 5874
f 6190 5879 6186
f 6186 6187 6837
f 6186 6837 6190
f 5524 6191 6188
f 5880 6191 5524
f 7458 5881 6498
f 4698 6193 5878
f 6189 5878 6193
f 6192 5879 6190
f 6191 5880 5525
f 7458 6503 5881
f 4698 6194 6193
f 5883 6196 5525
f 6199 5526 6195
f 6843 6198 6503
f 6199 5885 5526
f 5886 6505 5883
f 6198 6843 6200
f 5531 5892 5887
f 5892 5884 5887
f 6199 5888 5885
f 6201 5888 6199
f 5890 6505 5886
f 5203 5892 5531
f 6200 5891 5889
f 6509 6505 5890
f 6508 5891 6200
f 6202 5893 6201
f 5894 6204 5890
f 6509 5890 6204
f 6848 5895 5891
f 5204 6847 5892
f 5204 6203 6847
f 6205 4946 6202
f 6205 6202 6510
f 5538 6206 5894
f 6204 5894 6206
f 6207 5896 5895
f 6205 5897 4946
f 6853 5897 6205
f 5208 6209 6206
f 5899 5542 6207
f 5543 6208 5539
f 6210 6208 5543
f 5541 6209 5208
f 6211 6514 5543
f 6514 6210 5543
f 6213 5899 6860
f 4952 6211 5543
f 6212 5547 5900
f 5900 6857 6212
f 5211 5901 5541
f 6214 5548 6213
f 6213 6517 6214
f 5904 6519 5902
f 6517 5548 6214
f 6215 5905 6212
f 5907 6216 5904
f 6521 6525 6517
f 5906 6522 5903
f 4957 6218 5906
f 6217 5552 6215
f 5554 6526 5907
f 5553 6218 4957
f 6869 5908 6219
f 6217 6527 5909
f 5910 6220 6526
f 5912 5553 5556
f 6872 5911 6527
f 6527 5911 5909
f 6532 5555 5908
f 6874 5911 6872
f 5560 6221 6220
f 6532 6875 5555
f 6874 5915 5911
f 5560 6224 6221
f 5555 6875 5914
f 6223 5915 6874
f 5563 6224 5560
f 4734 5917 5228
f 6223 6537 5915
f 6224 5563 6225
f 6226 5916 5914
f 5914 6535 6226
f 6538 5233 6537
f 5918 6225 5563
f 5918 5920 6225
f 5920 6227 6225
f 6231 6228 5917
f 5922 6882 5920
f 6226 6230 5921
f 6229 4975 7203
f 6542 5923 6230
f 5568 6231 5567
f 6232 6231 5568
f 6884 5924 4975
f 7209 5923 6542
f 5237 6233 5568
f 7209 6543 5923
f 5924 6236 5927
f 5928 6234 5926
f 6234 5928 5929
f 4745 6233 5237
f 4745 6235 6233
f 6234 5929 5932
f 5931 6234 5932
f 6237 6234 5931
f 4745 6548 6235
f 6238 5931 5933
f 6237 5931 6238
f 5578 6548 4745
f 6546 6549 6239
f 5581 6238 5933
f 6241 5935 6239
f 6241 6239 6549
f 5936 6242 5581
f 6238 5581 6242
f 5582 6244 5934
f 6241 5937 5935
f 6553 5937 6241
f 6245 6242 5936
f 6246 6244 5582
f 6553 6247 5937
f 5584 6249 5583
f 6249 6245 5583
f 6243 6555 6245
f 6250 6246 5248
f 5585 6249 5584
f 6245 6249 5586
f 5586 6249 6248
f 6245 6555 6248
f 6895 5587 5938
f 6248 5939 5586
f 5587 6895 6561
f 5587 6561 6251
f 4992 6252 5251
f 5939 6248 6253
f 5589 5591 4991
f 6254 5940 6251
f 6254 6251 6561
f 5941 6252 4992
f 6253 6255 5939
f 6256 5940 6254
f 6901 5942 6255
f 6256 7230 5940
f 6259 5593 6901
f 6901 5593 5942
f 5001 5944 5943
f 6263 5945 6259
f 6569 6260 6266
f 5001 6261 5944
f 5001 6264 6261
f 5599 6265 6266
f 6263 6267 5599
f 5600 6264 5001
f 5948 6268 6265
f 5948 6265 5599
f 6267 6572 5599
f 6267 6263 6572
f 6270 5947 5946
f 6574 6268 5948
f 5951 5949 6572
f 5269 6271 5950
f 6271 5600 5950
f 6271 6269 5600
f 6270 5602 5947
f 5601 6574 5948
f 6577 5951 6572
f 6572 6575 6577
f 6273 6574 5601
f 6274 5953 5951
f 6276 5951 6577
f 6274 5951 6276
f 5602 6275 5954
f 6581 5955 6275
f 6581 6275 5602
f 5956 5959 6273
f 6579 6273 5959
f 6274 6276 6277
f 5958 6587 5603
f 5961 6587 5960
f 6587 5958 5960
f 6278 6280 6581
f 6280 7250 6281
f 6584 6283 5962
f 6928 5967 6281
f 5608 5965 5962
f 6282 5962 6594
f 5965 6594 5962
f 5965 5963 5962
f 5965 5962 5966
f 5962 6589 5966
f 5962 6283 6589
f 5968 5965 5608
f 6589 6284 5966
f 6589 6595 6284
f 5964 5609 6285
f 6928 5285 5967
f 5969 5965 5968
f 6284 6596 6287
f 6284 6595 6597
f 6284 6597 6596
f 4782 6285 5609
f 5285 7258 6286
f 5613 6601 5969
f 5612 6288 4782
f 6289 5614 6286
f 6289 6286 7258
f 5970 6601 5613
f 6290 5971 6287
f 5615 6288 5612
f 5615 6291 6288
f 6603 5970 5290
f 6290 6292 5971
f 7262 5973 6289
f 6603 5290 5974
f 6604 5975 5971
f 5971 6292 6604
f 7262 5977 5973
f 6938 5977 7262
f 5982 6293 5976
f 5979 5977 6938
f 6294 5981 6604
f 6938 5620 5979
f 6611 5620 6938
f 5618 6295 5980
f 5616 5980 6295
f 6613 5983 6294
f 6294 5983 5981
f 5619 6296 5982
f 7269 5620 6611
f 6613 5984 5983
f 5620 7269 5987
f 5623 6298 6295
f 6297 5985 5984
f 5988 6298 5623
f 6297 6619 5985
f 6300 5987 6299
f 5989 5987 6300
f 6298 5988 5626
f 6301 5990 6619
f 6304 5626 5991
f 5993 5624 5032
f 5993 6624 5624
f 6945 6302 6300
f 5630 6303 5991
f 6304 5991 6303
f 6306 5994 6301
f 5994 6303 5630
f 5994 6305 6303
f 6305 6304 6303
f 6305 6625 6304
f 6306 6305 5994
f 5993 5995 6627
f 6627 5995 5307
f 5307 6307 6627
f 5307 5997 6307
f 6946 5999 5996
f 5634 6000 6305
f 6308 6306 6309
f 5998 6307 5997
f 5633 5999 6946
f 6311 6308 6309
f 6310 6308 6311
f 5635 6312 6000
f 6310 6313 6308
f 6313 6311 6314
f 6310 6311 6313
f 6001 6632 6307
f 5633 6633 6002
f 6315 6313 6004
f 6314 6315 6004
f 6313 6314 6004
f 6632 6001 6317
f 6318 6003 6002
f 6005 6003 6318
f 6315 6321 6313
f 6315 6316 6321
f 6317 5638 6635
f 5320 6322 6320
f 5320 6320 6319
f 5321 6635 5638
f 5321 6323 6635
f 6326 6006 6318
f 6324 6322 5320
f 6321 6964 6325
f 6323 5321 6637
f 6331 6006 6326
f 5645 6006 6331
f 5643 6327 5320
f 6324 5320 6332
f 6332 5320 6327
f 6330 6325 6328
f 6637 5644 6329
f 6007 6332 6327
f 6333 6007 6330
f 6328 6638 6330
f 6336 6332 6007
f 6333 6336 6007
f 6330 6643 6333
f 6013 6332 6336
f 6013 6334 6332
f 6333 6643 6336
f 6010 5646 6971
f 6335 6973 6014
f 6335 6336 6973
f 6015 6337 5646
f 6016 6012 6338
f 6017 6334 6013
f 6973 6976 6014
f 6018 6337 6015
f 6019 6016 6338
f 6021 6341 6017
f 6342 6020 6976
f 6338 5652 6019
f 6340 5652 6338
f 6340 6652 5652
f 6341 6021 6342
f 6021 6343 6342
f 6021 6022 6343
f 6342 6343 6023
f 6344 6342 6654
f 6024 6339 5654
f 6344 6023 6343
f 6023 6344 6659
f 6344 6654 6659
f 6026 5659 6346
f 6027 6022 5657
f 6022 6027 6343
f 6345 6028 6659
f 5342 6026 6346
f 6345 6661 6028
f 6664 6027 6030
f 6989 6033 6661
f 6661 6665 6989
f 6035 6030 6032
f 6668 6030 6035
f 5672 5665 6034
f 5672 6034 6348
f 6038 6668 6035
f 6669 6037 6033
f 6036 5668 6349
f 6348 6670 5672
f 6350 6668 6038
f 6669 6350 6037
f 5668 6040 6349
f 5668 5350 6040
f 6041 6039 6038
f 6038 6039 6350
f 6350 6669 6351
f 6672 6993 6670
f 6351 6352 6039
f 6669 6352 6351
f 6043 6354 6041
f 6041 6354 6039
f 6351 6039 6354
f 6996 6352 6677
f 6993 6356 6045
f 6046 6353 6354
f 6046 6354 6043
f 6355 6047 6996
f 5683 6044 5678
f 6356 6357 6045
f 6046 6358 6353
f 6046 5680 6358
f 7321 6049 6355
f 6998 6058 6357
f 6360 6358 5680
f 6052 6049 7321
f 6361 6055 6053
f 6361 6053 6054
f 6686 6055 6361
f 6687 6056 6362
f 6363 6057 6056
f 5357 6069 6359
f 7000 6058 6998
f 6369 6051 6060
f 5680 6051 6369
f 6360 5680 6364
f 5680 6369 6364
f 6366 6052 6365
f 6361 6054 6686
f 6056 6689 6363
f 6689 6367 5695
f 6363 6689 5695
f 6057 6363 5695
f 6367 6372 5695
f 7000 6061 6058
f 6052 6371 6365
f 6365 6371 6366
f 6366 6371 6691
f 6691 6065 6366
f 6366 6065 6054
f 6064 6054 6065
f 6374 6054 6064
f 6054 6374 6691
f 6066 6374 6064
f 6072 6375 6066
f 6068 6380 6072
f 6069 5710 6694
f 6369 6070 6370
f 6070 6071 6370
f 5703 6378 6071
f 6065 6691 5703
f 6691 6373 5703
f 6373 6691 6374
f 6375 6374 6066
f 6379 6375 6072
f 6379 6072 6380
f 6073 6376 6068
f 6376 6380 6068
f 6074 6376 6073
f 6372 6697 5709
f 5709 6697 6702
f 4843 6694 5710
f 6368 6377 6061
f 6381 6378 5703
f 6381 5703 6373
f 6373 6374 6381
f 6708 6374 6375
f 6076 6376 6074
f 6076 6380 6376
f 5709 6702 6077
f 6703 4846 6377
f 6719 6381 6374
f 6079 6076 6074
f 6079 6380 6076
f 6702 6080 6077
f 6707 6080 6702
f 5384 6382 6078
f 4846 6703 6081
f 6085 6379 6380
f 6384 6379 6085
f 6383 6380 6079
f 6085 6380 6383
f 6083 6383 6079
f 5737 6382 5384
f 6703 7019 6081
f 6712 7019 6703
f 6085 6383 6083
f 6086 6080 6386
f 6087 6384 6085
f 5751 6385 5737
f 6389 6392 6384
f 6092 6389 6087
f 6389 6384 6087
f 6387 6090 6386
f 6095 6721 6391
f 6390 6090 6387
f 6094 6388 5751
f 6394 6392 6389
f 6390 6387 6096
f 6391 6393 6095
f 6397 6392 6394
f 6394 6389 6098
f 6101 6397 6099
f 6397 6394 6099
f 6099 6394 6098
f 6396 6393 6399
f 6401 5773 6398
f 6398 6402 6401
f 6399 7040 6405
f 6104 6400 6397
f 6104 6397 6101
f 6402 5773 6401
f 6106 6403 6104
f 6104 6403 6400
f 6402 6744 6111
f 6753 6102 6107
f 6753 6404 6102
f 6405 5783 6105
f 6409 5783 6405
f 6108 6406 6403
f 6103 6108 6403
f 6103 6403 6106
f 5426 6408 6107
f 5789 6408 5426
f 6116 6410 6108
f 6108 6410 6406
f 6407 6113 6110
f 6407 6110 6111
f 6114 6408 5789
f 6409 6754 6115
f 6116 6411 6410
f 5441 6119 6114
f 6760 6120 6754
f 6121 6411 6117
f 6117 6411 6116
f 6412 6413 6118
f 6412 6118 6113
f 6419 6758 6121
f 6419 6121 6423
f 6411 6121 6758
f 5800 6756 6122
f 5800 6118 6413
f 5800 6413 6756
f 6415 6414 6119
f 6760 6416 6120
f 6418 6423 5801
f 6418 5801 6417
f 6421 6420 6126
f 6126 6420 6125
f 6126 6122 6756
f 6126 6756 6421
f 6127 6422 6119
f 6123 6127 6119
f 6422 6415 6119
f 6424 6420 6429
f 6424 6125 6420
f 6132 6425 6133
f 6426 6133 6425
f 6427 6134 6428
f 6134 7081 6428
f 6134 6429 7081
f 6433 6431 6432
f 4885 6431 6433
f 5467 6434 6138
f 7084 6434 5467
f 6435 6129 6128
f 5458 6436 6130
f 6129 6436 5458
f 6436 6773 6130
f 6773 6437 6130
f 6130 7098 5816
f 6437 7098 6130
f 5816 7098 5817
f 7098 6438 5817
f 6438 6788 5817
f 6439 6775 5818
f 5818 6131 5810
f 6775 6131 5818
f 6131 6440 6132
f 5805 6139 6449
f 6441 6139 6134
f 6427 6441 6134
f 6441 6427 6428
f 6430 5819 6136
f 6442 6443 5821
f 6443 6780 5821
f 5822 5813 6137
f 5813 6141 6137
f 5825 6444 6784
f 7107 6445 5828
f 7107 5828 6786
f 6446 6787 6786
f 6456 6143 6457
f 6456 6142 6143
f 6145 6795 6144
f 5835 6460 6140
f 6461 5819 6146
f 6451 6147 6452
f 6147 6792 6452
f 7102 6792 6453
f 7103 6454 6148
f 7104 6148 7105
f 7104 7103 6148
f 6460 5835 6149
f 6461 6150 5819
f 5820 6462 6450
f 6152 6462 5820
f 6451 6463 6147
f 5162 6464 6149
f 6464 6460 6149
f 6150 6461 5841
f 6154 6464 5162
f 6461 6153 5841
f 6466 6462 5842
f 6152 5842 6462
f 6463 6801 6465
f 6801 6156 6465
f 5843 6153 6467
f 6155 6153 5843
f 6158 6468 5845
f 6468 5842 5845
f 6468 6466 5842
f 6470 6469 6156
f 6801 6470 6156
f 6800 6154 6159
f 6800 6159 6805
f 6158 6473 6468
f 7123 6469 6470
f 6472 6805 6159
f 6159 6157 6472
f 6467 6471 6160
f 6161 6473 6158
f 7123 6474 6469
f 6163 6472 6157
f 6807 6160 6475
f 6161 6160 6807
f 6161 6476 6473
f 6161 6807 6476
f 6477 6164 5852
f 6162 6477 5852
f 6809 6163 6165
f 6809 6165 6164
f 6809 6164 6477
f 6478 6167 6166
f 6170 6478 6166
f 6815 5855 6167
f 6479 6480 6168
f 6814 6170 6173
f 6481 5855 6815
f 6171 5855 6481
f 6172 6168 5857
f 6172 5858 6168
f 6480 5860 6168
f 6480 6174 5860
f 5862 6826 5858
f 6174 6480 6822
f 7148 6483 6481
f 6176 6826 5862
f 6822 6175 6174
f 6825 5867 6483
f 6178 6826 6176
f 6822 6486 6175
f 5867 6831 6487
f 5867 6825 6831
f 6486 6177 6175
f 5518 6829 6484
f 6179 6180 6178
f 6180 6485 6178
f 6488 6177 6486
f 6829 5518 6489
f 6488 6181 6177
f 6183 6490 5518
f 5518 6490 6489
f 6184 6491 6180
f 5871 6184 6180
f 6490 6183 7444
f 7445 6492 5868
f 6181 6493 6182
f 6185 7444 6183
f 6185 6494 7444
f 6493 6835 6496
f 6836 5874 6834
f 6495 6184 6499
f 6497 6837 6496
f 6837 6187 6496
f 6497 6496 6835
f 6836 6498 5874
f 6500 6499 6184
f 6189 6500 6184
f 6189 6501 6500
f 6193 6501 6189
f 7168 6192 6837
f 6837 6192 6190
f 6837 6502 7168
f 5525 6196 6191
f 6503 7458 6841
f 6194 6501 6193
f 7168 5879 6192
f 6503 6843 6504
f 6844 6194 6197
f 7168 6195 5879
f 7169 6195 7168
f 6196 5883 7461
f 6843 6503 6504
f 5884 6844 6197
f 6195 7169 6199
f 6505 7461 5883
f 6508 6200 6843
f 5892 6844 5884
f 5892 6506 6844
f 6507 6201 7169
f 7169 6201 6199
f 6847 6506 5892
f 6510 6201 6507
f 6848 5891 6508
f 6510 6202 6201
f 6511 6847 6203
f 6207 5895 6848
f 6848 7177 6207
f 6206 6854 6204
f 5539 6855 6203
f 6205 6510 6853
f 6207 7476 6513
f 6208 6855 5539
f 6512 5897 6853
f 6206 6209 6513
f 6207 6513 5899
f 6512 6857 5897
f 5541 5899 6513
f 5541 6513 6209
f 7476 6860 6513
f 6857 6515 6516
f 5901 5899 5541
f 6860 5899 5901
f 6861 6213 6860
f 6516 6212 6857
f 7184 5901 5902
f 6861 6517 6213
f 6522 6211 4952
f 6520 6211 6522
f 6516 6518 6212
f 7184 5902 6519
f 6216 6519 5904
f 6523 6215 6212
f 6212 6518 6523
f 6521 6864 6525
f 5906 6865 6522
f 5907 6524 6216
f 6525 6864 7191
f 6218 6865 5906
f 6527 6217 6215
f 6215 6867 6527
f 6526 6524 5907
f 6869 6219 7191
f 5553 6529 6218
f 6220 6531 6526
f 6528 6526 6531
f 6873 5908 6869
f 5912 6530 6529
f 5912 6529 5553
f 6871 6872 6527
f 6873 6532 5908
f 6222 6530 5912
f 6531 6220 6221
f 6530 6222 6533
f 6533 6222 5917
f 5228 5917 6222
f 6874 7201 6223
f 7197 6535 5914
f 6223 7201 6537
f 6225 6227 6224
f 6534 6224 6227
f 7493 6226 6535
f 5917 6881 6536
f 7493 6880 6226
f 6228 6881 5917
f 5920 6882 6227
f 6226 6880 7205
f 6231 6539 6228
f 6540 6229 7203
f 7203 7206 6540
f 7205 6230 6226
f 6540 4975 6229
f 6883 6882 6541
f 6230 7205 6542
f 6232 6539 6231
f 6540 6884 4975
f 5926 6541 6882
f 5568 6886 6232
f 6887 5924 6884
f 6234 6885 5926
f 6544 6543 7209
f 6233 6235 5568
f 6235 6886 5568
f 6887 6236 5924
f 6234 7213 6885
f 6237 7213 6234
f 6544 5930 6543
f 6545 6235 6548
f 6888 6546 6236
f 6544 6547 5930
f 6550 6240 6547
f 6547 6544 6550
f 5934 6548 5578
f 5934 6244 6548
f 6242 6551 6238
f 6552 6243 6550
f 6550 6243 6240
f 6241 6549 6553
f 6245 6554 6551
f 6242 6245 6551
f 6243 6554 6555
f 6554 6243 6551
f 6552 6551 6243
f 6246 6250 6244
f 6557 6247 6553
f 6245 6555 6554
f 6248 6555 6245
f 6557 6895 6247
f 5585 6558 6249
f 6558 6248 6249
f 6558 6555 6248
f 6897 6248 6552
f 6552 6248 6555
f 5251 6559 6558
f 5251 6558 5585
f 4991 6250 5248
f 6560 6250 4991
f 6252 6559 5251
f 6562 6253 6248
f 6248 6897 6562
f 6563 6560 4991
f 5591 6563 4991
f 6898 6255 6562
f 6562 6255 6253
f 5591 6564 6563
f 7230 6256 6254
f 6898 6901 6255
f 6257 6564 5591
f 6260 6565 5590
f 7234 6259 6901
f 6257 6261 6564
f 7521 7230 6902
f 7234 6567 6259
f 5944 6261 5943
f 6261 6257 5943
f 7230 6904 6258
f 6566 6904 7230
f 6260 6569 6565
f 6567 6263 6259
f 6264 6908 6261
f 6908 6568 6261
f 6904 6570 6262
f 6265 6268 6266
f 6268 6569 6266
f 6263 6567 7237
f 5600 6908 6264
f 5600 6571 6908
f 6570 5946 6262
f 6910 6569 6912
f 7237 6572 6263
f 6269 6571 5600
f 6573 6270 5946
f 6573 5946 6570
f 6268 6574 6569
f 6912 6569 6574
f 6573 5602 6270
f 6576 5602 6573
f 6272 6271 5269
f 6576 7244 5602
f 6273 6578 6574
f 6574 6578 6917
f 5603 6271 6272
f 6919 6271 5603
f 6920 5602 7244
f 6579 6578 6273
f 6917 6578 6579
f 6577 6582 6276
f 6577 7531 6582
f 6580 6919 5603
f 5602 6920 6581
f 6582 6277 6276
f 6587 6580 5603
f 6587 6583 6580
f 6923 6278 6581
f 6923 6581 6920
f 6584 6279 6277
f 6277 6582 6584
f 6923 6280 6278
f 6585 6280 6923
f 5962 6588 5959
f 6924 5959 6588
f 5961 6586 6587
f 6585 7250 6280
f 6282 6588 5962
f 6589 6283 6584
f 6584 7540 6589
f 6591 6590 6586
f 5961 6591 6586
f 5964 6591 5961
f 6592 6928 6281
f 6590 6587 6586
f 6593 6592 6281
f 7250 6593 6281
f 6931 5964 6285
f 6930 5285 6928
f 6594 5965 5969
f 6596 6594 5969
f 6599 6594 6596
f 4782 6598 6285
f 6285 6598 6931
f 6930 7258 5285
f 6601 6596 5969
f 6597 6599 6596
f 6288 6598 4782
f 6599 6596 6601
f 6287 6596 6290
f 6599 6290 6596
f 6600 7261 6289
f 6600 6289 7258
f 6603 6601 5970
f 6605 6292 6599
f 6599 6292 6290
f 6605 6599 6935
f 7261 7262 6289
f 6605 6604 6292
f 6291 6293 6602
f 5616 6606 6603
f 5616 6603 5974
f 6607 6604 6605
f 5982 6602 6293
f 6609 6606 5616
f 6613 6294 6604
f 6615 6604 6607
f 6613 6604 6615
f 6608 6611 6938
f 6295 6612 5616
f 6609 5616 6612
f 6296 6610 5982
f 6614 6612 6295
f 5984 6613 6615
f 6299 5987 7269
f 6298 6618 6295
f 6614 6295 6618
f 6616 6297 5984
f 6617 5984 6615
f 6616 5984 6617
f 5986 6620 6296
f 6616 6619 6297
f 6619 6617 6614
f 6616 6617 6619
f 6299 7274 7564
f 5626 6304 6298
f 6618 6298 6304
f 7277 6301 6619
f 6619 6614 6621
f 7277 6619 6621
f 5986 5624 6622
f 6620 5986 6622
f 6945 6300 6299
f 5624 6624 6622
f 6623 6304 6625
f 6626 6306 6301
f 6626 6301 7277
f 6946 6302 6945
f 5996 6302 6948
f 6305 6952 6625
f 6628 6306 6626
f 6311 6306 6628
f 6948 6946 5996
f 6000 6952 6305
f 6311 6309 6306
f 6630 6629 6627
f 6627 6307 6630
f 7291 5633 6946
f 6952 6000 6631
f 6311 6628 6954
f 6630 6307 6632
f 6636 5633 7291
f 6952 6631 6000
f 6954 6634 6311
f 6634 6954 6955
f 6636 6633 5633
f 6000 6312 6957
f 6311 6315 6314
f 6315 6311 6316
f 6311 6634 6316
f 6317 6956 6632
f 6002 6633 6318
f 6312 6319 6320
f 6322 6312 6320
f 6957 6312 6322
f 7576 6321 6634
f 6634 6321 6316
f 7576 6964 6321
f 6636 6326 6318
f 6322 6324 6964
f 7294 6964 7576
f 6328 6964 7294
f 6637 6635 6323
f 6324 6328 6964
f 6324 6332 6328
f 6328 6325 6964
f 6328 7294 6638
f 6640 6637 6329
f 6968 6328 6332
f 6643 6330 6638
f 6329 6641 6640
f 6329 6010 6641
f 6331 6639 6642
f 6642 6008 6331
f 6968 6332 6645
f 6010 6644 6641
f 6647 6008 6642
f 6334 6645 6332
f 6646 6336 6643
f 6644 6010 6971
f 6012 6008 6647
f 6645 6334 6649
f 6646 6973 6336
f 6971 5646 6648
f 5646 6337 6648
f 6017 6649 6334
f 6018 6339 6337
f 6338 6012 6650
f 6012 7583 6650
f 6341 6649 6017
f 6978 6342 6976
f 6652 6338 6650
f 6340 6338 6652
f 6341 6656 6653
f 6654 6342 6978
f 6341 6342 6344
f 6656 6341 6344
f 6339 6024 6657
f 6981 5659 6652
f 6655 5659 6981
f 6979 6659 6654
f 6025 6657 6024
f 6655 6346 5659
f 6343 6658 6344
f 6656 6344 6658
f 6660 6345 6659
f 6029 6657 6025
f 6029 6662 6657
f 6027 6664 6658
f 6027 6658 6343
f 6660 6661 6345
f 5663 6662 6029
f 6985 6346 6663
f 6347 6346 6985
f 5663 5343 6662
f 6030 6666 6664
f 6036 6662 5343
f 6985 6034 6347
f 6668 6666 6030
f 6349 6662 6036
f 6667 6348 6034
f 6989 6669 6033
f 6670 6348 6667
f 6673 6668 6350
f 6990 6349 6671
f 6671 6349 6040
f 6351 6673 6350
f 6669 7599 6675
f 6040 6042 6674
f 6673 6351 6675
f 6669 6351 6352
f 6351 6669 6675
f 6354 6676 6351
f 6352 6676 6677
f 6676 6352 6351
f 6996 6677 6675
f 7599 6996 6675
f 6678 6355 6996
f 6353 6358 6354
f 6676 6354 6358
f 6679 6044 6997
f 6044 6681 6997
f 6044 5683 6681
f 6680 6357 6356
f 7317 6357 6680
f 7319 7321 6355
f 6359 6681 5683
f 7317 6998 6357
f 6360 6682 6358
f 7318 6358 6682
f 6364 6682 6360
f 6364 6369 6682
f 6369 7318 6682
f 6369 6683 7318
f 6052 7321 6684
f 6685 6686 6054
f 6685 6054 6692
f 6693 6362 6686
f 6687 6362 6693
f 6696 6056 6687
f 6688 6689 6056
f 6688 6056 6696
f 6368 6061 7000
f 6369 6370 6071
f 6683 6369 6071
f 6052 7003 6371
f 6052 6684 7003
f 6692 6054 6691
f 6686 6685 6693
f 6689 6372 6367
f 6688 6372 6689
f 6694 6690 6069
f 6691 6371 7003
f 6691 6695 6692
f 6692 6695 6699
f 7005 6687 6693
f 6687 7005 6696
f 6688 6697 6372
f 4843 7012 6694
f 6698 6377 6368
f 6381 6704 6378
f 6704 6071 6378
f 6695 6691 6699
f 6374 6708 6700
f 6379 6708 6375
f 7005 6709 6696
f 6688 6701 6697
f 6688 6696 6701
f 6701 6702 6697
f 6078 7012 4843
f 6698 6703 6377
f 6714 6704 6381
f 6719 6714 6381
f 6374 6700 6719
f 6705 6708 6379
f 6696 6706 6701
f 6701 6707 6702
f 6713 6704 6714
f 6715 6708 6705
f 6384 6715 6379
f 6379 6715 6705
f 6709 6711 6696
f 6701 6080 6707
f 5737 6385 6382
f 6726 6714 6719
f 6726 6719 6723
f 6724 6700 6708
f 6719 6700 6724
f 6725 6708 6715
f 6724 6708 6725
f 6711 6709 6710
f 6711 6716 6696
f 6696 6716 6706
f 6706 6386 6080
f 6706 6080 6701
f 6722 6713 6714
f 6718 6713 6722
f 6722 6714 6726
f 6392 6715 6384
f 6716 6387 6386
f 6716 6386 6706
f 5751 6717 6385
f 6728 6726 6723
f 6723 6719 6724
f 6392 6725 6715
f 6739 6722 6726
f 6732 6722 6739
f 6728 6723 6724
f 6727 6724 6725
f 6392 6727 6725
f 6720 6734 6711
f 6711 6387 6716
f 6731 6722 6732
f 7033 6722 6731
f 6740 6726 6728
f 6739 6726 6740
f 6733 6728 6724
f 6729 6724 6727
f 6733 6724 6729
f 6392 6729 6727
f 6720 6730 6734
f 6734 6096 6387
f 6734 6387 6711
f 6097 6395 6094
f 7620 6393 6391
f 7895 6393 7620
f 6736 6740 6728
f 6737 6728 6733
f 6736 6728 6737
f 6397 6733 6392
f 6392 6733 6729
f 7033 6731 6735
f 6743 6732 6739
f 6397 6737 6733
f 6730 6738 6734
f 6730 6742 6738
f 6738 6398 6096
f 6738 6096 6734
f 5780 7044 6395
f 7039 6395 7044
f 7040 6399 6393
f 6732 6745 6731
f 6748 6732 6743
f 6745 6732 6748
f 6403 6736 6737
f 6740 6736 6403
f 6400 6403 6397
f 6397 6403 6737
f 6730 6741 6742
f 6742 6402 6398
f 6742 6398 6738
f 5780 6404 7044
f 6102 6404 5780
f 6403 6739 6740
f 6743 6739 6403
f 6744 6402 6742
f 7045 6405 7040
f 6406 6743 6403
f 6748 6743 6406
f 6741 6752 6742
f 6744 6742 6111
f 6747 7055 6405
f 7055 6409 6405
f 6747 6405 7045
f 6406 6749 6748
f 7057 6741 6746
f 7057 6750 6741
f 6741 6750 6752
f 6742 6752 6407
f 6742 6407 6111
f 6408 6753 6107
f 6751 6409 7055
f 6748 6411 6755
f 6411 6748 6749
f 6410 6749 6406
f 6752 6113 6407
f 6751 6754 6409
f 6762 6755 6411
f 6410 6411 6749
f 7057 6752 6750
f 7057 6756 6752
f 6752 6412 6113
f 6119 6408 6114
f 6119 6757 6408
f 7068 6760 6754
f 6762 6411 6758
f 6758 6411 6759
f 6759 6756 7057
f 6756 6413 6412
f 6756 6412 6752
f 6414 6757 6119
f 6761 6760 7068
f 6766 6762 6419
f 6419 6762 6758
f 6759 6411 6758
f 6756 6759 6758
f 6763 6416 6760
f 6762 6418 6764
f 6765 6762 6766
f 6418 6762 6765
f 6767 6420 6756
f 6420 6421 6756
f 6763 6430 6416
f 7075 6430 6763
f 6764 6418 6417
f 6418 6765 6423
f 6423 6765 6766
f 6423 6766 6419
f 6429 6420 6767
f 5807 6422 6127
f 5807 7374 6422
f 6430 7082 6768
f 7075 7082 6430
f 7083 6769 6426
f 6417 6769 6764
f 6429 6767 7081
f 6135 7374 5807
f 6146 6430 6768
f 4885 6433 6432
f 6770 5814 6783
f 7084 5814 6770
f 6138 6771 6435
f 6129 6773 6436
f 6772 6773 6129
f 7087 6438 7098
f 6788 6774 6439
f 6774 6775 6439
f 6776 6131 6775
f 6440 6131 7365
f 6132 6777 6425
f 6440 6777 6132
f 6425 6777 6426
f 7083 6426 6777
f 6441 6778 6139
f 6441 6428 7081
f 6441 7081 6778
f 6140 7374 6135
f 6146 5819 6430
f 5821 7091 5813
f 6780 7091 5821
f 5813 6781 6141
f 6141 6782 6431
f 6781 6782 6141
f 6431 7094 6432
f 6431 6782 7094
f 6432 7094 4885
f 4885 7094 6783
f 4885 6783 5814
f 6786 6785 7107
f 6786 6787 7097
f 6793 6446 6447
f 6447 7112 6793
f 6456 7112 6447
f 6775 6774 6776
f 6776 7088 6131
f 6131 7088 7365
f 6448 6789 6145
f 7385 6789 6448
f 6790 6448 6449
f 6790 7385 6448
f 6790 6449 6139
f 6139 6778 6790
f 6442 6791 6779
f 6450 6791 6442
f 6792 7101 6452
f 7656 7101 6792
f 6454 7102 6453
f 7389 6454 7103
f 7106 6455 5825
f 7106 7105 6455
f 7106 5825 6784
f 7106 6784 6444
f 6444 6445 7107
f 6785 6786 7108
f 7108 6786 7097
f 6794 7112 6456
f 6794 6456 6457
f 7113 6457 6458
f 7113 6794 6457
f 7113 6458 6459
f 7114 6459 6144
f 7114 7113 6459
f 6795 7114 6144
f 6795 6145 6789
f 6795 6789 6796
f 6461 6146 7116
f 6798 6791 6450
f 7101 6463 6451
f 6452 7101 6451
f 6460 6464 6797
f 6462 6799 6450
f 6154 6800 6464
f 6803 6153 6461
f 6466 6799 6462
f 7101 6801 6463
f 6803 6467 6153
f 6468 6804 6466
f 7124 7123 6801
f 7123 6470 6801
f 6802 6800 6805
f 6803 6471 6467
f 6473 6804 6468
f 6473 6476 6804
f 7127 6805 6472
f 6163 7127 6472
f 6160 7130 6806
f 6160 6471 7130
f 6475 6160 6806
f 7132 6162 6474
f 6163 7129 7414
f 6162 7133 6477
f 6162 7132 7133
f 6808 7129 6163
f 6808 6163 6809
f 6477 7133 6809
f 6478 6811 6167
f 6478 6170 6811
f 6812 6167 6811
f 6815 6167 6812
f 6816 6479 6168
f 6816 6810 6479
f 7137 6480 6810
f 6810 6480 6479
f 6170 6814 6813
f 5858 6816 6168
f 6819 6480 7137
f 6173 6817 6814
f 7148 6481 6815
f 6816 5858 7143
f 7143 5858 6818
f 6817 6173 6820
f 6173 6821 6820
f 6173 6482 6821
f 6826 6818 5858
f 6819 6822 6480
f 5864 6821 6482
f 6826 6824 6818
f 5864 6484 7147
f 6821 5864 7147
f 7148 6825 6483
f 7146 6486 6822
f 6826 6178 6485
f 6486 6827 6830
f 6484 6829 6828
f 6832 6485 6180
f 6830 6488 6486
f 6489 6490 6829
f 6831 5868 6487
f 6830 7155 6488
f 6833 7445 5868
f 6833 5868 6831
f 7155 6181 6488
f 6490 7444 7157
f 6184 7160 6491
f 6835 6493 6181
f 6181 7451 6835
f 7445 6834 6492
f 6495 7160 6184
f 6499 7160 6495
f 6835 6837 6497
f 6188 6494 6185
f 6188 6191 6494
f 7159 6498 6836
f 6500 7162 6499
f 6501 7162 6500
f 6840 6837 7163
f 7162 6501 6839
f 6840 6502 6837
f 6196 6838 6191
f 6840 7168 6502
f 6841 6843 6503
f 6844 6501 6194
f 6844 7465 6501
f 6842 7169 7168
f 7461 7462 6196
f 6505 6845 7461
f 6509 6845 6505
f 6849 6506 6847
f 7173 6507 7169
f 6846 6848 6508
f 6846 7177 6848
f 6507 7173 6510
f 6509 6204 6850
f 6511 6851 6847
f 7178 6510 7173
f 6850 6204 6852
f 7179 6207 7177
f 6203 6851 6511
f 7180 6510 7178
f 6854 6852 6204
f 6855 6851 6203
f 7180 6853 6510
f 7746 7476 6207
f 6857 6512 6853
f 6513 6854 6206
f 6513 6856 6854
f 6855 6208 6210
f 6858 6857 6853
f 6860 6856 6513
f 6860 6859 6856
f 6862 6210 6514
f 5901 6859 6860
f 6520 6862 6514
f 6211 6520 6514
f 6521 6517 6861
f 7186 6518 6515
f 6515 6518 6516
f 7756 6521 6861
f 6522 7188 6520
f 6216 6863 6519
f 8357 6521 7756
f 7192 6523 6518
f 6518 7189 7192
f 6863 6216 6524
f 8357 6864 6521
f 7192 6215 6523
f 7192 6867 6215
f 6526 6868 6524
f 6866 6524 6528
f 6528 6524 6868
f 6526 6528 6868
f 7196 6873 6869
f 6529 6865 6218
f 6867 6871 6527
f 6221 6224 6531
f 6873 6875 6532
f 6873 7197 6875
f 6533 6877 6530
f 6874 6872 7201
f 7197 5914 6875
f 5917 6877 6533
f 6534 6876 6224
f 7493 6535 7197
f 6536 6877 5917
f 7201 6538 6537
f 6878 6538 7201
f 6879 6534 6227
f 6878 7203 6538
f 6879 6227 6882
f 6539 6232 6228
f 7208 6542 7205
f 7206 6884 6540
f 7207 6541 5926
f 7209 6542 7208
f 7207 5926 6885
f 7212 6544 7209
f 6235 6890 6886
f 6887 6888 6236
f 6544 7212 7216
f 6545 6890 6235
f 6889 6237 6238
f 6890 6545 6548
f 6888 6549 6546
f 6889 6238 6891
f 7511 6550 6544
f 6544 7216 7511
f 6244 6892 6548
f 6890 6548 6892
f 6551 6891 6238
f 7220 6553 6549
f 6552 6891 6551
f 6552 6893 6891
f 7511 6552 6550
f 6244 7222 6892
f 6558 6552 6555
f 6558 6893 6552
f 6556 6244 6250
f 6553 7224 6557
f 7516 6897 6552
f 6250 6560 6556
f 7224 6895 6557
f 6559 6894 6558
f 6896 6895 7224
f 6252 6894 6559
f 6895 6254 6561
f 7519 6254 6895
f 6897 6898 6562
f 6899 6563 6564
f 7519 7230 6254
f 5590 6900 5941
f 6565 7232 6900
f 6565 6900 5590
f 6261 6903 6564
f 7235 7232 6565
f 6904 6566 7521
f 7521 6566 7230
f 6569 6905 6565
f 7235 6565 6905
f 6567 7234 7525
f 6567 7525 6907
f 6568 6903 6261
f 6906 6905 6569
f 6909 6570 6904
f 6909 6904 7527
f 6906 6569 6910
f 6907 7237 6567
f 6911 6908 6571
f 6575 6572 7237
f 6574 7241 6912
f 6271 6571 6269
f 6271 6913 6571
f 7244 6576 6573
f 6573 7243 7244
f 6917 7241 6574
f 7531 6577 6575
f 6271 6914 6913
f 7241 6917 6915
f 6919 6914 6271
f 6916 6920 7244
f 6918 6915 6917
f 7246 6582 7531
f 5959 6921 6917
f 5959 6917 6579
f 6922 6918 6917
f 6583 6919 6580
f 6924 6921 5959
f 6917 6921 6924
f 6582 6925 6584
f 7250 6585 6923
f 6923 7248 7250
f 6925 7540 6584
f 6587 6926 6583
f 6929 6589 7540
f 6591 6927 6590
f 6927 6587 6590
f 6927 6926 6587
f 6928 6593 7250
f 6282 6594 6588
f 7251 6588 6594
f 7546 6927 6591
f 6593 6928 6592
f 6929 6595 6589
f 6931 6591 5964
f 6928 7256 6930
f 6599 6932 6594
f 7547 6594 6932
f 6935 6597 6595
f 6595 6929 6935
f 6599 6934 6932
f 6935 6599 6597
f 6598 6933 6931
f 6601 6934 6599
f 6291 6598 6288
f 7258 7261 6600
f 6601 6937 6934
f 7264 6605 6935
f 6602 6936 6291
f 7551 7262 7261
f 6603 6937 6601
f 6603 6939 6937
f 7554 6607 6605
f 6605 7264 7554
f 5982 7266 6602
f 6938 7267 6608
f 6609 6612 6603
f 6609 6603 6606
f 6603 6940 6939
f 6603 6612 6940
f 7554 6615 6607
f 6610 7266 5982
f 7269 6611 6608
f 7554 7268 6615
f 6612 6614 6941
f 6940 6612 6941
f 6615 7268 7561
f 7274 6299 7269
f 7561 7837 6615
f 6614 6617 6941
f 6615 6941 6617
f 6615 7275 6941
f 6615 7837 7275
f 6621 6614 6941
f 6941 7567 6621
f 6941 7275 7567
f 6299 7564 6944
f 7564 7279 6944
f 6944 6945 6299
f 6623 6618 6304
f 6942 6614 6618
f 7567 7277 6621
f 6624 6943 6622
f 6623 6947 6618
f 6942 6618 6947
f 7281 6626 7277
f 6624 5993 6943
f 5993 6629 6943
f 5993 6627 6629
f 6302 6946 6948
f 6625 6949 6623
f 6625 6952 6949
f 6947 6623 6949
f 6950 6628 6626
f 6626 7281 6950
f 7284 6949 6952
f 6951 6629 6630
f 7283 7285 6946
f 7291 6946 7285
f 7284 6952 6953
f 6628 6950 6955
f 6628 6955 6954
f 6630 6956 7287
f 6630 6632 6956
f 6000 6957 6952
f 6953 6952 6958
f 6952 6957 6958
f 6961 6958 6957
f 6959 6634 6955
f 6961 6634 6959
f 6636 6318 6633
f 6322 6960 6957
f 6961 6957 6960
f 6317 6962 6956
f 6322 6964 6960
f 6965 6960 6964
f 6962 6317 7295
f 6635 7295 6317
f 6963 6326 6636
f 6966 6964 6328
f 6965 6964 6966
f 6635 6967 7295
f 6635 6637 6967
f 6639 6331 6326
f 6328 6968 6966
f 7298 6638 7294
f 6640 6967 6637
f 7298 6643 6638
f 6645 7300 6968
f 6970 7300 6645
f 6973 6646 6643
f 6643 7298 6973
f 6971 6641 6644
f 6647 6642 6012
f 6649 6972 6645
f 6970 6645 6972
f 6971 6648 6974
f 6975 6971 6974
f 6974 6648 6337
f 7302 6975 6974
f 6974 6337 7302
f 6337 7584 7302
f 6337 6339 7584
f 7303 6650 7583
f 6341 6977 6649
f 6651 7584 6339
f 6653 6977 6341
f 6979 6654 6978
f 6656 7305 6653
f 6980 6339 6657
f 6651 6339 6980
f 6660 6659 6979
f 6981 6346 6655
f 7590 6346 6981
f 6656 6658 6982
f 6664 6983 6982
f 6664 6982 6658
f 8487 6661 6660
f 7589 6661 8487
f 6346 7310 6663
f 6984 6983 6664
f 7589 6665 6661
f 6666 6986 6664
f 6984 6664 6986
f 7866 6989 6665
f 7311 6662 6987
f 6668 6988 6986
f 6668 6986 6666
f 6349 6987 6662
f 6349 6990 6987
f 7312 6667 6034
f 6668 6991 6988
f 7594 6669 6989
f 7312 6670 6667
f 6672 6670 7312
f 6673 6991 6668
f 7594 7599 6669
f 6991 6673 6994
f 6995 6671 6040
f 6992 6993 6672
f 6675 6994 6673
f 6040 6674 6995
f 6674 6042 6995
f 6677 6994 6675
f 6677 6676 6994
f 6044 6995 6042
f 6044 7315 6995
f 6680 6356 6993
f 7603 6678 6996
f 6679 7315 6044
f 6358 7318 6676
f 7603 6355 6678
f 7605 6355 7603
f 7605 7319 6355
f 6997 6681 6359
f 6069 6999 6359
f 6690 6999 6069
f 6368 7000 7001
f 6071 7322 6683
f 7001 6698 6368
f 6704 7322 6071
f 6704 7002 7322
f 7324 6691 7003
f 7004 6685 6692
f 7011 6685 7004
f 7011 6693 6685
f 7005 6693 7011
f 7012 7001 6694
f 7002 6704 7006
f 7324 7007 6691
f 7008 6699 6691
f 7008 6691 7007
f 7008 6692 6699
f 7009 6692 7008
f 6692 7010 7004
f 6692 7009 7010
f 7323 6703 6698
f 7611 6703 7323
f 6704 7013 7006
f 7011 7004 7015
f 7011 6709 7005
f 6382 7012 6078
f 7611 6712 6703
f 6704 6713 7013
f 7014 7016 7007
f 7015 6710 6709
f 7015 6709 7011
f 6382 6385 6717
f 7014 7017 7020
f 7009 7025 7010
f 7009 7008 7025
f 7010 7025 7004
f 7004 7018 7015
f 7018 6710 7015
f 7325 7019 6712
f 6718 7024 6713
f 7014 7020 7016
f 7007 7021 7008
f 7007 7016 7021
f 7008 7022 7025
f 7008 7021 7022
f 7018 6720 6711
f 7018 6711 6710
f 5751 7023 6717
f 7329 6721 7019
f 7024 6718 6722
f 7017 7034 7020
f 7004 7026 7018
f 7004 7025 7026
f 7026 6720 7018
f 6388 7023 5751
f 7329 6391 6721
f 6722 7027 7024
f 7017 7331 7030
f 7017 7028 7034
f 7017 7030 7028
f 7025 6720 7026
f 7029 6388 6094
f 7033 7027 6722
f 7034 7031 7020
f 7021 7032 7022
f 7022 7032 7025
f 7032 6720 7025
f 6395 7029 6094
f 7033 7334 7027
f 7028 7030 7034
f 7031 7035 7020
f 7031 7034 7035
f 7020 7035 7016
f 7016 7036 7021
f 7021 7037 7032
f 7021 7036 7037
f 7032 6730 6720
f 7040 6393 7895
f 7334 7033 7038
f 6735 7041 7033
f 7033 7041 7051
f 7034 7042 7046
f 7034 7046 7035
f 7037 6730 7032
f 7050 7033 7051
f 7038 7033 7050
f 6731 7041 6735
f 7041 6731 6745
f 7035 7043 7016
f 7016 7043 7036
f 7036 6741 6730
f 7036 6730 7037
f 6404 7048 7044
f 7049 7038 7050
f 6745 7051 7041
f 7046 7047 7035
f 7059 7049 7050
f 6745 7343 7051
f 7343 6745 7046
f 6748 7046 6745
f 7046 6748 7052
f 7047 7053 7035
f 7035 7054 7043
f 7035 7053 7054
f 7036 7054 6746
f 7043 7054 7036
f 7036 6746 6741
f 6753 7348 6404
f 7625 6747 7045
f 7065 7049 7059
f 7069 7049 7065
f 7056 7050 7051
f 7059 7050 7056
f 7056 7052 6748
f 7052 7056 7051
f 7060 7046 7052
f 7046 7060 7047
f 7047 7057 7053
f 7047 7060 7057
f 7053 7057 7054
f 7054 7057 6746
f 7058 7349 7055
f 7349 6751 7055
f 7058 7055 6747
f 6755 7059 6748
f 6748 7059 7056
f 7060 7062 7057
f 7063 7348 6753
f 7349 6754 6751
f 7351 6754 7349
f 7065 7059 6755
f 7066 7060 7061
f 7060 7067 7062
f 7067 7057 7062
f 6408 6757 6753
f 7351 7068 6754
f 7069 7065 7070
f 6762 7070 6755
f 6755 7070 7065
f 7066 7357 7060
f 7067 6758 6759
f 7067 6759 7057
f 7355 6760 6761
f 7068 7355 6761
f 7069 7071 7358
f 7071 7069 7076
f 7072 7069 7070
f 7076 7069 7072
f 6762 7072 7070
f 7357 7073 7060
f 7060 7074 7067
f 7074 6758 7067
f 7075 6760 7355
f 7075 6763 6760
f 6764 7076 6762
f 6762 7076 7072
f 7073 7077 7060
f 7060 7078 7074
f 7060 7077 7078
f 6758 7078 6767
f 7074 7078 6758
f 6758 6767 6756
f 7079 6415 6422
f 7080 7076 6764
f 7073 7081 7077
f 7073 6778 7081
f 7077 7081 7078
f 7078 7081 6767
f 7083 6764 6769
f 7083 7080 6764
f 7084 6770 6783
f 7085 6434 7084
f 6138 6434 7085
f 6129 6435 6771
f 6437 6773 7086
f 7098 6437 7086
f 6777 7365 7080
f 6777 6440 7365
f 6777 7080 7083
f 6140 7089 7374
f 6146 6768 7375
f 7091 7092 5813
f 5813 7093 6781
f 7092 7093 5813
f 6783 7094 7085
f 6783 7085 7084
f 7085 7095 6138
f 6138 7095 6771
f 6771 7096 6129
f 7096 6772 6129
f 6446 7097 6787
f 6793 7109 6446
f 6446 7109 7097
f 7086 7379 7098
f 7087 7098 7099
f 7087 7099 6438
f 6438 7099 6788
f 7099 7100 6788
f 6788 7100 6774
f 7373 7385 6790
f 7373 6790 7369
f 7369 6790 6778
f 6460 7115 6140
f 7115 7089 6140
f 7375 7116 6146
f 6791 6798 6779
f 6798 7090 6779
f 7101 7656 7397
f 7388 6792 7102
f 7388 7656 6792
f 7391 7106 6444
f 7391 6444 7107
f 7110 7109 6793
f 7111 7110 6793
f 7112 7111 6793
f 6794 7118 7112
f 6794 7395 7394
f 6794 7113 7395
f 6795 6796 7114
f 7119 7115 6460
f 6797 7119 6460
f 7101 7397 7117
f 7119 6797 6464
f 7404 6461 7116
f 7116 7401 7404
f 6799 7120 6450
f 6450 7120 6798
f 7120 7402 6798
f 7121 7403 7101
f 7117 7121 7101
f 6800 7119 6464
f 7404 6803 6461
f 6466 7120 6799
f 7403 6801 7101
f 6800 6802 7119
f 7405 6803 7404
f 6804 7120 6466
f 7124 6801 7403
f 6805 7122 6802
f 6805 7125 7122
f 6803 7406 6471
f 7405 7406 6803
f 7409 6804 6476
f 7123 7124 7126
f 7123 7126 7128
f 7414 7125 6805
f 7127 7414 6805
f 7130 6471 7411
f 7128 6474 7123
f 7414 7127 6163
f 6475 6806 7130
f 6475 7130 7416
f 6476 6807 7409
f 7409 6807 7131
f 7132 6474 7128
f 6807 6475 7131
f 7131 6475 7416
f 7420 6808 6809
f 7133 7420 6809
f 6813 7136 7424
f 6813 7424 7134
f 6170 6813 7134
f 7140 6170 7134
f 6170 6812 6811
f 6816 7689 6810
f 7135 7137 6810
f 7136 6813 7138
f 7138 6813 6814
f 7140 6815 6812
f 7140 6812 6170
f 6814 6817 7138
f 7140 7148 6815
f 7143 7142 6816
f 7142 7429 6816
f 7137 7702 6819
f 6820 7144 7138
f 6817 6820 7138
f 7148 7140 7141
f 6823 7148 7141
f 7432 6822 7702
f 7702 6822 6819
f 6820 6821 7144
f 7436 7148 6823
f 6824 7145 7143
f 6824 7143 6818
f 7432 7146 6822
f 6826 7150 7145
f 6826 7145 6824
f 7149 7145 7150
f 7151 6486 7146
f 6484 7152 7147
f 7153 6825 7148
f 6826 6832 7150
f 6485 6832 6826
f 7151 6827 6486
f 7152 6484 6828
f 7152 6828 6490
f 6829 6490 6828
f 7154 6831 6825
f 6180 7442 6832
f 6827 7155 6830
f 6491 7156 7442
f 6491 7442 6180
f 7447 6181 7155
f 6490 7157 7441
f 6833 6831 7445
f 7160 7156 6491
f 7447 7451 6181
f 7158 6834 7445
f 7160 7455 7156
f 7449 7444 6494
f 7159 6834 7158
f 6836 6834 7159
f 7456 6837 7451
f 7451 6837 6835
f 7160 6499 7162
f 7456 7163 6837
f 6838 6494 6191
f 7161 6498 7159
f 7454 6498 7161
f 7164 7163 7456
f 7454 7458 6498
f 7167 7165 7162
f 6839 7167 7162
f 7165 7459 7162
f 7163 7460 6840
f 6196 7462 6838
f 7458 7166 6841
f 6501 7167 6839
f 7460 7168 6840
f 7166 6843 6841
f 7465 7167 6501
f 7733 6842 7168
f 6844 7171 7465
f 7733 7169 6842
f 7733 7170 7169
f 7467 6508 6843
f 6844 6849 7171
f 6506 6849 6844
f 7466 7172 7169
f 7466 7169 7170
f 6846 6508 7174
f 6508 7468 7174
f 7172 7173 7169
f 7172 7466 7173
f 6509 7174 7468
f 7177 6846 7174
f 6847 7175 6849
f 6850 7174 6509
f 6850 6852 7174
f 6851 7175 6847
f 7176 7178 7173
f 7178 7743 7180
f 6855 7477 7471
f 6855 7471 6851
f 6854 6856 6852
f 7179 7746 6207
f 7749 6853 7180
f 6210 7181 6855
f 7478 6857 6858
f 7181 7477 6855
f 6853 7478 6858
f 7749 7478 6853
f 6862 7181 6210
f 7183 6515 7478
f 7478 6515 6857
f 5901 7479 6859
f 7182 6861 6860
f 5901 7184 7479
f 6862 6520 7185
f 7183 7186 6515
f 6863 7184 6519
f 7482 7756 6861
f 7188 7185 6520
f 6522 7486 7188
f 7186 7189 6518
f 6524 7187 6863
f 6524 7190 7187
f 7191 6864 8357
f 6865 7486 6522
f 7192 7189 7186
f 6866 7190 6524
f 6870 7486 6865
f 8051 6867 7192
f 6869 7191 7193
f 6865 7194 6870
f 7195 6867 8051
f 7193 7196 6869
f 7193 6873 7196
f 6529 7194 6865
f 7195 6871 6867
f 7489 6529 6530
f 7492 6872 6871
f 6871 7195 7492
f 7764 6531 7767
f 7489 6530 7198
f 6224 7767 6531
f 7769 7197 6873
f 6877 7198 6530
f 7497 7201 6872
f 6872 7492 7495
f 6872 7495 7497
f 6876 7767 6224
f 7198 6877 7199
f 7497 8057 7201
f 6534 7772 6876
f 6536 7200 6877
f 6881 7200 6536
f 7775 6878 7201
f 7201 8057 7775
f 7205 6880 7493
f 7775 7203 6878
f 6882 7204 6879
f 6228 7202 6881
f 7203 7504 7206
f 6883 7204 6882
f 6232 7202 6228
f 7206 7504 7506
f 6541 7207 6883
f 7778 7208 7205
f 7778 7209 7208
f 7211 6884 7506
f 7506 6884 7206
f 6232 6886 7210
f 7211 6887 6884
f 8066 7212 7209
f 7508 6887 7211
f 7210 6886 7214
f 7214 6886 6890
f 6237 6889 7213
f 6887 7218 6888
f 7218 6549 6888
f 7215 6889 6891
f 6892 7217 6890
f 7219 6549 7218
f 7219 7220 6549
f 6893 7221 6891
f 7510 6891 7221
f 7223 6553 7220
f 6558 7221 6893
f 8387 6552 7511
f 7516 6552 8387
f 6556 7222 6244
f 7223 7224 6553
f 8084 6556 6560
f 6894 7225 6558
f 7226 7517 6560
f 7227 6895 6896
f 7517 8084 6560
f 7224 7227 6896
f 6252 7228 6894
f 6563 7226 6560
f 7227 7519 6895
f 5941 7229 7228
f 5941 7228 6252
f 7793 6898 6897
f 6901 6898 7793
f 7519 7801 7230
f 6900 7229 5941
f 6564 7231 6899
f 7521 6902 7230
f 7521 7230 7801
f 8089 7234 6901
f 6903 7231 6564
f 7233 6904 7521
f 7524 6904 7233
f 6568 7236 6903
f 6903 7236 7523
f 7524 7527 6904
f 6906 7235 6905
f 6908 7236 6568
f 7527 6570 6909
f 6910 7235 6906
f 6910 6912 7235
f 7525 7237 6907
f 6911 7238 6908
f 6570 7527 7239
f 6570 7239 7240
f 7237 7809 6575
f 6571 7238 6911
f 7240 6573 6570
f 7242 6571 6913
f 7240 7243 6573
f 7809 7531 6575
f 7244 7534 6916
f 7245 7246 7531
f 7247 6919 6583
f 6916 6923 6920
f 7248 6923 6916
f 6924 6922 6917
f 7246 6925 6582
f 7540 6925 7246
f 6926 7249 6583
f 6583 7249 7247
f 6588 6922 6924
f 7538 7250 7248
f 7252 6928 7250
f 7250 7544 7252
f 6594 7253 7251
f 7545 6928 7252
f 7547 7253 6594
f 7255 7254 6591
f 6931 7255 6591
f 6591 7254 7546
f 7545 7256 6928
f 7548 6935 6929
f 7256 7258 6930
f 7259 7547 6932
f 6598 7257 6933
f 7257 6931 6933
f 6934 7259 6932
f 8120 6935 7548
f 7260 7257 6598
f 6291 7260 6598
f 6934 7263 7259
f 8120 7264 6935
f 6936 7260 6291
f 6937 7263 6934
f 7551 7265 7262
f 7265 6938 7262
f 7263 6937 6939
f 7266 6936 6602
f 7265 7267 6938
f 6940 7270 6939
f 7267 7269 6608
f 7271 7562 7269
f 6941 7272 6940
f 7270 6940 7272
f 6296 7273 6610
f 7562 7274 7269
f 6941 7563 7272
f 6620 7273 6296
f 7565 7563 6941
f 6614 7276 6941
f 7565 6941 7276
f 6942 7276 6614
f 7279 6945 6944
f 7276 6942 6947
f 7568 7281 7277
f 7279 6946 6945
f 7570 6943 7282
f 7278 6943 7570
f 7282 6943 6629
f 6946 7279 7280
f 7283 6946 7280
f 7571 6947 6949
f 7281 7568 6950
f 6629 6951 7282
f 6950 6953 6955
f 6953 6950 7286
f 6950 8141 7286
f 7575 6630 7287
f 6955 6953 6958
f 7289 7575 7287
f 7287 6956 7289
f 6956 7290 7289
f 6958 6961 6955
f 6959 6955 6961
f 7290 6956 7849
f 6636 7291 7292
f 6960 6965 6961
f 8147 6634 7288
f 7288 6634 6961
f 7849 6956 6962
f 6636 7852 6963
f 6636 7292 7852
f 8147 7576 6634
f 7295 7293 6962
f 6326 6963 8471
f 8471 6639 6326
f 6968 7296 6966
f 7576 7298 7294
f 6639 8154 7299
f 6641 6967 6640
f 6641 7297 6967
f 6642 6639 7299
f 7296 6968 7300
f 7297 6641 6969
f 7857 6973 7298
f 6641 6971 6969
f 7299 6012 6642
f 7301 6012 7299
f 7300 6970 6972
f 7580 6973 7857
f 6975 6969 6971
f 6012 7301 7583
f 6649 7859 6972
f 7580 6976 6973
f 7304 6975 7302
f 6977 7859 6649
f 7580 6978 6976
f 7302 7584 7304
f 7585 6650 7303
f 6653 7305 6977
f 7859 6977 7305
f 8161 6979 6978
f 7585 6652 6650
f 6981 6652 7585
f 6656 7306 7305
f 6982 7305 7306
f 8487 6660 6979
f 6651 6980 7307
f 6657 7307 6980
f 6982 7306 6656
f 6657 7308 7307
f 6657 6662 7308
f 7309 6346 7590
f 7311 7308 6662
f 7309 7310 6346
f 7866 6665 7589
f 6663 7310 7593
f 7593 6985 6663
f 6034 6985 7593
f 7594 6989 7866
f 7593 7312 6034
f 6991 7313 6988
f 7314 7599 7594
f 6671 7596 6990
f 7314 7871 7599
f 6993 6992 7600
f 7600 6680 6993
f 7603 6996 7599
f 6680 7876 7316
f 7316 7317 6680
f 7318 7602 6676
f 6997 7320 6679
f 7320 6997 6359
f 7320 6359 7883
f 7000 6998 7317
f 6999 7883 6359
f 6683 7322 7318
f 7318 7322 7606
f 7884 6684 7321
f 7000 6694 7001
f 6698 7001 7323
f 7003 6684 7324
f 7614 7014 7007
f 7614 7007 7324
f 6382 7327 7012
f 6712 7611 7325
f 7327 6382 6717
f 7327 6717 7615
f 7024 7326 6713
f 6713 7326 7013
f 7617 7017 7014
f 7617 7014 7614
f 7613 7019 7325
f 8190 7019 7613
f 7024 7328 7326
f 7329 7019 8190
f 7617 7331 7017
f 7618 6391 7329
f 7027 7330 7024
f 7024 7330 7328
f 7619 7030 7331
f 7618 7620 6391
f 7334 7332 7027
f 7027 7332 7330
f 7337 7030 7619
f 6395 7333 7029
f 7335 7034 7030
f 7896 7040 7895
f 7336 7334 7038
f 7338 7030 7337
f 7030 7338 7341
f 7030 7339 7335
f 7030 7341 7339
f 7339 7042 7034
f 7339 7034 7335
f 7045 7040 7896
f 7049 7336 7038
f 7339 7046 7042
f 7044 7345 7039
f 7340 7336 7049
f 7338 7342 7341
f 7341 7343 7046
f 7341 7046 7339
f 6404 7345 7048
f 7345 7044 7048
f 7342 7344 7341
f 7341 7344 7343
f 7348 7345 6404
f 7631 6747 7625
f 7069 7346 7049
f 7347 7052 7051
f 7343 7347 7051
f 7344 7347 7343
f 7347 7060 7052
f 6747 7349 7058
f 7342 7350 7344
f 7344 7061 7060
f 7344 7060 7347
f 7351 7349 6747
f 7064 7352 7069
f 7069 7352 7346
f 7356 7354 7342
f 7344 7350 7066
f 7344 7066 7061
f 6757 6414 6753
f 6414 7063 6753
f 7355 7068 7351
f 7064 7358 7352
f 7359 7354 7356
f 7342 7357 7350
f 7342 7354 7357
f 7357 7066 7350
f 7069 7358 7064
f 7356 7634 7359
f 7354 7073 7357
f 7079 7360 6414
f 6415 7079 6414
f 7360 7637 6414
f 7362 7358 7367
f 7076 7358 7071
f 7359 7073 7354
f 7075 7355 7639
f 7075 7639 7361
f 7363 7367 7358
f 7080 7363 7076
f 7076 7363 7358
f 7359 6778 7073
f 7374 7370 6422
f 7370 7079 6422
f 7362 7365 7366
f 7365 7362 7367
f 7367 7363 7080
f 7364 7369 7359
f 7364 7368 7369
f 7369 6778 7359
f 7075 6768 7082
f 7371 6773 6772
f 7372 7088 6776
f 7365 7372 7366
f 7365 7088 7372
f 7365 7367 7080
f 7373 7368 7364
f 7089 7115 7374
f 6779 7090 7662
f 7649 6779 7376
f 6442 6779 7649
f 6443 7377 6780
f 6442 7377 6443
f 6780 7377 7091
f 6782 6781 7094
f 7094 7378 7085
f 7095 7918 6771
f 7096 7371 6772
f 7371 7379 6773
f 6773 7379 7086
f 7379 7380 7098
f 7380 7099 7098
f 7100 7382 6774
f 6774 7372 6776
f 7382 7372 6774
f 7384 7383 6796
f 7385 6796 6789
f 7385 7384 6796
f 7368 7373 7369
f 6798 7662 7090
f 7655 6779 7386
f 6779 7662 7386
f 7655 7376 6779
f 7656 7388 7387
f 7922 7102 6454
f 7922 7388 7102
f 7922 6454 7389
f 7390 7103 7104
f 7390 7389 7103
f 7390 7104 7105
f 7390 7105 7106
f 7391 7390 7106
f 7917 7391 7107
f 7664 7107 6785
f 7664 7917 7107
f 7392 7664 6785
f 7392 6785 7108
f 7392 7108 7097
f 7110 7392 7097
f 7110 7097 7109
f 7099 7926 7100
f 7100 7926 7381
f 7396 7113 7114
f 7396 7395 7113
f 7114 6796 7383
f 7114 7383 7396
f 7119 7400 7115
f 7401 7375 7654
f 7401 7116 7375
f 6798 7402 7662
f 7930 7397 7656
f 7398 7110 7111
f 7398 7111 7112
f 7399 7112 7118
f 7399 7118 6794
f 7666 7399 6794
f 7661 6794 7394
f 7666 6794 7661
f 7661 7394 7395
f 7119 7669 7400
f 7117 7403 7121
f 6802 7669 7119
f 7404 7406 7405
f 6804 7407 7120
f 7407 7408 7120
f 7409 7408 6804
f 6804 7408 7407
f 7410 7124 7403
f 8247 7411 7406
f 7406 7411 6471
f 7126 7418 7128
f 7124 7418 7126
f 7415 7414 7129
f 7412 7416 7130
f 7411 7412 7130
f 7131 7413 7409
f 7417 7132 7128
f 7418 7417 7128
f 6808 7415 7129
f 6808 7680 7415
f 7419 7133 7132
f 7417 7419 7132
f 7686 6808 7420
f 7420 7133 7684
f 7684 7133 7419
f 7689 7421 6810
f 6810 7421 7135
f 6816 7429 7689
f 7425 7137 7421
f 7421 7137 7135
f 7426 7422 7423
f 7427 7422 7426
f 7138 7424 7136
f 7424 7138 7426
f 7424 7428 7134
f 7426 7428 7424
f 7428 7140 7134
f 7695 7137 7425
f 7430 7704 7422
f 7422 7427 7430
f 7139 7427 7138
f 7138 7427 7426
f 7428 7426 7698
f 7428 7141 7140
f 7143 7429 7142
f 7695 7702 7137
f 7138 7144 7139
f 7144 7427 7139
f 7429 7143 7431
f 7433 7430 7427
f 7427 7434 7433
f 7144 7434 7427
f 7436 6823 7141
f 7145 7431 7143
f 7437 7146 7432
f 7435 7434 7144
f 7147 7435 6821
f 6821 7435 7144
f 7149 7438 7145
f 7152 7435 7147
f 7148 7436 7712
f 7153 7148 7712
f 7150 6832 7149
f 6832 7438 7149
f 7146 7437 7151
f 7154 6825 7153
f 7996 6827 7437
f 7437 6827 7151
f 7439 7711 7435
f 7435 7715 7439
f 7152 7715 7435
f 6490 7715 7152
f 7442 7440 6832
f 7718 7155 7996
f 7996 7155 6827
f 6490 7441 7715
f 6831 7154 7717
f 7443 7440 7442
f 7157 7444 7441
f 7717 7445 6831
f 7156 7446 7442
f 7446 7443 7442
f 7448 7447 7155
f 7723 7158 7445
f 7450 7156 7455
f 7447 7448 7451
f 7452 7456 7451
f 7453 7724 7449
f 6494 7453 7449
f 7158 7454 7159
f 7161 7159 7454
f 7162 7459 7455
f 7162 7455 7160
f 6838 7453 6494
f 7457 7163 7164
f 7457 7164 7456
f 7460 7457 7456
f 8021 7458 7454
f 7167 7459 7165
f 7457 7460 7163
f 6838 7462 7730
f 7458 7736 7166
f 8027 7168 7460
f 6843 7166 7736
f 7465 7463 7167
f 8027 7733 7168
f 7461 7464 7462
f 7736 7467 6843
f 6845 7464 7461
f 6849 7465 7171
f 7733 7466 7170
f 7468 6508 7467
f 7465 6849 7469
f 7176 7173 7466
f 6509 7468 7470
f 7174 7470 7468
f 7177 7174 7468
f 7175 7469 6849
f 7174 8033 7470
f 7174 6852 8033
f 6851 7471 7175
f 7743 7178 7176
f 7742 7179 7177
f 6852 7472 8033
f 6852 7474 7472
f 7477 7475 7471
f 7743 7747 7180
f 6856 7474 6852
f 7747 7749 7180
f 7476 7482 6860
f 7182 6860 7482
f 6862 7480 7181
f 7477 7181 7480
f 7482 6861 7182
f 7481 7480 6862
f 7183 7753 7484
f 7185 7483 6862
f 7481 6862 7483
f 7484 7186 7183
f 6863 7187 7184
f 7188 7485 7483
f 7188 7483 7185
f 7755 7186 7484
f 8049 7191 8357
f 7486 7758 7188
f 7758 7485 7188
f 7186 7759 7192
f 8701 7191 8049
f 7487 7486 6870
f 7759 8051 7192
f 7191 8701 7193
f 7193 8701 7763
f 7487 6870 7194
f 6531 7768 6528
f 7763 6873 7193
f 7488 6873 7763
f 6529 7489 7194
f 7764 7768 6531
f 7488 7769 6873
f 7490 7492 7195
f 7198 7494 7489
f 7493 7197 7769
f 7492 7490 7495
f 7199 7496 7198
f 7496 7494 7198
f 7498 7497 7495
f 7200 7199 6877
f 7497 7498 8057
f 6534 7500 7772
f 8058 7493 7499
f 6881 7501 7199
f 6881 7199 7200
f 6879 7500 6534
f 8058 7205 7493
f 7202 7501 6881
f 7504 7203 7775
f 7205 7502 7778
f 6232 7505 7503
f 6232 7503 7202
f 7504 8064 7506
f 7781 7505 6232
f 7778 8066 7209
f 7507 7781 6232
f 7210 7507 6232
f 7506 7508 7211
f 6885 7213 7207
f 7784 7212 8066
f 7218 6887 7508
f 6889 7215 7213
f 6890 7509 7214
f 7217 7509 6890
f 6891 7510 7215
f 8072 7511 7216
f 7512 7217 6892
f 7513 7220 7219
f 8077 8387 7511
f 7222 7514 6892
f 7789 6892 7514
f 7515 7223 7220
f 7513 7515 7220
f 7515 7513 7219
f 6558 7790 7221
f 6556 7514 7222
f 7227 7224 7223
f 7225 7790 6558
f 8394 6897 7516
f 7793 6897 8394
f 7517 7226 6563
f 8082 7519 7227
f 8082 7518 7519
f 8089 6901 7793
f 6900 7232 7229
f 7231 7520 6899
f 7520 6563 6899
f 6903 7520 7231
f 6903 7523 7520
f 7524 7233 7521
f 7521 7801 7524
f 7235 7522 7232
f 8093 7234 8089
f 8093 7525 7234
f 7524 7804 7527
f 7522 7235 7526
f 6908 7529 7236
f 6912 7526 7235
f 7528 7237 7525
f 7238 7529 6908
f 7528 7809 7237
f 6571 7529 7238
f 6912 7241 7808
f 7242 7529 6571
f 7532 7243 7239
f 7239 7243 7240
f 7239 7530 7532
f 7811 7241 7533
f 6914 7242 6913
f 7532 7244 7243
f 6915 7533 7241
f 7532 7534 7244
f 6918 6922 6915
f 6915 6922 7533
f 7247 7816 6914
f 6919 7247 6914
f 7245 7818 7246
f 7534 7248 6916
f 7534 7536 7248
f 6922 7537 7535
f 7818 7540 7246
f 6926 7247 7249
f 6588 7537 6922
f 6588 7539 7537
f 7818 7541 7540
f 7542 6926 6927
f 7536 7250 7538
f 7251 7539 6588
f 7820 6929 7540
f 7820 7540 7541
f 7536 7544 7250
f 7546 7543 6927
f 7544 7545 7252
f 8113 6929 7820
f 7255 7546 7254
f 8113 7548 6929
f 8118 7256 7545
f 7257 7255 6931
f 7257 7549 7255
f 7550 7258 7256
f 8118 7550 7256
f 7260 7549 7257
f 7550 7261 7258
f 8120 7555 7264
f 6936 7827 7549
f 7260 6936 7549
f 7550 7551 7261
f 7552 7265 7551
f 7553 7552 7551
f 7555 7554 7264
f 7266 7556 6936
f 7556 7557 6936
f 7557 7827 6936
f 7558 7269 7552
f 7269 7265 7552
f 7269 7267 7265
f 7558 7552 7553
f 7830 7268 7554
f 7554 7555 7830
f 7266 7831 7556
f 7556 7831 7557
f 7833 7268 7830
f 6610 7835 7266
f 7560 7562 7271
f 7269 7560 7271
f 7559 7560 7269
f 7270 7272 7563
f 7561 7268 7833
f 7273 7835 6610
f 7562 7564 7274
f 8133 7275 7837
f 6622 7566 6620
f 8133 7567 7275
f 6943 7566 6622
f 6943 8132 7566
f 7839 7279 7564
f 7841 7277 7567
f 7278 8132 6943
f 7280 7279 7839
f 6947 7569 7276
f 7840 7276 7569
f 7841 7568 7277
f 7571 7569 6947
f 7843 7283 7280
f 8457 6950 7568
f 7570 7282 6951
f 7284 6953 7571
f 7284 7571 6949
f 8457 8141 6950
f 7572 7846 7570
f 7570 6951 7572
f 7283 7573 7285
f 7286 7571 6953
f 7286 7574 7571
f 7575 6951 6630
f 7573 7292 7285
f 7291 7285 7292
f 7288 7574 7286
f 7288 7848 7574
f 7575 7289 7290
f 8146 7288 6961
f 8146 7848 7288
f 6965 8146 6961
f 8467 7576 8147
f 7293 7849 6962
f 8149 6965 6966
f 7295 7853 7293
f 7852 7577 6963
f 8471 6963 7577
f 8149 6966 7296
f 7578 7298 7576
f 7853 7295 6967
f 8471 8154 6639
f 7299 8154 7856
f 7300 8153 7296
f 7300 8155 8153
f 7855 7298 7578
f 8156 7298 7855
f 8156 7857 7298
f 7856 7301 7299
f 6972 7579 7300
f 6975 7581 6969
f 7582 7583 7301
f 7859 7579 6972
f 7304 7581 6975
f 8157 6978 7580
f 7583 7585 7303
f 7305 7586 7859
f 7587 7304 7584
f 8483 6979 8161
f 9159 7590 6981
f 8483 8487 6979
f 7307 7588 6651
f 6983 7864 6982
f 7307 7308 7591
f 7308 7311 7591
f 7311 7592 7591
f 6987 7592 7311
f 6988 7313 6986
f 8167 7594 7866
f 6987 6990 7595
f 7312 7593 7869
f 7595 6990 7596
f 7869 6672 7312
f 6671 7597 7596
f 6994 7870 6991
f 6994 6676 7870
f 6995 7597 6671
f 7875 6995 6992
f 7315 6992 6995
f 6992 7315 7875
f 7600 6992 7875
f 6676 7601 7598
f 7877 7603 7599
f 7600 7876 6680
f 6676 7602 7601
f 7880 7316 7876
f 7318 7604 7602
f 7317 7316 7880
f 7606 7604 7318
f 7319 7605 7607
f 7880 7000 7317
f 8178 7000 7880
f 7607 7321 7319
f 8178 6694 7000
f 7608 7884 7321
f 7608 7321 7607
f 7609 6690 8181
f 8181 6690 6694
f 7323 7001 8181
f 7006 7886 7002
f 7324 6684 7884
f 8181 7001 7609
f 7001 7012 7609
f 7013 7886 7006
f 7610 7611 7323
f 7890 7614 7324
f 7890 7324 8184
f 7327 7615 7012
f 7325 7611 7613
f 7326 7612 7013
f 8189 7617 7614
f 6717 7891 7615
f 7023 8192 6717
f 7329 8190 7618
f 7330 7616 7328
f 7893 7331 7617
f 7029 8192 7023
f 7029 7023 6388
f 7619 7331 7893
f 7333 7894 7029
f 7334 7621 7332
f 8193 7337 7619
f 7334 7622 7621
f 7623 7337 8193
f 7039 7333 6395
f 7336 7622 7334
f 7336 7897 7622
f 7623 7338 7337
f 7625 7045 7896
f 7340 7897 7336
f 7627 7338 7623
f 7345 7624 7039
f 7345 7626 7624
f 7627 7630 7338
f 7630 7342 7338
f 7345 7628 7626
f 7629 7340 7049
f 7346 7629 7049
f 7902 7356 7342
f 7902 7342 7630
f 7063 7632 7348
f 7632 7903 7348
f 7903 7345 7348
f 7063 7903 7632
f 6747 7631 7351
f 7352 7633 7346
f 7353 7356 7902
f 6414 7904 7063
f 7635 7355 7351
f 7351 7631 7905
f 7351 7905 7635
f 7634 7356 7353
f 7637 7904 6414
f 7358 7636 7352
f 7079 7637 7360
f 7905 7355 7635
f 7362 7638 7358
f 7358 7638 7636
f 7634 7640 7641
f 7641 7642 7634
f 7642 7364 7359
f 7642 7359 7634
f 7905 7639 7355
f 7370 7648 7079
f 6768 7075 7361
f 7639 6768 7361
f 7366 7644 7362
f 7643 7645 7641
f 7645 7646 7641
f 7641 7364 7642
f 7911 6768 7639
f 7372 7644 7366
f 7641 7646 7373
f 7641 7373 7364
f 7115 7647 7374
f 7647 7648 7374
f 7648 7370 7374
f 7913 7375 6768
f 6442 7649 7377
f 6781 7650 7094
f 7094 7650 7378
f 7918 7096 6771
f 7096 8222 7371
f 7371 7651 7379
f 8222 7651 7371
f 7652 7380 7379
f 7652 7379 7651
f 7099 7380 7652
f 7653 7100 7381
f 7382 7100 7653
f 7644 7372 7382
f 7384 7385 7645
f 7645 7385 7646
f 7646 7385 7373
f 7647 7115 7648
f 7913 7654 7375
f 7655 7649 7376
f 7656 7387 7657
f 7658 7389 7390
f 7658 7922 7389
f 7933 7390 7659
f 7390 7391 7659
f 7391 7917 7934
f 7392 8238 7664
f 7110 7393 7392
f 7652 7651 7660
f 7652 7660 7099
f 7099 7660 7926
f 7395 7396 7661
f 7396 7383 7384
f 7662 7663 7386
f 7663 7655 7386
f 7397 7930 7939
f 7930 7656 7657
f 7933 7659 7391
f 7933 7391 7934
f 7665 7393 7110
f 8241 7110 7398
f 8241 7665 7110
f 8241 7398 7112
f 7399 7668 7112
f 7112 7668 8241
f 7667 7661 7396
f 7401 7928 7670
f 7402 7663 7662
f 7939 7117 7397
f 7668 7399 7942
f 7942 7399 7666
f 7670 7404 7401
f 7408 7671 7120
f 7671 7402 7120
f 7673 7672 7403
f 7673 7403 7117
f 7673 7117 7939
f 7669 6802 7122
f 7670 7406 7404
f 7674 7406 7670
f 7408 7402 7671
f 7675 7403 7672
f 7672 7673 7676
f 7672 7676 7675
f 7674 8247 7406
f 7953 7124 7410
f 7953 7410 7403
f 7675 7953 7403
f 7953 7675 7676
f 7125 7677 7122
f 7414 7677 7125
f 7677 7414 7948
f 7412 7411 8247
f 7413 7952 7409
f 7409 7952 7408
f 7953 7418 7124
f 7679 7948 7414
f 7680 7414 7415
f 7680 7679 7414
f 7678 7681 7412
f 7412 7681 7416
f 7416 7681 7682
f 7683 7417 7418
f 8584 7683 7418
f 6808 8256 8255
f 7680 6808 8255
f 7682 7955 7416
f 7131 7416 7413
f 7413 7416 7955
f 7684 7419 7417
f 7685 7684 7417
f 7683 7685 7417
f 7686 8256 6808
f 7684 7686 7420
f 7689 7687 7421
f 7687 7425 7421
f 7690 7688 7691
f 7688 7692 7422
f 7691 7688 7422
f 7422 7692 7970
f 7423 7422 7970
f 7429 7966 7689
f 7690 7693 7696
f 7704 7690 7691
f 7693 7690 7704
f 7422 7704 7691
f 7694 7426 7423
f 7694 7698 7426
f 7429 7699 7966
f 7970 7697 7423
f 7698 7423 7697
f 7698 7694 7423
f 7695 7700 7702
f 7698 7701 7706
f 7706 7428 7698
f 7699 7429 7431
f 7703 7705 7693
f 7704 7703 7693
f 7433 7704 7430
f 7707 7141 7428
f 7706 7707 7428
f 7707 7436 7141
f 7708 7431 7145
f 7980 7432 7702
f 7709 7704 7433
f 7703 7704 7709
f 7435 7709 7434
f 7434 7709 7433
f 7707 7712 7436
f 7432 8291 7437
f 7980 8291 7432
f 7710 7707 7706
f 7710 7712 7707
f 7989 7437 8291
f 7703 7709 7711
f 7435 7711 7709
f 7712 7154 7153
f 7440 8001 7438
f 7440 7438 6832
f 7989 7996 7437
f 7703 7439 7713
f 7711 7439 7703
f 7716 7154 7712
f 7996 7714 7718
f 7154 7716 7717
f 7721 7440 7443
f 8002 7718 7714
f 7439 7719 7722
f 7441 7439 7715
f 7719 7439 7441
f 7723 7445 7717
f 7156 7720 7446
f 7720 7721 7446
f 7446 7721 7443
f 8311 7448 7155
f 7718 8311 7155
f 7449 7719 7444
f 7444 7719 7441
f 7450 7720 7156
f 7721 7720 7450
f 7452 7451 8311
f 8311 7451 7448
f 7449 7724 7719
f 7158 7723 7725
f 7726 7724 7453
f 7727 7456 7452
f 7453 7728 7726
f 7459 8012 7455
f 8012 7450 7455
f 7727 7460 7456
f 6838 7728 7453
f 7728 7729 7454
f 8021 7454 7729
f 7731 6838 7730
f 7728 6838 7731
f 8021 7736 7458
f 7167 7732 7459
f 8325 8027 7460
f 7463 7732 7167
f 7730 7462 7734
f 7734 7462 7464
f 7465 7737 7463
f 7737 7732 7463
f 7739 7738 7733
f 7740 7739 7733
f 7464 6845 7734
f 8343 7467 7736
f 7465 7741 7737
f 8029 7466 7738
f 7738 7466 7733
f 7738 7739 8029
f 6845 6509 8030
f 7742 7468 7467
f 7469 7741 7465
f 8031 7176 8029
f 8029 7176 7466
f 7470 8030 6509
f 7177 7468 7742
f 8035 7469 7175
f 7744 7743 7176
f 7745 7744 7176
f 8344 7179 7742
f 7746 7179 8344
f 7473 7175 7471
f 7473 8034 7175
f 8685 7747 7743
f 7743 7744 8685
f 7475 8034 7471
f 8034 7473 7471
f 6856 7472 7474
f 6856 6859 7472
f 8039 7476 7746
f 7477 7748 8034
f 7477 8034 7475
f 8041 7476 8039
f 7750 7478 7749
f 7479 8044 6859
f 7476 8041 7482
f 7480 7481 7477
f 7751 7183 7750
f 7750 7183 7478
f 7479 7184 7752
f 8044 7479 7752
f 7751 7753 7183
f 7187 8352 7184
f 7184 8352 7752
f 7483 7754 7481
f 7755 7484 7753
f 7485 7754 7483
f 7485 8048 7754
f 7759 7186 7755
f 7190 7757 7187
f 7758 8048 7485
f 6866 7760 7190
f 7487 7758 7486
f 6528 7760 6866
f 7194 7761 7487
f 7762 7195 8051
f 7489 7765 7761
f 7489 7761 7194
f 7762 7490 7195
f 7763 7769 7488
f 8362 7769 7763
f 7490 7762 7766
f 7490 7766 7770
f 7768 7764 7767
f 7765 7489 7494
f 7771 7768 7767
f 7767 7491 7771
f 7499 7493 7769
f 7770 7495 7490
f 8056 7495 7770
f 6876 7491 7767
f 6876 7772 7491
f 7496 7773 7494
f 8056 7498 7495
f 7199 7774 7496
f 8056 8057 7498
f 8372 8058 7499
f 7501 7774 7199
f 7202 7776 7501
f 8062 7504 7775
f 7502 7205 8376
f 7205 8058 8376
f 7503 7776 7202
f 7778 7502 8376
f 7780 7503 7505
f 7780 8064 7504
f 7780 7504 8062
f 7207 7777 6883
f 7779 8066 7778
f 7782 7508 8064
f 8064 7508 7506
f 7213 7783 7207
f 7207 7783 7777
f 7781 7507 7210
f 7785 7508 7782
f 8727 7212 7784
f 8383 7218 7785
f 7785 7218 7508
f 7215 7786 7213
f 7213 7786 7783
f 8727 7216 7212
f 8384 7216 8727
f 7210 7214 7509
f 8383 8070 7218
f 8384 8072 7216
f 7217 7512 7509
f 8073 7219 7218
f 7218 8070 8073
f 7510 7787 7215
f 8385 7511 8072
f 8385 8077 7511
f 6892 7789 7512
f 7515 7219 8073
f 7221 7790 7510
f 8394 7516 8387
f 6556 7791 7789
f 6556 7789 7514
f 7515 7227 7223
f 8084 7791 6556
f 6894 7792 7225
f 7225 7792 7790
f 7797 8084 7517
f 6563 7797 7517
f 7794 7518 8082
f 7229 7795 7228
f 7228 7795 6894
f 7796 8089 7793
f 7518 8086 7519
f 7794 8086 7518
f 7229 7232 7795
f 7796 7799 8089
f 7800 6563 7520
f 8086 7801 7519
f 7522 7798 7232
f 7800 7520 7523
f 7803 7524 7801
f 8094 7523 7802
f 7236 7802 7523
f 7803 7804 7524
f 8092 7522 7526
f 8093 7528 7525
f 7529 7802 7236
f 7529 7805 7802
f 6912 8092 7526
f 7806 7239 7804
f 7804 7239 7527
f 7808 7809 7528
f 7807 7239 7806
f 7811 7808 7241
f 7242 7810 7529
f 8097 7529 7812
f 7812 7529 7810
f 7807 7530 7239
f 8101 7531 7809
f 6914 7810 7242
f 7533 7813 7811
f 8101 7245 7531
f 7816 7810 6914
f 7814 7534 7530
f 7530 7534 7532
f 7535 7813 6922
f 6922 7813 7533
f 7817 7534 7814
f 8104 7818 7245
f 8104 7245 7815
f 7816 7247 7819
f 7819 7247 6926
f 7817 7536 7534
f 7536 7538 7248
f 7820 7541 7818
f 7542 7821 6926
f 7251 8108 7539
f 7543 7821 6927
f 7821 7542 6927
f 7822 7544 7536
f 7536 8427 7822
f 7253 8108 7251
f 8109 8113 7820
f 7546 7821 7543
f 7546 7824 7821
f 7824 8114 7821
f 7544 7822 7545
f 7547 7823 7253
f 8431 7546 7255
f 8431 7824 7546
f 8116 8118 7822
f 7822 8118 7545
f 7259 8115 7547
f 7549 7826 8431
f 7549 8431 7255
f 7825 8120 7548
f 7263 8119 7259
f 7828 7549 7827
f 8124 7551 7550
f 7550 8118 8124
f 8128 7551 8124
f 8128 7553 7551
f 8439 7830 7555
f 7557 7831 7827
f 8129 7269 7558
f 7553 8129 7558
f 7270 7829 6939
f 7266 7834 7831
f 8129 7559 7269
f 7832 8129 7553
f 7266 7835 7834
f 8129 7560 7559
f 8446 7560 8129
f 7270 7563 7836
f 7829 7270 7836
f 7837 7561 7833
f 8134 7562 7560
f 8134 7564 7562
f 8134 7560 8446
f 7565 7838 7563
f 7563 7838 7836
f 7566 8132 6620
f 8452 7564 8134
f 7565 7276 7838
f 8452 7839 7564
f 8136 7841 7567
f 7843 7280 7839
f 7569 7844 7840
f 8136 7568 7841
f 7570 7842 7278
f 7571 7845 7569
f 7574 7848 7571
f 7572 6951 7846
f 6951 7575 7846
f 7292 7573 7847
f 9136 7288 7286
f 7575 8464 7846
f 7573 8468 7847
f 7292 7847 8468
f 8146 8144 7848
f 8463 7288 9136
f 8145 8464 7575
f 7575 7290 8145
f 7292 8468 7851
f 7851 7852 7292
f 8463 8147 7288
f 7850 7290 7849
f 6965 8149 8146
f 7578 7576 8467
f 7853 7849 7293
f 7577 7852 8471
f 7296 8152 8149
f 7854 7853 6967
f 8153 8152 7296
f 6969 6967 7297
f 6969 8158 6967
f 7300 7579 8155
f 8158 6969 7858
f 7858 6969 7581
f 8157 7580 7857
f 7304 8159 7581
f 7582 7301 7861
f 7301 8476 7861
f 7861 7583 7582
f 8828 6978 8157
f 7862 7583 7861
f 7585 7583 7862
f 7586 7860 7859
f 8828 8161 6978
f 7304 7587 7863
f 8162 7304 7863
f 7584 7863 7587
f 7862 6981 7585
f 7584 6651 7863
f 8832 9159 6981
f 6982 7864 7305
f 7588 7863 6651
f 7867 7589 8487
f 7307 8164 7588
f 9159 7865 7590
f 7309 7590 7865
f 6983 6984 7864
f 7867 7866 7589
f 7592 8164 7307
f 7592 7307 7591
f 8834 7310 7309
f 7593 7310 8834
f 8163 6984 7868
f 6986 7868 6984
f 7867 8167 7866
f 6986 7313 7868
f 7595 8170 6987
f 8168 7869 7593
f 8167 7314 7594
f 8495 7314 8167
f 8170 7595 7596
f 8170 7596 7597
f 7872 6672 7869
f 8495 7871 7314
f 7872 6992 6672
f 6676 7874 7870
f 6995 7873 7597
f 7872 7875 6992
f 7598 7874 6676
f 8496 7599 7871
f 7877 7599 8496
f 7873 6995 7875
f 7601 7874 7598
f 7602 7878 7601
f 8174 7603 7877
f 6679 7879 7315
f 7604 7878 7602
f 7881 7605 7603
f 7881 7603 8174
f 7320 7879 6679
f 7320 7882 7879
f 7881 8174 7607
f 8174 7608 7607
f 7881 7607 7605
f 7883 7882 7320
f 8852 6694 8178
f 6690 7885 6999
f 8852 8181 6694
f 8179 7322 7886
f 7002 7886 7322
f 7609 7885 6690
f 8182 7324 7884
f 8184 7324 8182
f 7013 7887 7886
f 7012 7888 7609
f 7612 7889 7013
f 7013 7889 7887
f 7615 7891 7012
f 8187 7614 7890
f 8187 8189 7614
f 6717 8516 7891
f 8188 8190 7613
f 7616 7892 7328
f 7328 7892 7326
f 8865 7617 8189
f 8192 8516 6717
f 8865 7893 7617
f 7894 8192 7029
f 8193 7619 7893
f 7895 7620 7618
f 7332 7621 7330
f 7895 7895 7620
f 9193 7623 8193
f 7039 7626 7333
f 8528 7627 7623
f 7624 7626 7039
f 9196 7625 7896
f 9196 8530 7625
f 7340 8195 7897
f 8528 7630 7627
f 7899 7631 7625
f 7625 8530 8533
f 7625 8533 7899
f 7629 7898 7340
f 7340 7898 8195
f 8202 7902 7630
f 7903 8200 7345
f 7901 7631 7899
f 7346 7900 7629
f 7633 7900 7346
f 7063 7904 7903
f 8206 7634 7353
f 7352 7636 7633
f 7907 7634 8206
f 7907 7640 7634
f 7079 7908 7637
f 7362 7906 7638
f 7907 7641 7640
f 7648 7908 7079
f 7909 7639 7905
f 7907 7645 7643
f 7907 7643 7641
f 8543 7908 7648
f 7909 7911 7639
f 7910 7362 7644
f 7912 7645 7907
f 7911 7913 6768
f 7655 8557 7649
f 7377 7649 7914
f 7092 7915 7093
f 7091 7915 7092
f 7093 7915 6781
f 6781 8214 7650
f 7915 8214 6781
f 7378 7650 7916
f 7917 7085 7378
f 7095 7085 7917
f 8222 7096 7918
f 7924 7651 8222
f 7382 7919 7644
f 7912 8216 7384
f 7912 7384 7645
f 8211 7648 7115
f 8212 7654 7913
f 7655 7920 8557
f 7649 8557 8213
f 7921 7657 7387
f 7387 7388 7922
f 8230 7387 7922
f 7922 7658 7390
f 7932 7390 7933
f 7378 7916 7934
f 7917 7378 7934
f 7923 7918 7917
f 7095 7917 7918
f 7924 8225 7651
f 8225 7660 7651
f 7925 7926 7660
f 7381 7926 7927
f 7653 7381 7382
f 7381 8215 7382
f 7396 7384 8216
f 7400 8244 7115
f 8211 7115 8244
f 7928 7654 8212
f 7928 7401 7654
f 7929 7655 7663
f 7929 7920 7655
f 7930 7931 8228
f 7930 7657 7921
f 7932 7922 7390
f 7664 7923 7917
f 7664 8238 7923
f 7392 8239 8238
f 7392 8240 8239
f 7393 7665 7392
f 8242 8241 7668
f 7925 7935 7926
f 7666 7661 8231
f 7936 7661 7667
f 7936 8231 7661
f 7400 7937 8244
f 7402 7938 7663
f 7939 7930 8228
f 7940 8240 7392
f 7940 7392 7665
f 7941 8242 7668
f 7669 7937 7400
f 7402 7943 7938
f 7122 7937 7669
f 7122 7944 7937
f 7928 7674 7670
f 7928 8247 7674
f 7408 7945 7402
f 7945 8249 7402
f 8249 7943 7402
f 7673 7946 7676
f 7122 7677 7944
f 7412 8247 8248
f 8251 7945 7408
f 7947 7676 7946
f 8248 7949 7412
f 7951 7950 7678
f 7412 7951 7678
f 7949 7951 7412
f 7954 7953 7676
f 7680 7948 7679
f 7950 7681 7678
f 7955 7682 7681
f 7951 7955 7681
f 7950 7951 7681
f 7956 7952 7413
f 7957 7952 7956
f 7953 8584 7418
f 7413 7955 7956
f 8260 7685 7683
f 8584 8260 7683
f 7958 8256 7686
f 7959 7958 7686
f 7959 7686 7684
f 8261 7684 7685
f 8260 8261 7685
f 8585 7959 7684
f 8585 7684 8261
f 7689 7961 7687
f 7687 7961 7425
f 7425 7961 7960
f 7960 8267 7963
f 7965 7690 8271
f 7690 7692 7688
f 7966 7961 7689
f 7963 7695 7960
f 7960 7695 7425
f 7962 7964 7967
f 7964 7962 8271
f 7696 8271 7690
f 7965 7983 7690
f 7690 7970 7692
f 7983 7970 7690
f 7700 7695 7963
f 7964 8271 7974
f 7968 8271 7696
f 7968 7974 8271
f 7968 7696 7693
f 7983 7965 7969
f 7970 7698 7697
f 7971 7966 7699
f 7700 7963 7972
f 8283 7967 7964
f 7964 7973 8283
f 7973 7964 7974
f 7693 7974 7968
f 7970 7983 7975
f 7975 7701 7698
f 7975 7698 7970
f 7431 7976 7699
f 7976 7971 7699
f 7977 7702 7700
f 7972 7977 7700
f 7978 8283 7973
f 7693 7982 7974
f 7705 7982 7693
f 7975 7706 7701
f 7708 7976 7431
f 7977 7980 7702
f 7973 7981 7986
f 7974 7981 7973
f 7981 7974 7982
f 7982 7705 7703
f 7985 7984 7983
f 7984 7975 7983
f 7984 7706 7975
f 7981 7982 7987
f 7703 7987 7982
f 7438 7988 7708
f 7438 7708 7145
f 7991 7981 7987
f 7703 7991 7987
f 7713 7991 7703
f 7993 7706 7984
f 7706 7999 7710
f 7993 7999 7706
f 7999 7712 7710
f 8001 7988 7438
f 7989 7992 7996
f 7991 7997 7981
f 7440 7995 8001
f 7991 7998 7997
f 7999 7993 7994
f 8000 7716 7712
f 7999 8000 7712
f 8000 7717 7716
f 7721 7995 7440
f 7996 8002 7714
f 7991 8309 7998
f 7722 7991 7439
f 7439 7991 7713
f 8003 7999 8312
f 8003 8000 7999
f 8003 7723 7717
f 8003 7717 8000
f 8004 7995 7721
f 8002 8311 7718
f 8005 8309 7991
f 7991 8006 8005
f 7719 7991 7722
f 7719 8006 7991
f 8007 7723 8003
f 7450 8008 7721
f 8004 7721 8008
f 8016 7452 8311
f 8010 8006 7719
f 7724 8010 7719
f 7723 8007 7725
f 8014 8008 7450
f 7726 8010 7724
f 8007 7454 7158
f 8007 7158 7725
f 8012 8013 7450
f 7450 8013 8014
f 8015 7727 7452
f 8016 8015 7452
f 8017 8009 8010
f 8010 8018 8017
f 8018 8010 7726
f 7726 8011 8018
f 8011 7726 8007
f 7728 8007 7726
f 7728 7454 8007
f 8019 7460 8015
f 8015 7460 7727
f 8018 8021 7729
f 7728 8018 7729
f 7459 8024 8012
f 8019 8325 7460
f 8018 7731 8026
f 7728 7731 8018
f 8021 8018 8022
f 8022 8018 8023
f 8022 7736 8021
f 7732 8024 7459
f 8325 8327 8027
f 8025 8026 7731
f 8025 7731 7730
f 7736 8022 8023
f 7735 7736 8023
f 8026 8025 7734
f 7730 7734 8025
f 8335 7736 7735
f 7737 8024 7732
f 8027 7740 7733
f 7734 6845 8030
f 8343 7736 8335
f 7741 8028 7737
f 7740 8029 7739
f 7469 8028 7741
f 8029 8338 8031
f 7470 8032 8030
f 7470 8033 8032
f 7175 8034 8035
f 8031 7745 7176
f 8033 7472 8345
f 8344 7742 8036
f 7745 8685 7744
f 8039 7746 8344
f 8034 8038 8037
f 8347 7747 8685
f 7472 6859 8346
f 7748 8038 8034
f 7750 7749 8347
f 8347 7749 7747
f 7477 8042 7748
f 7481 8042 7477
f 8045 8042 7481
f 8043 7751 7750
f 7752 8352 8044
f 7482 8041 8046
f 8046 7756 7482
f 8043 7753 7751
f 9028 7753 8043
f 8697 7755 7753
f 9028 8697 7753
f 8352 7187 8695
f 8700 7755 8697
f 7757 8047 7187
f 7187 8047 8695
f 8354 8357 7756
f 8700 7759 7755
f 7758 8050 8048
f 7190 7760 7757
f 7487 8050 7758
f 8358 8051 7759
f 7761 8359 7487
f 8052 7762 8051
f 7768 7760 6528
f 7765 8359 7761
f 8054 7766 7762
f 8054 7762 8052
f 8055 8363 7765
f 7494 8055 7765
f 7766 8054 7770
f 7768 7771 7491
f 8362 7499 7769
f 8365 7499 8362
f 7773 8055 7494
f 8366 8056 8054
f 8054 8056 7770
f 7496 7774 7773
f 7491 7772 8369
f 7501 7776 7774
f 8717 7775 8057
f 8717 8062 7775
f 8717 8059 8062
f 7204 8060 6879
f 9052 8376 8058
f 7503 7780 7776
f 8061 7776 7780
f 8721 8062 8059
f 6883 8060 7204
f 6883 8063 8060
f 8062 8061 7780
f 7777 8063 6883
f 7778 8376 8724
f 8724 7779 7778
f 7505 8065 7780
f 8065 8379 7780
f 8379 8064 7780
f 8066 7779 8724
f 7781 8065 7505
f 8724 7784 8066
f 7210 8382 7781
f 8383 7785 8064
f 8064 7785 7782
f 8727 7784 8724
f 8068 8382 7210
f 7786 8067 7783
f 7509 8069 7210
f 8068 7210 8386
f 8386 7210 8069
f 8383 8736 8070
f 7215 8071 7786
f 7512 8069 7509
f 8073 8070 8736
f 7787 8071 7215
f 7512 8074 8069
f 8075 8073 7788
f 7510 8076 7787
f 8075 7515 8073
f 8075 7788 7515
f 7790 8076 7510
f 7790 8078 8076
f 7512 7789 8079
f 8739 8394 8387
f 7791 8079 7789
f 8395 7227 8391
f 8391 7227 7515
f 7792 8080 7790
f 8395 8082 7227
f 6894 8080 7792
f 7795 8080 6894
f 8083 7796 7793
f 8083 7793 8394
f 8082 8086 7794
f 7232 8085 7795
f 6563 8400 7797
f 8084 7797 8400
f 7798 8085 7232
f 8398 7799 7796
f 7800 8400 6563
f 8087 7801 8086
f 7522 8088 7798
f 8089 7799 8398
f 7523 8090 7800
f 8401 7801 8087
f 8092 8088 7522
f 8402 8093 8089
f 8094 8090 7523
f 8091 7803 7801
f 8401 8091 7801
f 8763 7804 8091
f 8091 7804 7803
f 8093 8759 8096
f 8096 7528 8093
f 7805 8094 7802
f 7806 7804 8763
f 8092 8407 8095
f 8092 6912 8407
f 8096 8759 7528
f 8759 8407 7528
f 7529 8097 7805
f 7808 8407 6912
f 8407 7808 7528
f 8098 7807 7806
f 7808 7811 8099
f 8101 7809 7808
f 7812 8409 8097
f 8098 8413 7807
f 7811 8100 8099
f 7810 8409 7812
f 8413 7530 7807
f 7813 7535 7811
f 7811 7535 8100
f 8102 7245 8101
f 7816 8105 7810
f 7530 8103 7814
f 8102 8101 7815
f 8101 8104 7815
f 8102 7815 7245
f 8416 7814 8103
f 7537 8774 7535
f 7819 8105 7816
f 7814 8106 7817
f 8422 7818 8104
f 6926 8107 7819
f 8781 7536 8106
f 8106 7536 7817
f 7539 8108 7537
f 8422 7820 7818
f 7821 8107 6926
f 8110 8107 7821
f 8781 8427 7536
f 8422 8109 7820
f 8111 8110 7821
f 8108 7253 7823
f 8114 8111 7821
f 8427 8112 7822
f 8116 7822 8112
f 7547 8115 7823
f 8430 7548 8113
f 8431 8114 7824
f 7548 8430 8117
f 8117 7825 7548
f 8116 8433 8118
f 7259 8119 8115
f 8120 8117 8122
f 8120 7825 8117
f 7549 8121 7826
f 8435 8118 8433
f 8122 7555 8120
f 7549 8123 8121
f 7828 8123 7549
f 8121 8123 7826
f 8435 8124 8118
f 7263 8125 8119
f 8122 8439 7555
f 8126 7828 7827
f 8126 8123 7828
f 8790 8128 8124
f 6939 8125 7263
f 7831 8126 7827
f 8127 8126 7831
f 7829 8125 6939
f 8798 8127 7831
f 8130 8129 7832
f 7553 8130 7832
f 8128 8130 7553
f 7833 7830 8439
f 8445 7831 7834
f 8130 8446 8129
f 8796 7837 7833
f 7835 7273 7834
f 8444 8133 7837
f 8444 7837 8796
f 6620 8132 7273
f 7838 8131 7836
f 7276 8135 7838
f 8804 8136 7567
f 8804 7567 8133
f 7276 7840 8135
f 8452 7843 7839
f 8454 7843 8452
f 7840 7844 8135
f 8457 7568 8136
f 7570 8137 7842
f 8456 7843 8454
f 7845 8138 7569
f 7846 8139 7570
f 8456 7283 7843
f 7573 7283 8142
f 7283 8460 8142
f 7848 8140 7571
f 7571 8140 7845
f 8460 7573 8142
f 8141 9136 7286
f 8468 7573 8143
f 7573 8460 8143
f 8148 8464 8145
f 8145 7290 8148
f 7851 8468 7852
f 7290 7850 8470
f 8468 8150 7852
f 8470 7850 7849
f 8470 7849 8151
f 7849 7854 8151
f 7849 7853 7854
f 8150 8471 7852
f 8471 8822 8154
f 7854 6967 8473
f 8158 8473 6967
f 8824 7856 8154
f 8157 7857 8156
f 7856 8824 7301
f 7579 8160 8155
f 8158 7858 7581
f 8158 7581 8159
f 8824 8476 7301
f 7859 8160 7579
f 7859 7860 8160
f 7304 8480 8159
f 8162 8480 7304
f 7861 8832 7862
f 6981 7862 8832
f 7864 8833 7305
f 7305 8833 7586
f 7588 8162 7863
f 9159 8488 7865
f 7309 7865 8488
f 6984 8163 7864
f 8488 8834 7309
f 7592 8166 8164
f 8168 7593 8834
f 8167 7867 8165
f 6987 8166 7592
f 6991 8169 7313
f 8170 7597 8497
f 8168 7872 7869
f 7870 8169 6991
f 8841 7871 8495
f 8496 7871 8841
f 7873 8497 7597
f 8840 7875 7872
f 8845 7877 8496
f 7875 8171 7873
f 7875 7876 7600
f 7874 7601 8172
f 8501 8171 7875
f 8501 7875 7315
f 7601 7878 8172
f 8845 8174 7877
f 7879 8501 7315
f 8173 7880 7876
f 8175 7880 8173
f 8175 8503 7880
f 7606 8176 7604
f 7604 8176 7878
f 8177 7608 8174
f 8503 8178 7880
f 7322 8179 7606
f 7606 8179 8176
f 7884 7608 8177
f 6999 7885 7883
f 8181 8852 8180
f 8857 8181 8180
f 7886 8507 8179
f 7610 7323 8181
f 8857 7610 8181
f 8183 7609 7888
f 8857 7611 7610
f 8185 7611 8857
f 7012 8183 7888
f 8185 7613 7611
f 7612 8186 7889
f 8187 7890 8184
f 7012 7891 8183
f 8188 7613 8185
f 8186 7612 7326
f 7326 7892 8186
f 9187 8865 8189
f 7618 8190 8518
f 7330 8191 7616
f 8193 7893 8865
f 7333 8522 7894
f 8518 7895 7618
f 7622 8194 7621
f 7621 8194 7330
f 8521 9193 8193
f 7626 8522 7333
f 8867 7896 7895
f 8526 7896 8867
f 7897 8195 7622
f 8196 8528 7623
f 8196 7623 9193
f 8522 7626 8197
f 8526 9196 7896
f 7628 8197 7626
f 8532 7630 8528
f 8198 7628 7345
f 8532 8202 7630
f 8200 8199 7345
f 8199 8198 7345
f 7900 8201 7629
f 7629 8201 7898
f 7903 8535 8200
f 8533 7901 7899
f 8536 7902 8202
f 8203 7631 7901
f 8203 7901 8533
f 7633 8204 7900
f 8536 7353 7902
f 8205 7903 7904
f 8203 7905 7631
f 8539 7905 8203
f 8206 7353 8536
f 8207 8205 7904
f 8876 7907 8206
f 8539 8208 7905
f 7638 7906 7636
f 8541 7907 8876
f 7908 7904 7637
f 8881 7907 8541
f 7911 7909 8208
f 8208 7909 7905
f 7910 8209 7362
f 7362 8209 7906
f 8210 7912 7907
f 8210 7907 8881
f 7648 8211 8543
f 7911 8885 8212
f 8543 8211 8217
f 8212 7913 7911
f 8213 7914 7649
f 7914 8546 7377
f 7377 8546 7091
f 7091 8548 7915
f 8546 8548 7091
f 8214 7916 7650
f 7382 7910 7919
f 8215 7910 7382
f 7919 7910 7644
f 8216 8210 7936
f 8216 7912 8210
f 8218 7921 7387
f 7387 8229 8218
f 7387 8230 8229
f 7922 8567 8230
f 8214 8219 7916
f 7934 8554 7923
f 7916 8554 7934
f 7923 8220 7918
f 7918 8220 8222
f 8221 8222 8220
f 8223 7924 8222
f 8224 7924 8223
f 8225 7924 8224
f 8225 7925 7660
f 8226 7381 7927
f 8226 7927 7926
f 7381 8226 8227
f 8215 7381 8227
f 7936 7667 8216
f 7667 7396 8216
f 8890 7928 8212
f 8556 8217 8211
f 8550 8890 8212
f 7929 8233 7920
f 7920 8233 8551
f 7921 8218 7930
f 8218 7931 7930
f 7932 8567 7922
f 7932 7933 8567
f 7923 8236 7934
f 7923 8237 8236
f 8238 8237 7923
f 8221 9595 8222
f 8222 9595 8223
f 8225 8561 7925
f 7935 8226 7926
f 7935 7925 8226
f 8231 7936 8549
f 8244 8232 8211
f 7938 8246 7663
f 8246 8233 7663
f 8233 7929 7663
f 8228 8234 7939
f 7931 8218 8919
f 8919 8218 8229
f 8229 8230 8567
f 7934 8567 7933
f 8240 7940 7665
f 8241 8240 7665
f 8242 7941 8569
f 8243 7941 7668
f 8564 7668 7942
f 8564 8243 7668
f 8564 7942 7666
f 8564 7666 8231
f 7928 8890 8245
f 7943 8246 7938
f 8228 7673 8234
f 8234 7673 7939
f 8569 7941 8570
f 7944 7677 8244
f 7944 8244 7937
f 8245 8247 7928
f 8245 8248 8247
f 7943 8249 8246
f 8250 7946 8228
f 8228 7946 7673
f 8228 9244 8925
f 8228 8925 8250
f 8251 8249 7945
f 8250 7947 7946
f 7952 8253 7408
f 7408 8253 8251
f 8254 7953 7954
f 8254 7954 7676
f 8576 8254 7676
f 7947 8576 7676
f 8255 8572 7948
f 8255 7948 7680
f 8252 7955 7951
f 8928 7955 8252
f 8254 8584 7953
f 8256 8258 8257
f 8928 7956 7955
f 7952 7957 7956
f 7959 8258 8256
f 7958 7959 8256
f 8261 8260 8259
f 7960 8262 8267
f 8588 8264 8263
f 8262 7960 7961
f 8266 8262 7961
f 8592 8262 8266
f 8269 8263 8264
f 8274 8263 8269
f 8269 8264 7962
f 8265 7962 8264
f 8271 8265 8270
f 7962 8265 8271
f 8272 7965 8271
f 8272 7969 7965
f 7966 8275 7961
f 8266 7961 8275
f 8267 8276 7963
f 8267 8273 8276
f 8277 8263 8274
f 8268 8263 8277
f 7967 8274 7962
f 8274 8269 7962
f 8280 8270 8265
f 8280 8271 8270
f 8271 8281 8272
f 8271 8280 8281
f 8274 8278 8277
f 8265 8279 8280
f 8272 8281 7969
f 7971 8282 7966
f 8275 7966 8940
f 8940 7966 8282
f 7977 7972 8276
f 8276 7972 7963
f 7977 8276 8599
f 8599 8276 8273
f 8283 8274 7967
f 8283 8293 8274
f 8281 8280 8613
f 8281 7979 7969
f 7979 7983 7969
f 7976 8282 7971
f 7976 8940 8282
f 7977 8599 8606
f 8274 8284 8610
f 8284 8274 8293
f 7978 8289 8283
f 8289 8293 8283
f 7973 8289 7978
f 8281 8285 7979
f 7708 8286 7976
f 8287 7980 7977
f 8292 7977 8606
f 8287 7977 8292
f 8293 8288 8284
f 7986 8289 7973
f 8290 8285 8281
f 8285 7983 7979
f 8285 7985 7983
f 8287 8291 7980
f 8287 8292 8291
f 8289 7986 7981
f 8294 8285 8290
f 7988 8295 7708
f 8624 7708 8295
f 7992 7989 8291
f 8301 8621 8288
f 8293 8301 8288
f 8296 8293 8289
f 8301 8293 8296
f 7990 8289 7981
f 8297 8285 8294
f 8285 8297 8305
f 8298 7984 7985
f 8285 8298 7985
f 8305 8298 8285
f 8298 7993 7984
f 8001 8295 7988
f 7992 8291 8299
f 8300 8621 8301
f 7981 8296 7990
f 8296 8289 7990
f 7997 8296 7981
f 8305 7994 7993
f 8305 7993 8298
f 8001 8302 8295
f 8303 7996 7992
f 8299 8303 7992
f 8301 8304 8308
f 8296 8304 8301
f 8304 8296 7997
f 7998 8304 7997
f 8305 7999 7994
f 7995 8004 8001
f 8004 8302 8001
f 8307 8002 8303
f 8303 8002 7996
f 8309 8304 7998
f 8309 8005 8304
f 8306 8638 8305
f 8310 8305 8638
f 8310 8312 8305
f 8305 8312 7999
f 8307 8311 8002
f 8316 8304 8005
f 8313 8312 8310
f 8320 8003 8312
f 8314 8004 8008
f 8319 8016 8311
f 8311 8315 8319
f 8005 8317 8316
f 8010 8005 8006
f 8313 8652 8312
f 8320 8312 8652
f 8008 8318 8314
f 8322 8317 8005
f 8322 8005 8010
f 8009 8322 8010
f 8320 8011 8007
f 8320 8007 8003
f 8013 8008 8014
f 8017 8322 8009
f 8018 8322 8017
f 8012 8323 8013
f 8995 8019 8016
f 8016 8019 8015
f 8020 8321 8322
f 8020 8322 8018
f 8320 8324 8011
f 8324 8023 8018
f 8011 8324 8018
f 8024 8663 8323
f 8024 8323 8012
f 8995 8325 8019
f 8321 8667 8326
f 8321 8020 8026
f 8018 8026 8020
f 8321 8328 8667
f 8026 8328 8321
f 8329 7735 8023
f 8024 8330 8331
f 8331 8332 8024
f 8332 8663 8024
f 8333 8027 8327
f 8334 8328 8026
f 7734 8334 8026
f 8335 7735 8329
f 7737 8336 8330
f 7737 8330 8024
f 8331 8330 8336
f 8333 7740 8027
f 8334 8337 8328
f 8030 8337 7734
f 7734 8337 8334
f 8028 8336 7737
f 8338 8029 7740
f 8339 8337 8030
f 8335 8677 8340
f 8343 8335 8340
f 8032 8341 8030
f 8030 8341 8339
f 8035 8028 7469
f 8681 8674 8031
f 8028 8031 8674
f 8035 8031 8028
f 8342 8681 8031
f 8342 8031 8338
f 8032 8033 8341
f 8343 7742 7467
f 8031 8035 7745
f 8343 8344 8036
f 7742 8343 8036
f 8037 8035 8034
f 7745 8035 8037
f 8681 8685 7745
f 7472 8346 8345
f 7748 8042 8038
f 8687 7750 8347
f 8348 8346 8040
f 8346 6859 8040
f 8041 8039 8690
f 8687 8043 7750
f 8044 8350 6859
f 6859 8350 8040
f 8690 9026 8041
f 8693 8349 8042
f 8687 8693 8043
f 8044 8352 8350
f 8351 8045 7481
f 8351 8042 8045
f 8693 9028 8043
f 8046 8041 8354
f 8354 7756 8046
f 7754 8353 8351
f 7754 8351 7481
f 8048 8355 8353
f 8048 8353 7754
f 8696 8357 8354
f 7757 8356 8047
f 8050 8709 8048
f 8355 8048 8709
f 8700 8358 7759
f 7760 8356 7757
f 8701 8049 8357
f 7487 8359 8709
f 7487 8709 8050
f 8705 8051 8358
f 8708 8701 8703
f 7763 8701 8708
f 8705 8052 8051
f 7768 8702 7760
f 8708 8362 7763
f 7765 8360 8359
f 8710 8052 8705
f 7768 8053 8702
f 8708 8365 8362
f 8363 8360 7765
f 8363 8361 8360
f 8054 8052 8366
f 7491 8053 7768
f 7491 8364 8053
f 8363 8055 7773
f 8369 8364 7491
f 8367 7499 8365
f 7774 8368 7773
f 9047 8056 8366
f 9045 8369 8367
f 7772 8367 8369
f 8367 7772 7500
f 7500 8372 7499
f 7500 7499 8367
f 7774 8370 8368
f 8717 8057 9047
f 9047 8057 8056
f 7776 8370 7774
f 6879 8371 7500
f 7500 8371 8369
f 8719 8058 8372
f 8375 7776 8374
f 8373 8059 8717
f 6879 8060 8371
f 8719 9052 8058
f 8061 8374 7776
f 8373 8721 8059
f 8064 8374 8061
f 8064 8377 8374
f 8723 8062 8721
f 8379 8377 8064
f 8723 8061 8062
f 7781 8382 8379
f 7781 8379 8065
f 8725 8064 8061
f 8061 8723 8725
f 7783 8380 7777
f 7777 8380 8378
f 8381 8727 8724
f 8725 8383 8064
f 8067 8380 7783
f 8383 8732 8731
f 8734 8072 8384
f 8386 8730 8068
f 8731 8736 8383
f 7786 8071 8067
f 8734 8385 8072
f 8738 8077 8385
f 8074 8386 8069
f 9062 7788 8073
f 8073 8736 9062
f 7787 8076 8071
f 8738 8387 8077
f 7512 8388 8074
f 8391 7515 9062
f 9062 7515 7788
f 8390 8739 8387
f 8079 8388 7512
f 7790 8389 8078
f 8391 8396 8395
f 8080 8392 7790
f 7790 8392 8389
f 8081 8079 7791
f 8745 8083 8394
f 8397 8081 7791
f 8397 8079 8081
f 8395 9071 8082
f 7795 9068 8080
f 8745 7796 8083
f 8084 8399 8397
f 8084 8397 7791
f 9071 8086 8082
f 7795 8085 9068
f 8745 8398 7796
f 8400 8399 8084
f 8086 8751 8401
f 8749 8089 8398
f 8401 8087 8086
f 7798 8088 8085
f 8749 8402 8089
f 8757 8400 7800
f 8756 8093 8402
f 8090 8403 7800
f 8763 8091 8401
f 8403 8757 7800
f 8754 8763 8401
f 8092 8404 8088
f 8756 8759 8093
f 8094 8403 8090
f 8095 8404 8092
f 8403 8094 8405
f 8408 7806 8763
f 8763 8406 8408
f 8404 8095 8765
f 8407 8759 8095
f 8097 8410 8094
f 8097 8094 7805
f 8405 8094 8767
f 8767 8094 8410
f 8408 8098 7806
f 8765 8411 8099
f 8409 8410 8097
f 8408 8768 8098
f 8099 8411 7808
f 8411 8101 7808
f 8768 8413 8098
f 8100 8766 8099
f 9086 8101 8411
f 7810 8412 8409
f 8416 7530 8413
f 7535 8414 8100
f 8415 8412 7810
f 8416 8103 7530
f 7535 8417 8414
f 8772 8104 8101
f 8105 8418 7810
f 8418 8779 7810
f 8779 8415 7810
f 8774 8417 7535
f 8104 8772 9095
f 7819 8418 8105
f 8420 8106 8416
f 8416 8106 7814
f 8416 8776 8420
f 7537 8421 8774
f 9095 8422 8104
f 8107 8110 7819
f 8419 7819 8110
f 8108 8421 7537
f 8420 8781 8106
f 7823 8421 8108
f 8422 8423 8109
f 8781 8424 8427
f 8113 8109 8423
f 8426 8111 8114
f 8783 8427 8424
f 7823 8784 8425
f 9104 8113 8423
f 8428 8112 8427
f 8115 8429 7823
f 7823 8429 8784
f 9104 8430 8113
f 8112 8428 8116
f 7826 8432 8431
f 8434 8431 8432
f 8428 8433 8116
f 8119 9112 8115
f 8430 8122 8117
f 8438 7826 8123
f 8438 8432 7826
f 8790 8124 8435
f 8435 8436 8790
f 8125 8437 8119
f 8791 8439 8122
f 8127 8123 8126
f 8127 8798 8123
f 8790 8440 8128
f 7829 8441 8125
f 7831 8442 8798
f 8440 8130 8128
f 8796 7833 8439
f 7831 8445 8442
f 8441 7836 8443
f 7829 7836 8441
f 7273 8445 7834
f 8130 9120 8446
f 8131 8443 7836
f 8445 7273 8803
f 8803 7273 8132
f 8447 8134 8446
f 8447 8446 9120
f 8131 7838 8443
f 8804 8133 8444
f 8132 8448 8803
f 8449 8134 8447
f 8135 8450 7838
f 7278 8448 8132
f 7278 8451 8448
f 8134 8453 8452
f 8449 8453 8134
f 8807 8136 8804
f 7842 8451 7278
f 8808 8454 8452
f 7844 8455 8135
f 7569 8455 7844
f 8457 8136 8807
f 7570 8139 8137
f 7569 8138 8455
f 8809 7283 8456
f 8811 8141 8457
f 7846 8458 8139
f 7846 8459 8458
f 8809 8460 7283
f 8140 8461 7845
f 8464 8459 7846
f 9136 8141 8811
f 8143 8460 8465
f 8144 8462 7848
f 7848 8462 8140
f 8144 8146 8462
f 8815 8147 8463
f 8464 8148 8819
f 9138 8464 8819
f 7290 8819 8148
f 8465 8468 8143
f 8149 8466 8146
f 8467 8147 8815
f 7290 8818 8819
f 7290 8470 8818
f 8150 8468 8469
f 8820 7578 8467
f 7854 8470 8151
f 8469 8471 8150
f 8152 8472 8149
f 8149 8472 8466
f 8153 8472 8152
f 8823 7855 7578
f 8823 7578 8820
f 8154 8822 8474
f 8153 8155 8472
f 8474 8824 8154
f 8160 8475 8155
f 8827 8157 8156
f 8827 8156 7855
f 8160 8477 8475
f 8159 8478 8158
f 8828 8157 8827
f 7860 8481 8160
f 7586 8481 7860
f 8830 8161 8828
f 8830 8828 8479
f 8162 8484 8480
f 9154 8482 7861
f 7861 8482 8832
f 7586 8833 8481
f 8483 8161 8830
f 7864 8485 8833
f 8830 8487 8483
f 7588 8484 8162
f 8163 8486 7864
f 7864 8486 8485
f 8164 8491 7588
f 8163 8489 8486
f 8490 7867 8487
f 7868 8492 8163
f 8163 8492 8489
f 8490 8836 8165
f 8490 8165 7867
f 8166 8491 8164
f 8836 8167 8165
f 6987 8839 8166
f 8834 8493 8168
f 7313 8494 7868
f 8836 8495 8167
f 8170 8839 6987
f 7313 8169 8494
f 8497 8839 8170
f 8493 7872 8168
f 8840 7872 8493
f 7874 9167 7870
f 8498 8845 8496
f 7873 8171 8497
f 9166 7875 8499
f 7875 8840 8499
f 7874 8500 9167
f 9166 7876 7875
f 8173 7876 9166
f 8172 8500 7874
f 7878 8500 8172
f 8176 8849 7878
f 8504 8174 8502
f 7882 8505 7879
f 8179 8849 8176
f 8179 8506 8849
f 9173 8177 8174
f 9173 8174 8504
f 7882 7883 8505
f 8852 8178 8503
f 7884 8177 9173
f 7885 8851 7883
f 8179 8507 8506
f 7884 9173 8182
f 9173 8509 8182
f 8852 8857 8180
f 7886 8508 8507
f 8856 8182 8509
f 8856 8184 8182
f 8859 8184 8856
f 8183 8510 7609
f 7889 8511 7887
f 7887 8511 7886
f 8859 8187 8184
f 8186 8512 7889
f 7889 8512 8511
f 8860 8183 7891
f 8187 8513 8189
f 8516 8860 7891
f 8516 8514 8860
f 7892 8512 8186
f 9187 8189 8513
f 8190 8863 8515
f 8190 8188 8863
f 7894 8516 8517
f 8518 8190 8515
f 8191 8866 7616
f 8521 8193 8865
f 8192 8517 8516
f 8192 7894 8517
f 7330 8866 8191
f 7330 8520 8866
f 8522 8519 7894
f 8194 8520 7330
f 8518 8523 7895
f 7895 8523 7895
f 8867 7895 8523
f 8194 7622 8524
f 9197 8196 9193
f 8522 8197 8525
f 8195 8527 7622
f 7622 8527 8524
f 8528 8196 9197
f 8197 8529 8525
f 8531 8532 8528
f 7628 8529 8197
f 7898 8531 8195
f 8198 8529 7628
f 8871 8202 8532
f 8200 8198 8199
f 8201 8534 7898
f 8871 8536 8202
f 8537 8200 8535
f 8533 8873 8203
f 8204 8201 7900
f 8538 8206 8536
f 8205 8535 7903
f 8203 8873 8539
f 8204 7633 8201
f 8876 8206 8538
f 7636 8540 7633
f 9212 8208 8539
f 9212 8539 9575
f 7906 8540 7636
f 7908 8544 8207
f 7908 8207 7904
f 8542 8208 9212
f 7908 8543 8544
f 8542 7911 8208
f 8879 7911 8542
f 8209 8886 7906
f 8884 8210 8881
f 8879 8885 7911
f 8545 8210 8884
f 8217 8887 8543
f 8546 7914 8213
f 8547 8548 8546
f 8548 8214 7915
f 8215 8555 7910
f 7910 8555 8209
f 8549 7936 8210
f 8549 8210 8545
f 8885 8550 8212
f 8557 7920 8551
f 8213 8552 8546
f 8546 8553 8547
f 8548 8547 8214
f 8219 8214 8547
f 8895 7923 8554
f 7923 8221 8220
f 8227 8555 8215
f 8566 8551 8233
f 8557 8551 8566
f 8213 8557 8558
f 8213 8558 8552
f 8552 8558 8546
f 8546 8558 8553
f 8553 8558 8547
f 8547 8558 8893
f 8219 8547 8559
f 8219 8559 7916
f 8895 8896 7923
f 7923 8896 8897
f 7923 8897 8221
f 8897 9595 8221
f 8224 8223 8225
f 8561 8225 8560
f 7925 8561 8900
f 8555 8227 8226
f 8231 9220 8564
f 8231 8549 8545
f 8232 8556 8211
f 7931 8919 8228
f 8235 8911 8229
f 8229 8911 8919
f 8567 8562 8229
f 8229 8562 8235
f 8236 8912 7934
f 8239 8240 8238
f 8241 8568 8240
f 8241 8242 8568
f 8560 8899 8561
f 8561 8899 8563
f 8243 8570 7941
f 8243 8564 8570
f 8244 8571 8232
f 8565 8245 8890
f 8246 8566 8233
f 8904 8566 8918
f 9232 8567 7934
f 9232 7934 8912
f 8912 8236 8913
f 8913 8236 8237
f 8237 8238 8914
f 8914 8238 8240
f 8916 8570 8564
f 8916 8564 8906
f 7677 8571 8244
f 8565 8248 8245
f 8249 8923 8246
f 8566 8246 8918
f 8574 9244 8228
f 7948 8572 8571
f 7948 8571 7677
f 8565 8922 8248
f 8249 8924 8923
f 8251 8924 8249
f 8573 7947 8250
f 8925 8573 8250
f 8922 8575 8248
f 8575 7949 8248
f 7949 8575 7951
f 8252 7951 8575
f 8924 8251 8253
f 8577 8576 7947
f 8578 8577 7947
f 8573 8578 7947
f 8578 8573 8925
f 8926 8572 8255
f 8927 8926 8255
f 8257 8255 8256
f 8257 8927 8255
f 8928 8252 8575
f 7952 8579 8253
f 8579 8580 8253
f 8253 8580 8924
f 8581 8584 8576
f 8576 8584 8254
f 8576 8577 8582
f 8576 8582 8581
f 8258 8931 8257
f 7952 7956 8579
f 7956 8583 8579
f 8260 8586 8259
f 8259 8586 8585
f 8584 8586 8260
f 8581 8932 8584
f 8932 8581 8582
f 8585 8261 8259
f 8588 8263 8587
f 8588 8265 8264
f 8262 8592 8267
f 8936 8590 8935
f 8263 8268 8587
f 8591 8592 8266
f 8273 8267 8592
f 8589 8273 8592
f 8600 8589 8935
f 8607 8935 8590
f 8277 8590 8268
f 8593 8588 8587
f 8588 8593 8594
f 8588 8594 8265
f 8595 8591 8266
f 8273 8589 8600
f 8600 8935 8607
f 8607 8590 8602
f 8603 8590 8277
f 8596 8594 8593
f 8597 8279 8265
f 8594 8597 8265
f 8597 8280 8279
f 8940 8266 8275
f 8598 8266 8940
f 8598 8595 8266
f 8600 8607 8601
f 8278 8603 8277
f 8603 8278 8274
f 8594 8613 8597
f 8594 8604 8613
f 8597 8613 8280
f 8605 8940 7976
f 8606 8599 8273
f 8608 8273 8600
f 8600 8601 8952
f 8953 8607 8602
f 8590 8603 8610
f 8274 8610 8603
f 8596 8948 8594
f 8604 8594 8948
f 8286 8605 7976
f 8940 8605 8286
f 8608 8606 8273
f 8609 8957 8946
f 8602 8609 8946
f 8590 8609 8602
f 8609 8590 8610
f 8288 8611 8284
f 8284 8611 8610
f 8617 8604 8948
f 8604 8612 8613
f 8604 8617 8612
f 8613 8290 8281
f 7708 8614 8286
f 8606 8618 8292
f 8606 8608 8618
f 8609 8610 8957
f 8615 8610 8611
f 8621 8610 8615
f 8288 8615 8611
f 8948 8616 8617
f 8613 8623 8290
f 8612 8623 8613
f 8623 8294 8290
f 8624 8614 7708
f 8286 8614 8624
f 8618 8291 8292
f 8626 8957 8610
f 8610 8620 8626
f 8621 8620 8610
f 8288 8621 8615
f 8623 8617 8622
f 8623 8612 8617
f 8623 8297 8294
f 8295 8302 8624
f 8303 8299 8618
f 8618 8299 8291
f 8303 8618 8625
f 8625 8618 8619
f 8300 8634 8621
f 8634 8620 8621
f 8301 8634 8300
f 8635 8623 8622
f 8623 8635 8306
f 8623 8627 8297
f 8306 8627 8623
f 8627 8305 8297
f 8303 8625 8619
f 8303 8619 8631
f 8628 8626 8620
f 8633 8620 8634
f 8308 8634 8301
f 8306 8305 8627
f 8004 8630 8302
f 8315 8307 8303
f 8303 8631 8315
f 8632 8628 8620
f 8620 8633 8632
f 8634 8308 8304
f 8635 8637 8306
f 8637 8638 8306
f 8004 8641 8630
f 8315 8311 8307
f 8316 8633 8304
f 8304 8633 8634
f 8636 8639 8635
f 8639 8637 8635
f 8640 8310 8638
f 8637 8640 8638
f 8640 8313 8310
f 8314 8641 8004
f 8644 8643 8633
f 8661 8644 8633
f 8650 8633 8316
f 8650 8661 8633
f 8645 8637 8639
f 8640 8652 8313
f 8637 8652 8640
f 8008 8646 8318
f 8318 8646 8314
f 8646 8641 8314
f 8982 8319 8315
f 8642 8982 8315
f 8647 8643 8644
f 8649 8648 8647
f 8644 8649 8647
f 8661 8649 8644
f 8322 8650 8317
f 8317 8650 8316
f 8651 8637 8645
f 8013 8653 8646
f 8013 8646 8008
f 8654 8016 8982
f 8982 8016 8319
f 8655 8648 8649
f 8657 8656 8655
f 8649 8657 8655
f 8661 8657 8649
f 8661 8650 8322
f 8321 8658 8322
f 8322 8658 8661
f 8645 8659 8651
f 8998 8651 8659
f 8998 8637 8651
f 8637 8662 8652
f 8637 8998 8662
f 8662 8320 8652
f 8323 8653 8013
f 8654 8995 8016
f 8665 8656 8657
f 8657 8660 8665
f 8661 8660 8657
f 8326 8661 8321
f 8321 8661 8658
f 8662 8324 8320
f 8664 8325 8995
f 8660 8661 8665
f 8667 8661 8326
f 8667 8666 8661
f 8664 8327 8325
f 8675 8665 8661
f 8661 8672 8675
f 8666 8672 8661
f 8670 8324 8668
f 8671 8023 8324
f 8670 8671 8324
f 8671 8329 8023
f 8332 8669 8663
f 8669 9002 8663
f 8328 8666 8667
f 8671 8335 8329
f 8336 8332 8331
f 8669 8332 8336
f 9007 7740 8327
f 8327 7740 8333
f 8666 8673 8672
f 8328 8337 8666
f 8677 8335 8671
f 8028 8674 8336
f 9007 8338 7740
f 8675 8673 8666
f 8666 8676 8675
f 8337 8676 8666
f 8678 8340 8677
f 9007 9331 8338
f 8341 8676 8337
f 8339 8341 8337
f 8678 8343 8340
f 8681 8680 8674
f 8680 8679 8674
f 9340 8342 8338
f 9340 8338 9331
f 9015 8343 8678
f 8344 8343 9015
f 8684 8681 7745
f 8684 8680 8681
f 8342 9340 8681
f 8345 8683 8033
f 8683 8341 8033
f 8344 9015 8686
f 8037 8684 7745
f 8683 8345 8341
f 8686 8039 8344
f 8038 8684 8037
f 9724 8347 8685
f 8346 8348 8345
f 8039 8686 9021
f 8690 8039 9021
f 8042 8349 8038
f 9020 8038 8349
f 9724 8687 8347
f 8689 9020 8687
f 8349 8687 9020
f 8689 8687 9724
f 8350 8348 8040
f 8042 8692 8693
f 8687 8349 8693
f 8689 8694 8693
f 8348 8350 9025
f 9026 8690 8691
f 8351 8692 8042
f 8693 8692 8351
f 8694 9028 8693
f 8352 8695 8350
f 9026 8354 8041
f 8696 8354 9026
f 9743 8700 8697
f 8695 8356 8698
f 8695 8047 8356
f 8699 8357 8696
f 8699 8701 8357
f 9030 8355 8709
f 9034 8358 8700
f 7760 8702 8356
f 8360 8709 8359
f 8706 8705 8358
f 8707 8706 8358
f 8705 8706 8710
f 9038 8365 8708
f 8361 8711 8709
f 8361 8709 8360
f 9045 8365 9038
f 8363 8711 8361
f 9383 8366 8710
f 8710 8366 8052
f 9045 8367 8365
f 7773 8713 8363
f 8714 8366 9383
f 8053 8364 8715
f 8368 8713 7773
f 8714 9047 8366
f 8369 8715 8364
f 9388 8369 9045
f 9047 8716 8717
f 8371 8715 8369
f 7500 8369 9767
f 8369 9388 9767
f 9767 8372 7500
f 7776 8720 8370
f 8060 8718 8371
f 8719 8372 9767
f 8375 8720 7776
f 8717 9050 8373
f 8063 8718 8060
f 8374 8720 8375
f 9050 8721 8373
f 7777 8722 8063
f 9053 8376 9052
f 8378 8722 7777
f 8724 9053 9776
f 8724 8376 9053
f 9776 8381 8724
f 8727 8381 9776
f 9058 8383 8725
f 8067 8726 8380
f 8729 8384 8727
f 8068 8728 8382
f 9058 8732 8383
f 8071 8726 8067
f 8729 8734 8384
f 8730 8728 8068
f 8386 8735 8730
f 8076 8733 8071
f 8737 8738 8385
f 8737 8385 8734
f 8074 8735 8386
f 8078 8389 8076
f 9061 8390 8387
f 9061 8387 8738
f 8392 9065 8389
f 8739 8390 9061
f 8393 8388 8079
f 9410 8396 8391
f 8080 9065 8392
f 8080 8740 9065
f 8741 8394 8739
f 8079 8742 8393
f 8743 8395 8396
f 9068 8740 8080
f 9066 8745 8394
f 9066 8394 8741
f 8397 8742 8079
f 8743 9071 8395
f 8085 8744 9068
f 8399 8746 8397
f 8747 8086 9071
f 9072 8398 8745
f 8748 8746 8399
f 8747 8751 8086
f 8088 8744 8085
f 8749 8398 9072
f 8750 8748 8399
f 8757 8399 8400
f 8757 8753 8399
f 8751 8754 8401
f 8404 8755 8088
f 8088 8755 8752
f 8756 8402 8749
f 8404 8758 8755
f 8756 9076 8759
f 8757 8403 8760
f 8760 8403 8405
f 9077 8763 8754
f 9077 8761 8763
f 8404 8762 8758
f 8759 9076 8095
f 9076 9079 8095
f 8764 8763 8761
f 9079 8765 8095
f 8099 8766 8765
f 8765 8766 8404
f 8409 8767 8410
f 8406 8768 8408
f 9086 8411 8765
f 8767 8409 9083
f 9083 8409 8412
f 8770 8413 8768
f 8100 8769 8766
f 9083 8412 8771
f 8100 8414 8769
f 9089 8101 9086
f 8413 9087 8416
f 8770 9087 8413
f 9089 8772 8101
f 8779 8412 8415
f 8773 8416 9087
f 7819 8775 8779
f 7819 8779 8418
f 8773 8776 8416
f 8421 8777 8774
f 8778 8422 9095
f 8419 8775 7819
f 8780 8420 8776
f 8780 8776 8773
f 8778 8423 8422
f 8110 8111 8419
f 8111 8775 8419
f 8780 8781 8420
f 7823 9098 8421
f 9444 8423 8778
f 8782 8111 9101
f 8781 8780 8424
f 7823 8425 9098
f 8426 9101 8111
f 9104 8423 9444
f 8114 9101 8426
f 8783 8428 8427
f 8783 9102 8428
f 8431 9101 8114
f 8785 9101 8431
f 9105 8428 9102
f 8115 8786 8429
f 8429 8786 8784
f 9452 8433 8428
f 9112 8786 8115
f 8432 8431 8434
f 8433 9111 8435
f 8787 8122 8430
f 9111 8436 8435
f 8437 8788 8119
f 8119 8788 9112
f 8791 8122 8787
f 8123 8789 8438
f 9111 8790 8436
f 8798 8789 8123
f 8790 9458 8440
f 8441 8792 8125
f 8125 8792 8437
f 8793 8439 8791
f 8794 8789 8798
f 8795 9114 8440
f 8795 8440 9458
f 8796 8793 8797
f 8796 8439 8793
f 8445 8798 8442
f 8801 8130 9114
f 9114 8130 8440
f 8443 8799 8441
f 8797 8444 8796
f 8801 9120 8130
f 8444 8797 9118
f 8803 8800 8445
f 7838 8802 8443
f 9118 8804 8444
f 9127 8447 9120
f 7838 8450 8802
f 7842 9125 8448
f 8451 7842 8448
f 8448 9125 8803
f 8447 8453 8449
f 9127 8453 8447
f 8135 8805 8450
f 9126 8807 8804
f 8453 8808 8452
f 8455 8806 8135
f 8135 8806 8805
f 9132 8457 8807
f 8808 8456 8454
f 8809 8456 8808
f 8138 8810 8455
f 9132 8811 8457
f 7845 8810 8138
f 9486 8460 8809
f 7845 8461 8810
f 8812 9136 8811
f 9486 8813 8460
f 8460 8813 8465
f 8462 8814 8140
f 8815 8463 9136
f 8459 8464 9489
f 9138 9489 8464
f 8465 8813 8816
f 9492 8467 8815
f 8468 8465 9495
f 8466 8817 8146
f 8146 8817 8462
f 9141 8820 8467
f 9141 8467 9492
f 8468 9495 8469
f 8471 8469 9145
f 8472 8821 8466
f 9499 8823 8820
f 9144 8818 8470
f 9144 8470 7854
f 9145 8822 8471
f 8473 9144 7854
f 8155 8825 8472
f 9503 8827 7855
f 9503 7855 8823
f 8475 8825 8155
f 8158 8826 8473
f 8824 9147 8476
f 8475 8477 8825
f 9151 8828 8827
f 8477 8160 9149
f 9506 7861 8476
f 9914 7861 9506
f 9149 8160 8481
f 9155 8479 8828
f 8480 8478 8159
f 9914 9154 7861
f 8829 9149 8481
f 8830 8479 9155
f 8833 8831 8481
f 7588 8491 8484
f 8485 8486 8833
f 9161 8490 8487
f 9161 8487 8830
f 9159 9512 8488
f 9512 8834 8488
f 8166 9162 8491
f 7868 8835 8492
f 8493 8834 9163
f 8494 8837 7868
f 7868 8837 8835
f 8838 8495 8836
f 8840 8493 9517
f 8841 8838 8496
f 8841 8495 8838
f 8497 9164 8839
f 8497 9934 9164
f 8843 8840 8842
f 9166 8843 8842
f 7870 9167 8169
f 9945 8498 8496
f 8171 10333 8497
f 8843 8499 8840
f 9166 8499 8843
f 8500 8844 9167
f 8845 8498 9945
f 10333 8171 8846
f 8847 8173 9166
f 8848 8174 8845
f 8501 8846 8171
f 8175 8173 8847
f 7878 8849 8500
f 8848 8504 8502
f 8848 8502 8174
f 9169 8503 8175
f 9946 8503 9169
f 8505 8850 7879
f 9171 8503 9946
f 7883 8850 8505
f 7883 8851 8850
f 9171 8852 8503
f 8508 8506 8507
f 8856 8509 9173
f 8856 9173 8853
f 9177 8857 8852
f 8855 8508 8854
f 8508 7886 8854
f 7609 8510 7885
f 7885 8510 8183
f 8855 8854 8858
f 8511 8858 7886
f 7886 8858 8854
f 8185 8857 9547
f 8859 9548 8187
f 8188 8185 9547
f 9182 8188 9547
f 8512 8861 8511
f 8187 9548 8862
f 8862 8513 8187
f 8862 9548 8513
f 9548 9184 8513
f 8512 7892 8864
f 9184 9187 8513
f 8516 9186 8514
f 9552 8515 8863
f 7616 8864 7892
f 7894 9186 8516
f 9552 8518 8515
f 9554 8518 9552
f 8866 8864 7616
f 9191 8521 8865
f 8522 9194 8519
f 8520 8194 8866
f 9191 9193 8521
f 8867 8523 8518
f 8527 8194 8524
f 9197 9193 8868
f 8525 9194 8522
f 9196 8526 8867
f 8195 9199 8527
f 8869 8531 8528
f 8869 8528 9197
f 9200 8530 9196
f 8531 9199 8195
f 8198 9565 8529
f 9200 8533 8530
f 9203 8533 9200
f 8531 7898 9206
f 9207 8871 8532
f 9207 8532 8531
f 9203 9205 8533
f 8534 8870 7898
f 7898 8870 9206
f 8537 8872 8200
f 8873 8533 9205
f 9209 8536 8871
f 8201 8874 8534
f 9209 8538 8536
f 8205 8875 8537
f 8205 8537 8535
f 9208 8539 8873
f 8876 8538 9209
f 8207 8875 8205
f 8878 8875 8207
f 9208 9575 8539
f 8540 8877 7633
f 7633 8877 8201
f 9213 8881 8541
f 8879 8542 9212
f 7906 8880 8540
f 8886 8882 7906
f 7906 8882 8880
f 9584 8884 8881
f 8883 8544 8543
f 9586 8885 8879
f 8887 8883 8543
f 8555 8886 8209
f 9220 8545 8884
f 9222 8550 8885
f 8886 8226 8888
f 8555 8226 8886
f 8556 8889 8887
f 8556 8887 8217
f 9222 8890 8550
f 8566 8904 8557
f 8891 8558 9225
f 8892 8893 8558
f 8892 8558 8891
f 8894 7916 8559
f 8554 7916 8894
f 9227 9595 8897
f 8898 8223 9595
f 8899 8225 8223
f 8899 8560 8225
f 7925 8900 8901
f 8888 7925 8901
f 8226 7925 8888
f 8545 9220 8231
f 8232 8889 8556
f 8903 8565 8890
f 8903 8890 9222
f 8547 8893 8559
f 8554 8894 8895
f 8896 8905 8897
f 8897 8905 9227
f 8223 8898 8899
f 8563 8900 8561
f 8563 8899 8900
f 9600 8906 8564
f 8564 9220 8902
f 8564 8902 9600
f 8571 8907 8232
f 8908 8565 8903
f 8904 8918 8909
f 9231 8904 8909
f 8910 8228 8919
f 8911 8235 8562
f 9232 8562 8567
f 9232 8911 8562
f 9234 9232 8912
f 9235 9234 8912
f 8914 8913 8237
f 8915 8240 8568
f 8915 8914 8240
f 8915 8568 8242
f 8569 8920 8242
f 8242 8920 8915
f 8569 8921 8920
f 8570 8921 8569
f 8921 8570 9237
f 8570 8916 9237
f 8916 8906 8917
f 8922 8565 8908
f 8923 8918 8246
f 8910 8574 8228
f 8574 8919 9615
f 8910 8919 8574
f 8918 8923 8924
f 9244 8574 9245
f 9245 8574 9615
f 9243 8572 8926
f 9246 8575 8922
f 8257 8931 8927
f 9246 8928 8575
f 8579 8929 8580
f 8580 8929 8924
f 8929 9250 8924
f 8930 8582 8578
f 8578 8582 8577
f 8578 9254 8930
f 9252 8583 8928
f 8583 7956 8928
f 8579 8583 8929
f 8930 8932 8582
f 7959 9630 8933
f 8931 7959 8933
f 8258 7959 8931
f 9631 9257 8586
f 9631 8586 8584
f 8932 9631 8584
f 8585 9630 7959
f 8585 9255 9630
f 9255 8585 8586
f 9257 9255 8586
f 8934 8935 8589
f 8937 8268 8590
f 8937 8590 8936
f 8943 8268 8937
f 8943 8587 8268
f 8591 8595 8592
f 8589 8592 8595
f 8939 8934 8589
f 8934 8939 8935
f 8943 8593 8587
f 8595 8938 8589
f 8589 8938 8939
f 8935 8939 9260
f 9260 8936 8935
f 8943 8596 8593
f 8940 8595 8598
f 8939 8938 8595
f 8601 8607 8953
f 9260 9264 8936
f 8936 9264 8937
f 8937 8941 8943
f 8943 8941 8942
f 8940 8950 8944
f 8595 8944 8945
f 8595 8940 8944
f 8951 8608 8600
f 8600 8952 8951
f 8602 8946 8953
f 8943 8948 8596
f 8942 8948 8943
f 8940 8949 8950
f 8944 8950 8945
f 8942 8947 8948
f 8286 8949 8940
f 8952 8601 9271
f 8966 8953 8946
f 8957 8966 8946
f 8947 8954 8948
f 8948 8954 8963
f 8955 8616 8948
f 8963 8955 8948
f 8955 8617 8616
f 8624 8949 8286
f 8949 8969 8950
f 8949 8624 8969
f 9267 8950 8959
f 8959 8950 8969
f 8608 8619 8618
f 8956 8608 8951
f 8619 8608 8956
f 8951 8952 8956
f 8601 8960 9271
f 8961 8601 8953
f 8960 8601 8961
f 8961 8953 8966
f 8967 8963 8954
f 8955 8622 8617
f 8302 8958 8624
f 8969 8624 8958
f 8970 8619 8956
f 8962 8957 8626
f 8962 8966 8957
f 8955 8635 8622
f 8965 8971 8964
f 8961 8965 8964
f 8966 8965 8961
f 8628 8962 8626
f 8628 8966 8962
f 8963 8629 8635
f 8963 8635 8955
f 8630 8958 8302
f 8969 8958 8630
f 8619 8642 8631
f 8619 8970 8642
f 8965 8972 8971
f 8966 8972 8965
f 8972 8966 8973
f 8632 8966 8628
f 8973 8966 8632
f 8968 8974 8967
f 8975 8967 8974
f 8975 8963 8967
f 8963 8975 8977
f 8636 8635 8629
f 8963 8636 8629
f 8977 8636 8963
f 9292 8630 8641
f 8642 8315 8631
f 8978 8642 8970
f 8970 9286 8978
f 8973 8979 8972
f 8983 8973 8632
f 8977 8975 8976
f 8977 8639 8636
f 8973 8983 8979
f 8633 8980 8632
f 8980 8983 8632
f 8643 8980 8633
f 9313 8977 8976
f 8981 8645 8639
f 8977 8981 8639
f 8653 8641 8646
f 8978 8982 8642
f 8985 8983 8980
f 8984 8983 8985
f 8647 8985 8643
f 8985 8980 8643
f 8648 8985 8647
f 8986 8977 9313
f 8977 8986 8981
f 9302 8654 8982
f 8987 8983 8984
f 8988 8991 8987
f 8984 8988 8987
f 8985 8988 8984
f 8988 8985 8992
f 8655 8989 8648
f 8989 8985 8648
f 8989 8992 8985
f 8656 8989 8655
f 8981 8659 8645
f 8323 8990 8653
f 9319 8653 8990
f 9302 8995 8654
f 8988 8992 8991
f 8665 8989 8656
f 8665 8992 8989
f 8981 8986 8993
f 8981 8998 8659
f 8994 8998 8981
f 8663 8990 8323
f 8992 8999 8991
f 8999 8992 8665
f 8997 8981 8996
f 8997 8994 8981
f 8998 8324 8662
f 9002 8990 8663
f 8995 9683 8664
f 9000 8999 8665
f 8675 9000 8665
f 8996 9001 8997
f 9001 8994 8997
f 8994 9001 8998
f 9001 8668 8324
f 9001 8324 8998
f 9683 8327 8664
f 9683 9003 8327
f 8999 9000 9333
f 9004 9000 8675
f 9001 8670 8668
f 9001 8671 8670
f 8336 9006 8669
f 9002 8669 9006
f 9003 9694 8327
f 9694 9007 8327
f 9010 9333 9000
f 9000 9004 9010
f 8675 9005 9004
f 8673 8675 8672
f 9001 9335 9009
f 9009 8671 9001
f 8674 9006 8336
f 9004 9005 9010
f 9008 9005 8675
f 9009 8677 8671
f 9009 8678 8677
f 8679 9006 8674
f 9012 9006 8679
f 9005 9008 9010
f 8676 9008 8675
f 9011 8678 9009
f 8680 9012 8679
f 9013 9341 9008
f 8676 9013 9008
f 8341 9013 8676
f 9011 9015 8678
f 8684 9014 8680
f 9347 8681 9340
f 8682 9013 8341
f 9347 8685 8681
f 9013 9017 9349
f 8341 9018 8682
f 9018 9013 8682
f 9018 9017 9013
f 8345 9018 8341
f 9015 9016 9019
f 9019 8686 9015
f 8038 9020 8684
f 9347 9724 8685
f 8348 9018 8345
f 9019 9016 9021
f 8686 9019 9021
f 9359 9018 8688
f 9018 8348 8688
f 9021 9016 9355
f 9355 8690 9021
f 8689 9023 9020
f 9023 9022 9020
f 9357 8689 9724
f 9357 9724 9728
f 8691 9355 9362
f 8691 8690 9355
f 9023 8689 8693
f 9735 8694 8689
f 8689 9357 9735
f 9025 8688 8348
f 9025 9024 8688
f 9362 9026 8691
f 8351 9027 9023
f 8351 9023 8693
f 9735 9028 8694
f 8695 9025 8350
f 9367 8696 9026
f 8353 9027 8351
f 9740 8697 9028
f 8695 8698 9025
f 8355 9030 8353
f 9740 9743 8697
f 9367 9371 8696
f 9029 8696 9371
f 8699 8696 9029
f 9372 8700 9743
f 9369 8698 9031
f 8702 9031 8356
f 8356 9031 8698
f 9029 8701 8699
f 9373 8701 9029
f 8709 9032 9030
f 9372 9034 8700
f 9372 9747 9034
f 8702 9033 9031
f 9373 8703 8701
f 9379 8703 9373
f 8704 9035 8702
f 8702 9035 9033
f 9379 8708 8703
f 9036 8708 9379
f 8709 9037 9032
f 9034 8707 8358
f 9036 9038 8708
f 8709 9039 9037
f 9380 8710 8707
f 8707 8710 8706
f 8053 8704 8702
f 8053 9040 8704
f 8711 9039 8709
f 9041 8710 9380
f 8712 9040 8053
f 9038 9384 9044
f 9044 9045 9038
f 8363 9042 8711
f 9041 9383 8710
f 8053 9043 8712
f 8713 9042 8363
f 9047 8714 9383
f 9043 8053 8715
f 8368 8370 8713
f 9384 9388 9045
f 9049 8370 9046
f 9048 9047 9386
f 8715 8371 8718
f 8720 9046 8370
f 8716 9391 8717
f 9047 9391 8716
f 9394 8719 9767
f 9391 9050 8717
f 9394 9052 8719
f 8374 9046 8720
f 9774 8721 9050
f 8722 8718 8063
f 8722 8378 8718
f 8377 9054 8374
f 9055 8723 9774
f 9774 8723 8721
f 8379 9054 8377
f 9055 8725 8723
f 8380 9056 8378
f 9779 8727 9776
f 8382 9397 8379
f 8725 9055 9057
f 8726 9056 8380
f 9779 8729 8727
f 8728 9397 8382
f 9057 9058 8725
f 9783 8729 9779
f 9399 9058 9057
f 8071 9059 8726
f 9783 8734 8729
f 8730 9401 8728
f 8733 9059 8071
f 8733 8076 9059
f 9783 8737 8734
f 8735 9060 8730
f 9401 8730 9060
f 10176 8736 8732
f 8732 8736 8731
f 9783 8738 8737
f 9061 8738 9783
f 8074 9060 8735
f 10176 9062 8736
f 8389 9063 8076
f 8388 9409 8074
f 10178 8391 9062
f 8389 9065 9063
f 8741 8739 9061
f 9064 9409 8388
f 10178 9410 8391
f 8388 9067 9064
f 8740 9068 9065
f 8742 8388 8393
f 8396 9069 8743
f 9410 9069 8396
f 9072 8745 9066
f 8397 8746 8742
f 9069 9071 8743
f 8744 9070 9068
f 9073 8747 9071
f 9418 8749 9072
f 8748 9419 8746
f 9073 9417 8747
f 8088 9074 8744
f 9075 8749 9418
f 8750 9419 8748
f 9421 8747 9417
f 8755 9074 8752
f 8752 9074 8088
f 8749 9075 8756
f 8753 8750 8399
f 9421 8754 8751
f 8747 9421 8751
f 9076 8756 9075
f 8754 9421 9077
f 8758 8762 8755
f 9078 8757 8760
f 9079 9076 9814
f 8405 9080 8760
f 9081 8763 8764
f 9081 8764 8761
f 9081 8761 9077
f 8404 9082 8762
f 8767 9080 8405
f 9424 8406 9081
f 9081 8406 8763
f 9082 8404 8766
f 9429 9086 8765
f 9429 8765 9079
f 9084 8768 9424
f 9424 8768 8406
f 8769 9085 8766
f 8766 9085 9082
f 9086 9429 9089
f 8771 9434 9083
f 9087 8770 8768
f 9088 9087 8768
f 8414 9091 8769
f 8412 9093 8771
f 9093 9434 8771
f 8417 9091 8414
f 9090 8772 9089
f 8779 9092 9093
f 8779 9093 8412
f 9087 9094 8773
f 8417 8774 9091
f 9095 9090 9832
f 9095 8772 9090
f 9435 8773 9094
f 8777 9440 8774
f 9832 8778 9095
f 8775 9097 8779
f 9097 9092 8779
f 8773 9439 8780
f 8111 9096 9097
f 8111 9097 8775
f 9099 8780 9439
f 8421 9098 8777
f 8782 9096 8111
f 9099 8424 8780
f 9444 8778 9100
f 9101 9096 8782
f 9102 8783 8424
f 9099 9102 8424
f 9446 9101 9103
f 8785 9103 9101
f 8786 9106 8784
f 9450 8430 9104
f 8431 8432 8785
f 8432 9103 8785
f 9105 9452 8428
f 9108 8432 9107
f 9109 8433 9452
f 9112 9110 8786
f 8438 9107 8432
f 9109 9111 8433
f 9454 8791 8787
f 8789 9113 8438
f 9113 9107 8438
f 9457 8790 9111
f 9457 9458 8790
f 8437 8792 8788
f 9869 8793 8791
f 8794 9460 8789
f 9460 9113 8789
f 9114 8795 9458
f 9117 8794 8798
f 8799 9115 8441
f 9878 8797 8793
f 8800 9116 8445
f 9116 8798 8445
f 9120 8801 9114
f 9461 9120 9114
f 9118 8797 9878
f 8803 9116 8800
f 8798 9116 9119
f 9119 9116 8803
f 8802 9122 8443
f 8443 9122 8799
f 9881 8804 9118
f 9123 9119 8803
f 9468 9127 9120
f 9124 9468 9120
f 9124 9120 9121
f 9470 9126 8804
f 9470 8804 9881
f 8450 8805 8802
f 8137 9125 7842
f 9128 9125 8137
f 9475 9127 9468
f 9477 8807 9126
f 8453 9478 8808
f 9127 9478 8453
f 8455 9129 8806
f 9889 9132 8807
f 9889 8807 9477
f 8139 9134 8137
f 8808 9478 9130
f 8808 9130 8809
f 8810 9131 8455
f 8455 9131 9129
f 8458 9134 8139
f 9133 8811 9132
f 8459 9134 8458
f 8461 9135 8810
f 9484 8812 8811
f 9484 8811 9133
f 9893 9134 8459
f 8140 9135 8461
f 9136 8812 9484
f 8140 8814 9135
f 9137 8815 9136
f 9492 8815 9137
f 8465 8816 9139
f 9139 9495 8465
f 8817 9140 8462
f 8819 9142 9138
f 9905 8820 9141
f 9142 8819 8818
f 8821 9143 8466
f 8466 9143 8817
f 9910 9499 8820
f 9910 8820 9905
f 8469 9500 9145
f 9497 8818 9144
f 8822 9145 8474
f 8824 8474 9145
f 8824 9145 9147
f 8825 9146 8472
f 8472 9146 8821
f 9503 8823 9499
f 9144 8473 8826
f 9144 8826 9501
f 8158 9501 8826
f 9502 8476 9147
f 8477 9148 8825
f 9149 9503 9507
f 9149 9151 8827
f 9149 8827 9503
f 9502 9506 8476
f 9150 9148 8477
f 8477 9507 9150
f 9507 8477 9149
f 9153 9150 8829
f 8829 9150 9149
f 9151 9149 9150
f 9150 9155 8828
f 9150 8828 9151
f 8480 9152 8478
f 8480 8484 9156
f 9510 8482 9154
f 8831 9157 8481
f 8481 9157 8829
f 9922 9513 8830
f 9922 8830 9155
f 8484 8491 9156
f 9510 8832 8482
f 8831 8833 9157
f 9159 9510 9924
f 9159 8832 9510
f 8486 9160 8833
f 9513 9161 8830
f 9924 9512 9159
f 8489 9160 8486
f 9162 9158 8491
f 9514 8834 9512
f 9933 8836 8490
f 9933 8490 9161
f 9163 8834 9514
f 8492 8835 8489
f 8839 9516 8166
f 9517 8493 9163
f 9940 8838 8836
f 9164 9516 8839
f 8169 9165 8494
f 9523 8496 8838
f 8497 9519 9934
f 9520 8842 8840
f 9166 8842 9520
f 9523 9945 8496
f 8497 10333 9519
f 9169 9168 8847
f 9530 8848 8845
f 9530 8845 9945
f 9168 8175 8847
f 9169 8175 9168
f 8849 9170 8500
f 8500 9170 8844
f 8504 8848 9530
f 9532 8501 7879
f 9530 9173 8504
f 8850 9532 7879
f 8506 9172 8849
f 9173 9530 8853
f 9177 8852 9171
f 8506 8508 9172
f 9537 9177 9171
f 9175 8856 8853
f 7885 9176 9174
f 7885 9174 8851
f 8183 9174 9176
f 8855 9178 8508
f 8856 9175 8859
f 7885 8183 9176
f 8857 9177 9547
f 8855 8858 9178
f 8859 9175 9179
f 9179 9548 8859
f 8860 9543 8183
f 8511 9180 8858
f 8511 8861 9180
f 8860 8514 9181
f 8512 9183 8861
f 9182 8863 8188
f 9962 8863 9182
f 8864 9185 8512
f 8512 9185 9183
f 9551 9187 9184
f 9962 9552 8863
f 7894 8519 9186
f 8866 9188 8864
f 9556 9191 8865
f 9556 8865 9187
f 9972 8518 9554
f 8866 9190 9188
f 9194 9189 8519
f 9972 8867 8518
f 8866 8194 9190
f 9191 9192 9193
f 9559 8867 9972
f 8194 9198 9560
f 8527 9198 8194
f 9193 9192 8868
f 8525 9195 9194
f 9559 9196 8867
f 9192 9197 8868
f 8529 9195 8525
f 9204 9198 8527
f 9197 8527 9199
f 9567 8527 9197
f 8527 9567 9204
f 8869 9197 9199
f 9201 9198 9204
f 8531 8869 9199
f 8198 9202 9565
f 9200 9562 9203
f 9204 9570 9206
f 9206 9570 8531
f 9570 9207 8531
f 8200 9202 8198
f 8200 9569 9202
f 8872 9569 8200
f 9983 9209 8871
f 9983 8871 9207
f 8873 9205 9208
f 8534 8874 8870
f 8875 8878 8537
f 9574 8876 9209
f 8877 9210 8201
f 8201 9210 8874
f 9574 8541 8876
f 8207 9211 8878
f 9213 8541 9574
f 8544 9214 9211
f 8544 9211 8207
f 9578 8879 9212
f 9212 9575 9578
f 8880 8882 8540
f 8540 8882 8877
f 9579 8881 9213
f 8544 9215 9214
f 9217 9584 8881
f 9217 8881 9579
f 8883 9215 8544
f 8879 9578 9586
f 9218 9216 8882
f 8886 9218 8882
f 9219 8885 9586
f 8886 9216 9218
f 9220 8884 9584
f 9219 9222 8885
f 8886 8888 9216
f 8889 9221 8887
f 8903 8887 9221
f 9592 9222 9219
f 9223 8888 8901
f 9600 8902 9220
f 9600 9220 9590
f 8232 9221 8889
f 9222 10004 8903
f 8904 9224 8557
f 9231 8558 8557
f 9231 8557 9224
f 9225 8558 9231
f 8559 8893 8894
f 8895 9226 8896
f 8894 9226 8895
f 9595 9597 8898
f 8899 9597 10014
f 8898 9597 8899
f 9228 8899 10014
f 8899 9228 9604
f 9229 8899 9604
f 9229 8900 8899
f 9223 8901 8900
f 8906 9600 9230
f 8232 8908 9221
f 8907 8908 8232
f 8903 9221 8908
f 8903 9601 8908
f 8903 10004 9601
f 9231 9224 8904
f 8911 9241 9240
f 8911 9232 9241
f 9233 9232 9234
f 9233 10020 9232
f 9236 8912 8913
f 9236 9235 8912
f 9236 8913 8914
f 8916 8917 9237
f 8917 8906 9230
f 8917 9230 9237
f 8571 8908 8907
f 8571 9238 8908
f 9601 8922 8908
f 8909 8918 9239
f 9231 8909 9602
f 9240 9615 8919
f 8911 9240 8919
f 9607 9241 9232
f 9607 9232 10019
f 9242 9236 8914
f 8914 8915 9610
f 9610 8915 8920
f 9611 9610 8920
f 9611 8920 8921
f 10022 9611 8921
f 9612 10022 8921
f 9612 8921 9237
f 9238 8572 9243
f 8571 8572 9238
f 10025 9246 8922
f 9601 10025 8922
f 8924 9248 8918
f 9239 8918 10036
f 10036 8918 9248
f 10025 9247 9246
f 9250 9624 8924
f 9624 9248 8924
f 9244 8578 8925
f 9244 9254 8578
f 8926 9249 9243
f 8927 9249 8926
f 9247 9252 9246
f 9252 8928 9246
f 9251 8927 8931
f 8583 9627 8929
f 8929 9627 9250
f 9253 8932 8930
f 9254 9253 8930
f 8933 9251 8931
f 9630 9251 8933
f 9252 9256 8583
f 9253 9631 8932
f 9631 9253 9254
f 9257 10047 9255
f 9631 9259 9257
f 9631 9258 9259
f 9260 8939 9262
f 8595 9265 8939
f 9261 9262 8939
f 9261 8939 9265
f 9263 9264 9260
f 9264 8941 8937
f 9265 8595 8945
f 9262 9266 9260
f 9260 9266 9263
f 9264 9263 8941
f 8947 8941 9263
f 9265 8945 8950
f 9267 9265 8950
f 9265 9267 9269
f 9261 9271 9262
f 9261 9265 9271
f 9262 9271 9266
f 9266 9268 9263
f 8947 8942 8941
f 9265 9269 9271
f 9268 9278 9263
f 9263 9272 8947
f 9267 9276 9269
f 8956 9636 9277
f 9636 8956 9269
f 8952 9269 8956
f 9269 8952 9271
f 9277 9270 9271
f 9271 9273 9277
f 9266 9637 9268
f 9637 9278 9268
f 9272 8954 8947
f 9274 8954 9272
f 9274 8967 8954
f 8969 9275 8959
f 9275 9267 8959
f 9276 9267 9275
f 9277 9281 8956
f 8960 9289 9271
f 9289 9273 9271
f 9289 9277 9273
f 9637 9641 9278
f 9263 9280 9272
f 9263 9278 9280
f 9272 8967 9274
f 9644 9276 9275
f 9281 9286 8970
f 8956 9281 8970
f 9287 9281 9277
f 9294 9277 9289
f 8964 8960 8961
f 8971 8960 8964
f 9280 9278 9279
f 8968 8967 9272
f 9280 8968 9272
f 8630 9292 8969
f 9275 8969 9292
f 9282 9287 9277
f 9283 9277 9294
f 9282 9277 9283
f 8979 9289 8960
f 8971 8979 8960
f 9284 8974 8968
f 9280 9284 8968
f 9284 8975 8974
f 9652 9275 9285
f 9275 9292 9285
f 9287 9286 9281
f 9288 9287 9282
f 8979 8971 8972
f 9279 9290 9280
f 9310 9280 9290
f 9280 9310 9284
f 9284 8976 8975
f 9291 9292 8641
f 9285 9292 9652
f 9286 9293 8978
f 9286 9287 9296
f 9296 9287 9288
f 9300 9289 8979
f 9294 9289 9300
f 9310 9295 9284
f 9284 9295 8976
f 8653 9291 8641
f 9292 9291 8653
f 9293 8982 8978
f 9304 9293 9286
f 9304 9286 9296
f 9299 9298 9297
f 9294 9299 9297
f 9300 9299 9294
f 8983 9301 8979
f 9301 9300 8979
f 9310 9312 9295
f 9295 9313 8976
f 9293 9302 8982
f 9302 9293 9303
f 9293 9304 9303
f 9658 9304 9296
f 9305 9298 9299
f 9307 9306 9305
f 9299 9307 9305
f 9300 9307 9299
f 9307 9300 9308
f 8987 9309 8983
f 9309 9301 8983
f 9309 9300 9301
f 9309 8987 8991
f 9311 9316 9310
f 9316 9312 9310
f 9295 9312 9313
f 9319 9314 8653
f 9303 9315 9670
f 9302 9303 9670
f 9315 9303 9304
f 9321 9306 9307
f 9307 9308 9321
f 9322 9300 9309
f 8991 9322 9309
f 9317 9312 9316
f 9312 9324 9313
f 9312 9317 9324
f 9313 9324 9318
f 9318 8993 8986
f 9318 8986 9313
f 9320 8995 9302
f 9320 9302 9670
f 9682 9324 9317
f 9318 8981 8993
f 8996 8981 9318
f 9002 9323 9319
f 9002 9319 8990
f 9320 9683 8995
f 9308 9300 9322
f 9327 9322 8991
f 9308 9322 9327
f 8999 9327 8991
f 9682 9689 9324
f 9325 9323 9002
f 9308 9326 9321
f 9326 9308 9327
f 9333 9327 8999
f 9689 9334 9324
f 9318 9328 8996
f 9318 9324 9328
f 9006 9325 9002
f 9683 9694 9003
f 9329 9321 9326
f 9324 9334 9328
f 9328 9335 8996
f 9335 9001 8996
f 9331 9007 9694
f 9326 9333 9332
f 9327 9333 9326
f 9337 9333 9010
f 9012 9330 9006
f 9336 9332 9333
f 9345 9333 9337
f 9345 9337 9010
f 9339 9338 9334
f 9338 9328 9334
f 9335 9346 9009
f 9328 9346 9335
f 9346 9011 9009
f 9704 9340 9703
f 9344 9336 9333
f 9333 9345 9344
f 9008 9341 9010
f 9341 9345 9010
f 9339 9712 9338
f 9342 9338 9712
f 9342 9328 9338
f 9328 9342 9346
f 9014 9343 8680
f 9012 8680 9343
f 10095 9347 9340
f 9340 9704 10095
f 9348 9345 9341
f 9716 9346 9342
f 9350 9015 9011
f 9346 9350 9011
f 9350 9016 9015
f 8684 9351 9343
f 8684 9343 9014
f 9352 9344 9345
f 9348 9352 9345
f 9349 9348 9341
f 9013 9349 9341
f 9350 9346 9716
f 9020 9351 8684
f 9352 9348 9353
f 9017 9018 9349
f 9018 9348 9349
f 9350 9355 9016
f 9731 9355 9350
f 9022 9351 9020
f 9356 9351 9022
f 9354 9348 9018
f 9359 9354 9018
f 9023 9356 9022
f 9348 9354 9358
f 9362 9355 9360
f 9356 9023 9361
f 9357 9728 9735
f 9024 9354 8688
f 8688 9354 9359
f 9363 9026 9362
f 9027 9361 9023
f 9364 9028 9735
f 9024 9738 9354
f 9739 9367 9026
f 9739 9026 9363
f 8353 9365 9027
f 9364 9740 9028
f 9024 9366 9738
f 8698 9366 9025
f 9025 9366 9024
f 9030 9368 9365
f 9030 9365 8353
f 9369 9366 8698
f 9367 9370 9371
f 9373 9029 9371
f 9368 9030 9374
f 9374 9030 9032
f 9031 9033 9369
f 9375 9379 9373
f 9376 9377 9032
f 9377 9374 9032
f 9378 9034 9747
f 9037 9376 9032
f 9380 8707 9378
f 9378 8707 9034
f 9381 9035 8704
f 9379 9038 9036
f 9754 9038 9379
f 8704 9040 9381
f 8711 9042 9039
f 9758 9041 9380
f 9040 8712 9382
f 9754 9384 9038
f 9758 9383 9041
f 9384 9045 9044
f 8713 9385 9042
f 8370 9385 8713
f 9383 9386 9047
f 9383 9387 9386
f 8715 9390 9043
f 9049 9385 8370
f 9391 9047 9048
f 9771 9391 9048
f 9771 9048 9386
f 9389 9771 9386
f 9389 9386 9387
f 8718 9390 8715
f 9046 9385 9049
f 9051 9390 8718
f 9392 9394 9767
f 9774 9050 9391
f 9396 9051 8718
f 8374 9395 9393
f 8374 9393 9046
f 8378 9396 8718
f 9394 9053 9052
f 9776 9053 9394
f 9054 9395 8374
f 9777 9055 9774
f 8378 9056 9396
f 8379 9397 9054
f 9055 9777 9057
f 8726 9398 9056
f 9397 8728 9784
f 8726 9059 9398
f 9401 10171 8728
f 9400 9399 9057
f 9400 9057 9781
f 9786 8732 9399
f 9399 8732 9058
f 9399 9400 9786
f 8076 9402 9059
f 9786 10176 8732
f 9063 9403 8076
f 8076 9403 9402
f 8074 9404 9060
f 9787 9062 10176
f 9409 9404 8074
f 9787 10178 9062
f 9065 9405 9063
f 9406 9410 10178
f 9068 9405 9065
f 8388 9408 9067
f 9067 9408 9064
f 9408 9409 9064
f 9406 9411 9410
f 9072 9066 9407
f 8742 9412 9408
f 8742 9408 8388
f 9069 9410 9413
f 9070 9792 9068
f 8746 9412 8742
f 9413 9071 9069
f 8744 9414 9070
f 9413 9073 9071
f 9074 9414 8744
f 9796 9418 9072
f 9796 9072 9793
f 9419 9415 9794
f 9419 9794 8746
f 9416 9794 9415
f 9420 9415 9419
f 9420 9416 9415
f 10195 9421 9417
f 9074 8755 9795
f 9418 9076 9075
f 8753 9419 8750
f 9795 8755 9802
f 8757 9078 8753
f 9804 9077 9421
f 8762 9802 8755
f 9422 9814 9076
f 8762 9426 9802
f 9424 9081 9077
f 9425 9424 9077
f 9425 9077 9423
f 9426 8762 9082
f 9814 9426 9082
f 9079 9814 9082
f 8767 9815 8760
f 8767 8760 9080
f 9429 9082 9427
f 9429 9079 9082
f 9083 9815 8767
f 9820 9084 9424
f 9424 9428 9820
f 9085 9427 9082
f 9820 8768 9084
f 9431 9089 9429
f 9820 9088 8768
f 9430 9085 9432
f 9091 9432 8769
f 8769 9432 9085
f 9090 9089 9431
f 9093 9433 9434
f 9435 9087 9088
f 9433 9828 9434
f 9435 9094 9087
f 8774 9436 9091
f 10219 9832 9090
f 10219 9090 10216
f 9092 9433 9093
f 9440 9436 8774
f 9097 9437 9092
f 9438 9092 9437
f 9836 9439 9435
f 9435 9439 8773
f 9837 8778 9832
f 9098 9440 8777
f 9096 9437 9097
f 9839 9099 9439
f 9842 9100 8778
f 9842 8778 9837
f 9101 9441 9096
f 9442 9096 9441
f 9843 9102 9839
f 9839 9102 9099
f 8425 9443 9098
f 9444 9100 9842
f 9446 9441 9101
f 9843 9445 9102
f 9846 9104 9444
f 9447 9105 9102
f 9845 9447 9102
f 9845 9102 9445
f 9106 9448 8784
f 8784 9448 8425
f 9846 9450 9104
f 8432 9451 9446
f 8432 9446 9103
f 9447 9452 9105
f 9447 9845 9449
f 9447 9449 9452
f 9108 9451 8432
f 9851 9452 9449
f 9110 9453 8786
f 8786 9453 9106
f 9855 8787 8430
f 9855 8430 9450
f 9857 9451 9108
f 9109 9856 9111
f 9452 9856 9109
f 9110 9112 9453
f 9454 8787 9855
f 9113 9108 9107
f 9455 9108 9113
f 9856 9457 9111
f 8788 9456 9112
f 9861 8791 9454
f 9113 9862 9455
f 9864 9869 8791
f 9864 8791 9861
f 9117 9460 8794
f 9460 9871 9113
f 9458 9461 9114
f 9115 9459 8441
f 8441 9459 8792
f 9876 9878 8793
f 9876 8793 9869
f 8798 9460 9117
f 9462 9461 9458
f 9119 9467 9460
f 9119 9460 8798
f 9463 9460 9467
f 9464 9121 9461
f 9461 9121 9120
f 9461 9465 9464
f 8799 9122 9115
f 9881 9118 9878
f 8803 9466 9123
f 9123 9466 9119
f 9466 9467 9119
f 9468 9124 9121
f 9469 9468 9121
f 9464 9469 9121
f 9469 9464 9465
f 9125 9466 8803
f 8805 9473 8802
f 8802 9473 9122
f 10269 9126 9470
f 9128 9466 9125
f 9474 9471 9466
f 9476 9475 9468
f 9476 9468 9472
f 9477 9126 10269
f 8137 9479 9128
f 9479 9466 9128
f 9475 9478 9127
f 8806 9129 8805
f 9134 9479 8137
f 9480 9130 9478
f 9481 9132 9889
f 9130 9480 8809
f 8810 9482 9131
f 9133 9132 9481
f 9895 9486 9480
f 9480 9486 8809
f 9135 9483 8810
f 8810 9483 9482
f 9895 9487 9486
f 9897 9136 9484
f 8459 9485 9893
f 9488 9490 9486
f 9490 8813 9486
f 9488 9486 9487
f 8814 9491 9135
f 9901 9137 9136
f 9901 9136 9897
f 8813 9490 8816
f 8816 9490 9139
f 8462 9491 8814
f 9492 9137 9901
f 9138 9494 9489
f 8462 9140 9491
f 9493 9141 9492
f 9906 9495 9139
f 9905 9141 9493
f 9138 9142 9908
f 9143 9496 8817
f 8818 9497 9142
f 8469 9498 9500
f 8469 9495 9498
f 9500 9147 9145
f 8821 9146 9143
f 9912 9503 9499
f 9504 9144 9501
f 9502 9147 9500
f 9148 9505 8825
f 8825 9505 9146
f 10307 9507 9503
f 8478 9506 9502
f 9501 8478 9502
f 8158 8478 9501
f 9152 9506 8478
f 9152 8480 9506
f 9153 9148 9150
f 10311 9150 9507
f 9914 9917 9154
f 9508 8480 9156
f 9917 9510 9154
f 8829 9157 9153
f 9922 9155 9150
f 8491 9508 9156
f 9511 9510 9509
f 9158 9508 8491
f 9511 9924 9510
f 9160 9930 8833
f 8833 9930 9157
f 9928 9513 9922
f 10323 9514 9512
f 8489 9515 9160
f 9933 9161 9513
f 9517 9163 9514
f 10323 9517 9514
f 8835 9515 8489
f 9938 9940 8836
f 9938 8836 9933
f 9164 9934 9516
f 9520 8840 9517
f 9517 9932 10327
f 9517 10327 9520
f 8494 9518 8837
f 8837 9518 8835
f 8494 9165 9518
f 9940 9523 8838
f 8847 9166 9520
f 8169 9522 9165
f 10333 9521 9519
f 9524 8847 9939
f 9167 9525 8169
f 8169 9525 9522
f 9526 9945 9523
f 8846 9528 9527
f 10333 8846 9527
f 9169 8847 9524
f 8501 9528 8846
f 8501 9529 9528
f 8844 9170 9167
f 9532 9529 8501
f 9950 9171 9946
f 9170 9533 9534
f 9172 9533 8849
f 8849 9533 9170
f 9951 8853 9530
f 9951 9530 9531
f 9532 8851 9535
f 8850 8851 9532
f 8851 9536 9535
f 8853 9951 9540
f 9174 9536 8851
f 9539 9533 9172
f 9538 9533 9539
f 9178 9539 8508
f 8508 9539 9172
f 9540 9175 8853
f 8183 9954 9174
f 9541 9177 9537
f 9537 9955 9546
f 9537 9546 9541
f 9538 9178 9542
f 9178 9538 9539
f 9540 9179 9175
f 8183 9543 9954
f 9541 9547 9177
f 9546 9547 9541
f 8858 9542 9178
f 8860 9545 9543
f 9181 9543 9545
f 9959 9547 9546
f 8858 9180 9542
f 9548 9179 9544
f 9181 9545 8860
f 9549 9182 9547
f 9547 9959 9549
f 9551 9184 9548
f 8514 9550 9181
f 9962 9182 9549
f 8861 9183 9180
f 9550 8514 8519
f 9186 8519 8514
f 9553 9556 9187
f 9553 9187 9551
f 9188 9555 8864
f 8864 9555 9185
f 8519 9189 9967
f 9552 9972 9554
f 9977 9555 9190
f 9188 9190 9555
f 9558 9192 9191
f 9558 9191 9556
f 9194 9557 9189
f 9195 9189 9557
f 8194 9977 9190
f 9194 9195 9557
f 9563 9977 9564
f 9561 8194 9560
f 8194 9561 9977
f 9560 9192 9558
f 9562 9196 9559
f 9563 9564 9198
f 9198 9564 9560
f 9560 9564 9192
f 8529 9565 9195
f 9562 9200 9196
f 9198 9566 9563
f 10382 9567 9197
f 9192 10382 9197
f 9564 10382 9192
f 9198 9201 9566
f 9980 9203 9562
f 9204 9568 9201
f 10391 9570 9204
f 10391 9204 9567
f 9980 9205 9203
f 10388 9205 9980
f 9204 9206 9568
f 8870 9572 9206
f 9983 9207 9570
f 9571 8872 8537
f 9982 9208 9205
f 8874 9572 8870
f 8878 10394 8537
f 9571 8537 10394
f 9989 9574 9209
f 9989 9209 9983
f 8878 9577 10394
f 9987 9575 9208
f 9210 9573 8874
f 9211 9577 8878
f 9576 9213 9574
f 9214 9577 9211
f 9578 9575 9993
f 8882 9210 8877
f 9579 9213 9576
f 9215 9577 9214
f 9216 9581 8882
f 8882 9581 9210
f 9583 9217 9579
f 10404 9586 9578
f 9580 9210 9581
f 9580 9581 9216
f 9584 9217 9583
f 9998 8883 9585
f 9582 9580 9588
f 9216 9588 9580
f 9995 9587 9583
f 9590 9583 9587
f 9590 9584 9583
f 9590 9220 9584
f 8887 9585 8883
f 10412 9219 9586
f 8888 9589 9216
f 9216 9589 9588
f 8903 9585 8887
f 8903 9591 9585
f 10412 9592 9219
f 9593 9599 9588
f 9589 9593 9588
f 9223 9593 8888
f 8888 9593 9589
f 8903 10003 9591
f 9592 10004 9222
f 10013 8891 9225
f 8892 8891 10013
f 8893 10005 8894
f 10005 10006 8894
f 8894 9594 9226
f 10006 9594 8894
f 8896 9226 8905
f 8905 9226 9227
f 9226 9596 9595
f 9227 9226 9595
f 9603 9597 9595
f 8900 9229 9604
f 8900 9599 9593
f 9599 8900 9598
f 8900 9593 9223
f 9238 8903 8908
f 9238 10003 8903
f 10004 10011 9601
f 9602 9225 9231
f 9602 10017 9225
f 8892 10013 10005
f 8892 10005 8893
f 9232 10020 10019
f 9234 9235 9233
f 9596 9603 9595
f 9597 9603 10014
f 10014 10015 9228
f 8900 9604 9598
f 9237 9230 9600
f 9237 9600 9605
f 8909 9606 9602
f 9602 9606 10017
f 10020 9233 9235
f 9242 9235 9236
f 9608 9235 9242
f 9608 9242 8914
f 9609 9608 8914
f 9609 8914 9610
f 9237 9605 9612
f 10011 10025 9601
f 9614 8909 9613
f 8909 10036 9613
f 8909 9239 10036
f 9616 9615 9240
f 9617 9609 9610
f 9617 9610 10031
f 9243 9249 9618
f 10025 9619 9247
f 9624 9620 9248
f 9620 10041 9248
f 9248 10041 10036
f 9621 9245 9615
f 9621 9244 9245
f 9621 9615 9616
f 8927 9622 9249
f 9247 9619 9252
f 9619 10035 9252
f 9626 9623 9250
f 9250 9623 9624
f 9620 9624 10041
f 10038 9629 9254
f 9244 10038 9254
f 9621 10038 9244
f 9251 9622 8927
f 9251 9630 9625
f 10035 9626 9252
f 9627 8583 9626
f 9250 9627 9626
f 9629 9628 9254
f 9626 9256 9252
f 9256 9626 8583
f 9254 9628 9631
f 9628 9632 9631
f 10047 9630 9255
f 10047 9257 9633
f 9632 9633 9631
f 9633 9258 9631
f 9633 9257 9259
f 9259 9258 9633
f 9270 9634 9271
f 9635 9266 9271
f 9635 9271 9634
f 9635 9637 9266
f 9276 9639 9269
f 9636 9269 9639
f 9634 9270 9277
f 9636 9634 9277
f 9634 9637 9635
f 9638 9641 9637
f 9636 9639 9646
f 9636 9646 9634
f 9634 9641 9637
f 9634 9640 9641
f 9637 9641 9638
f 9642 9278 9641
f 9276 9644 9639
f 9634 9646 9640
f 9641 9654 9642
f 9642 9279 9278
f 9652 9643 9275
f 9643 9644 9275
f 9644 9643 9639
f 9639 9643 9645
f 9646 9645 9650
f 9646 9639 9645
f 9646 9647 9640
f 9648 9640 9647
f 9648 9641 9640
f 9641 9648 9654
f 9654 9649 9642
f 9645 9643 9650
f 9651 9654 9647
f 9654 9648 9647
f 9642 9290 9279
f 10052 9643 9657
f 9643 9653 9657
f 9643 9652 9653
f 9663 9288 9282
f 9662 9288 9663
f 9294 9664 9283
f 9664 9282 9283
f 9654 9660 9649
f 9649 9655 9642
f 9642 9655 9290
f 9655 9310 9290
f 9292 9656 9652
f 9669 9652 9656
f 9653 9652 9669
f 9288 9658 9296
f 9663 9282 9664
f 9297 9659 9294
f 9659 9664 9294
f 9659 9297 9298
f 9655 9649 9311
f 9311 9310 9655
f 8653 9669 9656
f 8653 9656 9292
f 9661 9658 9288
f 9661 9288 9662
f 9678 9663 9664
f 9305 9673 9298
f 9673 9659 9298
f 9673 9664 9659
f 9306 9673 9305
f 9667 9666 9665
f 9666 9660 9665
f 9666 9649 9660
f 9649 9668 9311
f 9649 9666 9668
f 9319 9669 9314
f 9669 8653 9314
f 10062 9669 9676
f 9304 9658 9315
f 9658 9670 9315
f 10059 9658 9661
f 9661 9662 9671
f 9662 9663 9678
f 9672 9678 9664
f 9672 9664 9673
f 9321 9673 9306
f 9674 9666 9667
f 9674 9668 9666
f 9675 9316 9311
f 9668 9675 9311
f 9675 9317 9316
f 9319 9676 9669
f 9683 9658 9677
f 9670 9658 9683
f 9678 9679 9691
f 9672 9679 9678
f 9680 9673 9321
f 9680 9672 9673
f 9681 9674 9667
f 9681 9668 9674
f 9668 9682 9675
f 9668 9681 9682
f 9675 9682 9317
f 9319 9325 9676
f 9323 9325 9319
f 9670 9683 9320
f 10065 9683 9677
f 9679 9684 9691
f 9672 9684 9679
f 9667 9685 9681
f 9687 9686 9685
f 9686 9681 9685
f 9686 9682 9681
f 9682 9686 9688
f 9688 9689 9682
f 10070 9690 9683
f 10070 9683 10065
f 9695 9684 9672
f 9692 9672 9680
f 9695 9672 9692
f 9692 9680 9321
f 9687 9688 9686
f 9696 9334 9689
f 9688 9696 9689
f 9325 9006 9693
f 9690 9694 9683
f 9695 9692 9700
f 9329 9700 9321
f 9700 9692 9321
f 9326 9700 9329
f 9697 9696 9687
f 9696 9688 9687
f 9330 9693 9006
f 9698 9331 9694
f 9698 9694 9690
f 9695 9699 9708
f 9700 9699 9695
f 9332 9700 9326
f 9701 9696 9697
f 9696 9701 9722
f 9702 9707 9334
f 9696 9702 9334
f 9722 9702 9696
f 9703 9340 9331
f 9331 9698 9704
f 9331 9704 9703
f 9699 9705 9708
f 9700 9705 9699
f 9705 9700 9710
f 9336 9700 9332
f 9336 9710 9700
f 9706 9701 9697
f 9706 9722 9701
f 9722 9707 9702
f 9707 9339 9334
f 9709 9713 9708
f 9705 9709 9708
f 9710 9709 9705
f 9344 9710 9336
f 9711 9706 9697
f 9711 9722 9706
f 9707 9712 9339
f 9722 9712 9707
f 9343 10487 9012
f 10088 9012 10487
f 9710 9713 9709
f 9713 9710 9344
f 9715 9714 9697
f 9714 9711 9697
f 9714 9722 9711
f 9712 9716 9342
f 9722 9716 9712
f 9717 9347 10095
f 9718 9717 10095
f 9719 9736 9713
f 9344 9719 9713
f 9719 9344 9726
f 9352 9726 9344
f 9715 10102 9714
f 9721 9720 10102
f 9720 9714 10102
f 9720 9722 9714
f 9351 9723 9343
f 9718 9724 9717
f 9724 9347 9717
f 9719 9725 9736
f 9726 9725 9719
f 9352 9353 9726
f 9721 9722 9720
f 9722 9721 9716
f 9721 9350 9716
f 9356 9723 9351
f 9728 9724 9727
f 9725 9729 9736
f 9726 9729 9725
f 9358 9726 9348
f 9348 9726 9353
f 9730 9721 10112
f 9721 9731 9350
f 9730 9731 9721
f 9729 9733 9736
f 9726 9733 9729
f 9734 9726 9358
f 9354 9734 9358
f 9730 9360 9731
f 9360 9355 9731
f 9732 9356 9361
f 10503 9735 9728
f 9733 9737 9736
f 9726 9737 9733
f 9738 9726 9734
f 9737 9726 9738
f 9360 9363 9362
f 10520 9364 9735
f 9354 9738 9734
f 9739 9363 9360
f 10520 9740 9364
f 9737 9738 9742
f 10130 9367 9739
f 9744 9741 9737
f 9737 9745 9744
f 9742 9745 9737
f 9366 9742 9738
f 9367 10130 9370
f 9747 9372 9743
f 9743 10135 9747
f 9366 9745 9742
f 9370 10130 9750
f 9750 9373 9371
f 9750 9371 9370
f 9374 9746 9368
f 9368 9746 10134
f 9745 9748 10140
f 9749 9745 9366
f 9748 9745 9749
f 9033 9749 9369
f 9369 9749 9366
f 9750 9375 9373
f 9376 9374 9377
f 9376 9746 9374
f 9035 9749 9033
f 9750 9379 9375
f 9037 9752 9376
f 10142 9380 9378
f 9381 9749 9035
f 9379 9751 10146
f 10146 9754 9379
f 9039 9752 9037
f 10144 9380 10142
f 9381 9753 9749
f 9040 9753 9381
f 9042 9755 9039
f 10144 9758 9380
f 9040 9382 9753
f 9042 9757 9755
f 9759 9756 9760
f 9759 9384 9754
f 9759 9754 9756
f 9385 9761 9757
f 9385 9757 9042
f 9762 9383 9758
f 9763 9764 9043
f 9764 9382 9043
f 9382 8712 9043
f 9760 10152 9759
f 9384 9759 10152
f 9388 9384 10152
f 9765 9761 9385
f 9762 9387 9383
f 9762 9758 9766
f 9764 9763 9390
f 9043 9390 9763
f 10152 9767 9388
f 9385 9768 9769
f 9769 9770 9385
f 9770 9765 9385
f 9772 9771 9389
f 9772 9389 9387
f 9773 9772 9387
f 9762 9773 9387
f 9773 9762 9766
f 10157 9392 9767
f 9046 9768 9385
f 9769 9768 9393
f 10158 9391 9771
f 9771 9772 10158
f 10151 9390 10160
f 9051 10160 9390
f 9393 9768 9046
f 10158 9774 9391
f 9051 9396 10160
f 9775 9394 9392
f 9395 10161 9393
f 9396 9775 10160
f 9776 9394 9775
f 9054 10161 9395
f 10162 9777 9774
f 9056 9775 9396
f 10564 9779 9776
f 10170 9397 9784
f 10167 9777 10168
f 9398 9778 9056
f 10562 9783 9779
f 9780 9784 8728
f 9777 9781 9057
f 9059 9782 9398
f 10171 9780 8728
f 9784 9780 10171
f 9059 10568 9782
f 9401 9785 10171
f 9781 9786 9400
f 9402 10568 9059
f 10174 9061 9783
f 10174 9783 10569
f 9060 9785 9401
f 9063 9405 9403
f 11349 8741 9061
f 11349 9061 10174
f 10180 9066 8741
f 10180 8741 11349
f 10178 9788 9406
f 9068 9792 9405
f 10180 9793 9407
f 10180 9407 9066
f 9408 9412 9409
f 9412 9404 9409
f 9789 9410 9411
f 9790 9789 9411
f 9790 9411 9406
f 9791 9790 9406
f 9791 9406 9788
f 9793 9072 9407
f 10187 9413 9789
f 9789 9413 9410
f 9789 9790 10187
f 8746 9794 9412
f 9792 9070 9414
f 10187 9073 9413
f 10578 9792 9074
f 10578 9074 9795
f 9414 9074 9792
f 9416 9797 9794
f 10187 9417 9073
f 9798 10187 10190
f 9796 9076 9418
f 9419 9800 9420
f 9800 9801 9420
f 9420 9801 9416
f 9801 9797 9416
f 10187 10195 9417
f 9802 9799 9795
f 8753 9803 9800
f 8753 9800 9419
f 9801 9800 9803
f 10195 9804 9421
f 9078 9807 9803
f 9078 9803 8753
f 9808 9803 9807
f 10201 9077 9804
f 9814 9422 9806
f 9078 9809 9810
f 9810 9811 9078
f 9811 9807 9078
f 9807 9811 9808
f 9812 9423 10201
f 10201 9423 9077
f 9426 9813 9802
f 9802 9813 9805
f 8760 9815 9809
f 8760 9809 9078
f 9810 9809 9815
f 10204 9424 9425
f 10204 9425 9423
f 9812 10204 9423
f 9427 9813 9426
f 10976 9424 10204
f 10602 9427 9426
f 10206 9427 10602
f 10208 9428 10976
f 10976 9428 9424
f 9427 9816 9817
f 9085 9816 9427
f 10206 9429 9427
f 9431 9429 10206
f 9818 9819 9083
f 9819 9815 9083
f 10208 9820 9428
f 9823 9822 9821
f 9821 9822 9817
f 9821 9817 9816
f 9430 9821 9816
f 9430 9816 9085
f 9434 10213 9818
f 9434 9818 9083
f 9829 9088 9820
f 9823 9821 9432
f 9430 9432 9821
f 9825 9090 9431
f 9434 9828 10213
f 9091 9827 9432
f 10216 9090 9825
f 9433 10220 9828
f 9829 9435 9088
f 9436 9830 9091
f 9091 9830 9827
f 9092 10220 9433
f 9438 9833 10220
f 9438 10220 9092
f 10224 10220 9833
f 9831 9836 9435
f 9831 10612 9836
f 9440 9834 9436
f 10621 9837 9832
f 9437 9835 9438
f 9835 9833 9438
f 9833 9835 10224
f 9096 9838 9437
f 9836 9839 9439
f 10232 9842 9837
f 9442 9838 9096
f 9840 9838 9442
f 9839 10229 9843
f 9443 9841 9098
f 9098 9841 9440
f 9441 10624 9442
f 9442 10624 9840
f 9844 9846 9444
f 9844 9444 9842
f 10624 9441 9446
f 9448 9854 8425
f 8425 9854 9443
f 9847 9446 9451
f 9848 9449 9845
f 9845 9445 9849
f 9845 9849 9848
f 9850 9450 9846
f 10243 9847 9451
f 9852 9851 9449
f 9853 9852 9449
f 9848 9853 9449
f 9853 9848 9849
f 9453 9854 9448
f 9106 9453 9448
f 9855 9450 9850
f 9851 9856 9452
f 9851 9852 9856
f 9859 9854 9453
f 9455 9857 9108
f 9860 9859 9453
f 9456 9860 9112
f 9112 9860 9453
f 9861 9454 9855
f 9113 9866 9862
f 9862 9857 9455
f 10247 9863 9457
f 10247 9457 9856
f 10247 9856 9858
f 8788 9859 9860
f 9868 9859 8788
f 9456 8788 9860
f 9113 9865 9866
f 9867 9458 9863
f 9863 9458 9457
f 9863 10247 9867
f 8792 9868 8788
f 9460 9870 9871
f 9871 9872 9113
f 9872 9865 9113
f 9865 9872 9866
f 10253 9458 9867
f 9459 9873 8792
f 8792 9873 9868
f 10256 9876 9869
f 9460 9874 9870
f 9875 9461 9462
f 9458 9875 9462
f 10253 9875 9458
f 9459 9115 9873
f 9463 9874 9460
f 9875 9465 9461
f 9122 9877 9115
f 9466 9463 9467
f 9466 9874 9463
f 9879 9468 9469
f 9465 9879 9469
f 9875 9880 9465
f 9882 9466 9471
f 9883 9472 9879
f 9879 9472 9468
f 9879 9465 10652
f 9879 10652 9883
f 9473 10262 9122
f 9122 10262 9877
f 10269 9470 9881
f 9466 9479 9474
f 9474 9882 9471
f 9887 9475 9476
f 9887 9476 9472
f 9884 9887 9472
f 9883 9884 9472
f 9884 9883 10652
f 8805 9885 9473
f 9473 9885 10262
f 9474 9479 9886
f 9887 9478 9475
f 9129 9888 8805
f 8805 9888 9885
f 9889 9477 10269
f 9479 9890 9886
f 9891 9480 9478
f 9887 9891 9478
f 9131 9892 9129
f 9129 9892 9888
f 10268 9481 9889
f 9134 9893 9479
f 9893 9890 9479
f 9480 9891 10274
f 9131 9482 9892
f 9133 9481 10268
f 10274 9895 9480
f 9896 9482 9483
f 9894 9484 9133
f 9485 9898 9893
f 9135 9896 9483
f 9897 9484 9894
f 8459 9898 9485
f 9899 9896 9900
f 9491 9900 9135
f 9135 9900 9896
f 9489 9898 8459
f 9139 9490 9488
f 9487 9139 9488
f 9491 9899 9900
f 10285 9492 9901
f 9489 9494 9902
f 9903 9906 9139
f 9491 9904 9899
f 9904 9493 9492
f 9904 9492 10285
f 9138 9902 9494
f 9138 9908 9902
f 9904 9491 10289
f 8817 10289 9140
f 9140 10289 9491
f 9905 9493 9904
f 8817 9496 10289
f 9907 9910 9905
f 9498 9495 9909
f 9497 9908 9142
f 9498 9909 9500
f 9146 9911 9143
f 9912 9499 9910
f 9144 10295 9497
f 9144 9504 10298
f 9909 9913 9500
f 9502 9500 9913
f 10683 9503 9912
f 9504 9501 10298
f 10298 9501 10303
f 10305 9502 9913
f 9505 10306 9146
f 10302 10307 9503
f 10302 9503 10683
f 10303 9501 9502
f 9914 10303 9502
f 10303 9914 9506
f 10305 9914 9502
f 8480 10303 9506
f 9148 9915 9505
f 10311 9507 10307
f 9508 9916 8480
f 9510 9917 9918
f 9157 9919 9153
f 9153 9919 9148
f 9920 9922 9150
f 9920 9150 10311
f 9918 9509 9510
f 9511 9509 9918
f 10314 9511 9918
f 9508 9158 9921
f 9924 9511 10314
f 9157 9930 9927
f 9925 9928 9922
f 9162 9921 9158
f 9162 8166 9921
f 8166 9923 9921
f 8166 9926 9923
f 9924 10323 9512
f 9926 8166 9929
f 9515 9931 9160
f 9160 9931 9930
f 10324 9933 9513
f 10324 9513 9928
f 9516 9929 8166
f 9516 10325 9929
f 9517 10323 9932
f 9515 9930 9931
f 9935 9930 9515
f 9934 10325 9516
f 11484 9932 10322
f 8835 9935 9515
f 10329 9938 9933
f 11484 10327 9932
f 9518 9937 8835
f 8835 9937 9935
f 9519 9521 9934
f 9936 9934 9521
f 9939 9520 10327
f 9518 9165 9937
f 10332 9940 9938
f 9939 8847 9520
f 9522 9943 9165
f 9941 10333 9528
f 9942 9524 9939
f 9522 9525 9943
f 10339 9526 9523
f 10339 9523 9940
f 9527 9528 10333
f 9169 9524 9942
f 9944 9943 9525
f 9167 9944 9525
f 9945 9526 10339
f 9529 9941 9528
f 9942 9946 9169
f 9947 9943 9944
f 9949 9943 9947
f 9170 9947 9167
f 9167 9947 9944
f 9948 9530 9945
f 9529 9532 9941
f 9942 9950 9946
f 9170 9949 9947
f 10338 9531 9530
f 10338 9530 9948
f 9536 9532 9535
f 9955 9171 9950
f 9534 9952 9170
f 9170 9952 9949
f 9951 9531 10338
f 9955 9537 9171
f 9533 9952 9534
f 9953 9540 9951
f 9174 9954 9536
f 9538 9542 9533
f 9533 9542 9952
f 9953 9958 9540
f 9958 9179 9540
f 9180 9957 9542
f 9958 9544 9179
f 9181 9956 9543
f 10350 9959 9546
f 10358 9548 9544
f 10358 9544 9958
f 10362 9180 9960
f 9183 9960 9180
f 10358 9551 9548
f 9550 9961 9181
f 10735 9181 10359
f 10359 9181 9961
f 9962 9549 9959
f 9183 9963 9960
f 9964 9551 10358
f 8519 9961 9550
f 8519 10359 9961
f 9962 10366 9965
f 9966 9963 9183
f 9185 9966 9183
f 10364 9551 9964
f 10359 8519 9967
f 9965 9552 9962
f 10366 9552 9965
f 9968 9552 10366
f 10368 9553 9551
f 10368 9551 10364
f 9970 9966 9555
f 9555 9966 9185
f 9971 9556 9553
f 9971 9553 10368
f 9189 9969 9967
f 9972 9552 9973
f 9977 10375 9555
f 9555 10375 9970
f 9971 9558 9556
f 9195 9969 9189
f 9972 9973 10374
f 9972 10374 9974
f 9977 10378 10375
f 10376 9561 9971
f 9561 9560 9558
f 9561 9558 9971
f 9974 9559 9972
f 10374 9559 9974
f 10377 9559 10374
f 9563 9976 9977
f 9977 9976 10378
f 10376 9977 9561
f 9975 9195 9978
f 9979 9564 9977
f 9565 9978 9195
f 9563 9566 9976
f 10382 9564 9979
f 10767 9562 10761
f 9562 9559 10761
f 9202 10383 9565
f 10767 9980 9562
f 9201 9568 9566
f 10391 9567 10382
f 9569 10383 9202
f 8872 9571 9569
f 9572 9981 9206
f 9206 9981 9568
f 10775 9983 9570
f 10775 9570 10391
f 9987 9208 9982
f 9572 9984 9985
f 8874 9984 9572
f 10400 9989 9983
f 9577 9986 10394
f 9573 9988 8874
f 8874 9988 9984
f 9577 9987 10397
f 9986 9577 10397
f 10397 9987 9990
f 9573 9984 9988
f 9991 9984 9573
f 9576 9989 9992
f 9576 9574 9989
f 9577 9993 9987
f 9993 9575 9987
f 9578 9993 9990
f 10401 9578 9990
f 9580 9992 9210
f 10399 9210 9992
f 9210 10399 9573
f 9992 9579 9576
f 9215 9993 9577
f 10401 10404 9578
f 9994 9991 9580
f 9995 9991 9573
f 9991 9995 9580
f 9992 9580 9995
f 9995 9583 9579
f 9995 9579 9992
f 8883 9993 9215
f 9582 9994 9580
f 8883 9996 9993
f 9998 9996 8883
f 9996 10407 9993
f 10404 10408 9586
f 9582 9997 9994
f 9590 9587 9995
f 10410 9590 9995
f 10408 10412 9586
f 9997 9999 10413
f 10001 9997 9582
f 9999 9997 10001
f 9588 10001 9582
f 9591 9998 9585
f 10793 9592 10412
f 10001 9588 9599
f 10002 10410 10000
f 10002 9600 9590
f 10002 9590 10410
f 10793 10004 9592
f 10007 9226 9594
f 10008 9226 10007
f 9599 10009 10001
f 10418 9600 10002
f 9238 10010 10003
f 10004 10416 10011
f 10013 9225 10017
f 10005 10013 10798
f 10005 10798 10006
f 9594 10006 10007
f 9226 9603 9596
f 9226 10421 9603
f 10421 10014 9603
f 9228 10015 9604
f 9598 10015 10009
f 9598 9604 10015
f 9598 10009 9599
f 10418 9605 9600
f 8909 10016 9606
f 10017 9606 10016
f 10017 10012 10013
f 9607 10018 9241
f 9607 10019 10018
f 10019 10020 10433
f 10425 10020 9235
f 10030 10425 9235
f 10030 9235 9608
f 10014 10426 10015
f 10426 10422 10015
f 9611 10032 9610
f 10032 9611 10021
f 9612 9605 10418
f 9612 10418 10022
f 9243 10023 9238
f 10010 9238 10024
f 10024 9238 10023
f 10416 10025 10011
f 9613 10026 9614
f 10026 10027 9614
f 9614 10027 8909
f 10027 10028 8909
f 10028 10016 8909
f 10016 10028 10017
f 10017 10028 10811
f 10440 9616 9240
f 9241 10029 9240
f 9240 10029 10440
f 10431 10029 9241
f 10431 9241 10018
f 10018 10019 10432
f 10432 10019 10433
f 10030 9608 9609
f 10031 9610 10032
f 9618 10023 9243
f 9249 10033 9618
f 10033 10024 9618
f 10024 10023 9618
f 10025 10034 9619
f 10036 10037 9613
f 10037 10437 9613
f 10437 10026 9613
f 10437 10027 10026
f 10440 9621 9616
f 9622 10033 9249
f 10035 9619 10034
f 9624 9623 10041
f 10036 10041 10037
f 9621 10445 10038
f 10042 10039 9622
f 10042 9622 9251
f 10045 9251 9625
f 10040 9626 10035
f 10446 9623 9626
f 10044 9629 10038
f 9630 10045 9625
f 9623 10446 10043
f 10046 9628 9629
f 10448 10045 9630
f 10448 9630 10047
f 10048 10047 9633
f 10046 9633 9632
f 9628 10046 9632
f 10451 9633 10046
f 9647 9646 10049
f 10052 10054 9643
f 10050 9650 9643
f 10050 9643 10054
f 10050 9646 9650
f 10055 9646 10050
f 9646 10055 10049
f 10049 10051 9647
f 10051 10058 9647
f 9647 10053 9651
f 10058 10053 9647
f 10053 9654 9651
f 9653 10052 9657
f 10054 10052 9653
f 10054 10055 10050
f 10049 10057 10051
f 10049 10055 10057
f 10051 10057 10058
f 10053 9660 9654
f 10063 9660 10053
f 10062 9653 9669
f 10054 9653 10062
f 10054 10454 10056
f 10054 10056 10055
f 10055 10056 10452
f 10055 10452 10453
f 10055 10453 10057
f 10053 10058 10063
f 10063 9665 9660
f 10063 9667 9665
f 10454 10054 10062
f 9661 9671 10059
f 9678 9671 9662
f 10060 10058 10057
f 10058 10061 10063
f 10461 10062 9676
f 10065 9677 9658
f 9658 10059 10065
f 10066 10059 9671
f 10067 9671 9678
f 9678 9691 10067
f 10058 10060 10460
f 10461 9676 10064
f 10071 10065 10059
f 10071 10059 10066
f 10078 10066 9671
f 10073 10067 9691
f 10080 10073 9691
f 10460 10068 10058
f 10069 10058 10068
f 10069 10061 10058
f 10061 10069 10081
f 10061 10081 10063
f 10075 9685 9667
f 10063 10075 9667
f 10075 9687 9685
f 9325 10064 9676
f 10077 10065 10071
f 10070 10065 10077
f 10071 10066 10078
f 10072 10078 9671
f 10072 9671 10067
f 10079 10067 10073
f 9684 10080 9691
f 10081 10069 10068
f 10081 10074 10063
f 10063 10074 10075
f 9693 10076 9325
f 10076 10064 9325
f 9690 10070 10077
f 10077 10071 10475
f 10079 10073 10080
f 9695 10080 9684
f 9695 10085 10080
f 10075 10087 9687
f 10074 10087 10075
f 10087 9697 9687
f 9330 10082 9693
f 9690 10083 9698
f 9690 10077 10083
f 10067 10084 10478
f 10079 10084 10067
f 10079 10079 10080
f 10079 10080 10085
f 9708 10085 9695
f 10068 10086 10081
f 10090 10081 10086
f 10090 10074 10081
f 9012 10088 10082
f 9012 10082 9330
f 9698 10083 9704
f 10084 10079 10079
f 10097 10085 9708
f 10086 10089 10090
f 10074 10091 10087
f 10087 10091 9697
f 10092 10097 9708
f 10092 9708 9713
f 10091 10090 10093
f 10091 10074 10090
f 10091 10094 9697
f 10482 10095 9704
f 10079 10085 10097
f 10104 10097 10092
f 10091 10098 10094
f 10094 9715 9697
f 10487 9343 10099
f 10100 9718 10095
f 10100 10095 10482
f 10079 10097 10096
f 10101 10092 9713
f 10101 10104 10092
f 10093 10106 10091
f 10101 9713 9736
f 10098 10091 10106
f 10094 10102 9715
f 9723 10099 9343
f 10097 10103 10096
f 10104 10103 10097
f 10105 10101 9736
f 10105 10104 10101
f 10098 10107 10094
f 10094 10108 10102
f 10094 10107 10108
f 10102 10112 9721
f 10108 10112 10102
f 9723 9356 10109
f 9718 9727 9724
f 9728 9727 9718
f 10500 9728 9718
f 10111 10096 10103
f 10113 10104 10105
f 10113 10105 9736
f 10107 10098 10106
f 9732 10109 9356
f 10500 10503 9728
f 10103 10113 10116
f 10104 10113 10103
f 10114 10113 9736
f 10115 10107 10106
f 10107 10115 10108
f 10108 9730 10112
f 10507 9735 10503
f 10120 10113 10114
f 10114 9736 9737
f 10118 10117 10115
f 10117 10108 10115
f 10108 9360 9730
f 9027 9732 9361
f 9027 10119 9732
f 10507 10520 9735
f 10124 10116 10113
f 10113 10120 10124
f 10120 10114 10121
f 9737 10121 10114
f 10118 10518 10117
f 10122 10117 10518
f 10122 10108 10117
f 10108 10122 10129
f 10129 9739 9360
f 10129 9360 10108
f 9027 9365 10119
f 10123 9740 10520
f 9737 10125 10121
f 10125 10120 10121
f 9741 10125 9737
f 10129 10126 9739
f 10126 10130 9739
f 9368 10127 9365
f 10123 9743 9740
f 10128 9743 10123
f 10120 10131 10531
f 10131 10120 10139
f 10139 10120 10125
f 9744 10125 9741
f 9744 10139 10125
f 10129 10130 10126
f 10134 10127 9368
f 10128 10135 9743
f 10132 10129 10528
f 10129 10133 10130
f 10129 10132 10133
f 10133 9750 10130
f 10136 10532 10131
f 10139 10136 10131
f 10140 10139 9744
f 9745 10140 9744
f 10132 10141 10133
f 10141 9750 10133
f 9376 10137 9746
f 10529 9378 10135
f 10135 9378 9747
f 10139 10138 10136
f 10140 9748 9749
f 9750 9751 9379
f 9752 10137 9376
f 10529 10142 9378
f 10139 10148 10138
f 10145 10139 10140
f 10148 10139 10145
f 9749 10145 10140
f 10141 10146 9750
f 10146 9751 9750
f 9039 10143 9752
f 10145 9749 9753
f 10147 9754 10146
f 9755 10143 9039
f 10906 9758 10144
f 9753 10148 10145
f 9756 9754 10147
f 10918 9758 10906
f 10148 9753 10149
f 9764 9753 9382
f 10150 9760 9756
f 9753 10151 10155
f 9764 10151 9753
f 9760 10150 10152
f 10153 9766 9758
f 9758 10918 10154
f 9758 10154 10153
f 9390 10151 9764
f 10157 9767 10152
f 9769 10156 9770
f 10156 10550 9770
f 9770 10550 9765
f 10153 9773 9766
f 9393 10156 9769
f 10550 10156 9393
f 9773 10158 9772
f 10160 10159 10151
f 10157 10553 10160
f 10160 9392 10157
f 10926 9774 10158
f 10163 10159 10160
f 10160 10553 10163
f 9775 9392 10160
f 10926 10162 9774
f 10935 9775 10163
f 9776 9775 10935
f 9054 10165 10161
f 10166 9777 10162
f 9056 10164 9775
f 9775 10164 10163
f 10935 10564 9776
f 9397 9777 10165
f 9397 10165 9054
f 10167 10165 9777
f 10166 10168 9777
f 9778 10164 9056
f 10562 9779 10564
f 10170 9777 9397
f 9784 10172 10170
f 9777 10170 9781
f 9781 10170 10565
f 9398 9782 9778
f 10169 9783 10562
f 10566 9783 10169
f 10171 10172 9784
f 10173 9781 10565
f 10566 10569 9783
f 10172 10171 9785
f 10173 9786 9781
f 9060 10175 9785
f 10173 10176 9786
f 10568 9402 10571
f 9402 9403 10571
f 9404 10177 10175
f 9404 10175 9060
f 10574 9787 10176
f 10571 9403 9405
f 10573 11349 10174
f 10184 10177 9404
f 10574 10178 9787
f 10571 9405 10179
f 10181 10184 9404
f 10182 9788 10178
f 9792 10183 9405
f 9405 10183 10179
f 9412 10181 9404
f 10184 10181 9412
f 10185 9790 9791
f 10182 10185 9791
f 10182 9791 9788
f 10185 10187 9790
f 10185 10182 10187
f 9794 10186 9412
f 10188 10186 9794
f 10582 10190 10187
f 10582 10961 10190
f 10191 10578 9795
f 10583 9796 10189
f 9797 10964 9794
f 10192 10187 9798
f 10193 10192 9798
f 10193 9798 10190
f 10194 10193 10190
f 10194 10190 10961
f 9795 9799 10191
f 10196 9076 9796
f 10196 9796 10583
f 9801 10964 9797
f 10192 10195 10187
f 10192 10193 10195
f 10196 9422 9076
f 9803 10200 9801
f 10201 9804 10195
f 10197 9799 9802
f 10198 10197 9802
f 9805 10198 9802
f 10196 10199 9806
f 10196 9806 9422
f 9808 10200 9803
f 9806 10199 9814
f 9810 10200 9811
f 9811 10200 9808
f 10596 10201 10591
f 9813 10202 9805
f 9805 10202 10198
f 10599 9426 9814
f 10599 9814 10199
f 9815 10203 10200
f 9815 10200 9810
f 10201 10204 9812
f 10602 9426 10599
f 9427 10205 9813
f 10978 10207 9815
f 9819 10978 9815
f 9815 10207 10203
f 9817 10209 9427
f 9427 10209 10205
f 9818 10978 9819
f 10210 9820 10208
f 10985 10210 10208
f 9822 9823 10209
f 9822 10209 9817
f 9824 9825 10206
f 10206 9825 9431
f 10606 9829 10210
f 10210 9829 9820
f 10211 10209 10214
f 9432 10214 9823
f 9823 10214 10209
f 10206 10212 10608
f 10608 9825 9824
f 10608 9824 10206
f 10217 10213 9828
f 10215 9829 10606
f 10215 9826 9829
f 9432 9827 10214
f 10216 9825 10608
f 10218 10217 9828
f 9826 9435 9829
f 10610 10219 10216
f 10220 10218 9828
f 10612 9831 9826
f 9826 9831 9435
f 9826 11001 10612
f 9436 10614 9830
f 9834 10221 9436
f 9436 10221 10614
f 10222 10621 9832
f 10222 9832 10219
f 9437 10223 9835
f 9835 10223 10224
f 10612 9839 9836
f 9834 10226 10221
f 9838 10223 9437
f 10227 10226 9834
f 9440 10227 9834
f 10228 10232 9837
f 10228 9837 10621
f 10225 10229 9839
f 10231 10226 10227
f 9841 10231 9440
f 9440 10231 10227
f 10230 9843 10229
f 10230 10229 10225
f 9841 9443 10231
f 10232 9844 9842
f 9446 11011 10624
f 10233 9445 10230
f 10230 9445 9843
f 10234 10231 9443
f 9854 10235 9443
f 10236 9443 10235
f 10235 9846 9844
f 10235 9844 10232
f 9847 10241 11011
f 9847 11011 9446
f 10237 11011 10241
f 10626 9849 10233
f 10233 9849 9445
f 10238 9443 9854
f 10238 10234 9443
f 9443 10239 9854
f 10235 9854 10239
f 10239 9850 9846
f 10239 9846 10235
f 9451 10240 10243
f 10243 10241 9847
f 10628 9852 9853
f 10628 9853 9849
f 10626 10628 9849
f 9854 10242 10238
f 10239 9855 9850
f 9857 10240 9451
f 10629 9856 10628
f 10628 9856 9852
f 9859 10244 9854
f 9854 10244 10242
f 11023 10246 10239
f 10246 9855 10239
f 10629 9858 9856
f 11023 10245 10246
f 10246 9861 9855
f 9862 10240 9857
f 9868 10248 9859
f 10245 9864 9861
f 10245 9861 10246
f 9866 10252 9862
f 9868 10251 10248
f 10249 9869 9864
f 10249 9864 10245
f 9871 10252 9872
f 9872 10252 9866
f 10247 10253 9867
f 9873 10254 9868
f 9868 10254 10251
f 10249 10255 10256
f 10256 9869 10249
f 9870 11038 10252
f 9870 10252 9871
f 11036 9875 10253
f 10255 9876 10256
f 9874 11038 9870
f 10257 9875 11036
f 11036 10258 10257
f 9877 10259 9115
f 9115 10259 9873
f 10255 10650 10260
f 10260 9878 9876
f 10260 9876 10255
f 9466 10265 9874
f 10646 9465 9880
f 10646 9880 9875
f 10261 10646 9875
f 10257 10261 9875
f 10261 10257 10258
f 9877 10262 10259
f 10650 9881 9878
f 10650 9878 10260
f 9882 10265 9466
f 9465 10646 10652
f 9885 10264 10262
f 10263 10269 9881
f 10263 9881 10650
f 9474 10265 9882
f 10266 9887 9884
f 10266 9884 10652
f 9885 10267 10264
f 10263 10268 10269
f 9886 10270 9474
f 10653 9474 10270
f 10266 10271 9887
f 9888 10272 9885
f 9885 10272 10267
f 10268 10273 10269
f 10273 9889 10269
f 9890 10270 9886
f 9887 10661 9891
f 9887 10271 10662
f 9887 10662 10661
f 9888 9892 10272
f 10268 9889 10273
f 9893 10657 9890
f 9891 10661 10274
f 9482 10275 9892
f 11061 10278 10268
f 10278 9133 10268
f 9898 10657 9893
f 10274 10661 10666
f 9896 10276 9482
f 9482 10276 10275
f 11061 10277 10278
f 10278 9894 9133
f 9898 10279 10657
f 9487 9895 10274
f 9896 10280 10276
f 10277 9897 9894
f 10277 9894 10278
f 9899 10282 9896
f 9896 10282 10280
f 10281 9901 9897
f 10281 9897 10277
f 9489 10283 9898
f 9902 9898 10283
f 10286 9139 9487
f 9487 10284 10286
f 9904 10281 10672
f 10281 9904 10285
f 10285 9901 10281
f 9902 10283 9489
f 10286 9903 9139
f 10672 10288 9899
f 10672 9899 9904
f 10286 9906 9903
f 10675 9906 10286
f 10289 10288 10672
f 10290 9904 10289
f 10290 9905 9904
f 9908 10291 10287
f 10296 10288 10289
f 9496 10292 10289
f 10289 10293 10296
f 10289 10292 10290
f 10292 9907 9905
f 10292 9905 10290
f 9908 10294 10291
f 10675 9909 9906
f 9906 9909 9495
f 9143 10292 9496
f 10296 10293 10292
f 10292 9910 9907
f 10295 10294 9908
f 10295 9908 9497
f 9911 10296 9143
f 9143 10296 10292
f 10297 9912 9910
f 10297 9910 10292
f 10298 10295 9144
f 9909 10300 9913
f 9909 10681 10300
f 9146 10299 9911
f 9911 10299 10296
f 10683 9912 10297
f 10306 10299 10301
f 10306 10301 9146
f 9146 10301 10299
f 10304 10298 10303
f 10300 10305 9913
f 10691 10304 10303
f 10303 8480 10691
f 10305 9917 9914
f 9915 10308 10306
f 9505 9915 10306
f 10309 10311 10307
f 10310 10691 8480
f 10310 8480 9916
f 10312 10308 9915
f 10310 9508 10697
f 9916 9508 10310
f 9919 10312 9148
f 9148 10312 9915
f 10315 9920 10311
f 9921 10697 9508
f 10316 10312 9919
f 10315 9922 9920
f 9921 9923 10697
f 10313 9924 10314
f 10699 9924 10313
f 9927 10317 9157
f 10318 9157 10317
f 9157 10318 9919
f 10317 9925 9922
f 10317 9922 10315
f 9926 10320 10319
f 10697 9926 10319
f 9923 9926 10697
f 10699 10323 9924
f 10321 10316 9927
f 10703 10316 9919
f 10316 10703 9927
f 10317 9927 10703
f 10317 9928 9925
f 9929 10320 9926
f 10703 10324 10317
f 10324 9928 10317
f 9929 10325 10320
f 10322 9932 10323
f 9935 10706 9930
f 9930 10706 9927
f 10703 10708 10324
f 9935 10326 10706
f 10708 10329 10324
f 10329 9933 10324
f 9934 9936 10325
f 11484 10709 10327
f 9937 10328 9935
f 9935 10328 10326
f 10708 11122 10329
f 9936 9521 10330
f 10331 10330 9521
f 10709 9939 10327
f 10334 9939 10709
f 11122 10332 10329
f 10332 9938 10329
f 10331 9521 10333
f 11120 9939 10334
f 9943 10335 9165
f 9165 10335 9937
f 11122 10715 10332
f 9941 10331 10333
f 10336 9942 9939
f 9939 11120 10714
f 9939 10714 10336
f 9943 10337 10335
f 10715 10339 10332
f 10339 9940 10332
f 10714 9942 10336
f 10341 9942 10714
f 9943 10717 10337
f 10715 10338 10339
f 9941 9536 10340
f 11132 9942 10341
f 9949 10342 9943
f 9943 10342 10717
f 10338 10343 10339
f 10343 9948 9945
f 10343 9945 10339
f 9532 9536 9941
f 10344 9950 9942
f 9942 11132 10344
f 10338 9948 10343
f 9955 9950 10344
f 10345 9955 10344
f 9952 10724 9949
f 11144 10346 10338
f 10346 9951 10338
f 9542 10351 9952
f 9952 10351 10724
f 10346 11144 10348
f 10346 9953 9951
f 9954 10347 9536
f 9956 10347 9954
f 9542 10352 10351
f 10348 9953 10346
f 9543 9956 9954
f 10353 9546 10349
f 10349 9546 9955
f 10349 10350 10353
f 10354 10351 10352
f 9957 10351 10354
f 9957 10354 9542
f 9542 10354 10352
f 10355 9958 9953
f 10355 9953 10348
f 10353 10350 9546
f 10733 10358 9958
f 10733 9958 10355
f 10356 9956 10735
f 9959 10350 11154
f 10362 10357 9180
f 9180 10357 9957
f 9181 10735 9956
f 9959 10360 9962
f 10363 10358 10361
f 10363 9964 10358
f 10366 9962 10360
f 9963 10362 9960
f 10364 9964 10363
f 10365 10745 10359
f 9966 10367 9963
f 9963 10367 10362
f 10363 10368 10364
f 10363 10750 10368
f 9967 10365 10359
f 10372 9968 10366
f 10366 10746 10372
f 9970 10369 9966
f 9966 10369 10367
f 9969 10365 9967
f 10372 9552 9968
f 10368 10370 9971
f 10750 10370 10368
f 10372 9973 9552
f 10375 10373 9970
f 10754 10376 9971
f 10754 9971 10370
f 10371 9969 9975
f 10374 9973 10372
f 9195 9975 9969
f 10379 9977 10376
f 10380 9559 10377
f 10759 9979 9977
f 10759 9977 10379
f 10380 10761 9559
f 9566 10378 9976
f 10382 9979 10759
f 10381 10378 10387
f 10387 10378 10385
f 9566 10385 10378
f 10388 9980 10767
f 9568 10387 9566
f 9566 10387 10385
f 10765 10391 10382
f 10765 10382 10386
f 9569 9571 10383
f 10389 10388 10767
f 9568 10390 10387
f 10772 9205 10388
f 10388 10389 10772
f 9981 10390 10392
f 9981 10392 9568
f 9568 10392 10390
f 10393 10775 10391
f 11186 9571 10394
f 10772 9982 9205
f 11193 9987 9982
f 9982 10772 11193
f 9985 10395 9572
f 9572 10395 9981
f 10396 10400 9983
f 10396 9983 10775
f 9986 10397 10394
f 10776 10394 10397
f 11193 10779 9987
f 9984 10395 9985
f 10399 10400 10396
f 9990 11194 10397
f 10401 9990 9987
f 9987 10779 10401
f 9991 10398 9984
f 9984 10398 10395
f 10399 9992 9989
f 10399 9989 10400
f 9993 11194 9990
f 9993 10781 11194
f 10402 9573 10399
f 9994 10398 9991
f 10402 9995 9573
f 10407 10781 9993
f 9997 10405 9994
f 9994 10405 10398
f 10406 10410 9995
f 10406 9995 10402
f 10786 10408 10404
f 10409 10410 10406
f 9998 10411 9996
f 10407 9996 10411
f 10790 10405 10413
f 9997 10413 10405
f 10409 10415 10410
f 10415 10000 10410
f 9591 10411 9998
f 9999 10417 10413
f 10415 10409 10414
f 10792 9591 10003
f 10416 10004 10793
f 10015 10417 9999
f 10009 10015 10001
f 10001 10015 9999
f 10418 10415 10796
f 10418 10000 10415
f 10418 10002 10000
f 10792 10003 10010
f 10798 10013 10806
f 10007 10419 10008
f 10008 10419 9226
f 10421 9226 10419
f 10422 10417 10015
f 10416 10797 10803
f 10017 10811 10423
f 10017 10424 10012
f 10012 10424 10013
f 10013 10424 10806
f 10020 10425 10433
f 10030 10434 10425
f 10421 10419 10420
f 10421 10420 10426
f 10421 10426 10014
f 10021 9611 10427
f 9611 10801 10427
f 9611 10022 10801
f 10024 10429 10010
f 10802 10010 10430
f 10430 10010 10429
f 10809 10025 10803
f 10803 10025 10416
f 10813 10425 10434
f 9609 10434 10030
f 10815 9609 9617
f 10816 10815 9617
f 10032 10427 10428
f 10031 10032 10428
f 10427 10032 10021
f 10033 10429 10024
f 9622 10430 10033
f 10430 10429 10033
f 10809 10034 10025
f 10809 10435 10035
f 10809 10035 10034
f 10436 10435 10809
f 10027 10437 10028
f 10028 10437 10811
f 10018 10029 10431
f 10039 10042 9622
f 10818 9622 10441
f 10441 9622 10042
f 10819 10040 10035
f 10436 10819 10035
f 10435 10436 10035
f 9623 10438 10041
f 10041 10438 10037
f 10438 10437 10037
f 10439 10445 9621
f 10440 10439 9621
f 9251 10441 10042
f 10442 9251 10045
f 10442 10441 9251
f 10819 9626 10040
f 10822 9626 10819
f 9626 10443 10446
f 10822 10443 9626
f 10043 10827 9623
f 9623 10827 10438
f 10445 10444 10038
f 10826 10442 10045
f 10827 10043 10446
f 10450 10046 9629
f 10447 10450 9629
f 10447 9629 10044
f 10038 10447 10044
f 10447 10038 10444
f 10449 10047 10048
f 10449 10448 10047
f 9633 10449 10048
f 9633 10451 10449
f 10450 10451 10046
f 10452 10056 10458
f 10459 10057 10453
f 10062 10456 10454
f 10056 10455 10458
f 10459 10060 10057
f 10461 10456 10062
f 10454 10457 10056
f 10056 10457 10455
f 10458 10465 10452
f 10453 10452 10459
f 10460 10060 10459
f 10454 10456 10457
f 10452 10465 10459
f 10469 10461 10064
f 10462 10469 10064
f 10469 10463 10461
f 10464 10461 10463
f 10461 10464 10456
f 10456 10464 10457
f 10457 10464 10455
f 10458 10833 10465
f 10465 10466 10459
f 10459 10467 10460
f 10459 10466 10467
f 10460 10467 10068
f 10462 10064 10076
f 9693 10462 10076
f 10468 10462 9693
f 10469 10462 10468
f 10077 10475 10471
f 10078 10477 10071
f 10071 10477 10475
f 10067 10470 10072
f 10467 10474 10068
f 10082 10468 9693
f 10471 10083 10077
f 10477 10078 10072
f 10478 10470 10067
f 10478 10072 10470
f 10473 10466 10472
f 10473 10467 10466
f 10467 10473 10474
f 10474 10086 10068
f 10088 10468 10082
f 10839 10468 10088
f 10471 10489 10083
f 10489 10471 10475
f 10476 10475 10477
f 10484 10477 10072
f 10484 10072 10478
f 10079 10479 10084
f 10084 10479 10478
f 10473 10472 10474
f 10474 10472 10838
f 10486 10474 10838
f 10474 10486 10480
f 10481 10089 10086
f 10474 10481 10086
f 10480 10481 10474
f 10481 10090 10089
f 10083 10482 9704
f 10482 10083 10489
f 10489 10475 10854
f 10854 10475 10476
f 10476 10477 10490
f 10490 10477 10484
f 10485 10484 10478
f 10492 10478 10479
f 10485 10478 10492
f 10096 10492 10079
f 10492 10479 10079
f 10481 10093 10090
f 10844 10088 10487
f 10482 10489 10488
f 10860 10489 10483
f 10490 10484 10485
f 10491 10485 10492
f 10480 10486 10493
f 10481 10494 10093
f 10480 10494 10481
f 10099 10495 10487
f 10495 10844 10487
f 10482 10497 10100
f 10482 10488 10852
f 10482 10852 10497
f 10485 10491 10496
f 10491 10492 10496
f 10498 10492 10096
f 10494 10106 10093
f 9723 10109 10099
f 10110 10099 10109
f 10497 9718 10100
f 10501 10496 10492
f 10492 10498 10501
f 10504 10498 10096
f 10480 10499 10502
f 10480 10502 10494
f 10494 10502 10106
f 10497 10500 9718
f 10498 10504 10501
f 10111 10505 10096
f 10505 10504 10096
f 10505 10514 10504
f 10505 10111 10103
f 10870 10502 10499
f 10502 10506 10106
f 10109 10849 10110
f 10500 10497 10503
f 10512 10501 10504
f 10504 10508 10512
f 10116 10505 10103
f 10870 10877 10502
f 10510 10502 10877
f 10519 10109 9732
f 10508 10504 10514
f 10509 10505 10116
f 10509 10514 10505
f 10510 10516 10502
f 10502 10516 10506
f 10511 10115 10106
f 10506 10511 10106
f 10511 10118 10115
f 10119 10519 9732
f 10507 10503 10878
f 10507 10878 10520
f 10508 10513 10512
f 10522 10508 10514
f 10513 10508 10522
f 10124 10509 10116
f 10124 10514 10509
f 10877 10515 10510
f 10516 10510 10515
f 10506 10517 10511
f 10506 10516 10517
f 10511 10518 10118
f 10517 10518 10511
f 9365 10519 10119
f 10521 10512 10513
f 10522 10514 10124
f 10522 10124 10120
f 10518 10129 10122
f 10127 10519 9365
f 10127 10134 10519
f 10520 10128 10123
f 10513 10522 10530
f 10120 10531 10522
f 10515 10523 10516
f 10524 10516 10523
f 10516 10528 10517
f 10516 10524 10528
f 10517 10528 10129
f 10517 10129 10518
f 10522 10531 10530
f 10131 10526 10531
f 10526 10532 10531
f 10527 10528 10524
f 9746 10137 10134
f 10137 10525 10134
f 10529 10135 10128
f 10532 10526 10131
f 10528 10527 10533
f 10533 10132 10528
f 10535 10531 10532
f 10136 10534 10532
f 10534 10535 10532
f 10138 10534 10136
f 10527 10536 10533
f 10527 10902 10536
f 10533 10141 10132
f 9752 10143 10137
f 10144 10142 10529
f 10535 10537 10531
f 10138 10535 10534
f 10536 10146 10141
f 10536 10141 10533
f 10535 10541 10537
f 10538 10535 10138
f 10541 10535 10538
f 10148 10538 10138
f 10901 10536 10905
f 10536 10147 10146
f 9755 10539 10143
f 11294 10906 10144
f 10148 10540 10538
f 10540 10541 10538
f 10149 10540 10148
f 10901 9756 10536
f 10901 10542 9756
f 9756 10147 10536
f 9757 10539 9755
f 10915 10541 10549
f 10149 10541 10540
f 10546 9756 10542
f 10546 10150 9756
f 9761 10543 9757
f 10544 9757 10543
f 10915 10549 10548
f 10545 10541 10149
f 10549 10541 10545
f 10155 10545 9753
f 9753 10545 10149
f 10546 10152 10150
f 9765 10543 9761
f 10549 10545 10155
f 10916 10549 10547
f 10155 10547 10549
f 10547 10155 10546
f 10151 10546 10155
f 10546 10151 10922
f 10546 10157 10152
f 10550 10543 9765
f 10154 9773 10153
f 10918 9773 10154
f 10549 10551 10925
f 10551 10549 10554
f 10554 10549 10922
f 10549 10916 10922
f 10553 10546 10922
f 10553 10157 10546
f 9393 10552 10550
f 10926 10158 9773
f 10159 10554 10151
f 10151 10554 10922
f 10161 10552 9393
f 10159 10555 10554
f 10555 10159 10553
f 10163 10553 10159
f 10553 10163 10931
f 10931 10163 10553
f 10166 10162 10926
f 10557 10928 10554
f 10554 10559 10557
f 10559 10554 10931
f 10164 10931 10163
f 10554 10555 10931
f 10931 10935 10163
f 10165 10556 10161
f 10164 10559 10931
f 10936 10165 10167
f 10560 10168 10558
f 10558 10168 10166
f 10164 10561 10559
f 9778 10561 10164
f 10565 10563 10167
f 10167 10168 10936
f 10938 10936 10168
f 10560 10938 10168
f 10564 10169 10562
f 10167 10563 10565
f 10936 10938 10940
f 10566 10169 10564
f 10172 10567 10170
f 11341 10173 10940
f 10940 10173 10565
f 9785 10567 10172
f 10568 10570 10945
f 10568 10571 10570
f 10946 10174 10569
f 10947 10176 10173
f 10571 11344 10572
f 11344 10571 10946
f 10946 10571 10573
f 10573 10174 10946
f 10177 10950 10175
f 10947 10574 10176
f 10572 11349 10571
f 10573 10571 11349
f 10951 10178 10574
f 10179 10575 10571
f 11354 10180 11349
f 10184 10577 10177
f 10177 10577 10950
f 10951 10182 10178
f 11354 9793 10180
f 9412 10576 10184
f 10576 10577 10184
f 10951 10579 10182
f 9792 10578 10183
f 10581 9793 11354
f 10186 10576 9412
f 10577 10576 10186
f 10579 10187 10182
f 10581 9796 9793
f 10579 10582 10187
f 10191 10580 10578
f 10581 10583 10189
f 10581 10189 9796
f 10584 10188 9794
f 10963 10580 10191
f 10964 10584 9794
f 10188 10584 10964
f 10964 10960 10188
f 9799 10963 10191
f 10196 10583 10585
f 9801 10586 10964
f 10587 10195 10194
f 10194 10195 10193
f 10194 10961 10587
f 10588 10196 10585
f 10200 10589 10586
f 10200 10586 9801
f 10966 10201 10587
f 10587 10201 10195
f 10590 9799 10197
f 10199 10588 10968
f 10199 10196 10588
f 10200 10970 10589
f 10966 10591 10201
f 10966 10969 10591
f 10590 10198 10592
f 10590 10197 10198
f 10968 10593 10199
f 10594 10595 10200
f 10595 10970 10200
f 10597 10596 10591
f 10598 10597 10591
f 10598 10591 10969
f 10198 10202 10592
f 10599 10199 10593
f 10203 10594 10200
f 10973 10204 10596
f 10596 10204 10201
f 10596 10597 10973
f 9813 10601 10202
f 10973 10976 10204
f 10205 10601 9813
f 10207 10978 10203
f 10209 10211 10205
f 10205 10211 10601
f 10604 10206 10602
f 9818 10605 10978
f 10976 10985 10208
f 10603 10601 10211
f 10603 10211 10214
f 10604 10212 10206
f 10213 10605 9818
f 10985 10606 10210
f 10985 10987 10606
f 10608 10212 10604
f 10606 10987 10992
f 9827 10607 10214
f 10218 10213 10217
f 10606 9826 10215
f 10606 10991 9826
f 10991 10606 10992
f 9830 10609 9827
f 9827 10609 10607
f 10610 10216 10608
f 10614 10611 9830
f 9830 10611 10609
f 10999 10219 10610
f 10220 11000 10218
f 10613 11001 9826
f 10615 10222 10219
f 10615 10219 10999
f 10223 10220 10224
f 10223 11000 10220
f 10612 11001 9839
f 10226 10614 10221
f 10617 10621 10615
f 10621 10222 10615
f 9838 10618 10223
f 10226 10616 10614
f 10617 10620 10621
f 9840 10618 9838
f 10618 11008 10223
f 10231 10619 10226
f 10226 10619 10616
f 10620 10236 10621
f 10236 10232 10228
f 10236 10228 10621
f 10624 10618 9840
f 10625 10230 10225
f 10625 10225 10622
f 10231 10623 10619
f 10620 11015 10236
f 10236 10235 10232
f 11017 10233 10230
f 10231 10234 10623
f 11015 9443 10236
f 11016 11011 10237
f 11017 10626 10233
f 10627 10239 9443
f 10627 9443 11015
f 10241 10243 10237
f 10243 11016 10237
f 11413 11023 10239
f 11413 10239 10627
f 10631 10630 10238
f 10244 10631 10238
f 10242 10244 10238
f 10633 10243 10240
f 10632 10243 10633
f 9862 10632 10240
f 10633 10240 10632
f 10250 10247 9858
f 10250 9858 10629
f 10634 10250 10629
f 10248 10631 10244
f 9859 10248 10244
f 11026 10249 10245
f 10252 10632 9862
f 10635 10632 10252
f 10251 10254 10248
f 10636 10249 11026
f 10637 10638 10252
f 10639 10253 10247
f 10638 10635 10252
f 11030 10639 10247
f 11030 10247 10250
f 11030 10250 10634
f 10259 10248 10254
f 11034 10255 10249
f 11034 10249 10636
f 11038 10637 10252
f 10639 11036 10253
f 10639 11030 11036
f 10640 10259 10254
f 9873 10640 10254
f 10641 10255 11034
f 9874 10642 11038
f 10643 10258 11036
f 11036 10644 10643
f 9873 10259 10640
f 11042 10650 10255
f 11042 10255 10641
f 10265 10645 10642
f 10265 10642 9874
f 10647 10646 10261
f 10647 10261 10258
f 10648 10647 10258
f 10643 10648 10258
f 10648 10643 10644
f 10649 10264 10259
f 10262 10649 10259
f 10265 10651 10645
f 10646 10647 11045
f 10646 11045 10652
f 10262 10264 10649
f 11041 10263 10650
f 9474 10653 10265
f 10653 10654 10265
f 10654 10651 10265
f 10652 11045 11051
f 10267 10655 10264
f 10656 10268 10263
f 10656 10263 11041
f 10662 10271 10652
f 10652 10271 10266
f 10652 11051 10662
f 10659 10655 10272
f 10267 10272 10655
f 11047 10268 10656
f 9890 10657 10270
f 10657 10658 10270
f 10270 10658 10653
f 10653 10658 11054
f 9892 10659 10272
f 10660 11061 10268
f 10660 10268 11047
f 10658 10657 11062
f 10664 10659 10275
f 9892 10275 10659
f 10665 10663 10657
f 10663 11062 10657
f 10661 11064 10666
f 10276 10664 10275
f 10279 10665 10657
f 10666 9487 10274
f 10669 10664 10280
f 10276 10280 10664
f 11060 10281 10277
f 9898 10670 10279
f 10665 10279 10670
f 10668 9487 10666
f 10666 11072 10668
f 10282 10669 10280
f 10667 10281 11060
f 9902 10287 10670
f 9902 10670 9898
f 10668 10284 9487
f 9899 10669 10282
f 11076 10672 10281
f 11076 10281 10667
f 9908 10287 9902
f 10288 10671 9899
f 9899 10671 10669
f 10284 10675 10286
f 10288 10676 10671
f 10674 10289 10672
f 10673 10674 10672
f 10674 10290 10289
f 10675 10284 11861
f 10296 10676 10288
f 10673 10293 10289
f 10674 10673 10289
f 10674 10289 10290
f 10296 10677 10676
f 10673 10292 10293
f 10678 10292 10673
f 10295 10298 10294
f 9909 10675 10681
f 10675 11861 10681
f 10682 10677 10679
f 10299 10679 10296
f 10296 10679 10677
f 10678 10680 10292
f 10680 10297 10292
f 10299 10682 10679
f 10678 10683 10680
f 10678 11091 10683
f 10683 10297 10680
f 11088 10298 10685
f 10298 10304 10685
f 10306 10684 10299
f 10299 10684 10682
f 11091 10688 10683
f 10688 10302 10683
f 10681 10686 10300
f 10300 10686 10305
f 10308 10689 10306
f 10306 10689 10684
f 11091 10687 10688
f 10688 10307 10302
f 10691 10685 10304
f 10686 10692 10305
f 10305 10692 9917
f 10687 10309 10307
f 10687 10307 10688
f 10691 10310 11100
f 9917 10692 9918
f 10312 10693 10308
f 10308 10693 10689
f 10690 10311 10309
f 10690 10309 10687
f 11100 10310 10697
f 11100 10697 11102
f 10692 10314 9918
f 11469 10314 10692
f 10696 10693 10694
f 10312 10694 10693
f 10690 10695 10318
f 10318 10315 10311
f 10318 10311 10690
f 11469 10699 10314
f 10314 10699 10313
f 10316 10696 10312
f 10312 10696 10694
f 10318 10317 10315
f 10316 10700 10696
f 10319 10698 10697
f 10319 10320 10698
f 10701 10323 10699
f 10699 11477 10701
f 10321 10700 10702
f 10321 10702 10316
f 10316 10702 10700
f 10703 9919 10318
f 10698 10320 11483
f 10701 10322 10323
f 11477 10704 10322
f 10701 11477 10322
f 10325 11483 10320
f 10325 11112 11483
f 10704 11484 10322
f 9927 10706 10321
f 11116 10708 10703
f 11116 10703 10705
f 9936 11112 10325
f 10328 10706 10707
f 10326 10707 10706
f 10326 10328 10707
f 10710 11122 10708
f 10330 10331 9936
f 10709 11120 10334
f 9937 10711 10328
f 10331 11123 10712
f 10335 10711 9937
f 10713 10715 11122
f 9941 11123 10331
f 10335 10337 10711
f 11123 9941 10716
f 10714 11132 10341
f 11134 10338 10715
f 10340 10716 9941
f 10340 9536 10716
f 9536 10719 10716
f 10342 10722 10717
f 10718 10338 11134
f 10721 10344 10720
f 9949 10722 10342
f 11137 11144 10338
f 11137 10338 10718
f 9536 10723 10719
f 10347 10719 10723
f 11142 10345 10344
f 10344 10721 11142
f 9949 10724 10722
f 10347 10723 9536
f 10726 9955 11142
f 11142 9955 10345
f 11142 10727 10726
f 11152 10724 10730
f 10351 10730 10724
f 9956 10728 11145
f 10725 9956 11145
f 10347 9956 10725
f 10726 10349 9955
f 10727 10729 10350
f 10727 10350 10349
f 10726 10727 10349
f 10731 10734 10348
f 10356 10728 9956
f 11525 10350 10729
f 10729 10727 11525
f 9957 10732 10351
f 10351 10732 10730
f 10731 10733 10734
f 10734 10355 10348
f 11525 11154 10350
f 10357 10736 9957
f 9957 10736 10732
f 10733 10355 10734
f 10738 9959 11154
f 10357 10740 10736
f 10733 10741 10744
f 10744 10358 10733
f 10359 10742 10737
f 10359 10737 10735
f 10745 10737 10742
f 10738 10360 9959
f 10362 10743 10357
f 10357 10743 10740
f 10744 10361 10358
f 10745 10742 10359
f 10738 10366 10360
f 10738 10739 10746
f 10362 10747 10743
f 10744 10741 11164
f 10744 10363 10361
f 10746 10366 10738
f 10367 10748 10362
f 10362 10748 10747
f 11164 10750 10363
f 11164 10363 10744
f 10372 10746 11168
f 10752 10748 10369
f 10367 10369 10748
f 9969 10751 10365
f 10371 10365 10751
f 9970 10752 10369
f 10371 10751 9969
f 10753 10372 11541
f 10755 10752 10373
f 9970 10373 10752
f 10753 10374 10372
f 11541 10374 10753
f 10377 10374 11541
f 10375 10755 10373
f 11175 10376 10754
f 9978 10756 9975
f 10758 10755 10762
f 10378 10762 10375
f 10375 10762 10755
f 11177 10379 10376
f 11177 10376 11175
f 10756 9978 10384
f 10380 10377 10757
f 11177 10378 10381
f 10378 11177 10762
f 10381 10759 11177
f 10759 10379 11177
f 9565 10760 10384
f 9565 10384 9978
f 11176 10761 10380
f 10762 11182 10381
f 10381 10382 10759
f 10383 10760 9565
f 10383 10384 10760
f 10761 11559 10767
f 10387 10764 10381
f 10381 10764 10762
f 11182 10386 10382
f 11182 10382 10381
f 10383 10763 10384
f 10383 10766 10763
f 10765 10386 11182
f 10766 9571 10768
f 10383 9571 10766
f 10770 10769 10389
f 10770 10389 10767
f 10771 10769 10770
f 10765 11189 10773
f 10773 10391 10765
f 11186 10768 9571
f 10769 10772 10389
f 10769 10771 10772
f 9981 11191 10390
f 10390 11191 10387
f 10773 10393 10391
f 10394 10776 11186
f 10395 10774 9981
f 9981 10774 11191
f 10775 10393 10773
f 11190 11193 10772
f 10395 10777 10774
f 10773 10778 10775
f 10778 10396 10775
f 10397 11194 10776
f 10398 10780 10395
f 10395 10780 10777
f 10778 10399 10396
f 11196 10401 10779
f 10398 10782 10780
f 11195 10402 10399
f 11195 10399 10778
f 10783 10403 10782
f 10403 10783 10398
f 10398 10783 10782
f 10784 10402 11195
f 10785 10404 10401
f 10401 11196 10785
f 11202 10402 10784
f 11203 10781 10407
f 10785 10786 10404
f 10787 10403 10405
f 10405 10403 10398
f 10788 10406 10402
f 10788 10402 11202
f 11588 10408 10786
f 10790 10787 10405
f 10788 10409 10406
f 11205 10407 10411
f 11588 10412 10408
f 10786 11206 11588
f 10787 10794 10789
f 10790 10794 10787
f 10791 10414 10409
f 10791 10409 10788
f 9591 10792 10411
f 11588 10793 10412
f 11588 11597 10793
f 10417 10790 10413
f 10791 10415 10414
f 10793 11597 11218
f 10793 11218 10797
f 10417 10794 10790
f 10791 10795 10801
f 10791 10796 10415
f 10801 10796 10791
f 10010 10802 10792
f 10793 10797 10416
f 11607 10006 10798
f 11225 10007 10006
f 11225 10006 11607
f 10799 10419 10007
f 10794 10426 10800
f 10426 10794 10417
f 10422 10426 10417
f 10801 10022 10418
f 10801 10418 10796
f 10797 11219 10803
f 10423 10804 10017
f 10424 10017 10804
f 10798 10806 11607
f 10007 11225 10807
f 10007 10807 10799
f 10799 10807 10419
f 10807 11221 10419
f 10419 11221 10420
f 10426 10420 10800
f 10795 10031 10428
f 10795 10428 10427
f 10795 10427 10801
f 10430 10808 10802
f 10818 10802 10808
f 10809 10803 10810
f 10423 10811 10804
f 10811 11229 10804
f 10804 11229 10424
f 10424 11229 10805
f 10432 10433 10812
f 10812 10433 10425
f 10813 10812 10425
f 9609 11233 10434
f 11233 9609 10814
f 9609 10815 10814
f 10817 9617 10031
f 10817 10816 9617
f 9622 10808 10430
f 9622 10818 10808
f 10809 10819 10436
f 10809 10810 10819
f 11231 10437 10820
f 10811 10437 11231
f 10825 10029 10821
f 10029 10018 10821
f 10821 10018 10432
f 10441 10826 10818
f 10810 10822 10819
f 10438 10824 10437
f 10437 10824 10820
f 10440 10029 10825
f 10442 10826 10441
f 10443 10822 10823
f 10823 10827 10443
f 10827 10828 10438
f 10445 10439 10440
f 10829 10826 10045
f 10830 10045 10448
f 10830 10829 10045
f 10827 10446 10443
f 10447 10444 10445
f 10448 11240 10830
f 10449 11240 10448
f 11240 10449 10451
f 10450 11242 11240
f 10450 10447 11242
f 11240 10451 10450
f 10831 10464 10463
f 10831 10455 10464
f 10832 10455 10831
f 10458 10455 10832
f 10463 10469 10468
f 10463 10834 10831
f 10458 10832 10835
f 10458 10835 10833
f 10833 10466 10465
f 10472 10466 10833
f 10463 10841 10834
f 10463 10468 10841
f 10833 10835 10472
f 10468 10839 10841
f 10834 10841 11244
f 10831 10834 10832
f 10832 11247 10835
f 10835 10836 10472
f 10472 10836 10842
f 10842 10837 10472
f 10838 10472 10837
f 10844 10839 10088
f 10841 10839 10840
f 10489 10854 10483
f 10476 10490 10854
f 11247 10842 10835
f 10842 10836 10835
f 10837 10486 10838
f 10852 10488 10489
f 10844 10840 10839
f 10489 10860 10852
f 10855 10854 10490
f 10485 10845 10490
f 10843 10850 10842
f 10837 10842 10847
f 10848 10493 10486
f 10848 10486 10837
f 10099 10844 10495
f 10849 10844 10099
f 11254 10844 10849
f 10860 10483 10854
f 10856 10855 10490
f 10856 10490 10845
f 10856 10845 10485
f 10496 10856 10485
f 10842 10850 10847
f 10837 10493 10848
f 10837 10847 10493
f 10110 10849 10099
f 10871 10497 10852
f 10852 10860 10871
f 10853 10860 10854
f 10501 10856 10496
f 10851 10857 10847
f 10847 10863 10493
f 10493 10863 10858
f 10858 10499 10480
f 10858 10480 10493
f 10860 10853 11273
f 11273 10853 10854
f 11273 10854 10855
f 10855 10856 10861
f 10856 10867 10861
f 10867 10856 10862
f 10862 10856 10501
f 10862 10501 10873
f 10863 10847 10857
f 10858 10870 10499
f 10109 10864 10849
f 10859 10849 10865
f 10865 10849 10864
f 10871 10503 10497
f 10871 10860 10866
f 10879 10873 10501
f 10512 10879 10501
f 10869 10863 10857
f 10863 10870 10858
f 10863 10869 10870
f 10519 10864 10109
f 10872 10868 10862
f 10873 10874 10872
f 10862 10873 10872
f 10875 10879 10512
f 10881 10877 10870
f 10503 10871 11279
f 10503 11279 10878
f 10873 10879 10874
f 10884 10875 10512
f 10876 10870 10869
f 10870 10876 10881
f 10892 10874 10879
f 10884 10879 10875
f 10521 10885 10512
f 10885 10884 10512
f 10885 10521 10513
f 10881 10876 10880
f 10881 10882 10877
f 10877 10882 10515
f 10134 10883 10519
f 11278 10128 10878
f 10878 10128 10520
f 10879 10884 10892
f 10893 10884 10885
f 10530 10885 10513
f 10880 11282 10881
f 10881 10886 10882
f 10882 10523 10515
f 10525 10883 10134
f 10884 10887 10892
f 10893 10887 10884
f 10888 10885 10530
f 10888 10893 10885
f 11282 10889 10881
f 10895 10881 10889
f 10895 10886 10881
f 10886 10523 10882
f 10523 10527 10524
f 10137 10890 10525
f 10891 10529 10128
f 10887 10893 10892
f 10894 10888 10530
f 10894 10893 10888
f 10894 10530 10531
f 10886 10527 10523
f 10891 11289 10529
f 10893 10899 11287
f 10899 10893 10896
f 10896 10893 10894
f 10531 10896 10894
f 10897 10886 10895
f 10886 10902 10527
f 10143 10890 10137
f 10898 11294 10529
f 11294 10144 10529
f 10898 10529 11289
f 10899 10896 10900
f 10531 10904 10896
f 10537 10904 10531
f 10897 10917 10886
f 10886 10901 10902
f 10886 10917 10901
f 10899 10900 10907
f 10900 10896 10904
f 10904 10537 10541
f 10909 10917 10897
f 10902 10905 10536
f 10901 10905 10902
f 10539 10903 10143
f 11667 10906 11294
f 10908 10900 10904
f 10908 10904 10541
f 10908 10541 10915
f 10910 10917 10909
f 9757 10911 10539
f 10918 10906 11305
f 10912 10907 10900
f 10919 10917 10910
f 10901 10546 10542
f 9757 10544 10911
f 11305 12097 10918
f 10913 10912 10900
f 10900 10914 10913
f 10908 10914 10900
f 10915 10914 10908
f 10919 10916 10917
f 10917 10547 10546
f 10917 10546 10901
f 12097 11312 10918
f 10921 10914 10915
f 10548 10921 10915
f 10920 10916 10919
f 10916 10547 10917
f 11312 11315 10918
f 11315 9773 10918
f 10921 10924 10914
f 10925 10921 10548
f 10549 10925 10548
f 10920 10922 10916
f 10552 10923 10550
f 11315 10926 9773
f 10928 10921 10925
f 10554 10925 10551
f 10920 10929 10922
f 10929 10555 10553
f 10929 10553 10922
f 10161 11687 10923
f 10161 10923 10552
f 10554 10928 10925
f 10556 11687 10161
f 10927 10166 10926
f 10921 10930 10932
f 10928 10930 10921
f 10929 10931 10555
f 10934 10931 10929
f 10927 10558 10166
f 10930 10933 10932
f 10928 10933 10930
f 10559 10928 10557
f 10933 10928 10559
f 10935 10931 10934
f 10937 10165 10936
f 10927 10560 10558
f 10938 10560 10927
f 10939 10933 10559
f 11334 10564 10935
f 9778 10939 10559
f 10561 9778 10559
f 10566 10564 11334
f 10170 10940 10565
f 11337 10940 10938
f 9778 10941 10939
f 9782 10941 9778
f 11340 10569 10566
f 10567 10940 10170
f 11337 11341 10940
f 10568 10942 9782
f 9782 10942 10941
f 10946 10569 11340
f 9785 10943 10567
f 10944 10173 11341
f 10945 10942 10568
f 10175 10943 9785
f 10944 10947 10173
f 10945 10571 10942
f 10570 10571 10945
f 11349 10572 11344
f 10951 10574 10947
f 10575 10948 10571
f 10575 10179 10948
f 10949 11354 11349
f 10954 10950 10577
f 10953 10950 10954
f 10954 10577 10953
f 10951 10582 10579
f 11353 10582 10951
f 10578 11355 10183
f 10183 11355 10179
f 10952 10581 11354
f 10186 10953 10577
f 10955 11355 10580
f 10580 11355 10578
f 10957 10186 10188
f 10963 10955 10580
f 10959 10583 10581
f 10959 10581 10956
f 10957 10188 11361
f 11361 10188 10960
f 10958 10961 10582
f 10583 10959 10585
f 10964 10965 10960
f 10965 11360 10960
f 11360 11361 10960
f 11362 10961 10958
f 9799 10962 10963
f 10965 10964 10586
f 10966 10587 10961
f 10961 11362 10966
f 10967 10962 10590
f 10590 10962 9799
f 10585 11363 10588
f 11366 10967 10590
f 10968 10588 11363
f 10966 11759 10969
f 11366 10590 10592
f 10202 11366 10592
f 10202 10971 11366
f 10203 10972 10595
f 10203 10595 10594
f 10970 10595 10972
f 10598 10973 10597
f 10598 10969 10973
f 10971 10202 10601
f 10599 10593 10977
f 10600 10972 10203
f 10975 10972 10600
f 10973 11370 10976
f 10601 10974 10971
f 10977 10602 10599
f 10203 10978 10600
f 10978 10975 10600
f 10980 10979 10976
f 10980 10976 11370
f 10981 10982 10974
f 10603 10981 10974
f 10603 10974 10601
f 10983 10984 10977
f 10984 10604 10602
f 10984 10602 10977
f 10605 11377 10978
f 10979 10985 10976
f 10982 10981 10214
f 10603 10214 10981
f 10604 10983 11382
f 10983 10604 10984
f 10986 11377 10605
f 10607 10988 10214
f 11382 10608 10604
f 10213 10989 10605
f 10605 10989 10986
f 10990 10992 10987
f 10987 10985 10990
f 10218 11383 10989
f 10218 10989 10213
f 10990 11384 10992
f 10609 10993 10607
f 10608 11382 10994
f 10994 10610 10608
f 10995 11383 10218
f 10996 9826 10991
f 10991 10992 10997
f 10991 10997 10996
f 10611 10993 10609
f 10999 10610 10994
f 11000 11399 10218
f 11399 10995 10218
f 11002 11001 10613
f 11002 10613 9826
f 11003 11002 9826
f 10996 11003 9826
f 11003 10996 10997
f 10614 10998 10611
f 10611 10998 10993
f 11392 11004 10999
f 11004 10615 10999
f 10223 11005 11000
f 11400 9839 11001
f 11001 11002 11400
f 10614 10616 10998
f 11004 10617 10615
f 10223 11006 11005
f 11400 10225 9839
f 11400 11007 10225
f 10620 10617 11004
f 11008 11009 10223
f 11009 11006 10223
f 11010 10225 11007
f 10624 11011 11008
f 10624 11008 10618
f 10622 10230 10625
f 10234 11012 10623
f 11402 11015 10620
f 11402 10620 11789
f 10622 11017 10230
f 10622 11409 11017
f 11018 11012 11014
f 10238 11014 10234
f 10234 11014 11012
f 11011 11016 11013
f 11021 11018 10238
f 10238 11018 11014
f 11407 10627 11015
f 10626 11019 10628
f 11017 11019 10626
f 11413 10627 11407
f 11016 10243 11020
f 11800 10629 11019
f 11019 10629 10628
f 10631 11021 10630
f 10630 11021 10238
f 11022 11023 11413
f 10632 11020 10243
f 11024 10629 11800
f 10631 11025 11021
f 11022 11026 11023
f 11026 10245 11023
f 11024 10634 10629
f 11022 11815 11026
f 10635 11029 10632
f 11420 10632 11029
f 10248 11028 10631
f 11815 11034 11026
f 11034 10636 11026
f 10638 11035 10635
f 11035 11029 10635
f 11031 11030 10634
f 11027 11031 10634
f 10259 11032 10248
f 10248 11032 11028
f 11815 11033 11034
f 11038 11035 10638
f 11038 10638 10637
f 11030 11031 11036
f 10259 11037 11032
f 11033 11042 11034
f 11042 10641 11034
f 11039 11035 11038
f 11426 10644 11036
f 10264 11040 10259
f 10259 11040 11037
f 11033 11041 11042
f 10645 10651 11038
f 10645 11038 10642
f 11426 10648 10644
f 10264 11043 11040
f 11041 11044 11042
f 11044 10650 11042
f 10648 11045 10647
f 10655 11046 10264
f 10264 11046 11043
f 11041 10650 11044
f 10654 10653 10651
f 10653 11048 10651
f 11431 11051 11045
f 10655 11049 11046
f 11047 11050 11041
f 11050 10656 11041
f 11436 10653 11054
f 11431 11052 11051
f 10659 11053 10655
f 10655 11053 11049
f 11047 10656 11050
f 11436 11054 11055
f 11051 11437 10662
f 11051 11052 11437
f 10659 11056 11053
f 11839 11057 11047
f 11057 10660 11047
f 11062 11054 10658
f 11054 11062 11442
f 11064 10661 10662
f 11442 11055 11054
f 11437 11064 10662
f 11437 11058 11064
f 10664 11059 10659
f 10659 11059 11056
f 11839 11061 11057
f 11839 11060 11061
f 11061 10660 11057
f 10665 11062 10663
f 11442 11062 11063
f 11063 11062 11068
f 11445 11064 11058
f 10664 11065 11059
f 11060 11066 11061
f 11066 10277 11061
f 11068 10665 11067
f 11068 11062 10665
f 11064 11073 10666
f 11064 11445 11073
f 10669 11069 10664
f 10664 11069 11065
f 11060 10277 11066
f 10670 11070 10665
f 11067 10665 11071
f 11071 10665 11070
f 11073 11072 10666
f 10669 11074 11069
f 11849 11076 11060
f 11076 10667 11060
f 11072 11073 11451
f 10671 11075 10669
f 10669 11075 11074
f 11849 11855 11076
f 10287 10291 10670
f 10291 11070 10670
f 11077 10284 11072
f 11072 10284 10668
f 11078 11072 11451
f 10671 11079 11075
f 11855 11082 11076
f 11082 10672 11076
f 11077 11072 11084
f 11077 11084 10284
f 10676 11080 10671
f 10671 11080 11079
f 11855 11081 11082
f 11082 10673 10672
f 10294 11083 10291
f 11084 11861 10284
f 10677 11085 10676
f 10676 11085 11080
f 11081 10673 11082
f 10677 11087 11085
f 11086 10678 10673
f 11086 10673 11081
f 10298 11088 10294
f 11089 10681 11861
f 11861 11461 11089
f 10682 11090 10677
f 10677 11090 11087
f 11086 11091 11092
f 11092 10678 11086
f 11461 10681 11089
f 11091 10678 11092
f 10685 11094 11088
f 11461 11865 10681
f 10684 11093 10682
f 11872 11097 11091
f 11865 10686 10681
f 10689 11095 10684
f 10684 11095 11093
f 11872 11096 11097
f 11097 10687 11091
f 11100 11094 10685
f 11100 10685 10691
f 10693 11098 10689
f 10689 11098 11095
f 11096 10690 10687
f 11096 10687 11097
f 10693 11101 11098
f 11099 10690 11096
f 10696 11103 10693
f 10693 11103 11101
f 11099 11104 11105
f 11105 10695 10690
f 11105 10690 11099
f 11469 11106 10699
f 11104 10695 11105
f 11107 11102 10697
f 10697 10698 11107
f 10700 11108 10696
f 11473 10318 11104
f 10318 10695 11104
f 11884 11477 10699
f 10321 11109 10700
f 10700 11109 11108
f 11473 11110 10318
f 11110 10703 10318
f 11483 11474 10698
f 10704 11477 11480
f 10706 11111 10321
f 10321 11111 11109
f 11110 10705 10703
f 11480 11484 10704
f 10706 11113 11111
f 11487 11116 11110
f 11116 10705 11110
f 10709 11484 11490
f 10328 11114 10706
f 10706 11114 11113
f 11487 11115 11116
f 11117 9936 10331
f 10711 11118 10328
f 10328 11118 11114
f 11115 10710 10708
f 11115 10708 11116
f 11120 10709 11119
f 10711 11121 11118
f 11496 11122 11115
f 11122 10710 11115
f 10712 11117 10331
f 11124 10714 11120
f 10337 11125 10711
f 10711 11125 11121
f 11496 11126 11122
f 11126 10713 11122
f 11127 11132 10714
f 11127 10714 11124
f 11128 11132 11127
f 10717 11129 10337
f 10337 11129 11125
f 11126 10715 10713
f 10716 11131 11123
f 10717 11133 11129
f 11130 11134 11126
f 11134 10715 11126
f 11131 10716 11135
f 11135 10716 10719
f 11132 11508 10344
f 10722 11136 10717
f 10717 11136 11133
f 11130 10718 11134
f 11508 11139 10721
f 11508 10721 10720
f 10344 11508 10720
f 11140 11139 11508
f 10724 11141 10722
f 10722 11141 11136
f 11137 10718 11130
f 10347 11135 10719
f 11138 11135 10347
f 11139 11142 10721
f 11139 11140 11142
f 10724 11143 11141
f 11147 11144 11137
f 11145 10347 10725
f 11142 11151 10727
f 11152 11143 11146
f 11152 11146 10724
f 10724 11146 11143
f 11147 10348 11144
f 11149 11148 10728
f 10728 11148 11145
f 11150 11148 11149
f 11147 10731 10348
f 10356 11149 10728
f 11150 11149 10356
f 11151 11525 10727
f 10732 11156 11152
f 10730 10732 11152
f 11153 10733 10731
f 11153 10731 11147
f 10735 10737 10356
f 11154 11525 11155
f 10736 11156 10732
f 11523 10733 11153
f 10738 11154 10739
f 11154 11155 10739
f 10740 11156 10736
f 11157 10741 10733
f 11157 10733 11523
f 10737 10745 11527
f 10743 11156 10740
f 11162 11156 10743
f 11158 11527 10745
f 11535 10746 10739
f 10739 11531 11535
f 10747 11162 10743
f 10741 11537 11159
f 11159 11164 10741
f 10365 11160 10745
f 11161 10745 11160
f 11535 11168 10746
f 10748 11162 10747
f 10749 11160 10365
f 10365 11165 10749
f 11165 11161 10749
f 11161 11160 10749
f 11168 11167 10372
f 10752 11163 10748
f 10748 11163 11162
f 11164 11980 11170
f 11170 10370 10750
f 11170 10750 11164
f 10371 11165 10365
f 11166 11165 10371
f 11167 11541 10372
f 10752 11169 11163
f 11980 10754 10370
f 11980 10370 11170
f 10755 11171 10752
f 10752 11171 11169
f 11172 11175 10754
f 11172 10754 11980
f 10371 9975 10756
f 10757 10377 11541
f 11541 11548 10757
f 10755 11173 11171
f 11172 11552 11175
f 10758 11174 10755
f 10755 11174 11173
f 11552 11177 11175
f 10756 10384 11553
f 11176 10380 10757
f 10757 11547 11176
f 11557 10762 11177
f 11552 11557 11177
f 11178 10384 11180
f 11556 10761 11176
f 10762 11179 10758
f 11557 11182 10762
f 10763 11180 10384
f 11556 11559 10761
f 10762 10764 11179
f 11180 10763 10768
f 10768 10763 10766
f 11183 10767 11559
f 10387 11181 10764
f 11566 10765 11182
f 11183 10770 10767
f 11559 11184 10771
f 11559 10771 10770
f 11183 11559 10770
f 10387 11565 11181
f 11185 11189 10765
f 11185 10765 11566
f 10768 11186 11180
f 11564 10772 11184
f 11184 10772 10771
f 11191 11188 10387
f 10387 11188 11565
f 10776 11192 11187
f 10776 11187 11186
f 11564 11190 10772
f 11570 10773 11189
f 10774 10777 11191
f 11572 10778 10773
f 11572 10773 11570
f 11192 10776 11194
f 10780 11198 10777
f 11195 10778 11572
f 11196 10779 11197
f 10782 11198 10780
f 11199 10784 11195
f 10781 11203 11194
f 11573 11194 11203
f 11574 11196 11197
f 10403 11198 10782
f 11201 11202 11199
f 11202 10784 11199
f 11207 10785 11196
f 11207 11196 11574
f 11200 11198 11204
f 10787 11204 10403
f 10403 11204 11198
f 11201 11581 11202
f 10407 11205 11203
f 11206 10786 11207
f 11207 10786 10785
f 10787 11208 11204
f 11202 11211 10788
f 11581 11211 11202
f 11207 11209 11206
f 11213 11208 10787
f 10789 11213 10787
f 11211 10791 10788
f 11205 10411 11215
f 11206 11209 11588
f 11208 11212 11210
f 11213 11212 11208
f 10794 11213 10789
f 11214 10791 11211
f 10792 11220 10411
f 10794 11212 11213
f 11214 11217 10791
f 11217 10795 10791
f 11215 10411 11220
f 11212 11222 11216
f 11223 11222 11212
f 10792 11219 11220
f 10797 11220 11219
f 11218 11220 10797
f 10800 11223 10794
f 10794 11223 11212
f 11602 11224 11217
f 11224 10795 11217
f 10792 10802 11219
f 11603 11220 11218
f 10806 10424 10805
f 11225 11226 10807
f 11221 10807 11226
f 11221 11222 10420
f 10420 11222 11223
f 10420 11223 10800
f 11224 10816 10795
f 10802 11227 11219
f 10802 10818 11227
f 10810 11227 11603
f 10803 11227 10810
f 11227 10803 11219
f 10812 10813 11232
f 10434 11622 10813
f 11233 11622 10434
f 11615 10814 10815
f 11615 10816 11224
f 10815 10816 11615
f 10816 10817 10795
f 10795 10817 10031
f 11616 11227 10818
f 10810 11617 11230
f 10811 11231 11229
f 11619 11228 11229
f 11620 10821 10432
f 10432 10812 11232
f 11620 10432 11232
f 11621 11232 10813
f 11621 10813 11622
f 12051 11622 11233
f 11615 11233 10814
f 11616 10818 11234
f 11234 10818 10826
f 11230 10822 10810
f 11617 10822 11230
f 11617 10823 10822
f 11235 11236 10823
f 11619 10824 11236
f 10820 10824 11231
f 11231 10824 11619
f 10440 10825 11237
f 11237 10825 10821
f 10829 11234 10826
f 10827 10823 10828
f 10828 10823 11236
f 10828 11236 10438
f 10438 11236 10824
f 10445 10440 11239
f 11627 10445 11239
f 11234 10829 10830
f 11234 10830 11238
f 11240 11238 10830
f 10447 11243 11625
f 10447 10445 11627
f 10447 11627 11243
f 11241 11240 11242
f 11625 11242 10447
f 11244 10841 11246
f 11245 10834 11244
f 11245 10832 10834
f 11245 11247 10832
f 10840 11246 10841
f 10843 10842 11247
f 11246 10840 10844
f 11244 11248 11249
f 11244 11250 11245
f 11244 11249 11250
f 11245 11256 11247
f 11245 11250 11256
f 10843 10846 10850
f 10844 11254 11246
f 11246 11251 11244
f 11246 11255 11251
f 11244 11251 11248
f 11247 11252 10843
f 11247 11256 11252
f 11252 10846 10843
f 11253 10847 10850
f 11253 10850 10846
f 11253 10851 10847
f 10849 10859 11254
f 11254 11255 11246
f 11249 11248 11250
f 11250 11258 11256
f 11253 10857 10851
f 11255 11254 11630
f 11273 11263 10860
f 10860 11263 10866
f 10855 11264 11273
f 10855 10861 11264
f 11253 10846 10857
f 11254 10865 11257
f 11254 10859 10865
f 11257 11630 11254
f 10871 10866 11262
f 10867 11264 10861
f 10867 10862 10868
f 11259 11256 11258
f 11259 11252 11256
f 10846 11260 10857
f 11260 10869 10857
f 11261 10865 10864
f 11257 10865 11635
f 11268 10871 11262
f 11262 10866 11269
f 11270 11269 10866
f 11271 10866 11263
f 11270 10866 11271
f 10872 10867 10868
f 10867 10872 10874
f 11252 11265 10846
f 10846 11266 11260
f 10846 11265 11266
f 11266 10869 11260
f 10519 11267 11261
f 10519 11261 10864
f 10865 11261 11267
f 11268 11279 10871
f 11268 11262 11269
f 11272 11263 11273
f 11271 11263 11272
f 11273 11264 10867
f 10874 11284 10867
f 11265 11252 11274
f 11265 10869 11266
f 10883 11267 10519
f 11279 11278 10878
f 11279 11269 11280
f 11268 11269 11279
f 11648 11269 11270
f 11275 11273 10867
f 11272 11273 11275
f 11276 11265 11274
f 11265 11276 10869
f 11277 10880 10876
f 10869 11277 10876
f 11276 11277 10869
f 11272 11275 11649
f 11275 10867 11284
f 11281 10874 10892
f 11281 11284 10874
f 11277 11282 10880
f 11276 11282 11277
f 10128 11279 11647
f 11278 11279 10128
f 11284 11283 11275
f 11661 11288 11276
f 11276 11285 11282
f 11285 10889 11282
f 11652 11646 10525
f 10890 11652 10525
f 10128 11647 11286
f 10128 11286 10891
f 11284 11290 11283
f 11290 11284 11658
f 11287 11284 11281
f 11658 11284 11287
f 11287 11281 10892
f 11287 10892 10893
f 11289 10891 11286
f 11301 11658 11287
f 11300 11288 11291
f 11300 11276 11288
f 11276 11300 11285
f 11292 10895 10889
f 11285 11292 10889
f 11292 10897 10895
f 10903 11293 10890
f 10143 10903 10890
f 11293 11652 10890
f 11289 11294 10898
f 11301 11297 11658
f 11300 11295 11285
f 11285 11296 11292
f 11285 11295 11296
f 11296 10897 11292
f 10907 11298 10899
f 11298 11287 10899
f 11298 11301 11287
f 11291 11299 11300
f 11295 10897 11296
f 11674 10906 11667
f 11297 11306 11671
f 11320 11297 11301
f 11306 11297 11320
f 11302 11298 10907
f 11302 11301 11298
f 11300 11677 11295
f 11295 11303 10897
f 11304 10909 10897
f 11303 11304 10897
f 11304 10910 10909
f 11674 11305 10906
f 11320 11301 11302
f 10912 11302 10907
f 11307 11295 11677
f 11303 10910 11304
f 11306 11309 11308
f 11320 11309 11306
f 11320 11302 11313
f 10913 11302 10912
f 10913 11313 11302
f 11310 11295 11307
f 11295 11310 11303
f 11303 11314 10910
f 11314 10919 10910
f 11311 10544 10543
f 10914 11313 10913
f 11316 11303 11310
f 11314 10920 10919
f 10550 11311 10543
f 10550 11687 11311
f 10914 11321 11313
f 11321 11320 11313
f 10924 11321 10914
f 11303 11316 11314
f 11314 11317 10920
f 10923 11687 10550
f 11318 10926 11315
f 11319 11328 11309
f 11320 11319 11309
f 11321 10924 10921
f 11323 11322 11316
f 11314 11327 11317
f 11314 11316 11327
f 11327 10929 10920
f 11327 10920 11317
f 10927 10926 11318
f 11315 10927 11318
f 12116 10927 11315
f 11319 11325 11328
f 11320 11325 11319
f 11325 11320 11326
f 11329 11320 11321
f 11326 11320 11329
f 10932 11329 10921
f 10921 11329 11321
f 11316 11322 11327
f 10556 11324 11687
f 11325 11326 11328
f 11322 11331 11327
f 11330 10934 10929
f 11330 10929 11327
f 11700 11324 10556
f 10165 11700 10556
f 11329 11332 11326
f 11332 11329 11339
f 10932 11339 11329
f 11330 10935 10934
f 10937 11700 10165
f 11703 10938 12507
f 12507 10938 10927
f 11333 11339 10932
f 10933 11333 10932
f 11327 11711 11336
f 11327 11334 11330
f 11327 11336 11334
f 11334 10935 11330
f 10936 11335 10937
f 11339 11338 11332
f 10933 11339 11333
f 11336 10566 11334
f 10940 11335 10936
f 11703 11337 10938
f 10939 11339 10933
f 11340 10566 11336
f 10567 10943 10940
f 11338 11722 11718
f 11342 11338 11339
f 11342 11339 10939
f 10942 11342 10941
f 10941 11342 10939
f 11345 10944 11341
f 11338 11343 11722
f 11342 11343 11338
f 11344 10946 11340
f 11348 11344 11340
f 10175 11350 10943
f 11345 10947 10944
f 11346 11343 11342
f 10942 11347 11342
f 11347 11346 11342
f 11347 10942 10571
f 11720 11349 11348
f 11349 11344 11348
f 10950 11350 10175
f 11351 11346 11347
f 10948 11351 10571
f 10571 11351 11347
f 11349 11720 11352
f 11352 10949 11349
f 10947 11353 10951
f 10948 11346 11351
f 11354 10949 11352
f 10953 11350 10950
f 11726 11728 11346
f 11346 11729 11726
f 10948 11729 11346
f 10179 11729 10948
f 11353 11734 10582
f 10179 11355 11729
f 11356 10581 10952
f 11356 10952 11354
f 10186 10957 10953
f 10582 11734 11736
f 10582 11736 11358
f 11356 10959 10956
f 11356 10956 10581
f 10953 10957 11735
f 11358 10958 10582
f 11355 11359 11357
f 10955 11359 11355
f 11741 10958 11358
f 10962 11359 10963
f 11359 10955 10963
f 10585 11745 11747
f 10959 11745 10585
f 10962 10967 11359
f 11363 11747 11751
f 11363 10585 11747
f 10586 11749 11360
f 10586 11360 10965
f 11361 11360 11749
f 11748 10966 11362
f 11362 10958 11748
f 11751 10968 11363
f 10589 11749 10586
f 11364 11749 10589
f 11365 10966 11748
f 10589 11367 11364
f 11365 11759 10966
f 11368 10593 10968
f 11755 10589 10970
f 11754 10974 11371
f 10971 10974 11366
f 11366 10974 11754
f 11368 11369 10593
f 11369 11762 10593
f 10972 11755 10970
f 11370 10973 10969
f 10969 11759 11370
f 11762 10977 10593
f 11372 10977 11762
f 10975 11373 10972
f 11371 11374 10982
f 10982 11374 10974
f 10974 11374 11371
f 11375 11373 10975
f 11370 10979 10980
f 11372 10983 10977
f 10975 10978 11377
f 11772 10985 10979
f 11376 10982 11378
f 10214 11378 10982
f 11380 11377 10986
f 10214 10988 11378
f 10983 11379 11776
f 11776 11382 10983
f 10985 11772 11381
f 10985 11381 10990
f 11385 11384 10990
f 11385 10990 11381
f 11386 10988 10993
f 10993 10988 10607
f 11387 10994 11382
f 11388 11383 10995
f 11389 10997 11384
f 11384 10997 10992
f 11384 11385 11390
f 11384 11390 11389
f 11386 10993 10998
f 11392 10999 10994
f 11392 10994 11387
f 11000 11393 11399
f 11399 11394 10995
f 11395 11002 11003
f 11394 11388 10995
f 11396 11395 11003
f 11396 11003 10997
f 11397 11396 10997
f 11389 11397 10997
f 11397 11389 11390
f 11391 11386 11398
f 10616 11398 10998
f 10998 11398 11386
f 11005 11393 11000
f 11399 11393 11005
f 11395 11400 11002
f 11395 11396 11400
f 11788 10620 11004
f 11788 11004 11392
f 11399 11005 11006
f 11400 12194 11007
f 10619 11401 10616
f 11789 10620 11788
f 10622 10225 11010
f 10622 11010 11007
f 10623 11404 10619
f 10619 11404 11401
f 11011 11403 11009
f 11011 11009 11008
f 11401 11404 11405
f 11012 11404 10623
f 11793 11015 11402
f 11013 11408 11403
f 11013 11403 11011
f 12202 11409 10622
f 11018 11405 11012
f 11012 11405 11404
f 11406 11407 11793
f 11407 11015 11793
f 11016 11408 11013
f 11406 11411 11407
f 11411 11413 11407
f 11800 11019 11409
f 11409 11019 11017
f 11021 11410 11018
f 11406 11413 11411
f 11406 11805 11413
f 11020 11417 11799
f 11020 11799 11016
f 11414 11799 11417
f 11021 11412 11410
f 11413 11805 11022
f 11416 11417 11020
f 11800 11418 11024
f 11800 11808 11418
f 11800 11802 11809
f 11800 11809 11808
f 11025 11415 11021
f 11021 11415 11412
f 11419 11022 11805
f 10632 11420 11416
f 10632 11416 11020
f 11418 10634 11024
f 11418 11808 10634
f 10631 11415 11025
f 11811 11815 11022
f 11811 11022 11419
f 10634 11808 11812
f 10634 11812 11027
f 11028 11422 11415
f 10631 11028 11415
f 11035 11421 11029
f 11421 11423 11029
f 11029 11423 11420
f 11423 11816 11420
f 11027 11812 11817
f 11032 11422 11028
f 11423 11421 11035
f 11819 11036 11031
f 11031 11027 11819
f 11037 11422 11032
f 11427 11422 11037
f 11038 11424 11039
f 11424 11035 11039
f 11425 11035 11424
f 11423 11035 11429
f 11429 11035 11425
f 11819 11426 11036
f 11040 11427 11037
f 11428 11041 11033
f 11428 11033 11822
f 10651 11424 11038
f 11425 11424 10651
f 11426 11432 10648
f 11426 11430 11432
f 11433 11427 11043
f 11040 11043 11427
f 11821 11041 11428
f 11431 11045 10648
f 10648 11432 11431
f 11046 11433 11043
f 11434 11047 11041
f 11434 11041 11821
f 10653 11435 11048
f 11435 10651 11048
f 11431 11432 11832
f 11439 11433 11049
f 11046 11049 11433
f 11827 11047 11434
f 11436 11435 10653
f 11431 11437 11052
f 11431 11441 11437
f 11431 11832 11438
f 11431 11438 11441
f 11053 11439 11049
f 11440 11839 11047
f 11440 11047 11827
f 12239 11436 11055
f 11443 11439 11056
f 11053 11056 11439
f 11437 11441 11058
f 11059 11443 11056
f 11444 11060 11839
f 11840 11442 11063
f 11447 11443 11065
f 11059 11065 11443
f 11838 11060 11444
f 11068 11067 11063
f 11063 11067 11840
f 11058 11446 11847
f 11445 11058 11847
f 11446 11058 11843
f 11069 11447 11065
f 11448 11849 11060
f 11448 11060 11838
f 12245 11067 11071
f 11445 11449 11073
f 11445 11451 11449
f 11445 11847 11451
f 11452 11447 11074
f 11069 11074 11447
f 11070 11450 11071
f 11071 11450 12245
f 11449 11451 11073
f 11075 11452 11074
f 11453 11855 11849
f 10291 11450 11070
f 11455 11072 11078
f 11451 11455 11078
f 11451 11851 11455
f 11456 11452 11079
f 11075 11079 11452
f 11455 11084 11072
f 11080 11456 11079
f 11083 11454 10291
f 11084 11455 11859
f 11458 11456 11085
f 11080 11085 11456
f 11854 11086 11081
f 11457 11083 10294
f 11859 11861 11084
f 11087 11458 11085
f 11459 11086 11854
f 11088 11460 10294
f 11457 10294 11460
f 11865 11461 11861
f 11462 11458 11090
f 11087 11090 11458
f 11863 11091 11086
f 11863 11086 11459
f 11088 11864 11460
f 10682 11462 11090
f 11463 11872 11091
f 11463 11091 11863
f 11094 11864 11088
f 11464 11462 11093
f 10682 11093 11462
f 10686 11865 12265
f 11095 11464 11093
f 11465 11094 11100
f 12265 11466 10686
f 11467 11464 11098
f 11095 11098 11464
f 11871 11099 11096
f 11466 11882 10686
f 10686 11882 10692
f 11101 11467 11098
f 11468 11099 11871
f 11465 11100 11102
f 11469 10692 11882
f 11472 11467 11103
f 11101 11103 11467
f 11888 11104 11099
f 11888 11099 11468
f 11102 11470 11471
f 11465 11102 11471
f 11884 11106 11469
f 10696 11472 11103
f 11473 11104 11888
f 11107 11470 11102
f 11107 10698 11470
f 10698 11471 11470
f 10698 11474 11471
f 11106 11884 10699
f 11478 11472 11108
f 10696 11108 11472
f 11477 11475 12285
f 11477 11884 11475
f 11482 11476 11895
f 11109 11478 11108
f 11479 11110 11473
f 11479 11473 11887
f 11486 11478 11111
f 11109 11111 11478
f 11897 11487 11110
f 11897 11110 11479
f 11484 11480 12297
f 11491 11482 11492
f 11492 11482 11485
f 11113 11486 11111
f 11483 9936 11488
f 11112 9936 11483
f 12297 11490 11484
f 11495 11486 11114
f 11113 11114 11486
f 11906 11115 11487
f 11117 11488 9936
f 11117 11489 11488
f 11119 10709 11493
f 10709 11490 11493
f 11118 11495 11114
f 11496 11115 11906
f 11117 10712 11489
f 11498 11120 11119
f 11502 11495 11121
f 11118 11121 11495
f 11123 11917 10712
f 11497 10712 11917
f 11499 11124 11498
f 11498 11124 11120
f 11501 11494 11491
f 11500 11494 11501
f 11125 11502 11121
f 11503 11126 11496
f 11503 11496 11915
f 11131 11917 11123
f 11131 11504 11917
f 11499 11127 11124
f 11498 11927 11128
f 11498 11128 11127
f 11499 11498 11127
f 11505 11502 11129
f 11125 11129 11502
f 11920 11130 11126
f 11920 11126 11503
f 11504 11131 11926
f 11938 11132 11927
f 11927 11132 11128
f 11133 11505 11129
f 11506 11130 11920
f 11507 11131 11135
f 11938 11508 11132
f 11514 11505 11136
f 11133 11136 11505
f 11941 11137 11130
f 11941 11130 11506
f 11510 11509 11138
f 11138 11509 11135
f 11509 11507 11135
f 11513 11509 11510
f 11511 11140 11508
f 11938 11511 11508
f 11141 11514 11136
f 11512 11147 11137
f 11512 11137 11941
f 10347 11513 11510
f 10347 11510 11138
f 11951 11142 11511
f 11511 11142 11140
f 11143 11514 11141
f 11145 11515 11513
f 11145 11513 10347
f 11516 11513 11515
f 11951 11151 11142
f 11951 11511 11517
f 11152 11518 11143
f 11143 11518 11514
f 11519 11524 11512
f 11524 11147 11512
f 11148 11515 11145
f 11150 11520 11148
f 11520 11516 11148
f 11516 11515 11148
f 11151 11951 11958
f 11156 11522 11152
f 11152 11522 11518
f 11519 11523 11524
f 11524 11153 11147
f 10356 12366 11520
f 10356 11520 11150
f 11521 11520 12366
f 11958 11525 11151
f 11156 11526 11522
f 11523 11153 11524
f 10737 11527 12366
f 10737 12366 10356
f 11156 11528 11526
f 11523 11964 11530
f 11530 11157 11523
f 11531 10739 11525
f 11525 10739 11155
f 11156 11529 11528
f 11530 10741 11157
f 11967 11527 11158
f 11962 11527 11967
f 11162 11532 11156
f 11156 11532 11529
f 11964 11533 11530
f 11533 11537 10741
f 11533 10741 11530
f 10745 11534 11967
f 10745 11967 11158
f 11162 11536 11532
f 11964 11537 11533
f 11964 11539 11537
f 11161 11534 10745
f 11168 11535 11976
f 11169 11536 11538
f 11163 11538 11162
f 11162 11538 11536
f 11537 11539 11164
f 11537 11164 11159
f 11166 11161 11165
f 11163 11169 11538
f 11539 11980 11164
f 10371 11540 11166
f 11168 11541 11167
f 11541 11168 11542
f 11171 11545 11169
f 11543 11540 10371
f 11544 11541 11542
f 11548 11541 11544
f 11173 11545 11171
f 11546 11172 11980
f 10756 11553 10371
f 11543 10371 11553
f 11547 10757 11548
f 11173 11174 11545
f 11549 11552 11172
f 11549 11172 11546
f 10758 11551 11174
f 11553 10384 11178
f 11987 11176 11547
f 11547 11548 11987
f 10764 11551 11554
f 11179 11554 10758
f 10758 11554 11551
f 11555 11557 11552
f 11180 11558 11553
f 11180 11553 11178
f 11987 11556 11176
f 11179 10764 11554
f 11560 11556 11987
f 11559 11556 11560
f 11181 11561 10764
f 12000 11182 11557
f 11558 11180 11562
f 11181 11565 11561
f 11566 11182 12000
f 11562 11180 11563
f 11559 11564 11184
f 11559 11560 11564
f 11188 12003 11565
f 11180 11186 11187
f 11567 11180 11187
f 11563 11180 11567
f 12005 11565 12003
f 11569 11565 12005
f 11188 11999 12003
f 11188 11189 11185
f 11188 11185 11566
f 11192 11567 11187
f 12411 11564 11568
f 11191 11572 11188
f 11188 11572 11570
f 11570 11189 11188
f 10779 11193 11564
f 11564 11193 11190
f 12006 11564 12411
f 10779 11564 12006
f 12007 12005 10777
f 12007 11569 12005
f 12005 11572 10777
f 10777 11572 11191
f 11194 11573 11192
f 11571 11192 11573
f 10779 11574 11197
f 10779 12006 11574
f 10777 11575 11576
f 11198 11575 10777
f 11572 11581 11195
f 11581 11199 11195
f 11203 11577 11573
f 11573 11577 11579
f 11200 11578 11198
f 11198 11578 11575
f 11581 11201 11199
f 12014 11207 11574
f 11575 11582 11580
f 11200 11575 11578
f 11582 11575 11200
f 11205 11584 11203
f 11203 11584 11577
f 11579 11577 11584
f 12014 12021 11207
f 11582 11200 11208
f 11208 11200 11204
f 11583 12019 11581
f 12019 11586 11581
f 11586 11211 11581
f 11215 11584 11205
f 12021 11209 11207
f 11210 11585 11208
f 11208 11585 11582
f 11215 11587 11584
f 12021 11588 11209
f 11588 12021 11589
f 11212 11585 11210
f 11586 12019 11594
f 11586 11214 11211
f 11590 11587 11215
f 11591 11588 11589
f 11597 11588 11591
f 11593 11592 11585
f 11216 11585 11212
f 11594 11217 11214
f 11594 11214 11586
f 11220 11596 11215
f 11590 11215 11596
f 11599 11218 11597
f 11598 11592 11593
f 11600 11592 11598
f 11598 11585 11222
f 11598 11593 11585
f 11222 11585 11216
f 12030 11594 11595
f 11594 11602 11217
f 11618 11218 11599
f 11221 11600 11222
f 11222 11600 11598
f 11608 12030 11601
f 12030 11602 11594
f 12030 11608 11602
f 11596 11220 11603
f 11618 11603 11218
f 11599 11597 11618
f 10805 11604 10806
f 11605 10806 11604
f 11607 10806 11605
f 11225 11607 11226
f 11226 11600 11221
f 11608 11224 11602
f 11618 10810 11603
f 11229 11228 11611
f 11612 11229 11611
f 10805 11229 11612
f 11604 10805 11605
f 11605 10805 11613
f 11605 11613 11607
f 11607 11613 11614
f 11607 11614 11606
f 11615 11608 11609
f 11608 11615 11224
f 11618 11617 10810
f 11229 11231 11619
f 10821 11620 11237
f 11621 11620 11232
f 11233 11615 12051
f 11623 11616 11234
f 10823 11617 11618
f 11610 11235 11618
f 11235 10823 11618
f 11237 11239 10440
f 12056 11237 11620
f 11238 11623 11234
f 11624 11623 11238
f 11625 11626 11624
f 11628 11627 11239
f 11240 11624 11238
f 11624 11240 11241
f 11624 11241 11242
f 11624 11242 11625
f 11626 11625 11243
f 11626 11243 11627
f 11631 11251 11255
f 11631 11255 11630
f 11631 11248 11251
f 11629 11250 11248
f 11629 11258 11250
f 11631 11638 11248
f 11248 11638 11632
f 11248 11632 11629
f 11636 11630 11257
f 11630 11636 11631
f 11631 11634 11638
f 11631 11633 11634
f 11257 11635 11636
f 11629 11651 11258
f 11651 11259 11258
f 11637 11252 11259
f 11637 11274 11252
f 11267 11635 10865
f 11635 11639 11636
f 11631 11636 11633
f 11629 11632 11651
f 10883 11635 11267
f 11635 10883 11639
f 11636 11639 11640
f 11640 12060 11636
f 11269 11648 11280
f 11272 11654 11271
f 11638 11641 11632
f 11642 11632 11641
f 11642 11651 11632
f 11259 11643 11637
f 11259 11651 11643
f 11637 11643 11274
f 11639 10883 10525
f 11653 11270 11271
f 11648 11270 11653
f 11272 11649 11654
f 11641 11644 11642
f 11644 11651 11642
f 11651 11644 11659
f 11645 11276 11274
f 11643 11645 11274
f 11645 11661 11276
f 11280 11647 11279
f 11657 11647 11280
f 11657 11280 11648
f 11657 11648 11653
f 11653 11271 11654
f 11283 11649 11275
f 11650 11659 11644
f 11651 11660 11643
f 11643 11661 11645
f 11655 11646 11652
f 12073 11647 11657
f 11286 11647 12073
f 11664 11653 11654
f 11658 11649 11283
f 11658 11654 11649
f 11658 11283 11290
f 11660 11661 11643
f 11286 11662 11289
f 11286 12073 11656
f 12080 11657 11653
f 11664 11663 11653
f 11664 11654 11669
f 11669 11654 11658
f 11650 12076 11659
f 11651 11675 11660
f 11651 11659 11675
f 11661 11291 11288
f 10903 11652 11293
f 11662 11294 11289
f 12079 11662 11286
f 11286 11656 12079
f 11669 11658 11670
f 11297 11670 11658
f 12076 11665 11659
f 11675 11659 11665
f 11675 11672 11660
f 11661 11673 11291
f 11660 11673 11661
f 10539 11666 10903
f 11662 11667 11294
f 11662 12079 11667
f 11669 11668 11664
f 11671 11670 11297
f 11660 11672 11673
f 11673 11299 11291
f 11673 11300 11299
f 11669 11679 11668
f 11684 11669 11670
f 11679 11669 11684
f 11684 11670 11671
f 11665 12092 11675
f 11673 11672 11677
f 11677 11300 11673
f 11676 10539 10911
f 12093 11305 11674
f 11306 11684 11671
f 11675 11681 11672
f 10544 11678 10911
f 10911 11678 11676
f 12093 12097 11305
f 11689 11684 11306
f 11308 11680 11306
f 11680 11689 11306
f 11680 11308 11309
f 11681 11682 11672
f 11672 11682 11677
f 11677 11682 11307
f 11682 11310 11307
f 11311 11678 10544
f 11683 11312 12097
f 11679 11684 11688
f 11682 11681 11685
f 11682 11686 11310
f 11693 11686 11682
f 11686 11316 11310
f 12103 11312 11683
f 11309 11689 11680
f 11690 11682 11685
f 11690 11693 11682
f 11693 11316 11686
f 12103 11315 11312
f 12110 11688 11684
f 11684 11696 12110
f 11689 11696 11684
f 11309 11692 11689
f 11328 11692 11309
f 11693 11690 11685
f 11693 11323 11316
f 11324 11691 11687
f 11705 11696 11689
f 11705 11689 11692
f 11694 11692 11328
f 11694 11705 11692
f 11693 11707 11699
f 11693 11698 11707
f 11699 11323 11693
f 11324 12121 11691
f 11695 10927 12116
f 11697 11694 11328
f 11697 11705 11694
f 11697 11328 11326
f 11699 11322 11323
f 11700 12121 11324
f 11695 12507 10927
f 11696 11701 11704
f 11705 11701 11696
f 11326 11705 11697
f 11699 11331 11322
f 11699 11327 11331
f 10937 11702 11700
f 11709 11705 11326
f 11332 11709 11326
f 11699 11707 11711
f 11711 11327 11699
f 10937 11335 11702
f 11712 11701 11705
f 11718 11705 11709
f 11712 11705 11718
f 11709 11332 11338
f 11710 11707 11706
f 11707 11713 11711
f 11707 11710 11713
f 10940 11716 11335
f 12134 11337 11703
f 11712 11717 11701
f 11338 11718 11709
f 11711 11714 11336
f 11713 11714 11711
f 11714 11340 11336
f 10943 11715 11716
f 10943 11716 10940
f 12134 11341 11337
f 12896 11341 12134
f 11713 11719 11720
f 11713 11348 11340
f 11713 11340 11714
f 11712 11721 12143
f 11725 11712 11718
f 11721 11712 11725
f 11725 11718 11722
f 11723 11720 11719
f 11720 11348 11713
f 11350 11715 10943
f 11350 11724 11715
f 11341 12536 11345
f 11727 11725 11722
f 11346 11727 11343
f 11343 11727 11722
f 11726 11720 11723
f 12146 10947 12536
f 12536 10947 11345
f 11726 11352 11720
f 12146 11353 10947
f 11738 11727 11728
f 11346 11728 11727
f 11726 11733 11352
f 11726 11729 11733
f 11733 11354 11352
f 10953 11730 11350
f 12145 11350 11730
f 11727 11738 11732
f 11726 11738 11728
f 11733 11356 11354
f 10953 11740 11730
f 11731 11734 11353
f 11729 11738 11726
f 11726 12155 11729
f 11356 11733 11729
f 10953 11735 11740
f 11736 11734 11731
f 11737 12159 11738
f 11742 11738 11729
f 11357 11742 11355
f 11355 11742 11729
f 11744 11356 11739
f 11744 10959 11356
f 11736 11741 11358
f 11738 11742 11743
f 11359 11742 11357
f 11745 10959 11744
f 10957 11746 11735
f 11359 11743 11742
f 11744 11747 11745
f 11748 10958 11741
f 11359 10967 11743
f 10957 11361 11749
f 11366 11750 10967
f 11752 11365 11748
f 11748 11753 11752
f 11750 11754 11757
f 11366 11754 11750
f 11751 11369 11368
f 11751 11368 10968
f 10589 11755 11367
f 11755 11756 11367
f 11367 11756 11364
f 11752 12166 11365
f 11756 11755 11758
f 12166 11759 11365
f 11757 11760 11761
f 11371 11760 11754
f 11754 11760 11757
f 10972 11763 11755
f 11758 11755 11763
f 12172 11370 11759
f 11761 11760 11371
f 11766 11761 11371
f 11764 11372 11762
f 11373 11763 10972
f 11765 11763 11373
f 11766 11371 10982
f 11375 11767 11373
f 11767 12175 11373
f 11373 12175 11765
f 11768 12177 11370
f 11768 11370 12172
f 11378 11766 11376
f 11376 11766 10982
f 11769 11764 11770
f 11769 10983 11372
f 11769 11372 11764
f 11377 11375 10975
f 11767 11375 11377
f 12177 11772 10979
f 11370 12177 10979
f 11770 11379 11769
f 11769 11379 10983
f 11380 11771 11377
f 11773 11378 10988
f 11776 11379 11770
f 11774 11771 11380
f 11772 12582 11381
f 11386 11775 10988
f 10988 11775 11773
f 11383 11777 10986
f 11383 10986 10989
f 11380 10986 11777
f 11775 11386 11782
f 11778 11387 11382
f 11778 11382 11776
f 11388 11779 11777
f 11388 11777 11383
f 11780 11777 11779
f 11781 11390 11385
f 11391 11782 11386
f 11776 12187 11778
f 12187 11392 11778
f 11778 11392 11387
f 11399 11783 11394
f 11783 11785 11394
f 11394 11785 11388
f 11785 12188 11388
f 12188 11779 11388
f 12188 11780 11779
f 11784 11397 11390
f 11781 11784 11390
f 11784 11781 11385
f 11391 11398 11782
f 12191 11788 11392
f 12191 11392 12187
f 11786 11400 11397
f 11397 11400 11396
f 10616 11787 11398
f 11006 11783 11399
f 11786 12194 11400
f 11401 12195 10616
f 10616 12195 11787
f 11009 11403 11006
f 11403 12197 11006
f 12197 11783 11006
f 11790 11007 12194
f 11792 11793 11789
f 11793 11402 11789
f 11007 12202 10622
f 11007 11790 12202
f 11791 12195 11405
f 11401 11405 12195
f 11408 11794 11403
f 11018 11795 11405
f 11793 12205 11406
f 11792 12205 11793
f 11796 11794 11408
f 12202 11797 11409
f 12202 12209 11797
f 12202 12203 11798
f 12202 11798 12209
f 11018 11410 11795
f 12208 11406 12205
f 11799 11408 11016
f 11796 11408 11799
f 11797 11800 11409
f 11797 12209 11800
f 11412 11804 11410
f 12211 11805 11406
f 12211 11406 12208
f 11414 11801 11799
f 11415 11804 11412
f 11417 11416 11414
f 11416 11801 11414
f 11802 11806 11809
f 11810 11803 11804
f 11813 11810 11415
f 11415 11810 11804
f 12219 11419 11805
f 11420 11807 11416
f 11811 11419 12219
f 11816 11807 11420
f 11422 11813 11415
f 11814 12223 11811
f 12223 11815 11811
f 11422 11818 11813
f 12223 11822 11815
f 11822 11033 11815
f 11819 11027 11817
f 11819 11817 11812
f 11427 11820 11422
f 11422 11820 11818
f 12223 11821 11822
f 11429 12224 11423
f 12225 11426 11819
f 11427 11823 11820
f 11821 11824 11822
f 11824 11428 11822
f 12224 11429 11825
f 11825 11429 11425
f 12225 11430 11426
f 11433 11826 11427
f 11427 11826 11823
f 11821 11428 11824
f 10651 11831 11425
f 11430 12225 11828
f 11433 11829 11826
f 11827 11830 11821
f 11830 11434 11821
f 11435 11831 10651
f 11430 11832 11432
f 12231 11430 11828
f 11439 11833 11433
f 11433 11833 11829
f 11827 11434 11830
f 11831 11435 12233
f 12233 11435 12239
f 11439 11834 11833
f 12234 11835 11827
f 11835 11440 11827
f 12239 11435 11436
f 11438 11832 11836
f 11443 11837 11439
f 11439 11837 11834
f 12234 11839 11835
f 12234 11838 11839
f 11839 11440 11835
f 11442 12239 11055
f 11840 12239 11442
f 11438 11058 11441
f 12242 11438 11836
f 11443 11841 11837
f 11838 11842 11839
f 11842 11444 11839
f 11058 11438 11843
f 11447 11844 11443
f 11443 11844 11841
f 11838 11444 11842
f 12245 11840 11067
f 11447 11845 11844
f 12244 11846 11838
f 11846 11448 11838
f 11840 12245 12656
f 11446 11843 11847
f 11452 11848 11447
f 11447 11848 11845
f 12244 11849 11846
f 12244 12248 11849
f 11849 11448 11846
f 11850 12245 11450
f 12249 12245 11850
f 11847 11851 11451
f 11847 11843 11853
f 11452 12250 11848
f 12248 11852 11849
f 11852 11453 11849
f 10291 11856 11450
f 11850 11450 11856
f 11847 11853 11851
f 11456 12251 11452
f 11452 12251 12250
f 12248 11855 11852
f 12248 11854 11855
f 11855 11453 11852
f 11454 11856 10291
f 11851 11859 11455
f 11851 12252 11859
f 11456 11857 12251
f 11854 11858 11855
f 11858 11081 11855
f 11083 11457 11454
f 11458 11860 11456
f 11456 11860 11857
f 11854 11081 11858
f 11859 12254 11861
f 12669 11863 11854
f 11863 11459 11854
f 11460 11864 11457
f 12256 11865 11861
f 11861 12254 12256
f 11462 11862 11458
f 11458 11862 11860
f 12669 12678 11863
f 12256 12674 11865
f 11462 11866 11862
f 12678 11867 11863
f 11867 11463 11863
f 11094 11868 11864
f 11869 11864 11868
f 11865 12674 12260
f 11865 12260 12265
f 11464 11870 11462
f 11462 11870 11866
f 12678 11872 11867
f 12678 11871 11872
f 11872 11463 11867
f 11094 11869 11868
f 11094 12268 11869
f 11464 11875 11870
f 11871 11876 11872
f 11876 11096 11872
f 11877 12268 11094
f 11877 11094 11465
f 11877 11465 11878
f 11466 12265 11879
f 11873 12263 11880
f 11467 11881 11464
f 11464 11881 11875
f 11871 11096 11876
f 12272 11878 11465
f 11879 11882 11466
f 12689 11873 11880
f 11885 11873 12689
f 11467 11883 11881
f 12696 11888 11871
f 11888 11468 11871
f 11889 12272 11465
f 11469 11882 11884
f 11898 11891 11873
f 11896 11873 11885
f 11898 11873 11896
f 11472 11886 11467
f 11467 11886 11883
f 12696 11887 11888
f 11889 11465 11471
f 11472 11892 11886
f 11887 11893 11888
f 11893 11473 11888
f 11474 11889 11471
f 12701 11475 11884
f 11890 11891 11894
f 11476 11894 11891
f 11476 11891 11898
f 11476 11898 11895
f 11478 12301 11472
f 11472 12301 11892
f 11887 11473 11893
f 11482 11894 11476
f 11895 11898 11905
f 11896 12709 11898
f 11478 11899 12301
f 11897 11900 11887
f 11900 11479 11887
f 11483 11902 11901
f 12295 11483 11901
f 11474 11483 12295
f 11480 11477 12285
f 11903 11894 11481
f 11894 11482 11481
f 11903 11481 11482
f 11905 11482 11895
f 11898 12709 11905
f 11486 11899 11478
f 11897 11479 11900
f 11491 12718 11482
f 11482 12718 11903
f 11905 11485 11482
f 11486 11907 11899
f 11906 11908 11897
f 11908 11487 11897
f 11488 11489 11483
f 11490 12297 11910
f 11491 11911 12718
f 11923 11492 11905
f 11905 11492 11485
f 11923 11905 11913
f 11495 11914 11486
f 11486 11914 11907
f 11906 11487 11908
f 11910 11493 11490
f 11910 12313 11119
f 11910 11119 11493
f 11494 11911 11491
f 11495 12318 11914
f 11915 11916 11906
f 11916 11496 11906
f 10712 11497 11489
f 11497 11917 11489
f 12313 11498 11119
f 11918 11911 11494
f 11923 11491 11492
f 11502 11919 11495
f 11495 11919 12318
f 11915 11496 11916
f 11917 11921 12319
f 12320 11498 11922
f 11498 12313 11922
f 11500 11918 11494
f 11928 11501 11923
f 11923 11501 11491
f 11502 11924 11919
f 11920 11925 11915
f 11925 11503 11915
f 11504 11926 11917
f 11921 11917 11926
f 11927 11498 12320
f 11500 12315 11918
f 11501 11928 11500
f 11923 12729 11928
f 11505 11924 11502
f 11920 11503 11925
f 11931 11930 11131
f 11131 11930 11926
f 11931 11932 11930
f 11938 11927 11933
f 11500 11934 12315
f 11934 11500 11928
f 11505 11935 11924
f 11929 11936 11920
f 11936 11506 11920
f 11507 11937 11931
f 11507 11931 11131
f 11932 11931 11942
f 11942 11931 11937
f 11944 11934 11947
f 11934 11928 11939
f 11928 12337 11939
f 11940 11924 11935
f 11945 11924 11940
f 11514 11940 11505
f 11505 11940 11935
f 11941 11506 11936
f 11509 11937 11507
f 11513 11942 11509
f 11942 11937 11509
f 11943 12329 11511
f 11938 11943 11511
f 11947 11934 11939
f 11514 11945 11940
f 11936 11512 11941
f 11513 11950 11942
f 11517 11511 12329
f 11944 11947 11946
f 11947 11939 11952
f 11518 11948 11514
f 11514 11948 11945
f 11936 11949 11512
f 11516 11950 11513
f 11957 11948 11518
f 11949 11519 11512
f 11520 11950 11516
f 11955 11954 11521
f 11521 11954 11520
f 11954 11950 11520
f 12357 11958 11951
f 11951 12347 12357
f 11947 11952 12359
f 11952 11953 12352
f 11956 11952 12352
f 11522 11957 11518
f 12355 11523 11519
f 12355 11519 11949
f 12366 11955 11521
f 12360 11952 11956
f 11961 11957 11526
f 11522 11526 11957
f 11959 11523 12355
f 11527 11962 12366
f 11960 11525 11958
f 11952 11963 12367
f 12360 11963 11952
f 11528 11961 11526
f 12362 11964 11523
f 12362 11523 11959
f 12370 12366 11962
f 11965 11531 11525
f 11965 11525 11960
f 11968 11961 11529
f 11528 11529 11961
f 12370 11962 11967
f 11532 11968 11529
f 11964 12374 11966
f 11531 11979 11535
f 11531 11965 11979
f 11536 11968 11532
f 11970 11539 11964
f 11970 11964 11966
f 11161 11967 11534
f 11967 11161 11971
f 12375 11967 11971
f 11979 11976 11535
f 11169 11969 11536
f 11536 11969 11968
f 11970 11973 11974
f 11974 11539 11970
f 11975 11161 11166
f 11971 11161 11975
f 11545 11972 11169
f 11169 11972 11969
f 11973 11539 11974
f 11540 11975 11166
f 11976 11542 11168
f 11976 11979 11542
f 11982 11979 11977
f 11545 11978 11972
f 12382 11980 11973
f 11980 11539 11973
f 11540 11543 11981
f 11989 11544 11979
f 11979 11544 11542
f 11989 11979 11982
f 11174 11978 11545
f 12382 11983 11980
f 11983 11546 11980
f 11553 11984 11543
f 11989 11548 11544
f 11989 11982 12389
f 11551 11978 11174
f 11983 11549 11546
f 11550 11984 11553
f 11985 11543 11984
f 11551 11986 11978
f 12396 11992 11983
f 11992 11552 11549
f 11992 11549 11983
f 11553 11984 11550
f 11985 11984 11553
f 11988 11548 11989
f 11987 11548 11988
f 10764 11990 11551
f 11551 11990 11986
f 12396 11991 11992
f 11992 11555 11552
f 11553 11558 11993
f 12398 11988 11989
f 11987 11988 12398
f 11989 12791 12398
f 11561 11990 10764
f 11991 11557 11555
f 11991 11555 11992
f 11558 11995 11993
f 11996 11987 12398
f 11560 11987 11996
f 11561 11997 11990
f 11994 12000 11557
f 11994 11557 11991
f 11562 11563 11558
f 11558 11563 11995
f 11565 11998 11561
f 11561 11998 11997
f 11994 11999 12000
f 11568 11564 11560
f 11568 11560 12408
f 11560 11996 12408
f 11565 12001 11998
f 11999 11188 11566
f 11999 11566 12000
f 11567 11192 11563
f 11563 11192 12400
f 11569 12002 11565
f 11565 12002 12001
f 11192 12004 12400
f 11568 12408 12411
f 12007 12002 11569
f 11571 12011 11192
f 11192 12008 12004
f 11192 12011 12008
f 12410 11572 12005
f 11573 12011 11571
f 10777 12009 12007
f 12010 11572 12410
f 11579 12011 11573
f 12420 11574 12006
f 12006 12417 12420
f 11576 12009 10777
f 12419 11581 11572
f 12419 11572 12010
f 11579 12012 12011
f 12014 11574 12420
f 11575 12009 11576
f 12013 12016 12419
f 12016 11581 12419
f 12422 12012 11579
f 11580 12018 11575
f 11575 12018 12009
f 12013 12430 12016
f 11584 12422 11579
f 12017 12014 12015
f 12021 12014 12017
f 12018 12427 12423
f 11582 12018 11580
f 12016 12019 11583
f 12430 12019 12016
f 12016 11583 11581
f 12020 12422 11584
f 12427 12018 12022
f 11585 12023 11582
f 11582 12023 12018
f 12024 12441 12019
f 12441 12027 12019
f 11587 11590 11584
f 12020 11584 12445
f 11584 11590 12445
f 12022 12018 12026
f 12026 12023 11592
f 12026 12018 12023
f 11592 12023 11585
f 12027 11594 12019
f 12032 11591 12021
f 12021 11591 11589
f 12028 12021 12025
f 12032 12021 12028
f 12036 12441 12029
f 12441 12036 12030
f 12027 12030 11595
f 12441 12030 12027
f 12027 11595 11594
f 11590 11596 12031
f 12445 11590 12031
f 12032 11597 11591
f 12033 12028 12443
f 12035 12034 12026
f 11600 12035 11592
f 11592 12035 12026
f 12037 12031 11596
f 11597 12032 12049
f 12049 12032 12028
f 12034 11613 12038
f 11607 12034 12035
f 11613 12034 11607
f 11226 11607 11600
f 11600 11607 12035
f 12036 12040 12030
f 12041 11601 12030
f 12040 12041 12030
f 12041 11608 11601
f 11603 12046 11596
f 11596 12046 12037
f 12047 11618 11597
f 12047 11597 12049
f 12050 12028 12033
f 12049 12028 12050
f 12033 12449 12453
f 12033 12453 12050
f 11606 11613 11607
f 12044 12036 12039
f 12044 12045 12036
f 12040 11609 11608
f 12040 11608 12041
f 11227 12046 11603
f 12047 11610 11618
f 10805 11612 11611
f 11613 10805 11611
f 11614 11613 11606
f 12044 12051 12045
f 12044 11622 12051
f 12045 12051 11615
f 12040 12045 11615
f 12036 12045 12040
f 12040 11615 11609
f 11616 12046 11227
f 12047 12049 11610
f 11610 12049 12048
f 12052 12050 11619
f 11619 12453 11228
f 12050 12453 11619
f 11620 11621 12056
f 12455 11622 12044
f 11621 11622 12455
f 11623 11624 11616
f 11616 12053 12046
f 11616 11624 12053
f 12459 11235 11610
f 12459 11236 11235
f 11619 11236 12052
f 12055 11239 11237
f 12055 12054 11239
f 12056 12055 11237
f 12057 12056 11621
f 12058 11624 11626
f 12058 11626 11627
f 12459 12058 11627
f 12054 11627 11628
f 12054 12459 11627
f 11628 11239 12054
f 12061 11633 11636
f 12061 11636 12060
f 12059 11638 11634
f 12060 11640 11639
f 12060 11639 12062
f 11633 12061 11634
f 12066 11641 11638
f 12059 12066 11638
f 10525 12062 11639
f 12062 12071 12060
f 12060 12063 12061
f 12061 12064 11634
f 11634 12065 12059
f 11634 12064 12065
f 12066 11644 11641
f 11646 12062 10525
f 12060 12067 12063
f 12060 12071 12067
f 12063 12068 12061
f 12061 12068 12064
f 12059 12069 12066
f 12059 12065 12069
f 12066 12069 11644
f 12069 11650 11644
f 11646 12070 12062
f 11646 11655 12070
f 12062 12070 12071
f 12068 12063 12064
f 11652 11666 11655
f 12071 11655 12463
f 12071 12070 11655
f 11657 12082 12073
f 11657 12080 12082
f 11663 12080 11653
f 12072 12074 12064
f 12075 12064 12074
f 12075 12065 12064
f 12069 12076 11650
f 12065 12076 12069
f 10903 11666 11652
f 11666 12077 11655
f 12078 11655 12077
f 12078 12463 11655
f 12073 12079 11656
f 12089 12080 11663
f 11664 12089 11663
f 12074 12081 12075
f 12081 12065 12075
f 12065 12081 12085
f 12088 12079 12073
f 12088 12073 12082
f 12082 12080 12099
f 12099 12080 12089
f 11668 12083 11664
f 12083 12089 11664
f 12083 12090 12089
f 12084 12085 12081
f 12065 12085 12076
f 12076 12085 11665
f 10539 12086 11666
f 12093 11674 12079
f 12079 11674 11667
f 12093 12079 12094
f 12087 12079 12088
f 12094 12079 12087
f 12088 12082 12095
f 12096 12082 12099
f 12095 12082 12096
f 12090 12083 11668
f 12090 11668 11679
f 12085 12101 12091
f 12085 12092 11665
f 12091 12092 12085
f 11676 12086 10539
f 12087 12088 12094
f 12100 12089 12090
f 11679 12100 12090
f 12084 12473 12085
f 12101 12085 12473
f 12091 11681 11675
f 12091 11675 12092
f 12097 12093 12098
f 12098 12094 12088
f 12093 12094 12098
f 11688 12100 11679
f 12101 12102 12091
f 12091 11685 11681
f 12097 12103 11683
f 12097 12104 12103
f 12097 12098 12104
f 12105 12480 12099
f 12099 12106 12105
f 12089 12106 12099
f 12107 12089 12100
f 12106 12089 12107
f 12107 12100 12112
f 12473 12108 12101
f 12113 12101 12108
f 12113 12102 12101
f 12091 12102 11685
f 11687 12474 11311
f 12109 12105 12106
f 12107 12117 12109
f 12106 12107 12109
f 12110 12100 11688
f 12110 12112 12100
f 12113 12120 12102
f 11691 12474 11687
f 11691 12121 12474
f 12116 11315 12103
f 12103 12104 12116
f 12107 12111 12117
f 12112 12111 12107
f 12119 12120 12113
f 12102 12120 12114
f 12102 12115 11685
f 12114 12115 12102
f 12115 11693 11685
f 12111 12123 12117
f 12118 12112 12110
f 12111 12112 12118
f 11696 12118 12110
f 12114 11698 11693
f 12114 11693 12115
f 12122 11695 12116
f 12116 12493 12122
f 11696 12129 12118
f 12129 12111 12118
f 12114 11707 11698
f 12122 12507 11695
f 12128 12123 12111
f 12137 12111 12129
f 12128 12111 12137
f 11704 12129 11696
f 12120 12125 12114
f 12114 12126 11707
f 12127 11700 11702
f 12134 11703 12507
f 12123 12128 12135
f 12124 12130 12120
f 12129 11704 11701
f 12125 12120 12130
f 12125 12131 12114
f 12114 12132 12126
f 12114 12131 12132
f 12132 11706 11707
f 12132 11707 12126
f 11335 12127 11702
f 11335 12133 12127
f 12128 12136 12135
f 12136 12128 12137
f 11708 12137 11701
f 11701 12137 12129
f 12130 12131 12125
f 12132 11710 11706
f 11716 12133 11335
f 12515 12135 12136
f 12136 12137 12143
f 11701 12139 11708
f 12139 12137 11708
f 12139 12143 12137
f 11717 12139 11701
f 12130 12140 12131
f 12131 11710 12132
f 12138 12136 12143
f 12139 11717 11712
f 12141 12131 12140
f 12131 11719 11710
f 11719 11713 11710
f 11724 11716 11715
f 12522 11341 12896
f 12524 11341 12522
f 12136 12138 12526
f 11712 12143 12139
f 12147 12131 12141
f 12131 12151 11719
f 12131 12147 12151
f 12524 12536 11341
f 12143 12142 12138
f 11725 12143 11721
f 12147 12150 12151
f 11719 12144 11723
f 12151 12144 11719
f 12144 11726 11723
f 11350 12145 11724
f 12149 12142 12143
f 12148 12142 12149
f 11725 12149 12143
f 12538 12150 12147
f 12151 11726 12144
f 11731 11353 12146
f 11732 12149 11727
f 11727 12149 11725
f 12152 12145 11730
f 12158 12148 12149
f 12153 12148 12158
f 11738 12149 11732
f 12150 12155 12151
f 12150 12154 12155
f 12155 11726 12151
f 12159 12158 12149
f 11738 12159 12149
f 12156 11729 12155
f 12154 12156 12155
f 12156 11356 11729
f 11740 12157 11730
f 11731 12922 11736
f 12154 12160 12156
f 12160 11739 11356
f 12160 11356 12156
f 11735 11746 11740
f 11746 12157 11740
f 12922 11741 11736
f 12158 12162 12547
f 11743 12158 12159
f 12162 12158 11743
f 11743 12159 11737
f 11743 11737 11738
f 12160 11744 11739
f 12558 11741 12922
f 12160 11747 11744
f 10957 12164 11746
f 12558 11748 11741
f 11750 12162 10967
f 10967 12162 11743
f 12163 11751 11747
f 12163 11747 12160
f 11749 12164 10957
f 12161 12162 12165
f 11750 12165 12162
f 12556 11369 11751
f 12556 11751 12163
f 11749 12561 12164
f 12558 11753 11748
f 12166 11753 12558
f 11757 12161 12165
f 12167 12161 11757
f 11750 11757 12165
f 12168 11369 12556
f 11753 12166 11752
f 11762 11369 12168
f 11364 11756 11758
f 12944 11759 12166
f 11761 12170 11757
f 11757 12170 12167
f 12169 11764 11762
f 12169 11762 12168
f 12944 12172 11759
f 12170 11766 12174
f 11761 11766 12170
f 12169 12171 11764
f 12173 12172 12944
f 11764 12171 12576
f 12175 12176 11765
f 12172 12177 11768
f 11378 12178 11766
f 11766 12178 12174
f 12179 11770 11764
f 12179 11764 12576
f 11377 12175 11767
f 12176 12175 11377
f 12178 11773 12181
f 11378 11773 12178
f 12179 12576 11770
f 12576 12180 11770
f 12579 11377 11771
f 12575 11772 12177
f 12575 13327 11772
f 11770 12180 11776
f 11774 12182 11771
f 12182 12578 11771
f 11771 12578 12579
f 11772 13327 12183
f 11772 12183 12582
f 11773 11775 12181
f 12184 11776 12180
f 11777 11774 11380
f 12182 11774 11777
f 11782 12186 11775
f 11780 12189 11777
f 11381 12582 12185
f 11381 12185 11385
f 12187 11776 12184
f 12188 12189 11780
f 11385 11397 11784
f 11385 12589 11397
f 11385 12185 12584
f 11385 12584 12589
f 11398 12190 11782
f 11782 12190 12186
f 11785 12192 12188
f 12589 11786 11397
f 11398 11787 12190
f 11783 12193 12192
f 11783 12192 11785
f 12589 12194 11786
f 12589 12591 12194
f 12196 11789 11788
f 12197 12198 11783
f 12198 12193 11783
f 12194 12199 11790
f 12194 12598 12199
f 12194 12591 12594
f 12194 12594 12598
f 12196 11792 11789
f 11403 12602 12197
f 12199 12202 11790
f 12199 12598 12202
f 12200 12195 12204
f 11405 12204 11791
f 11791 12204 12195
f 12196 12201 12600
f 12600 11792 12196
f 11794 12602 11403
f 11795 12204 11405
f 12205 11792 12600
f 11796 12206 11794
f 12207 11798 12203
f 12203 12603 12207
f 11795 11410 12204
f 11799 11801 11796
f 12207 12209 11798
f 12209 12207 12603
f 11804 12210 11410
f 12209 11802 11800
f 11803 12210 11804
f 12213 11805 12211
f 12212 11801 12214
f 12214 11801 12217
f 11802 12215 11806
f 12218 12219 12213
f 12219 11805 12213
f 11807 12217 11801
f 11807 11801 11416
f 12215 11808 11809
f 12215 11809 11806
f 11810 12216 11803
f 11816 12217 11807
f 12619 12217 11816
f 12616 11812 12215
f 12215 11812 11808
f 12219 12218 12618
f 12219 12223 11814
f 12219 11814 11811
f 11423 12220 11816
f 12221 11816 12220
f 12619 11816 12623
f 12623 11816 12221
f 11813 11818 11810
f 12618 12223 12219
f 12224 12220 11423
f 12221 12220 12224
f 11812 12628 11819
f 11812 12222 12628
f 12628 12225 11819
f 12227 12226 11818
f 11823 12227 11818
f 11820 11823 11818
f 12626 11821 12223
f 11825 12228 12224
f 12225 12628 12627
f 11826 12227 11823
f 12626 11827 11821
f 11425 11831 11825
f 11831 12228 11825
f 12225 12627 11828
f 12232 12227 11829
f 11826 11829 12227
f 12229 11827 12626
f 11833 12232 11829
f 12633 12234 11827
f 12633 11827 12229
f 12230 11831 12233
f 12231 11832 11430
f 12231 11828 11832
f 12236 12232 11834
f 11833 11834 12232
f 12239 12235 12233
f 13002 12233 12235
f 11832 11828 11836
f 11837 12236 11834
f 12638 11838 12234
f 12243 12236 11841
f 11837 11841 12236
f 12237 11838 12638
f 12238 12239 11840
f 12235 12239 12240
f 12241 11843 12242
f 12242 11843 11438
f 11836 12641 12242
f 11844 12243 11841
f 12644 12244 11838
f 12644 11838 12237
f 12656 12238 11840
f 12239 12238 12656
f 12241 12246 11843
f 12246 12242 12653
f 12241 12242 12246
f 12247 12243 11845
f 11844 11845 12243
f 11848 12247 11845
f 12650 12248 12244
f 12245 12249 12656
f 12246 11853 11843
f 12658 12246 12653
f 11848 12250 12247
f 12661 12656 12249
f 11853 12246 12657
f 12660 11854 12248
f 11856 12249 11850
f 12661 12249 11856
f 11853 12252 11851
f 12664 11853 12657
f 12255 12250 12251
f 12251 11857 12660
f 11857 11854 12660
f 12252 11853 13037
f 11857 11860 12253
f 12255 12251 12253
f 12253 12669 11854
f 12253 11854 11857
f 12252 12254 11859
f 12254 12252 12670
f 12670 12252 13037
f 11860 12255 12253
f 11864 12259 11457
f 11454 11457 12259
f 12254 12670 12256
f 12257 12255 11860
f 11866 12255 12257
f 11862 12257 11860
f 12258 12678 12669
f 11862 11866 12257
f 12259 11864 11869
f 11870 12267 11866
f 12264 11871 12678
f 12266 12261 12262
f 11874 12266 12262
f 11873 11874 12262
f 11873 12262 12263
f 11875 12267 11870
f 12677 11871 12264
f 11878 12268 11877
f 12270 12269 11879
f 12270 11879 12265
f 12692 12266 11873
f 11873 12266 11874
f 12275 12267 11881
f 11875 11881 12267
f 12271 12696 11871
f 12271 11871 12677
f 12272 12268 11878
f 12269 11882 11879
f 12270 11882 12269
f 13058 11882 12270
f 12692 11891 12273
f 12692 11873 11891
f 13430 12689 11880
f 11883 12275 11881
f 12276 12272 11889
f 12276 11889 12280
f 13058 12277 11882
f 11882 12277 11884
f 11890 12273 11891
f 12688 12282 12278
f 11885 12689 12279
f 12284 12275 11886
f 11883 11886 12275
f 12293 11887 12696
f 12701 11884 12277
f 12281 12273 11890
f 12291 12282 12274
f 12282 12283 12278
f 11896 11885 12279
f 11892 12284 11886
f 12286 11887 12293
f 11474 12280 11889
f 11474 12706 12280
f 12285 11475 12701
f 11894 12281 11890
f 12283 12282 12704
f 12292 12284 12301
f 11892 12301 12284
f 12286 11897 11887
f 12287 12706 11474
f 12287 11474 12295
f 12285 12288 12289
f 11903 12290 11894
f 12282 12291 11904
f 12299 12282 11904
f 12282 12300 12704
f 12282 12299 12300
f 13074 12709 11896
f 12293 12301 11899
f 11899 12294 12286
f 12294 11897 12286
f 11901 11902 12295
f 12289 12296 12285
f 12285 12296 11480
f 12297 11480 12296
f 12290 11903 12298
f 11904 12291 12299
f 12724 11905 12709
f 12306 12292 12301
f 12301 12302 11899
f 12302 12294 11899
f 12302 11906 11897
f 12302 11897 12294
f 11483 11489 11902
f 11903 12718 12298
f 12299 12305 12300
f 12299 12304 12305
f 11913 11905 12724
f 11907 12306 11899
f 11899 12306 12301
f 12312 11906 12302
f 11909 11902 11489
f 12303 11910 12297
f 12307 11910 12303
f 12718 11911 12308
f 12305 12304 11912
f 12305 11912 12311
f 11907 11914 12306
f 12312 11915 11906
f 12309 11909 11489
f 12307 12313 11910
f 11918 12308 11911
f 11918 12310 12308
f 12316 11912 12304
f 11912 12317 12311
f 12724 11923 11913
f 12321 11914 12318
f 11489 11917 13104
f 12314 12313 13097
f 12310 11918 12315
f 12724 12729 11923
f 11919 11920 11915
f 11919 11915 12312
f 13104 11917 12319
f 12314 12320 11922
f 12313 12314 11922
f 12316 12331 11912
f 11912 12325 12317
f 11912 12331 12325
f 11919 11924 12323
f 12322 12323 11924
f 12323 12322 12318
f 12321 12318 12322
f 12323 11920 11919
f 12320 11933 11927
f 12330 12316 12324
f 12316 12330 12331
f 12337 11928 12729
f 12332 12321 12322
f 12326 12321 12332
f 12322 11924 12327
f 12322 12327 12323
f 12327 11929 11920
f 12327 11920 12323
f 11932 11926 11930
f 12315 11934 12741
f 12333 11924 12332
f 11924 12333 12327
f 12333 11936 11929
f 12333 11929 12327
f 11942 12334 11926
f 11942 11926 11932
f 12734 11926 12334
f 12329 11938 12328
f 12328 11938 11933
f 11944 12342 11934
f 11934 12342 12741
f 12324 12335 12330
f 12336 12330 12335
f 12336 12331 12330
f 12338 11939 12337
f 11945 12339 11924
f 11924 12339 12332
f 12333 12332 12340
f 12341 12734 11942
f 12734 12334 11942
f 12329 11943 11938
f 12344 11939 12338
f 12340 11936 12333
f 11950 12346 12341
f 11950 12341 11942
f 12347 11517 12329
f 12329 12342 12348
f 12349 12329 12348
f 12347 12329 12349
f 12749 12342 11944
f 12749 11944 11946
f 12749 11946 11947
f 11952 11939 12344
f 12338 11952 12344
f 11948 12350 11945
f 12345 11949 11936
f 12345 11936 12340
f 12347 11951 11517
f 11947 12359 12749
f 12352 11953 11952
f 12338 12352 11952
f 11957 12353 11948
f 11948 12353 12350
f 12345 12354 12355
f 12355 11949 12345
f 11950 11954 11955
f 12356 11950 11955
f 12346 11950 12356
f 12351 12346 12356
f 12347 12349 12357
f 12359 11952 12751
f 12360 11956 12352
f 11957 12361 12353
f 12354 11959 12355
f 12356 11955 12363
f 11958 12357 11960
f 12357 12364 11960
f 12357 12358 12364
f 12367 12751 11952
f 11961 12365 11957
f 11957 12365 12361
f 12362 11959 12354
f 12363 11955 12366
f 12362 12368 12369
f 12369 11964 12362
f 12371 11965 12364
f 12364 11965 11960
f 12371 12364 12372
f 12367 11963 12360
f 11968 12365 11961
f 12368 12374 11964
f 12368 11964 12369
f 11967 12375 12370
f 12373 12365 12378
f 12378 12365 12376
f 11968 12376 12365
f 12380 11979 12371
f 12371 11979 11965
f 11969 12378 11968
f 11968 12378 12376
f 12374 12379 11970
f 12374 11970 11966
f 11971 11975 12375
f 12375 11975 12377
f 11969 11972 12378
f 12780 11973 11970
f 12780 11970 12379
f 11979 12384 11977
f 11979 12380 12384
f 12385 11972 12381
f 11978 12381 11972
f 12382 11973 12780
f 11975 12383 12777
f 12384 11982 11977
f 11978 12385 12381
f 11981 12388 11975
f 11981 11975 11540
f 11975 12783 12383
f 11975 12388 12783
f 12392 12387 11978
f 11978 12387 12385
f 12782 11983 12382
f 12782 12382 12386
f 11543 12388 11981
f 12384 12389 11982
f 12384 12786 12389
f 12390 12387 12392
f 12391 12396 11983
f 12391 11983 12782
f 11985 12388 11543
f 13186 11989 12389
f 11986 12392 11978
f 12393 12396 12391
f 11553 11995 11985
f 11985 11995 12388
f 12388 12394 12783
f 12790 12783 12394
f 13186 12791 11989
f 11990 12395 11986
f 11986 12395 12392
f 12393 12794 12396
f 11993 11995 11553
f 12388 12397 12394
f 12388 11995 12397
f 11997 12796 11990
f 11990 12796 12395
f 12794 12399 12396
f 12399 11994 11991
f 12399 11991 12396
f 12794 13200 12399
f 11563 12400 11995
f 11998 12402 11997
f 13200 11999 11994
f 13200 11994 12399
f 12400 12404 11995
f 12795 11995 12404
f 12407 12408 11996
f 12798 11996 12401
f 12407 11996 12798
f 12001 12405 11998
f 11998 12405 12402
f 12403 11999 13200
f 12404 12400 12406
f 12409 12405 12002
f 12001 12002 12405
f 12403 12805 12003
f 12003 11999 12403
f 12004 12406 12400
f 12407 12798 12408
f 12007 12409 12002
f 12805 12005 12003
f 12413 12006 12411
f 12007 12412 12409
f 12410 12005 12805
f 12413 12417 12006
f 12411 12408 12413
f 12418 12412 12414
f 12009 12414 12007
f 12007 12414 12412
f 12410 12415 12419
f 12419 12010 12410
f 12011 12416 12008
f 12809 12008 12416
f 12009 12418 12414
f 12012 12416 12011
f 12433 12014 12420
f 12018 12421 12009
f 12009 12421 12418
f 12419 12415 12424
f 12433 12015 12014
f 12433 12420 12426
f 12423 12421 12018
f 12424 12430 12419
f 12430 12013 12419
f 12820 12422 12425
f 12433 12017 12015
f 12428 12429 12424
f 12424 12429 12430
f 12431 12425 12422
f 12432 12021 12433
f 12433 12021 12017
f 12438 12426 12434
f 12433 12426 12438
f 12430 12428 12024
f 12429 12428 12430
f 12430 12024 12019
f 12436 12020 12445
f 12422 12020 12436
f 12431 12422 12446
f 12422 12436 12446
f 12432 12025 12021
f 12432 12433 12025
f 12025 12433 12444
f 12444 12433 12438
f 12427 12440 12435
f 12026 12440 12427
f 12022 12026 12427
f 12428 12839 12441
f 12428 12441 12024
f 12028 12025 12443
f 12025 12444 12443
f 12449 12444 12438
f 12438 12439 12440
f 12447 12438 12440
f 12441 12839 12451
f 12451 12029 12441
f 12445 12446 12436
f 12442 12446 12843
f 12443 12444 12449
f 12042 12449 12438
f 12042 12438 12447
f 12043 12447 12440
f 12043 12440 12026
f 12451 12036 12029
f 12037 12445 12031
f 12446 12846 12843
f 12033 12443 12449
f 12042 12447 12043
f 12450 12043 12026
f 12038 12450 12034
f 12034 12450 12026
f 12452 12039 12036
f 12452 12036 12451
f 12037 12457 12445
f 12846 12446 12457
f 12446 12445 12457
f 12453 12449 12042
f 12043 12450 11613
f 11613 12450 12038
f 12452 12044 12039
f 12852 12048 12049
f 12050 12052 12049
f 12049 12052 12852
f 12043 12454 12042
f 12454 12453 12042
f 11611 12454 12043
f 11611 12043 11613
f 12455 12044 12452
f 12046 12456 12037
f 12457 12037 12456
f 12048 12852 11610
f 12852 12459 11610
f 11228 12453 12454
f 11228 12454 11611
f 12848 12056 12458
f 12053 12456 12046
f 12058 12456 12053
f 11236 12460 12052
f 12460 11236 12459
f 12054 12055 12460
f 12461 12055 12056
f 12461 12056 12848
f 12056 12057 12458
f 12458 12057 11621
f 12458 11621 12455
f 11624 12058 12053
f 12854 12058 12459
f 12460 12459 12054
f 12462 12067 12071
f 12462 12071 12463
f 12072 12064 12063
f 12063 12464 12072
f 12464 12074 12072
f 12077 12463 12078
f 12465 12463 12077
f 12463 12467 12462
f 12463 12465 12467
f 12462 12467 12067
f 12067 12466 12063
f 12063 12466 12464
f 12464 12081 12074
f 12067 12856 12466
f 12067 12467 12856
f 12464 12466 12468
f 12464 12468 12081
f 12468 12084 12081
f 12086 11676 12077
f 12086 12077 11666
f 12466 12856 12862
f 12468 12466 12469
f 12468 12469 12485
f 12468 12473 12084
f 12485 12473 12468
f 11676 12470 12077
f 12465 12470 12471
f 12465 12077 12470
f 12465 12471 12857
f 12862 12472 12466
f 12469 12466 12485
f 12474 11676 11678
f 12863 11676 12474
f 12470 11676 12863
f 12470 12863 12471
f 12088 12479 12475
f 12479 12088 12095
f 12099 12498 12096
f 12498 12095 12096
f 12498 12479 12095
f 12099 12480 12498
f 12472 12476 12466
f 12477 12485 12476
f 12485 12466 12476
f 12473 12485 12478
f 12478 12482 12473
f 11311 12474 11678
f 12088 12475 12098
f 12485 12481 12478
f 12482 12108 12473
f 12482 12113 12108
f 12483 12863 12474
f 12098 12475 12104
f 12493 12475 12479
f 12484 12479 12488
f 12488 12479 12498
f 12109 12480 12105
f 12117 12480 12109
f 12478 12113 12482
f 12121 12487 12474
f 12483 12474 12487
f 12493 12116 12475
f 12475 12116 12104
f 12479 12484 12493
f 12509 12498 12480
f 12489 12480 12117
f 12489 12509 12480
f 12486 12490 12485
f 12491 12499 12490
f 12499 12485 12490
f 12499 12481 12485
f 12481 12499 12500
f 12492 12113 12478
f 12481 12492 12478
f 12495 12493 12484
f 12496 12488 12497
f 12498 12497 12488
f 12489 12117 12123
f 12501 12500 12499
f 12492 12119 12113
f 12502 12487 12121
f 12503 12122 12493
f 12508 12493 12494
f 12503 12493 12508
f 12498 12504 12497
f 12504 12498 12509
f 12123 12509 12489
f 12505 12500 12501
f 12500 12505 12481
f 12481 12119 12492
f 11700 12506 12121
f 12121 12506 12502
f 12503 12507 12122
f 12503 12508 12507
f 12511 12504 12509
f 12135 12509 12123
f 12516 12481 12505
f 12481 12516 12510
f 12481 12124 12120
f 12481 12120 12119
f 12127 12506 11700
f 12507 12512 12134
f 12507 12508 12513
f 12507 12513 12512
f 12511 12514 12504
f 12523 12511 12509
f 12523 12509 12515
f 12510 12520 12481
f 12518 12130 12124
f 12481 12518 12124
f 12520 12518 12481
f 12515 12509 12135
f 12517 12510 12516
f 11716 12521 12133
f 12512 12896 12134
f 12512 12513 12896
f 12519 12514 12511
f 12523 12519 12511
f 12527 12510 12517
f 12510 12527 12520
f 12520 12130 12518
f 12523 12515 12526
f 12136 12526 12515
f 12527 12528 12520
f 12130 12141 12140
f 11724 12521 11716
f 11724 12899 12521
f 12525 12532 12519
f 12523 12525 12519
f 12528 12529 12520
f 12520 12530 12130
f 12520 12529 12530
f 12530 12141 12130
f 11724 12531 12899
f 12524 12906 12536
f 12525 12533 12532
f 12534 12525 12523
f 12533 12525 12534
f 12534 12523 12526
f 12142 12526 12138
f 12142 12534 12526
f 12537 12528 12535
f 12537 12529 12528
f 12530 12147 12141
f 12145 12531 11724
f 12534 12540 12533
f 12530 12538 12147
f 12536 11731 12146
f 12912 11731 12536
f 12540 12534 12142
f 12537 12545 12529
f 12537 12541 12545
f 12529 12538 12530
f 12152 13275 12145
f 12539 12543 12540
f 12544 12540 12142
f 12153 12544 12148
f 12148 12544 12142
f 12529 12542 12538
f 12529 12545 12542
f 12542 12154 12150
f 12542 12150 12538
f 12915 11731 12912
f 12917 11731 12915
f 12547 12540 12544
f 12539 12540 12547
f 12158 12544 12153
f 12157 12152 11730
f 12917 12922 11731
f 12549 12539 12547
f 12158 12547 12544
f 12548 12545 12924
f 12548 12546 12545
f 12545 12160 12154
f 12545 12154 12542
f 11746 12551 12157
f 12549 12547 12559
f 12546 12160 12545
f 11746 12550 12551
f 12925 12558 12922
f 13294 12558 12925
f 12552 12549 12559
f 12555 12559 12547
f 12161 12555 12162
f 12162 12555 12547
f 12556 12548 12553
f 12548 12557 12546
f 12557 12160 12546
f 12164 12550 11746
f 13294 12554 12558
f 12548 12556 12557
f 12557 12163 12160
f 12164 12561 12550
f 12560 12559 12555
f 12161 12560 12555
f 12556 12163 12557
f 13305 12166 12558
f 12558 12554 13305
f 12167 12562 12559
f 12563 12559 12560
f 12167 12559 12563
f 12167 12563 12161
f 12161 12563 12560
f 12938 12564 12556
f 12564 12168 12556
f 11364 12565 12561
f 11364 12561 11749
f 12566 12166 13305
f 12167 12567 12562
f 12169 12938 12569
f 12938 12169 12564
f 12564 12169 12168
f 11758 12565 11364
f 12566 12944 12166
f 12568 12567 12167
f 12170 12568 12167
f 11763 12572 11758
f 12174 12567 12568
f 12570 12567 12174
f 12170 12174 12568
f 12171 12569 12571
f 12171 12169 12569
f 11765 12572 11763
f 12177 12172 12173
f 12944 12177 12173
f 12570 12174 12573
f 12571 12945 12171
f 12945 12576 12171
f 12573 12174 12574
f 12178 12574 12174
f 13323 12576 12945
f 11377 12577 12176
f 11765 12176 12577
f 12948 12575 12177
f 12579 12577 11377
f 12953 12574 12178
f 12576 13323 12180
f 13323 12955 12180
f 12580 12183 13327
f 12953 12178 12581
f 11775 12581 12181
f 12181 12581 12178
f 12184 12955 12583
f 12180 12955 12184
f 11777 12578 12182
f 12579 12578 11777
f 12580 12582 12183
f 12959 11777 12189
f 12584 12185 12582
f 12586 11775 12186
f 12583 12191 12187
f 12583 12960 12191
f 12583 12187 12184
f 12961 12189 12188
f 12959 12189 12961
f 12586 12186 12190
f 12191 12960 12587
f 12192 12193 12188
f 12961 12188 12193
f 13338 12589 12584
f 13338 12584 12585
f 12586 12190 11787
f 12587 12588 12590
f 12590 11788 12191
f 12590 12191 12587
f 11787 12592 12200
f 12195 12592 11787
f 12588 12196 11788
f 12588 11788 12590
f 12197 12193 12198
f 12593 12193 12197
f 12966 12193 12597
f 12597 12193 12593
f 12200 12592 12195
f 12588 12201 12196
f 12593 12197 12602
f 12598 12594 12591
f 12595 12200 12599
f 12204 12599 12200
f 12588 12596 12600
f 12600 12201 12588
f 12598 12203 12202
f 12598 12601 12203
f 12602 11794 12206
f 11796 12602 12206
f 12606 12602 11796
f 12203 12601 12603
f 12204 12604 12609
f 11410 12604 12204
f 12605 12208 12205
f 12605 12205 12600
f 11801 12212 11796
f 12606 11796 12212
f 12603 12607 12209
f 12610 12609 12210
f 12210 12609 12604
f 12210 12604 11410
f 12611 12211 12208
f 12611 12208 12605
f 12607 11802 12209
f 12603 12612 11802
f 12607 12603 11802
f 12612 12603 12608
f 12610 12210 12613
f 11803 12613 12210
f 12614 12213 12211
f 12614 12211 12611
f 12615 12212 12214
f 11802 12979 12215
f 11803 12216 12613
f 12614 12218 12213
f 12217 12615 12214
f 12215 12983 12620
f 12215 12979 12983
f 12981 12218 12614
f 12620 12616 12215
f 12216 12617 12984
f 11818 12617 11810
f 11810 12617 12216
f 12618 12218 12981
f 12616 12620 11812
f 12624 12622 11818
f 11818 12622 12617
f 12987 12223 12618
f 12621 12623 12221
f 11812 12620 12222
f 12994 12626 12223
f 12994 12223 12987
f 12621 12221 12224
f 12222 12991 12628
f 12227 12624 12226
f 12226 12624 11818
f 12625 12626 12994
f 12621 12224 12999
f 12999 12224 12228
f 12991 12996 12628
f 12227 12629 12624
f 12625 12229 12626
f 11831 12630 12228
f 12636 12228 12630
f 12999 12228 12636
f 12631 11828 12627
f 12627 12628 12631
f 12631 12628 12996
f 12232 13001 12227
f 12227 13001 12629
f 12625 12633 12229
f 12625 12632 12633
f 12230 12630 11831
f 12631 12634 11828
f 12232 12635 13001
f 12632 12234 12633
f 12636 12630 12233
f 12630 12230 12233
f 12634 12639 11828
f 12236 12635 12232
f 12632 12637 12638
f 12638 12234 12632
f 12639 11836 11828
f 12637 12237 12638
f 13007 13002 12235
f 11836 12639 12641
f 12640 12635 12645
f 12645 12635 12642
f 12243 12642 12236
f 12236 12642 12635
f 12637 12643 12644
f 12644 12237 12637
f 12243 12645 12642
f 12643 12244 12644
f 12235 12240 12646
f 12641 12653 12242
f 12641 12647 12653
f 12247 12648 12243
f 12243 12648 12645
f 12643 12649 12650
f 12650 12244 12643
f 12656 12240 12239
f 13018 12646 12240
f 12647 13016 12653
f 12654 12648 12651
f 12247 12651 12648
f 12649 12248 12650
f 12240 12656 13018
f 12653 12652 12658
f 13025 12653 13016
f 12250 12654 12247
f 12247 12654 12651
f 12649 12655 12248
f 12655 12660 12248
f 12662 12656 12661
f 13018 12656 13028
f 12658 12657 12246
f 12250 12659 12654
f 12649 12660 12655
f 12649 13027 12660
f 12657 12658 12652
f 12665 12659 12663
f 12255 12663 12250
f 12250 12663 12659
f 12660 13027 12251
f 11454 12661 11856
f 12656 12662 13031
f 13031 12662 12661
f 12664 13037 11853
f 12657 13032 12664
f 12255 12665 12663
f 12666 12253 12251
f 13027 12666 12251
f 11454 12673 12661
f 12667 13031 12661
f 13037 12664 13032
f 12255 12668 12665
f 12666 13039 12669
f 12669 12253 12666
f 12259 12673 11454
f 12675 12670 13037
f 13037 13040 12675
f 12676 12668 12671
f 11866 12671 12255
f 12255 12671 12668
f 13039 12672 12669
f 12672 12258 12669
f 12670 12674 12256
f 12670 12675 12674
f 12267 12676 11866
f 11866 12676 12671
f 13039 12678 12672
f 13039 12677 12678
f 12678 12258 12672
f 12673 12259 11869
f 13049 12260 12674
f 12674 12675 13049
f 12262 13050 12263
f 12261 13050 12262
f 12267 12680 12676
f 12677 12681 12678
f 12681 12264 12678
f 12268 13048 11869
f 12270 12265 13049
f 13049 12265 12260
f 12682 12261 12266
f 12682 12679 12261
f 13050 11880 12263
f 13050 13430 11880
f 12690 12680 12683
f 12267 12683 12680
f 12677 12264 12681
f 12268 12685 13048
f 12687 12686 12266
f 12692 12687 12266
f 12266 12686 12682
f 12275 12690 12267
f 12267 12690 12683
f 12684 12691 12677
f 12691 12271 12677
f 12268 12272 12685
f 12272 12697 12685
f 13061 12274 12688
f 12274 12282 12688
f 12275 12694 12690
f 12684 12696 12691
f 12684 12695 12696
f 12696 12271 12691
f 12280 12697 12276
f 12697 12272 12276
f 12698 12697 12280
f 13058 13060 12277
f 12278 12693 12688
f 12689 12699 12279
f 12702 12694 12700
f 12284 12700 12275
f 12275 12700 12694
f 12695 12293 12696
f 12701 12277 13060
f 12274 13068 12291
f 12699 11896 12279
f 12284 12702 12700
f 12695 13062 12293
f 12280 12706 12698
f 13440 12285 12703
f 12285 12701 12703
f 11894 12290 12281
f 13068 12708 12291
f 12292 12705 12284
f 12284 12705 12702
f 13062 13076 12293
f 12293 11899 12286
f 12295 12706 12287
f 13440 12288 12285
f 13082 12289 12288
f 13440 13082 12288
f 12708 13068 13078
f 12712 12705 12710
f 12292 12710 12705
f 12711 12301 12293
f 13076 12711 12293
f 12295 11902 12706
f 11902 12707 12706
f 13082 12296 12289
f 12297 12296 13082
f 12291 12708 12299
f 12300 12305 12704
f 12719 12724 12709
f 12306 12712 12292
f 12292 12712 12710
f 12716 12302 12301
f 12711 12716 12301
f 12297 13082 12303
f 12303 13082 12307
f 12718 12714 12298
f 12304 12299 12316
f 11914 12715 12306
f 12306 12715 12712
f 12711 12721 12716
f 12716 12312 12302
f 11902 11909 12309
f 12714 12718 12310
f 12305 12311 13090
f 12725 12715 12720
f 11914 12720 12715
f 12721 12312 12716
f 11489 12722 12309
f 12717 12313 12307
f 13097 12313 12717
f 12718 12308 12310
f 13093 12723 12316
f 12321 12725 11914
f 11914 12725 12720
f 12721 12726 12318
f 12318 11919 12312
f 12318 12312 12721
f 13104 12722 11489
f 12314 13097 12727
f 12315 12728 12310
f 13109 12316 12723
f 12321 12730 12725
f 12726 13103 12318
f 12319 11921 13104
f 13104 11921 13105
f 12314 12727 12320
f 12320 12727 13108
f 12316 13109 13115
f 12325 12311 12317
f 12325 13116 12311
f 12737 12730 12731
f 12321 12731 12730
f 12732 12323 12318
f 13103 12732 12318
f 11926 12734 12733
f 13105 11926 12733
f 11921 11926 13105
f 11933 13108 12735
f 11933 12320 13108
f 12742 11933 12735
f 13120 12728 12736
f 12315 12736 12728
f 13115 12324 12316
f 13112 12337 12729
f 12326 12737 12321
f 12321 12737 12731
f 12732 12322 12323
f 12742 12329 12328
f 11933 12742 12328
f 12736 12315 12741
f 12332 12739 12326
f 12326 12739 12737
f 12732 12332 12322
f 12342 12329 12742
f 12741 12342 12742
f 12738 12743 12324
f 12324 12743 12335
f 12336 12335 12743
f 12336 12743 13132
f 12337 13128 12338
f 12746 12739 12339
f 12332 12339 12739
f 12346 12740 12341
f 12740 12734 12341
f 12744 12342 13137
f 13137 12342 12750
f 12343 12336 13132
f 11945 12746 12339
f 12747 12345 12340
f 12747 12340 12332
f 12744 12349 12348
f 12342 12744 12348
f 12749 12744 12342
f 12342 12744 12749
f 12749 12750 12342
f 12753 12751 12749
f 12751 12750 12749
f 12343 13132 12336
f 11945 12350 12746
f 13141 12345 12747
f 12351 12748 12346
f 12349 12744 12752
f 12359 12753 12749
f 12753 12752 12749
f 12744 12749 12752
f 12749 12744 12753
f 12352 13506 12754
f 12338 13506 12352
f 12361 12350 12755
f 12353 12755 12350
f 12354 12345 13141
f 12356 12363 12351
f 13144 12351 12756
f 12351 12363 12756
f 12357 12349 12358
f 12753 12349 12359
f 12753 12359 12349
f 12349 12752 12753
f 12359 12751 12753
f 12760 12352 12754
f 12360 12352 12760
f 12353 12361 12755
f 12763 12362 12354
f 12758 12364 12349
f 12349 12364 12358
f 12758 12349 12759
f 12757 12367 12760
f 12751 12367 12757
f 12360 12760 12761
f 12365 12762 12361
f 12366 13157 12363
f 12363 13157 13154
f 12364 12758 12372
f 12760 12367 12761
f 12761 12367 12360
f 12764 12762 12767
f 12373 12765 12365
f 12766 12365 12765
f 12365 12766 12762
f 12765 12368 12362
f 12765 12362 12763
f 12370 13157 12366
f 12759 13158 12372
f 12758 12759 12372
f 12764 12767 12373
f 12765 12373 12767
f 12765 12374 12368
f 12375 12771 13157
f 12375 13157 12370
f 13157 12771 12772
f 12768 12372 13158
f 12378 12764 12373
f 12767 12770 12765
f 12770 12374 12765
f 12377 12771 12375
f 12768 12371 12372
f 13158 12371 12768
f 12774 12371 13158
f 12769 12764 12776
f 12776 12764 12773
f 11972 12773 12378
f 12378 12773 12764
f 12770 12379 12374
f 11975 12777 12771
f 11975 12771 12377
f 12772 12771 13172
f 12380 12371 12774
f 11972 12776 12773
f 13170 12780 12770
f 12780 12379 12770
f 12775 12384 12774
f 12774 12384 12380
f 12385 12778 11972
f 11972 12778 12776
f 13170 12779 12780
f 12777 12383 12784
f 12786 12384 12775
f 12785 12786 12775
f 12787 12778 12781
f 12387 12781 12385
f 12385 12781 12778
f 12779 12386 12382
f 12779 12382 12780
f 12387 12787 12781
f 12782 12386 12779
f 12383 12783 12790
f 12784 12383 12790
f 13186 12389 12786
f 12390 12788 12387
f 12387 12788 12787
f 12789 12391 12782
f 12792 12788 12390
f 12789 12393 12391
f 12395 12792 12392
f 12392 12792 12390
f 13189 12794 12393
f 13189 12393 12789
f 11996 12398 12791
f 11996 12791 12793
f 12395 12796 12792
f 11995 12795 12397
f 13199 11996 12793
f 11997 12797 12796
f 13192 13200 12794
f 11996 13199 12401
f 12402 12797 11997
f 12795 12404 12801
f 13199 12798 12401
f 12405 12797 12402
f 12800 12802 13200
f 12802 12403 13200
f 12409 12799 12405
f 12405 12799 12797
f 12802 12805 12403
f 12406 12803 12404
f 12801 12404 12803
f 12804 12408 12798
f 12798 13204 12804
f 12800 12805 12802
f 12008 12809 12406
f 12008 12406 12004
f 12804 13211 12408
f 12412 12806 12409
f 12800 12808 12805
f 12800 12807 12808
f 12808 12410 12805
f 12816 12413 12408
f 12408 13211 12813
f 12816 12408 12813
f 12418 12811 12412
f 12412 12811 12806
f 12807 12415 12410
f 12807 12410 12808
f 12809 12416 12815
f 12816 12417 12413
f 12818 12811 12814
f 12421 12814 12418
f 12418 12814 12811
f 12812 12415 12807
f 12012 12820 12416
f 12816 12420 12417
f 12816 12825 12420
f 12813 12810 12817
f 12816 12813 12817
f 12421 12818 12814
f 12812 12819 12415
f 12819 12424 12415
f 12422 12820 12012
f 12416 12820 12815
f 12825 12426 12420
f 12437 12825 12816
f 12437 12816 12817
f 12423 12823 12421
f 12421 12823 12818
f 12819 12812 12424
f 12820 12824 12815
f 12820 12425 12824
f 12829 12437 12817
f 12817 13229 12821
f 12822 12817 12821
f 12817 12822 12832
f 12832 12822 12826
f 12826 12823 12427
f 12826 12822 12823
f 12427 12823 12423
f 12828 12428 12812
f 12812 12428 12424
f 13227 12815 12824
f 12825 12434 12426
f 12434 12825 12438
f 12825 12437 12438
f 12830 12829 12817
f 12831 12817 12832
f 12830 12817 12831
f 12435 12832 12427
f 12427 12832 12826
f 12827 12839 12428
f 12827 12428 12828
f 12442 12431 12446
f 12425 12431 12442
f 12425 12844 12824
f 12425 12442 12844
f 12824 12835 12834
f 12437 12829 12438
f 12438 12829 12830
f 12438 12830 12439
f 12440 12831 12832
f 12440 12832 12435
f 12836 12827 12833
f 12836 12839 12827
f 12824 12844 12835
f 12830 12440 12439
f 12440 12830 12831
f 12838 12842 12836
f 12836 12842 12839
f 12844 12442 12843
f 12837 12835 12840
f 13240 12837 12841
f 12841 12850 12838
f 12838 12850 12842
f 12839 12842 12448
f 12839 12448 12451
f 12842 12850 12451
f 12842 12451 12448
f 12457 12845 12846
f 12843 12847 12844
f 12843 12846 12847
f 12844 12847 12848
f 12835 12844 12840
f 12840 12849 12837
f 12837 12849 12841
f 12841 12849 12850
f 12850 12452 12451
f 12855 12845 12457
f 12844 12851 12840
f 12844 12848 12851
f 12850 12849 12455
f 12850 12455 12452
f 12456 12855 12457
f 12855 12852 12845
f 12845 12853 12846
f 12845 12852 12853
f 12846 12853 12055
f 12846 12055 12847
f 12840 12848 12458
f 12851 12848 12840
f 12840 12458 12849
f 12849 12458 12455
f 12058 12854 12456
f 12456 12854 12855
f 12855 12459 12852
f 12852 12052 12853
f 12853 12052 12460
f 12853 12460 12055
f 12847 12055 12461
f 12847 12461 12848
f 12855 12854 12459
f 12861 12467 12465
f 12861 12465 12857
f 12857 12858 12861
f 12856 12467 12859
f 12859 12862 12856
f 12857 12471 12863
f 12857 12860 12858
f 12467 12861 12859
f 12472 12477 12476
f 12857 12863 12864
f 12857 12864 12860
f 12862 12486 12472
f 12472 12865 12477
f 12486 12865 12472
f 12865 12485 12477
f 12860 12864 12858
f 12861 12858 12866
f 12859 12867 12862
f 12859 12861 12867
f 12862 12871 12486
f 12862 12867 12871
f 12486 12485 12865
f 12483 12487 12863
f 12863 12875 12864
f 12858 12864 12868
f 12488 12496 12484
f 12866 12869 12861
f 12861 12869 12867
f 12486 12491 12490
f 12487 12875 12863
f 12864 12875 12872
f 12876 12494 12493
f 12495 12876 12493
f 12484 12876 12495
f 12484 12877 12876
f 12887 12484 12496
f 12877 12484 12887
f 12873 12867 12870
f 12871 12867 12879
f 12880 12499 12491
f 12486 12880 12491
f 12871 12880 12486
f 12880 12501 12499
f 12502 12875 12487
f 12887 12496 12878
f 12504 12878 12497
f 12878 12496 12497
f 12873 12879 12867
f 12879 12880 12871
f 12880 12505 12501
f 12875 12502 12506
f 12127 12875 12506
f 12884 12875 12127
f 12874 12875 12884
f 12886 12494 12876
f 12885 12494 12886
f 12886 12876 12877
f 12886 12877 12887
f 12873 12881 12879
f 13247 12880 12881
f 12880 12879 12881
f 12880 12882 12883
f 12883 12505 12880
f 12494 12513 12508
f 13254 12886 12887
f 13254 12887 12890
f 12504 12514 12878
f 12514 12887 12878
f 12888 12880 13247
f 12888 12882 12880
f 12883 12516 12505
f 12133 12521 12127
f 12494 12885 12513
f 12885 12886 12889
f 12889 12886 13254
f 12902 12887 12514
f 12883 12517 12516
f 13265 12896 12513
f 13265 12513 13250
f 13250 12513 12885
f 12893 12892 13254
f 12890 12893 13254
f 12887 12893 12890
f 12519 12894 12514
f 12894 12902 12514
f 13261 12888 12895
f 12882 12517 12883
f 12891 12521 12899
f 12900 12896 13265
f 12901 12892 12893
f 12893 12897 12901
f 12887 12897 12893
f 12897 12887 12902
f 12519 12902 12894
f 12888 12898 12882
f 12888 13261 12898
f 12882 12528 12517
f 12882 12898 12528
f 12528 12527 12517
f 12900 12524 12896
f 12896 12524 12522
f 12897 12902 12901
f 12519 12909 12902
f 12532 12909 12519
f 12903 13261 13267
f 13261 12903 12898
f 13270 12899 12531
f 12900 12906 12524
f 12900 12907 12906
f 12902 12908 13273
f 12908 12902 12909
f 12533 12909 12532
f 12898 12904 12528
f 12905 12535 12528
f 12904 12905 12528
f 12911 12903 12910
f 12911 12898 12903
f 12905 12537 12535
f 13275 12531 12145
f 12906 12912 12536
f 13276 12906 12907
f 12913 12908 12909
f 12914 12909 12533
f 12927 12909 12914
f 12540 12914 12533
f 12898 12911 12904
f 12904 12537 12905
f 12909 12918 13284
f 12919 12909 12927
f 12918 12909 12919
f 12543 12914 12540
f 12911 12920 12904
f 12911 13288 12920
f 12904 12541 12537
f 12904 12545 12541
f 12915 12912 12917
f 12543 12927 12914
f 12920 12924 12904
f 12904 12924 12921
f 12921 12924 12545
f 12921 12545 12904
f 12157 12916 12152
f 12923 12918 12919
f 12932 12919 12927
f 12549 12927 12539
f 12539 12927 12543
f 12551 13293 12157
f 12919 12926 13292
f 12926 12919 12932
f 12924 12928 12930
f 12924 12930 12929
f 12929 12548 12924
f 12552 12932 12549
f 12549 12932 12927
f 12930 12553 12548
f 12930 12548 12929
f 12935 12926 12932
f 12932 12552 12559
f 12937 12930 12928
f 12930 12556 12553
f 12561 12934 12550
f 12926 12935 12936
f 12562 12935 12932
f 12559 12562 12932
f 12930 12937 12933
f 12933 12938 12556
f 12933 12556 12930
f 12561 12939 12934
f 12942 12935 12562
f 12937 12938 12933
f 12565 12939 12561
f 12941 12935 12942
f 12567 12942 12562
f 12937 12569 12938
f 12937 12940 12569
f 11758 12939 12565
f 13305 13314 12566
f 12940 13313 12569
f 12572 12939 11758
f 12572 12943 12939
f 13314 12944 12566
f 12942 12947 12941
f 12947 12942 12570
f 12567 12570 12942
f 13313 12945 12569
f 12945 12571 12569
f 13319 12943 12572
f 12946 12177 12944
f 12573 12947 12570
f 12945 13313 12949
f 11765 13319 12572
f 12946 12948 12177
f 12949 13323 12945
f 12577 12951 11765
f 12952 12575 12948
f 12950 12573 12574
f 12952 13327 12575
f 12953 12950 12574
f 12954 12955 13323
f 12579 12956 12577
f 12956 12951 12577
f 12954 12583 12955
f 11777 12959 12579
f 12956 12579 12959
f 12957 12582 12580
f 12580 13327 12957
f 13663 12583 12954
f 12957 12584 12582
f 12586 12581 11775
f 12960 12583 13663
f 12962 12959 12961
f 12957 12585 12584
f 12965 12581 12586
f 12963 12588 12960
f 12588 12587 12960
f 12964 12962 12961
f 12965 12586 11787
f 12968 12588 12963
f 12961 12193 12966
f 13342 12591 13338
f 13338 12591 12589
f 12965 12595 12967
f 12200 12595 11787
f 11787 12595 12965
f 12596 12588 12968
f 12597 12598 12966
f 12593 12598 12597
f 12591 12966 12598
f 12595 12599 12967
f 13346 12600 12596
f 13346 12596 12968
f 12602 12971 12593
f 12598 12593 12601
f 12601 12593 12969
f 12972 12966 12591
f 12969 12966 12972
f 12591 13348 12972
f 12204 12970 12599
f 12969 12603 12601
f 12969 12972 12603
f 12970 12973 12974
f 12609 12973 12204
f 12204 12973 12970
f 12975 12600 12976
f 12975 12605 12600
f 12971 12602 12606
f 12212 12971 12606
f 12603 12972 12608
f 12977 12974 12973
f 12610 12977 12973
f 12609 12610 12973
f 13353 12978 12976
f 12976 12978 12975
f 12978 12611 12975
f 12975 12611 12605
f 13357 12971 12615
f 12971 12212 12615
f 13357 13358 12971
f 12610 12613 12977
f 13359 12614 12611
f 13359 12611 12978
f 12612 12979 11802
f 12979 12612 12608
f 12608 13360 12979
f 12216 12980 12613
f 12981 12614 13359
f 12982 12615 12217
f 13357 12615 13365
f 12983 12979 13360
f 12216 12984 12980
f 12619 12982 12217
f 12982 12985 12615
f 12982 12619 12985
f 13365 12615 12988
f 12988 12615 12985
f 12987 12981 12989
f 12987 12618 12981
f 12983 13369 12620
f 12983 13366 13369
f 12622 12986 12617
f 12617 12986 12984
f 12623 12985 12619
f 12990 12985 12623
f 12991 12222 12620
f 12992 12620 13369
f 12991 12620 12992
f 12622 12993 12986
f 12989 12994 12987
f 12621 12999 12623
f 13372 12623 12999
f 12990 12623 13372
f 12624 12995 12622
f 12622 12995 12993
f 12994 13375 12625
f 12989 13375 12994
f 12629 12997 12624
f 12624 12997 12995
f 12636 12998 12999
f 12629 13001 12997
f 13004 12632 12625
f 13004 12625 13375
f 12631 12996 13000
f 12996 13377 13000
f 12635 13383 13001
f 12233 13002 12636
f 13385 12636 13002
f 12998 12636 13385
f 12634 12631 13000
f 13006 13001 13383
f 13384 13001 13006
f 12640 13003 12635
f 13004 12635 13003
f 12635 13004 13383
f 13003 12637 12632
f 13003 12632 13004
f 12634 13000 13005
f 12634 13005 13009
f 12640 13006 13383
f 13002 13007 13008
f 13008 13385 13002
f 12634 12641 12639
f 12634 13009 12641
f 12645 13010 12640
f 12640 13010 13006
f 12640 13012 13003
f 12640 13011 13012
f 13012 12643 12637
f 13012 12637 13003
f 13008 13007 13015
f 12641 13009 13013
f 12648 13010 12645
f 13011 12643 13012
f 12646 13007 12235
f 13016 12647 12641
f 13016 12641 13013
f 12648 13017 13010
f 13014 12649 12643
f 13014 12643 13011
f 13007 12646 13018
f 13023 13010 13017
f 12654 13023 12648
f 12648 13023 13017
f 13014 13019 13020
f 13020 12649 13014
f 13406 13018 13021
f 13016 13022 13025
f 12659 13023 12654
f 13019 12649 13020
f 13021 13018 13028
f 13025 12652 12653
f 12659 13026 13023
f 13024 13027 13019
f 13027 12649 13019
f 12656 13031 13028
f 12652 13033 12657
f 13025 13029 12652
f 13029 13025 13022
f 12665 13034 12659
f 12659 13034 13026
f 13024 13030 13027
f 13411 13028 13031
f 13033 13032 12657
f 12668 13034 12665
f 13030 12666 13027
f 12661 13036 12667
f 13036 13031 12667
f 13043 13031 13036
f 13037 13033 13041
f 13032 13033 13037
f 12668 13038 13034
f 13035 13039 13030
f 13039 12666 13030
f 12673 13036 12661
f 13040 13037 13041
f 12676 13044 12668
f 12668 13044 13038
f 13035 13042 13039
f 13036 12673 13043
f 12680 13044 12676
f 13042 12677 13039
f 13043 12673 11869
f 13040 13049 12675
f 13046 13040 13041
f 12679 13425 13050
f 12261 12679 13050
f 12680 13047 13044
f 13045 13051 13042
f 13051 12677 13042
f 12682 12686 12679
f 12679 12686 13425
f 13050 13425 13428
f 12690 13055 12680
f 12680 13055 13047
f 13045 13429 13051
f 13051 12684 12677
f 13057 13048 12685
f 13052 13058 13049
f 13049 13058 12270
f 13052 13049 13053
f 13430 13050 13428
f 12694 13055 12690
f 13429 12684 13051
f 12697 13057 12685
f 13052 13053 13058
f 13053 13437 13058
f 12687 12692 12686
f 13054 13061 12688
f 12693 13061 12688
f 12688 13061 13054
f 12699 12689 13430
f 12694 13059 13055
f 13056 12695 12684
f 13056 12684 13429
f 12697 12698 13057
f 13437 13060 13058
f 12281 13067 12273
f 13067 12692 12273
f 12693 12278 13061
f 12702 13070 12694
f 12694 13070 13059
f 13056 13062 13063
f 13063 12695 13056
f 13066 13065 12701
f 12290 13067 12281
f 13061 13068 12274
f 13068 12278 13069
f 13061 12278 13068
f 13069 12278 12283
f 13762 11896 12699
f 12705 13070 12702
f 13062 12695 13063
f 12706 13064 12698
f 12706 13439 13064
f 13065 12703 12701
f 13066 13440 12703
f 13065 13066 12703
f 12290 13077 13067
f 13072 13068 13069
f 12704 13069 12283
f 13762 13074 11896
f 12705 13075 13070
f 13071 13076 13062
f 12706 12707 13444
f 13449 13082 13440
f 12290 12298 13077
f 13072 13078 13068
f 13073 13069 12704
f 13073 12704 13079
f 13452 12709 13074
f 12712 13086 12705
f 12705 13086 13075
f 13071 12711 13076
f 11902 13456 13081
f 12707 11902 13081
f 13083 13082 13449
f 13084 12299 13078
f 13078 12299 12708
f 13085 13079 12704
f 12704 12305 13085
f 13452 12719 12709
f 12715 13086 12712
f 13080 12711 13071
f 12713 13456 11902
f 13083 12307 13082
f 12714 13089 12298
f 13084 12316 12299
f 13078 12316 13084
f 13457 12316 13078
f 12715 13091 13086
f 13087 12721 12711
f 13087 12711 13080
f 12309 12713 11902
f 12309 13088 12713
f 12309 13096 13088
f 12717 12307 13083
f 13092 12717 13083
f 12310 13089 12714
f 12310 13099 13089
f 13457 13093 12316
f 12719 13452 13469
f 13469 12724 12719
f 12725 13102 12715
f 12715 13102 13091
f 13087 13094 13095
f 13095 12721 13087
f 13096 12309 12722
f 13097 12717 13092
f 13099 12310 13100
f 12311 13804 13090
f 13101 12724 13469
f 12730 13102 12725
f 13094 12726 12721
f 13094 12721 13095
f 12722 13104 13096
f 13107 13106 12727
f 13107 12727 13097
f 13098 13107 13097
f 13108 13106 13107
f 12728 13100 12310
f 13468 13109 12723
f 13804 12311 13110
f 12724 13101 13111
f 13112 12724 13111
f 12729 12724 13112
f 12730 13113 13102
f 13103 12726 13094
f 13106 13108 12727
f 13468 13115 13109
f 13110 12311 13116
f 12737 13123 12730
f 12730 13123 13113
f 13103 13117 13118
f 13118 12732 13103
f 12734 13119 12733
f 12736 12742 12735
f 13108 12736 12735
f 13813 13120 12736
f 12736 13121 13120
f 13120 13813 12736
f 13114 13120 13121
f 12325 13122 13116
f 13488 12337 13112
f 12739 13123 12737
f 13117 12732 13118
f 13119 13125 13126
f 12736 13813 13121
f 13121 13127 12741
f 12742 12736 12741
f 13127 13121 12741
f 13115 12738 12324
f 12331 13122 12325
f 13488 13128 12337
f 12739 13129 13123
f 13124 12732 13117
f 12734 13125 13119
f 12740 13130 12734
f 13130 13126 12734
f 13126 13125 12734
f 12738 13132 12743
f 12331 12336 13132
f 12745 12338 13128
f 12746 13140 12739
f 12739 13140 13129
f 13124 13133 13134
f 13134 12332 12732
f 13134 12732 13124
f 13135 12740 12346
f 13136 12744 13131
f 13137 13131 12744
f 13138 13131 13137
f 12350 13140 12746
f 13133 12747 12332
f 13133 12332 13134
f 12748 13144 12346
f 13135 12346 13145
f 12346 13144 13145
f 12744 12750 13137
f 12750 12744 13136
f 12750 13136 13137
f 12751 13137 12750
f 13137 12751 13138
f 13137 13138 12751
f 13139 12338 12745
f 13506 12338 13139
f 13143 13142 13140
f 12350 13143 13140
f 13141 12747 13133
f 12351 13144 12748
f 12753 13137 13153
f 13137 12753 12744
f 12751 13153 13137
f 12754 13146 13516
f 12754 13506 13146
f 12361 13142 12350
f 12350 13142 13143
f 13141 13148 13149
f 13149 12354 13141
f 13152 13145 12756
f 13145 13144 12756
f 13153 12349 12753
f 12760 12751 12757
f 13516 12751 12760
f 13516 12760 12754
f 13142 13150 13147
f 12762 13142 12361
f 13148 12763 12354
f 13148 12354 13149
f 12363 13151 13152
f 12363 13152 12756
f 12349 13153 12759
f 12759 13153 13520
f 13156 13150 13161
f 12762 13150 13142
f 12766 12765 12763
f 12766 12763 13148
f 13154 13151 12363
f 13152 13151 13154
f 13526 12759 13155
f 12759 13520 13155
f 12764 13161 12762
f 12762 13161 13150
f 12762 13148 13160
f 13148 12762 12766
f 13162 13154 13157
f 13158 12759 13526
f 13159 13156 13161
f 13159 13161 13160
f 12769 13160 12764
f 13161 12764 13160
f 13160 13166 12762
f 13166 12767 12762
f 13163 13162 12772
f 13162 13157 12772
f 13164 13158 13526
f 13169 13165 13159
f 13159 13160 12769
f 13166 12770 12767
f 13167 13163 12772
f 13168 12774 13158
f 13158 13164 13537
f 13168 13158 13537
f 13176 13165 13169
f 12776 13169 12769
f 12769 13169 13159
f 13160 13171 13166
f 13160 13170 13171
f 13171 13170 12770
f 13171 12770 13166
f 13167 12772 13172
f 12774 13168 12775
f 12778 13169 12776
f 12777 13174 13172
f 12777 13172 12771
f 12785 12775 13168
f 13177 13176 13169
f 13173 13179 13170
f 13179 12779 13170
f 12784 13174 12777
f 12784 13172 13174
f 12784 13175 13172
f 13168 13537 12785
f 12787 13176 13177
f 12787 13177 12778
f 12778 13177 13169
f 13173 13178 13179
f 13179 12782 12779
f 12785 13547 12786
f 13176 13180 13184
f 13180 13176 12787
f 13178 12782 13179
f 12784 12790 13182
f 13547 13186 12786
f 13186 13547 13183
f 13180 12787 13185
f 12788 13185 12787
f 13181 12789 12782
f 13181 12782 13178
f 13550 13182 12790
f 13555 13186 13183
f 13187 13180 13185
f 12792 13187 12788
f 12788 13187 13185
f 13181 13188 13189
f 13189 12789 13181
f 12394 13190 12790
f 13550 12790 13190
f 13194 12791 13186
f 13194 13186 13555
f 13188 12794 13189
f 12397 13190 12394
f 13190 12397 13193
f 13194 12793 12791
f 12796 13191 12792
f 12792 13191 13187
f 13192 12794 13188
f 12397 13195 13193
f 13194 13199 12793
f 13199 13194 13559
f 13192 13197 13198
f 13198 13200 13192
f 12801 12397 12795
f 13195 12397 12801
f 13567 13199 13559
f 13206 13196 12799
f 12797 13196 12796
f 12796 13196 13191
f 13197 13200 13198
f 13197 13566 13200
f 12801 13201 13195
f 13204 12798 13199
f 13204 13199 13567
f 12797 12799 13196
f 13200 13202 12800
f 13566 13202 13200
f 13203 13201 12801
f 13207 13206 12799
f 12409 13207 12799
f 13208 12800 13202
f 12803 13209 12801
f 13203 12801 13209
f 13211 12804 13204
f 13211 13204 13212
f 13217 13204 13205
f 13212 13204 13217
f 13222 13206 13213
f 13210 13206 13207
f 13213 13206 13210
f 12409 13210 13207
f 13576 12800 13208
f 12406 13209 12803
f 12806 13213 12409
f 12409 13213 13210
f 13214 12807 12800
f 13214 12800 13576
f 12406 12809 13215
f 12813 13211 12810
f 13216 13211 13212
f 13216 13212 13217
f 13218 13223 13222
f 13218 13213 12811
f 13218 13222 13213
f 12811 13213 12806
f 13219 12812 12807
f 13219 12807 13214
f 12809 13220 13215
f 13211 13221 12810
f 13211 13216 13221
f 13216 13217 13222
f 12823 13222 13223
f 12818 13223 12811
f 12811 13223 13218
f 13221 12817 12810
f 13221 13229 12817
f 13221 13216 13229
f 13225 13222 12823
f 13216 13222 13225
f 12818 12823 13223
f 13224 13226 13219
f 13226 12812 13219
f 12809 12815 13227
f 12809 13227 13220
f 13220 13227 13228
f 13229 13225 12821
f 13229 13216 13225
f 12821 13225 12822
f 12822 13225 12823
f 13230 13234 13224
f 13224 12828 12812
f 13224 12812 13226
f 13228 13233 13232
f 13235 13234 13230
f 13224 13236 12827
f 13234 13236 13224
f 13224 12827 12828
f 12824 13231 13227
f 13227 13231 13228
f 13237 13234 13233
f 13236 12833 12827
f 12834 13231 12824
f 13231 12834 12835
f 13228 13239 13233
f 13228 13231 13239
f 13234 13237 13238
f 13238 12836 13234
f 13234 12836 13236
f 13236 12836 12833
f 12837 13231 12835
f 13231 12837 13239
f 13239 12837 13240
f 13239 13240 13233
f 13237 13233 13240
f 13237 13240 13238
f 13238 13240 12838
f 13238 12838 12836
f 13240 12841 12838
f 12866 12858 13241
f 13241 12868 12864
f 13241 12864 13242
f 13241 12858 12868
f 12870 12867 12869
f 12870 12869 12866
f 12872 12874 12864
f 12874 13242 12864
f 13241 13242 13243
f 13241 13244 12866
f 13241 13243 13244
f 12866 13244 12870
f 12874 12872 12875
f 13242 12874 13245
f 13244 13246 12870
f 13246 12873 12870
f 12884 13249 12874
f 12874 13249 13245
f 12874 13245 13245
f 13242 13248 13243
f 13242 13245 13248
f 13247 12881 12873
f 13246 13247 12873
f 13245 13245 13248
f 13243 13248 13588
f 13588 13244 13243
f 13244 13588 13246
f 12521 12891 12127
f 12891 12884 12127
f 12884 12891 13249
f 13589 13245 13249
f 12885 12889 13250
f 13251 13246 13588
f 13246 13252 13247
f 13246 13260 13252
f 13252 12888 13247
f 13249 13253 13589
f 13249 12891 13253
f 13271 12889 13254
f 13588 13255 13251
f 13256 13251 13255
f 13256 13246 13251
f 13246 13258 13260
f 13246 13256 13258
f 13260 12888 13252
f 12899 13253 12891
f 13265 13250 13262
f 13263 13250 12889
f 13262 13250 13263
f 13280 13271 13254
f 12901 13254 12892
f 12901 13280 13254
f 13255 13257 13256
f 13259 13258 13257
f 13258 13256 13257
f 13260 13267 12888
f 12888 13261 12895
f 13267 13261 12888
f 13595 13253 12899
f 13263 12889 13271
f 13273 13280 12901
f 13264 13273 12901
f 13264 12901 12902
f 13259 13260 13258
f 13595 12899 13270
f 13265 12907 12900
f 13265 13262 13266
f 13262 13263 13271
f 12902 13273 13264
f 13267 13260 13259
f 13268 12903 13267
f 13269 13270 12531
f 13265 13266 12907
f 13271 13606 13262
f 13271 13272 13278
f 13280 13272 13271
f 13267 13608 13281
f 13274 12910 12903
f 13268 13274 12903
f 13267 13274 13268
f 13274 12911 12910
f 13275 13269 12531
f 13604 13270 13275
f 13270 13269 13275
f 12907 13277 13276
f 13272 13279 13278
f 13280 13279 13272
f 13279 13280 13292
f 12913 13273 12908
f 12913 13280 13273
f 13267 13282 13274
f 13267 13281 13282
f 13274 13282 12911
f 12152 12916 13275
f 13276 12912 12906
f 12912 13276 13277
f 13283 13278 13279
f 13284 13280 12913
f 13292 13280 13284
f 12909 13284 12913
f 13281 13286 13282
f 13281 13285 13286
f 13286 13288 12911
f 13286 12911 13282
f 13295 12912 13277
f 13287 13283 13279
f 12918 13292 13284
f 13611 12916 12157
f 13295 12922 12912
f 12912 12922 12917
f 13279 13289 13622
f 13296 13279 13292
f 13289 13279 13296
f 12923 13292 12918
f 13297 13285 13290
f 13286 12920 13288
f 13291 12157 13293
f 13295 12925 12922
f 12919 13292 12923
f 13285 13297 13286
f 13286 13299 12920
f 13299 12928 12924
f 13299 12924 12920
f 13909 13294 12925
f 13295 13909 12925
f 12931 13292 12926
f 13297 13299 13286
f 12550 13293 12551
f 12550 13627 13293
f 13628 12554 13294
f 13294 13909 13628
f 13301 13621 13296
f 13296 13302 13301
f 13306 13296 13292
f 13302 13296 13306
f 13306 13292 12931
f 13306 12931 12926
f 13299 13297 13298
f 13299 12937 12928
f 12934 13627 12550
f 13631 12554 13628
f 13308 13302 13306
f 12936 13306 12926
f 13300 13303 13299
f 13303 13300 12937
f 13303 12937 13299
f 12939 13304 12934
f 13631 13305 12554
f 13307 13302 13308
f 13306 12936 12935
f 13642 13299 13638
f 13642 13300 13299
f 13305 13631 13644
f 12941 13308 12935
f 12935 13308 13306
f 13642 13309 13300
f 12940 12937 13300
f 13644 13314 13305
f 12941 13307 13308
f 13309 13312 13300
f 13300 13313 12940
f 13300 13312 13313
f 12943 13310 12939
f 13307 13311 13315
f 13316 13311 13307
f 13316 13307 12941
f 13316 12941 12947
f 13314 12946 12944
f 13649 12946 13314
f 13322 13311 13316
f 12573 13316 12947
f 13309 12949 13312
f 13309 13317 12949
f 12949 13313 13312
f 11765 13318 13319
f 13649 12948 12946
f 13928 12948 13649
f 13320 13322 13316
f 12573 13320 13316
f 13317 13323 12949
f 12951 13318 11765
f 12950 13322 12573
f 12573 13322 13320
f 13321 13323 13317
f 13321 13656 13323
f 12951 13324 13318
f 12948 13325 12952
f 12953 13326 12950
f 12950 13326 13322
f 13323 13661 12954
f 13656 13661 13323
f 12956 13324 12951
f 13325 13327 12952
f 12581 13328 12953
f 12953 13328 13326
f 13329 12954 13661
f 12959 13331 12956
f 12958 13328 13330
f 12958 13330 12581
f 12581 13330 13328
f 13663 12954 13329
f 12957 13332 13333
f 13335 12960 13663
f 12962 13337 12959
f 13331 12959 13337
f 13333 12585 12957
f 12965 13334 12581
f 12581 13334 12958
f 13335 12963 12960
f 12961 13336 12964
f 13336 13337 12964
f 12964 13337 12962
f 13669 13338 12585
f 13333 13669 12585
f 13339 13334 12965
f 12968 13335 13340
f 12963 13335 12968
f 12966 13336 12961
f 13337 13336 13341
f 13341 13336 12966
f 13338 13669 13342
f 12967 13343 12965
f 12965 13343 13339
f 13344 13340 13674
f 13344 12968 13340
f 13341 12966 13675
f 13345 13343 12967
f 13674 12968 13344
f 12969 13675 12966
f 13960 12591 13342
f 13342 13672 13960
f 13345 12967 12599
f 13346 12968 13674
f 12971 13347 12593
f 12593 13347 12969
f 12969 13347 13675
f 13960 13348 12591
f 12599 12970 13345
f 13961 12600 13346
f 13349 13347 12971
f 13348 13960 13350
f 12970 13351 13352
f 12974 13351 12970
f 13353 12976 12600
f 13353 12600 13961
f 13349 12971 13358
f 13354 12608 13348
f 13348 12608 12972
f 13682 13348 13350
f 12977 13352 13351
f 12977 13351 12974
f 13356 13355 13353
f 13355 12978 13353
f 12613 13361 12977
f 13355 13356 13359
f 13359 12978 13355
f 13976 13358 13357
f 12608 13354 13360
f 12980 13361 12613
f 13362 12981 13359
f 13360 13363 12983
f 12984 13364 13361
f 12980 12984 13361
f 13686 12981 13362
f 13363 13366 12983
f 13363 13360 13366
f 13983 13360 13980
f 13364 12984 13367
f 12986 13367 12984
f 13368 12989 12981
f 13368 12981 13686
f 13698 12988 12985
f 13365 12988 13698
f 13366 13360 13369
f 12993 13370 12986
f 13371 12989 13368
f 12985 12992 13698
f 12992 12985 12991
f 12990 12991 12985
f 13369 13698 12992
f 13369 13695 13698
f 13369 13689 13695
f 12993 12995 13370
f 13693 13375 12989
f 13693 12989 13371
f 12991 12990 12996
f 12996 12990 13377
f 13698 13377 12990
f 13377 13698 13695
f 13370 12995 13373
f 13374 13375 13693
f 12998 13372 12999
f 13381 13372 12998
f 13376 13372 13381
f 13001 13373 12997
f 12997 13373 12995
f 13374 13378 13375
f 13378 13004 13375
f 13379 13000 13377
f 13377 13699 13707
f 13377 13707 13379
f 13374 13004 13378
f 13374 13383 13004
f 12998 13380 13381
f 13384 13382 13001
f 13001 13382 13373
f 13380 12998 13385
f 13000 13379 13005
f 13393 12640 13383
f 13010 13387 13006
f 13006 13387 13384
f 13393 13011 12640
f 13008 13395 13385
f 13008 13015 13395
f 13397 13013 13005
f 13005 13013 13009
f 13392 13388 13010
f 13389 13010 13388
f 13010 13389 13387
f 13393 13014 13011
f 13385 13395 13394
f 13399 13386 13391
f 13391 13387 13010
f 13391 13386 13387
f 13387 13392 13010
f 13388 13392 13393
f 13018 13015 13007
f 13394 13015 13018
f 13395 13015 13394
f 13013 13396 13016
f 13013 13397 13396
f 13723 13397 13390
f 13023 13399 13010
f 13010 13399 13391
f 13392 13400 13393
f 13400 13019 13014
f 13400 13014 13393
f 13018 13727 13394
f 13018 13406 13727
f 13396 13022 13016
f 13401 13398 13399
f 13026 13399 13023
f 13400 13024 13019
f 13406 13403 13727
f 13022 13396 13408
f 13396 13404 13408
f 13026 13401 13399
f 13402 13410 13400
f 13410 13024 13400
f 13028 13406 13021
f 13022 12652 13029
f 13022 13408 13407
f 13405 13401 13412
f 13412 13401 13409
f 13034 13409 13026
f 13026 13409 13401
f 13402 13726 13410
f 13410 13030 13024
f 13411 13406 13028
f 13403 13406 13414
f 13414 13406 13411
f 13022 13033 12652
f 13038 13409 13034
f 13726 13035 13030
f 13726 13030 13410
f 13031 13419 13411
f 13033 13415 13041
f 13033 13022 13415
f 13415 13022 13407
f 13038 13412 13409
f 13413 13035 13726
f 13043 13419 13031
f 13730 13411 13419
f 13416 13041 13415
f 13044 13420 13038
f 13038 13420 13412
f 13413 13733 13417
f 13417 13042 13035
f 13417 13035 13413
f 13419 13043 13418
f 13041 13416 13424
f 13421 13426 13420
f 13047 13421 13044
f 13044 13421 13420
f 13733 13045 13042
f 13733 13042 13417
f 11869 13423 13043
f 13043 13427 13418
f 13043 13423 13427
f 13424 13040 13046
f 13041 13424 13046
f 13431 13420 13426
f 13047 13426 13421
f 13422 13045 13733
f 13048 13423 11869
f 13424 13049 13040
f 13049 13424 13754
f 13428 13425 12686
f 13055 13431 13047
f 13047 13431 13426
f 13422 13745 13429
f 13429 13045 13422
f 13427 13423 13048
f 13437 13053 13049
f 12686 13435 13428
f 12686 13434 13435
f 13435 13430 13428
f 13432 13436 13431
f 13059 13432 13055
f 13055 13432 13431
f 13745 13056 13429
f 13048 13057 13768
f 13759 13437 13049
f 13049 13754 13759
f 13434 12686 12692
f 12699 13430 13755
f 13441 13431 13436
f 13059 13436 13432
f 13433 13056 13745
f 12698 13768 13057
f 12701 13060 13437
f 12692 13435 13434
f 12699 13755 13762
f 13070 13441 13059
f 13059 13441 13436
f 13433 13757 13438
f 13438 13062 13056
f 13438 13056 13433
f 13439 13768 13064
f 13768 12698 13064
f 12701 13440 13066
f 12701 13437 13440
f 13437 14061 13440
f 13067 13435 12692
f 13442 13448 13441
f 13075 13442 13070
f 13070 13442 13441
f 13757 13071 13062
f 13757 13062 13438
f 12706 13444 13439
f 13445 13439 13444
f 14061 13446 13440
f 13077 13435 13067
f 13077 13450 13435
f 13073 13072 13069
f 13774 13074 13762
f 13453 13441 13448
f 13075 13448 13442
f 13443 13071 13757
f 13081 13444 12707
f 13446 13449 13440
f 12298 13450 13077
f 13079 13078 13072
f 13073 13079 13072
f 13452 13074 13774
f 13447 13452 13774
f 13086 13453 13075
f 13075 13453 13448
f 13443 13779 13080
f 13080 13071 13443
f 13446 13083 13449
f 13092 13083 13446
f 13089 13450 12298
f 13457 13078 13079
f 13085 13451 13079
f 12305 13451 13085
f 13454 13460 13453
f 13091 13454 13086
f 13086 13454 13453
f 13779 13087 13080
f 12713 13088 13456
f 13090 13079 12305
f 12305 13079 13451
f 13469 13452 13458
f 13459 13453 13460
f 13091 13460 13454
f 13455 13087 13779
f 13088 13096 13461
f 13096 13462 13461
f 12723 13093 13457
f 13457 13079 13794
f 12723 13457 13794
f 13079 13090 13463
f 13475 13459 13471
f 13102 13459 13091
f 13091 13459 13460
f 13464 13094 13087
f 13464 13087 13455
f 14087 13097 13092
f 13466 13465 13098
f 13466 13098 13097
f 14087 13466 13097
f 13467 13465 13466
f 13794 13468 12723
f 13811 13469 13470
f 13113 13471 13102
f 13102 13471 13459
f 13464 13103 13094
f 13472 13096 13104
f 13104 13105 13472
f 13465 13107 13098
f 13473 13108 13107
f 13467 13473 13107
f 13465 13467 13107
f 13469 13111 13101
f 13111 13469 13112
f 13469 13811 13112
f 13480 13474 13475
f 13481 13475 13471
f 13801 13483 13464
f 13483 13103 13464
f 13105 12733 13476
f 12736 13108 13473
f 13798 12736 13473
f 13120 13803 12728
f 13120 13114 13803
f 13477 13115 13468
f 13468 13478 13477
f 13110 13116 13122
f 13811 13488 13112
f 13488 13811 13479
f 13489 13475 13481
f 13480 13475 13489
f 13123 13481 13113
f 13113 13481 13471
f 13801 13482 13483
f 13483 13117 13103
f 13119 13491 13484
f 12733 13119 13484
f 13813 12736 13485
f 13478 13487 13115
f 13478 13115 13477
f 12738 13487 13478
f 13488 13479 13493
f 13494 13480 13499
f 13129 13489 13123
f 13123 13489 13481
f 13482 13124 13117
f 13482 13117 13483
f 13126 13491 13119
f 13121 13138 13486
f 13121 13813 13138
f 13487 12738 13115
f 12331 13492 13122
f 13498 13128 13488
f 13498 13488 13503
f 13503 13488 13493
f 13494 13493 13815
f 13495 13480 13489
f 13499 13480 13495
f 13129 13495 13489
f 13490 13124 13482
f 13130 13491 13126
f 12740 13491 13130
f 13813 13131 13138
f 13138 13496 13486
f 13818 13497 12738
f 12738 13497 13132
f 12331 13132 13492
f 13492 13132 13497
f 13498 12745 13128
f 13507 13493 13494
f 13503 13493 13507
f 13507 13494 13512
f 13504 13512 13494
f 13504 13494 13499
f 13140 13499 13129
f 13129 13499 13495
f 13500 13133 13124
f 13500 13124 13490
f 13135 14114 12740
f 13138 13505 13496
f 12745 13498 13139
f 13510 13498 13503
f 13510 13503 13511
f 13142 13499 13140
f 13500 13141 13133
f 14114 13135 13145
f 14114 13145 13831
f 14111 13496 13136
f 13136 13496 13137
f 13137 13496 13138
f 13496 13505 13138
f 13498 13506 13139
f 13517 13503 13507
f 13511 13503 13517
f 13508 13504 13499
f 13512 13504 13508
f 13142 13508 13499
f 13513 13514 13500
f 13514 13141 13500
f 13516 13505 13496
f 13153 13516 13496
f 12751 13516 13153
f 13516 13146 13509
f 13506 13531 13146
f 13506 13498 13510
f 13517 13507 13512
f 13147 13512 13142
f 13142 13512 13508
f 13514 13148 13141
f 13515 13145 13152
f 13840 13153 13835
f 13521 13510 13511
f 13521 13511 13517
f 13517 13512 13150
f 13150 13512 13147
f 13513 13148 13514
f 13515 13152 13519
f 13840 13520 13153
f 13524 13509 13146
f 13530 13509 13524
f 13527 13506 13510
f 13531 13506 13527
f 13527 13510 13521
f 13522 13521 13517
f 13156 13522 13150
f 13150 13522 13517
f 13154 13519 13152
f 13529 13526 13530
f 13527 13521 13522
f 13518 13161 13513
f 13161 13160 13148
f 13161 13148 13513
f 13154 13162 13525
f 13538 13524 13146
f 13530 13524 13538
f 13538 13146 13531
f 13533 13531 13527
f 13159 13527 13156
f 13156 13527 13522
f 13523 13161 13518
f 13523 13528 13161
f 13526 13529 13543
f 13533 13527 13165
f 13165 13527 13159
f 13528 13536 13161
f 13536 13160 13161
f 13526 13537 13164
f 13526 13543 13537
f 13544 13529 13530
f 13543 13529 13544
f 13539 13530 13538
f 13544 13530 13539
f 13538 13531 13533
f 13176 13533 13165
f 13535 13534 13528
f 13536 13170 13160
f 13541 13532 13172
f 13532 13167 13172
f 13542 13537 13543
f 13176 13538 13533
f 13534 13860 13528
f 13528 13173 13536
f 13173 13170 13536
f 13176 13539 13538
f 13860 13546 13528
f 13528 13540 13173
f 13528 13546 13540
f 13175 13541 13172
f 13552 12785 13537
f 13552 13537 13542
f 13176 13544 13539
f 13860 13545 13546
f 13546 13178 13173
f 13546 13173 13540
f 12784 13182 13175
f 13858 13541 13175
f 13552 13547 12785
f 13556 13542 13543
f 13552 13542 13556
f 13545 13543 13544
f 13556 13543 13545
f 13184 13545 13176
f 13176 13545 13544
f 13546 13181 13178
f 13175 13182 13550
f 13545 13184 13546
f 13180 13546 13184
f 13546 13548 13549
f 13549 13181 13546
f 13547 13555 13183
f 13555 13547 13552
f 13553 13556 13545
f 13187 13546 13180
f 13546 13187 13553
f 13554 13546 13553
f 13554 13548 13546
f 13548 13188 13181
f 13548 13181 13549
f 13550 13190 13558
f 13551 13550 13558
f 13562 13555 13552
f 13560 13552 13556
f 13562 13552 13560
f 13556 13553 13191
f 13191 13553 13187
f 13554 13192 13188
f 13554 13188 13548
f 13559 13194 13555
f 13565 13555 13562
f 13559 13555 13565
f 13196 13560 13191
f 13191 13560 13556
f 13557 13566 13554
f 13554 13566 13561
f 13561 13192 13554
f 13195 13190 13193
f 13558 13190 13872
f 13190 13195 13872
f 13196 13562 13560
f 13557 13564 13566
f 13557 13563 13564
f 13566 13197 13192
f 13566 13192 13561
f 13195 13875 13872
f 13568 13559 13565
f 13567 13559 13568
f 13206 13565 13196
f 13196 13565 13562
f 13201 13203 13195
f 13195 13570 13875
f 13195 13203 13570
f 13575 13204 13567
f 13206 13568 13565
f 13564 13563 13566
f 13563 13202 13566
f 13575 13205 13204
f 13571 13567 13568
f 13575 13567 13571
f 13206 13571 13568
f 13569 13572 13563
f 13563 13208 13202
f 13203 13209 13573
f 13203 13573 13570
f 13574 13217 13575
f 13575 13217 13205
f 13222 13575 13206
f 13206 13575 13571
f 13572 13576 13563
f 13576 13208 13563
f 13217 13574 13222
f 13222 13574 13575
f 13577 13580 13569
f 13572 13214 13576
f 13215 13209 12406
f 13209 13578 13573
f 13579 13581 13580
f 13569 13219 13572
f 13569 13580 13219
f 13572 13219 13214
f 13220 13583 13209
f 13220 13209 13215
f 13209 13583 13578
f 13580 13582 13219
f 13582 13224 13219
f 13578 13584 13581
f 13578 13583 13584
f 13581 13585 13580
f 13580 13586 13582
f 13580 13585 13586
f 13586 13224 13582
f 13228 13583 13220
f 13583 13228 13232
f 13584 13235 13581
f 13581 13235 13585
f 13586 13230 13224
f 13583 13232 13233
f 13583 13233 13584
f 13585 13235 13586
f 13586 13235 13230
f 13584 13233 13234
f 13584 13234 13235
f 13588 13248 13245
f 13588 13245 13587
f 13587 13245 13589
f 13587 13590 13588
f 13588 13590 13591
f 13589 13592 13587
f 13594 13255 13588
f 13591 13594 13588
f 13592 13596 13587
f 13587 13596 13590
f 13590 13593 13591
f 13590 13599 13593
f 13591 13593 13594
f 13594 13257 13255
f 13594 13259 13257
f 13595 13589 13253
f 13589 13595 13605
f 13589 13605 13592
f 13597 13590 13596
f 13594 13598 13259
f 13593 13598 13594
f 13596 13592 13597
f 13266 13262 13606
f 13590 13597 13881
f 13590 13881 13599
f 13593 13599 13600
f 13598 13601 13259
f 13593 13601 13598
f 13601 13267 13259
f 13595 13602 13605
f 13595 13270 13602
f 13266 13613 13603
f 13606 13613 13266
f 13278 13606 13271
f 13600 13599 13607
f 13600 13610 13593
f 13593 13608 13601
f 13593 13610 13608
f 13608 13267 13601
f 13609 13270 13604
f 13602 13270 13609
f 13266 13603 12907
f 13603 13613 12907
f 12916 13604 13275
f 13277 12907 13613
f 13613 13606 13622
f 13283 13287 13278
f 13287 13606 13278
f 13287 13622 13606
f 13610 13281 13608
f 13604 12916 13611
f 13612 13277 13613
f 13619 13612 13613
f 13887 13614 13600
f 13625 13600 13614
f 13625 13610 13600
f 13610 13615 13281
f 13615 13285 13281
f 12157 13623 13611
f 13277 13617 13295
f 13618 13277 13612
f 13617 13277 13618
f 13619 13894 13612
f 13621 13619 13613
f 13621 13613 13622
f 13279 13622 13287
f 13610 13616 13615
f 13610 13625 13616
f 13616 13285 13615
f 13291 13623 12157
f 13621 13620 13619
f 13296 13622 13289
f 13625 13626 13616
f 13616 13626 13285
f 13626 13290 13285
f 13293 13623 13291
f 13617 13909 13295
f 13621 13624 13620
f 13296 13621 13622
f 13626 13298 13297
f 13626 13297 13290
f 13623 13293 13627
f 13617 13899 13909
f 13629 13620 13624
f 13907 13626 13630
f 13626 13636 13641
f 13626 13907 13636
f 13626 13299 13298
f 13903 13627 12934
f 13628 13909 13631
f 13632 13629 13624
f 13624 13621 13635
f 13301 13635 13621
f 13641 13633 13626
f 13633 13638 13299
f 13633 13299 13626
f 13903 12934 13304
f 13631 13909 13639
f 13640 13624 13635
f 13634 13624 13640
f 13302 13635 13301
f 13641 13638 13633
f 12939 13643 13304
f 13639 13644 13631
f 13302 13640 13635
f 13640 13302 13307
f 13647 13636 13637
f 13647 13641 13636
f 13641 13642 13638
f 13310 13643 12939
f 13640 13645 13634
f 13645 13640 13646
f 13315 13640 13307
f 13637 13918 13647
f 13641 13309 13642
f 13648 13314 13644
f 13648 13644 13639
f 13654 13646 13640
f 13315 13654 13640
f 13647 13653 13641
f 13319 13310 12943
f 13319 13919 13310
f 13648 13649 13314
f 13647 13650 13653
f 13653 13651 13641
f 13651 13317 13309
f 13651 13309 13641
f 13646 13654 13652
f 13315 13311 13322
f 13653 13321 13317
f 13653 13317 13651
f 13324 13319 13318
f 13655 13654 13315
f 13326 13655 13322
f 13322 13655 13315
f 13656 13321 13653
f 14157 13325 12948
f 13659 13657 13654
f 13326 13654 13655
f 13659 13654 13326
f 13653 13661 13656
f 13653 13942 13661
f 12956 13658 13324
f 13664 13327 14157
f 14157 13327 13325
f 13659 13662 13657
f 13328 13659 13326
f 13942 13660 13661
f 13331 13658 12956
f 13664 12957 13327
f 12958 13662 13328
f 13328 13662 13659
f 13660 13663 13661
f 13663 13329 13661
f 13664 13332 12957
f 13334 13665 12958
f 12958 13665 13662
f 13660 13668 13663
f 13668 13335 13663
f 13671 13666 13331
f 13337 13671 13331
f 13666 13950 13331
f 13670 13665 13667
f 13334 13667 13665
f 13332 13669 13333
f 13339 13670 13334
f 13334 13670 13667
f 13668 13340 13335
f 13341 13671 13337
f 13672 13342 13669
f 13343 13673 13339
f 13339 13673 13670
f 13668 13953 13674
f 13674 13340 13668
f 13671 13341 13675
f 13676 13673 13343
f 13953 13959 13674
f 13672 13958 13960
f 13676 13343 13345
f 13346 13959 13961
f 13674 13959 13346
f 13677 13675 13347
f 13967 13675 13677
f 13345 12970 13676
f 13349 13681 13347
f 13677 13347 13681
f 13960 13963 13350
f 12970 13678 13969
f 13352 13678 12970
f 13961 13965 13679
f 13679 13965 13680
f 13679 13353 13961
f 13358 13683 13681
f 13358 13681 13349
f 13969 13678 12977
f 12977 13678 13352
f 13680 13356 13679
f 13356 13353 13679
f 13360 13354 13682
f 13682 13354 13348
f 13682 13350 13360
f 13969 13361 13685
f 13969 12977 13361
f 13680 13359 13356
f 13683 13358 13976
f 13360 13350 13977
f 13362 13359 13680
f 13357 13684 13976
f 13982 13976 13684
f 13360 13977 13980
f 13364 13685 13361
f 13686 13362 13981
f 13365 13684 13357
f 13685 13367 13687
f 13685 13364 13367
f 13981 13368 13686
f 13698 13688 13365
f 13684 13365 13688
f 13689 13369 13983
f 13983 13369 13360
f 12986 13687 13367
f 13690 13371 13368
f 13690 13368 13981
f 13698 13694 13688
f 13689 13983 13989
f 13989 13983 13987
f 13687 13691 13991
f 13370 13690 12986
f 12986 13690 13687
f 13692 13687 13690
f 13687 13692 13696
f 13693 13371 13690
f 13689 13989 13695
f 13691 13687 13990
f 13990 13696 13370
f 13990 13687 13696
f 13690 13370 13696
f 13690 13696 13693
f 13372 13697 12990
f 13697 13698 12990
f 13694 13698 13992
f 13373 13990 13370
f 13693 13995 13374
f 13696 13995 13693
f 13376 13697 13372
f 13697 13376 13698
f 13992 13698 13998
f 13373 14001 13990
f 13376 13701 13698
f 13998 13698 14005
f 14005 13698 13701
f 13700 13990 13705
f 13706 13990 14001
f 13705 13990 13706
f 13373 13702 14001
f 13373 13389 13995
f 13389 13383 13374
f 13389 13374 13995
f 13701 13376 13381
f 13707 13703 13379
f 13707 13699 13999
f 13705 13706 13382
f 13373 13382 13706
f 13373 13706 13389
f 13701 13381 13710
f 13703 13005 13379
f 13703 13707 13005
f 13704 13705 13708
f 13384 13708 13382
f 13382 13708 13705
f 13706 14006 13389
f 13389 13393 13383
f 13385 13709 13381
f 13385 13381 13380
f 13381 13709 13710
f 14007 13397 13005
f 13005 13707 14007
f 13386 13704 13708
f 13712 13704 13386
f 13387 13386 13384
f 13384 13386 13708
f 14006 13713 13389
f 13389 13388 13393
f 13711 13710 13709
f 14007 14010 13397
f 13715 13704 13712
f 13713 13387 13389
f 13709 13385 13394
f 13397 14010 13390
f 13399 13715 13386
f 13386 13715 13712
f 13716 13720 13713
f 13720 13392 13387
f 13720 13387 13713
f 13709 13394 14012
f 14012 13394 13722
f 13715 13717 13714
f 13398 13715 13718
f 13398 13718 13399
f 13399 13718 13715
f 13716 13719 13720
f 13720 13400 13392
f 13727 13721 13394
f 13394 13721 13722
f 13723 13396 13397
f 13390 14232 13723
f 13717 13715 13398
f 13719 13402 13400
f 13719 13400 13720
f 14025 13722 13721
f 13396 13723 13404
f 13405 13724 13717
f 13717 13398 13405
f 13405 13398 13401
f 14020 13725 13719
f 13721 13727 14031
f 13728 13724 13405
f 13732 13724 13728
f 13725 13726 13719
f 13726 13402 13719
f 13414 13727 13403
f 13727 14030 14031
f 13404 13407 13408
f 13407 13404 13735
f 13412 13728 13405
f 14020 13729 13725
f 13725 13413 13726
f 13411 13730 13414
f 13730 13727 13414
f 14030 13727 13730
f 13736 13732 13728
f 13420 13728 13412
f 13729 13413 13725
f 13407 13416 13415
f 13740 13732 13736
f 13731 13732 13740
f 13420 13736 13728
f 13733 13737 13729
f 13737 13733 13413
f 13737 13413 13729
f 13418 13730 13419
f 13730 13738 14030
f 13734 14030 13738
f 13739 13416 13407
f 13407 13735 13739
f 13747 13743 13731
f 13747 13731 13748
f 13420 13740 13736
f 13729 13741 13733
f 13427 13742 13418
f 13738 13730 13418
f 13416 13746 13424
f 13746 13416 13739
f 13744 13731 13740
f 13748 13731 13744
f 13431 13744 13420
f 13420 13744 13740
f 13741 13422 13733
f 13738 13418 13742
f 13746 13754 13424
f 13751 13765 13743
f 13751 13743 13747
f 13431 13748 13744
f 13745 13749 13741
f 13749 13745 13422
f 13749 13422 13741
f 13048 13750 13427
f 14051 13754 13746
f 13752 13747 13748
f 13431 13752 13748
f 13741 13753 13745
f 13768 13750 13048
f 13755 13430 13435
f 13755 13435 13761
f 13766 13751 13747
f 13765 13751 13766
f 13756 13747 13752
f 13766 13747 13756
f 13441 13756 13431
f 13431 13756 13752
f 13753 13433 13745
f 13768 13758 13750
f 13427 13750 13758
f 14061 13437 13759
f 13754 14055 13759
f 13761 13762 13755
f 13783 13764 13765
f 13441 13766 13756
f 13757 13767 13753
f 13767 13757 13433
f 13767 13433 13753
f 13759 14055 14061
f 13760 13761 13435
f 13760 13769 13761
f 13761 13769 13762
f 13769 13774 13762
f 13782 13763 13764
f 13777 13763 13782
f 13782 13764 13783
f 13778 13783 13765
f 13770 13765 13766
f 13778 13765 13770
f 13441 13770 13766
f 13753 13771 13757
f 13445 13768 13439
f 13781 13768 13445
f 14061 13772 13446
f 13450 13760 13435
f 13760 13773 13769
f 13760 13791 13773
f 13769 13775 13774
f 13774 13769 13447
f 13775 13769 13774
f 13776 13775 13763
f 13453 13778 13441
f 13441 13778 13770
f 13771 13443 13757
f 13081 13780 13444
f 13780 13781 13444
f 13781 13445 13444
f 13772 14066 13446
f 13769 13775 13447
f 13773 13447 13769
f 13447 13775 13452
f 13452 13775 13776
f 13452 13776 13458
f 13796 13777 13782
f 13763 13777 13796
f 13796 13782 13792
f 13453 13783 13778
f 13779 13784 13771
f 13784 13779 13443
f 13784 13443 13771
f 13456 13780 13081
f 13781 13780 14072
f 14072 13780 13456
f 13785 13092 13446
f 13446 14066 14074
f 13446 14074 13785
f 13450 13786 13760
f 13760 13786 13791
f 13458 13776 13806
f 13776 13763 13806
f 13787 13782 13783
f 13792 13782 13787
f 13453 13787 13783
f 13771 13788 13779
f 13088 13461 13456
f 13461 14072 13456
f 14074 13789 13092
f 13785 14074 13092
f 13099 13790 13450
f 13099 13450 13089
f 13450 14089 13786
f 13450 13790 14089
f 13791 13786 14089
f 13791 14076 13773
f 13796 13806 13763
f 13459 13792 13453
f 13453 13792 13787
f 13788 13455 13779
f 13789 14087 13092
f 13100 13790 13099
f 14089 13790 13100
f 13079 13463 13794
f 13090 13795 13463
f 13806 13469 13458
f 13796 13792 13475
f 13459 13475 13792
f 13793 13797 13788
f 13797 13464 13455
f 13797 13455 13788
f 13462 13096 13802
f 14087 13798 13466
f 13467 13466 13798
f 13803 13100 12728
f 14098 13468 13794
f 13463 14090 14098
f 13794 13463 14098
f 13804 13463 13090
f 13463 13804 14090
f 13463 14090 13804
f 13804 13795 13463
f 13463 13795 13090
f 13795 13804 13799
f 14100 13795 13799
f 13469 13805 13470
f 13469 13806 13805
f 13474 13796 13475
f 13788 13801 13793
f 13788 13800 13801
f 13793 13801 13464
f 13793 13464 13797
f 13472 13802 13096
f 13105 13802 13472
f 13467 13798 13473
f 14098 13804 13468
f 14278 13804 14098
f 13804 14278 13468
f 13804 13110 13799
f 13805 13811 13470
f 13480 13806 13474
f 13806 13796 13474
f 13476 13802 13105
f 14091 13802 13476
f 13808 12736 13807
f 12736 14092 13807
f 12736 13798 14092
f 14103 13808 13807
f 13114 13809 13803
f 13478 13110 14104
f 14104 13110 13478
f 13478 13468 14104
f 14104 13468 14278
f 13799 13110 13122
f 13815 13811 13805
f 13815 13805 13806
f 14097 13820 13800
f 13800 13482 13801
f 13800 13812 13482
f 13484 13476 12733
f 13808 13485 12736
f 14103 13813 13485
f 13808 14103 13485
f 13114 13121 13809
f 13121 13486 13809
f 14104 12738 13478
f 13122 13492 13799
f 13799 13492 13810
f 13479 13811 13493
f 13811 13815 13493
f 13494 13815 13480
f 13480 13815 13806
f 13820 13816 13800
f 13800 13826 13812
f 13800 13816 13826
f 13812 13490 13482
f 13491 14109 13484
f 14104 13818 12738
f 13810 13823 13814
f 13810 13492 13823
f 13820 13825 13816
f 13826 13490 13812
f 13821 14109 13491
f 13821 13491 12740
f 13136 13131 13822
f 13496 13817 13486
f 13497 13818 13492
f 13824 13820 13819
f 13820 13824 13825
f 13816 13830 13826
f 13826 13500 13490
f 14114 13821 12740
f 14111 13136 13822
f 13818 13501 13502
f 13492 13818 13502
f 13823 13828 13824
f 13823 13492 13828
f 13824 13829 13825
f 13816 13825 13830
f 13830 13513 13500
f 13830 13500 13826
f 14111 13832 13496
f 13832 13827 13496
f 13832 13153 13496
f 13496 13505 13832
f 13502 13501 13833
f 13502 13837 13492
f 13492 13837 13841
f 13492 13841 13828
f 13835 13153 13832
f 13836 13835 13516
f 13835 13832 13516
f 13832 13505 13516
f 13837 13502 13833
f 13828 13829 13824
f 13829 13838 13825
f 13825 13838 13839
f 13825 13839 13830
f 13839 13513 13830
f 13515 13834 13145
f 13835 13836 13840
f 13840 13836 13516
f 13509 13840 13516
f 13837 13843 13841
f 13839 13518 13513
f 14122 13515 13519
f 13520 13840 13155
f 13530 13840 13509
f 13841 13844 13828
f 13828 13844 13829
f 13829 13845 13838
f 13839 13838 13523
f 13839 13523 13518
f 13154 13846 13519
f 13842 13519 13848
f 13848 13519 13846
f 13840 13526 13155
f 13526 13840 13530
f 13843 13847 13841
f 13841 13847 13844
f 13845 13523 13838
f 13525 13846 13154
f 13162 13848 13525
f 13848 13846 13525
f 13849 13852 13843
f 13852 13857 13843
f 13844 13850 13829
f 13829 13851 13845
f 13829 13850 13851
f 13851 13528 13523
f 13851 13523 13845
f 13163 13848 13162
f 13848 13163 13855
f 14123 13848 13852
f 13848 13855 13852
f 13843 13853 13847
f 13843 13857 13853
f 13847 13854 13844
f 13850 13528 13851
f 13163 13167 13532
f 13855 13163 13532
f 13852 13855 13856
f 13852 13856 13857
f 13854 13535 13844
f 13854 13847 13535
f 13844 13535 13850
f 13850 13535 13528
f 13541 13855 13532
f 13853 13859 13847
f 13853 13857 13859
f 13847 13860 13535
f 13847 13859 13860
f 13860 13534 13535
f 13541 13858 13855
f 13856 13861 13857
f 13861 13862 13857
f 13857 13863 13859
f 13857 13862 13863
f 13863 13545 13860
f 13863 13860 13859
f 13175 13864 13858
f 13858 13868 13855
f 13858 13864 13868
f 13855 13869 13856
f 13855 13868 13869
f 13856 13865 13861
f 13856 13869 13865
f 13862 13545 13863
f 13550 13866 13864
f 13550 13864 13175
f 13861 13545 13862
f 13866 13550 13551
f 13864 13866 13867
f 13864 13867 13868
f 13865 13870 13861
f 13865 13869 13870
f 13870 13553 13545
f 13861 13870 13545
f 13870 13554 13553
f 13558 13866 13551
f 13870 13557 13554
f 13866 13558 13867
f 13868 13871 13869
f 13868 13867 13871
f 13869 13871 13870
f 13871 13557 13870
f 13558 13872 13867
f 13871 13563 13557
f 13872 13873 13867
f 13867 13873 13874
f 13867 13874 13871
f 13874 13563 13871
f 13872 13577 13873
f 13872 13875 13577
f 13874 13569 13563
f 13876 13875 13570
f 13873 13569 13874
f 13573 13876 13570
f 13875 13876 13577
f 13577 13569 13873
f 13578 13876 13573
f 13877 13580 13577
f 13876 13877 13577
f 13578 13579 13876
f 13876 13579 13877
f 13877 13579 13580
f 13581 13579 13578
f 13605 13878 13592
f 13880 13881 13597
f 13880 13597 13879
f 13881 13607 13599
f 13592 13882 13597
f 13592 13878 13882
f 13597 13883 13879
f 13597 13882 13883
f 13880 13607 13881
f 13602 13609 13605
f 13885 13605 13609
f 13605 13885 13878
f 13880 13879 13607
f 13884 13600 13607
f 13879 13884 13607
f 13884 13887 13600
f 13611 13609 13604
f 13878 13885 14124
f 13882 13886 13883
f 13879 13887 13884
f 13879 13883 13887
f 13611 13889 13609
f 13885 13609 13889
f 13891 13618 13612
f 14126 14125 13878
f 13878 14125 13882
f 13892 13882 14125
f 13892 13886 13882
f 13887 13883 13888
f 13887 13625 13614
f 13611 13623 13889
f 13894 13900 13612
f 13900 13891 13612
f 13893 13886 13892
f 13888 13897 13625
f 13888 13625 13887
f 13889 13623 13898
f 13891 13617 13618
f 13905 13891 13900
f 13620 13894 13619
f 13892 13895 13893
f 13896 13893 13895
f 13896 13886 13893
f 13883 13897 13888
f 13883 13886 13897
f 13897 13626 13625
f 13627 13903 13623
f 13623 13903 13898
f 13905 13617 13891
f 13899 13617 13905
f 13629 13900 13620
f 13900 13894 13620
f 13895 13901 13896
f 13901 13886 13896
f 13886 13906 13897
f 13886 13901 13906
f 13897 13630 13626
f 13899 13904 13909
f 13904 13899 13905
f 13910 13905 13900
f 13910 13900 13632
f 13632 13900 13629
f 13897 13907 13630
f 13906 13907 13897
f 13304 13908 13903
f 13902 13903 13908
f 13912 13904 13905
f 13909 13904 13912
f 13912 13905 13913
f 13910 13913 13905
f 13634 13632 13624
f 13906 13637 13636
f 13906 13636 13907
f 13643 13908 13304
f 13912 13639 13909
f 13910 13916 13913
f 13910 13632 13922
f 13634 13922 13632
f 13914 13906 13911
f 13914 13637 13906
f 13639 13912 14151
f 13912 14146 14151
f 13917 13920 13916
f 13910 13917 13916
f 13645 13922 13634
f 13914 13923 13926
f 13914 13918 13637
f 13310 13919 13643
f 13919 13915 13643
f 13639 14151 13648
f 13921 13917 13910
f 13921 13910 13922
f 13922 13645 13646
f 13926 13924 13914
f 13914 13924 13918
f 13924 13647 13918
f 13928 13649 13648
f 13648 14151 14150
f 13648 14150 13928
f 13925 13920 13917
f 13931 13921 13922
f 13917 13921 13931
f 13931 13922 13652
f 13646 13652 13922
f 13924 13650 13647
f 13319 13927 13919
f 13928 14150 13929
f 13928 13929 13934
f 13917 13930 14153
f 13935 13917 13931
f 13930 13917 13935
f 13926 13932 13924
f 13924 13653 13650
f 13324 13927 13319
f 13933 12948 13928
f 13928 13934 13933
f 13935 13931 13652
f 13657 13652 13654
f 13926 13937 13932
f 13926 13936 13937
f 13932 13653 13924
f 13933 14157 12948
f 13657 13935 13652
f 13937 13942 13653
f 13937 13653 13932
f 13658 13938 13324
f 13939 13664 14157
f 13940 14156 13935
f 13935 13944 13940
f 13945 13944 13935
f 13945 13935 13657
f 13662 13945 13657
f 13937 13941 13942
f 13658 13331 13938
f 13939 14157 13943
f 13951 13944 13945
f 13665 13945 13662
f 13941 13660 13942
f 13950 13946 13331
f 14161 13664 13939
f 14161 13939 13943
f 13947 13951 13945
f 13665 13947 13945
f 13941 13948 13949
f 13949 13660 13941
f 13671 13950 13666
f 14161 13332 13664
f 13670 13951 13665
f 13665 13951 13947
f 13948 13668 13660
f 13948 13660 13949
f 13671 13954 13950
f 13672 13669 13332
f 13673 13952 13670
f 13670 13952 13951
f 13953 13668 13948
f 13673 13955 13952
f 13948 13959 13953
f 13948 13956 13959
f 13675 13957 13671
f 13954 13671 13957
f 14180 13958 13672
f 13952 13955 14326
f 13676 13955 13673
f 13958 14180 13960
f 13956 13961 13959
f 13957 13675 13962
f 13962 13675 13967
f 12970 13964 13676
f 13676 13964 13955
f 13965 13961 13966
f 13968 13350 13963
f 14188 13955 13964
f 13969 14188 12970
f 12970 14188 13964
f 13966 13680 13965
f 13681 13683 13967
f 13681 13967 13677
f 13974 14188 13969
f 13966 13970 13680
f 13971 13967 13683
f 13971 14190 13967
f 13968 13972 13350
f 13685 13974 13969
f 13680 13970 13975
f 13972 13977 13350
f 13972 13968 13977
f 13685 13978 13974
f 14195 13362 13680
f 14195 13680 13975
f 13979 13976 13982
f 13978 13685 13984
f 13981 13362 14195
f 13979 13982 13986
f 13687 13984 13685
f 13688 13982 13684
f 13687 13991 13984
f 13981 13985 13988
f 13988 13690 13981
f 13982 13688 13694
f 13694 13986 13982
f 13988 13985 13690
f 13985 13692 13690
f 13993 13695 13989
f 13993 13989 13987
f 13991 13691 13990
f 13696 13985 13995
f 13692 13985 13696
f 14202 13694 13992
f 13993 13377 13695
f 13993 13987 14208
f 13991 13990 13994
f 13991 13994 13700
f 13700 13994 13990
f 13995 13985 14206
f 13993 13699 13377
f 13993 14208 13699
f 13997 13995 14206
f 13997 13702 13995
f 13702 13373 13995
f 13699 14208 13999
f 13705 13996 13700
f 13997 14001 13702
f 14002 14005 13701
f 14000 13996 13704
f 14003 14000 13704
f 13704 13996 13705
f 14004 14001 13997
f 14004 13706 14001
f 13999 14007 13707
f 14004 14009 14006
f 14006 13706 14004
f 13710 13711 13701
f 14002 13701 13711
f 14008 14003 13704
f 14008 13704 13715
f 14009 13713 14006
f 14012 13711 13709
f 14014 13711 14012
f 14224 13390 14010
f 13714 14013 13715
f 13715 14013 14008
f 14011 13716 14009
f 14009 13716 13713
f 13717 14015 14013
f 13717 14013 13714
f 14016 14017 14011
f 14011 14018 13716
f 14011 14017 14018
f 14018 13719 13716
f 14228 14014 14012
f 13724 14015 13717
f 14017 13719 14018
f 14012 13722 14025
f 14232 13404 13723
f 14232 14229 13404
f 13724 14019 14015
f 14016 14024 14020
f 14016 14020 14017
f 14017 14020 13719
f 13721 14021 14025
f 14012 14025 14022
f 14027 13735 13404
f 14027 13404 14229
f 13732 14023 13724
f 13724 14023 14019
f 14031 14021 13721
f 14021 14031 14025
f 14026 13735 14027
f 13732 14032 14023
f 14024 13729 14020
f 14236 14025 14031
f 14026 14239 13735
f 13731 14032 13732
f 14037 14028 14029
f 14028 14034 14024
f 14028 14033 14034
f 14034 13729 14024
f 14030 14042 14031
f 14030 13734 14042
f 14239 13739 13735
f 13743 14035 13731
f 13731 14035 14032
f 14033 13729 14034
f 13739 14239 14238
f 14038 14035 13743
f 14039 14037 14036
f 14039 14040 14037
f 14028 14041 14033
f 14028 14037 14041
f 14041 13741 13729
f 14041 13729 14033
f 13738 13742 13734
f 14240 13734 13742
f 14042 13734 14240
f 13739 14238 14045
f 13765 14038 13743
f 13765 14243 14038
f 14037 14040 14043
f 14037 14044 14041
f 14037 14043 14044
f 14044 13741 14041
f 13739 14045 13746
f 14039 14048 14040
f 14043 13741 14044
f 13742 14047 14240
f 14045 14051 13746
f 14051 14045 14253
f 13764 14046 13765
f 13765 14046 14243
f 14048 14039 14244
f 14048 14049 14040
f 14040 13753 13741
f 14040 13741 14043
f 13427 14050 13742
f 13742 14054 14047
f 13742 14050 14054
f 14250 14046 13764
f 14249 14250 13764
f 14053 14052 14048
f 14052 14059 14048
f 14048 14059 14064
f 14049 13753 14040
f 13758 14050 13427
f 14051 14055 13754
f 14055 14051 14062
f 14051 14253 14252
f 14051 14252 14062
f 14057 14056 13763
f 13764 13763 14249
f 14249 13763 14056
f 14058 14063 14053
f 14063 14052 14053
f 14052 14063 14059
f 14048 14060 14049
f 14048 14064 14060
f 14060 13753 14049
f 14054 14050 13758
f 14055 14062 14061
f 13775 14057 13763
f 14063 14067 14059
f 14064 13771 13753
f 14064 13753 14060
f 13781 13758 13768
f 13758 13781 14065
f 14066 13772 14061
f 14263 13775 13769
f 14059 14068 14064
f 14059 14067 14068
f 14260 14065 13781
f 14066 14061 14075
f 13447 14263 13769
f 14077 14069 14063
f 14063 14070 14067
f 14063 14069 14070
f 14067 14070 14071
f 14068 13771 14064
f 14260 13781 14073
f 14073 13781 14072
f 14074 14066 14075
f 13773 14263 13447
f 13773 14076 14263
f 14067 14079 14068
f 14067 14071 14079
f 14079 13788 13771
f 14079 13771 14068
f 13462 14080 13461
f 14080 14073 13461
f 14073 14072 13461
f 14075 14266 14074
f 13791 14089 14272
f 14076 13791 14272
f 14077 14081 13795
f 14078 14077 13795
f 14078 14082 14077
f 14077 14083 14069
f 14077 14082 14083
f 14070 14084 14071
f 14071 13788 14079
f 14086 13462 14085
f 14074 14087 13789
f 14074 14271 14087
f 13100 14088 14089
f 14272 14089 14095
f 14081 14090 13463
f 13795 14081 13463
f 14100 14078 13795
f 14084 13788 14071
f 13802 14085 13462
f 13802 14086 14085
f 13802 14091 14086
f 14087 14271 13798
f 13803 14088 13100
f 14088 14093 14089
f 14089 14090 14095
f 14090 14089 14098
f 14093 14098 14089
f 14435 14095 14090
f 14435 14090 14081
f 14069 14096 14070
f 14069 14083 14096
f 14070 14097 14084
f 14070 14096 14097
f 14097 13800 13788
f 14097 13788 14084
f 14092 13798 14271
f 14088 13803 13809
f 14098 14088 13809
f 14093 14088 14098
f 14094 14095 14098
f 14099 14278 14098
f 14095 14099 14098
f 13810 14100 13799
f 14100 14101 14078
f 14096 14083 14097
f 14102 14091 13476
f 14103 13807 14092
f 13486 14107 14098
f 13486 14098 13809
f 14078 14101 14082
f 14082 14105 14083
f 14105 13820 14097
f 14105 14097 14083
f 14106 13476 13484
f 13814 14100 13810
f 14101 14100 14108
f 14082 13820 14105
f 13484 14109 14106
f 13131 13813 14110
f 13486 13817 14107
f 13817 14281 14107
f 14112 13818 14104
f 14104 14445 14112
f 13823 14113 14100
f 13823 14100 13814
f 14100 14113 14108
f 14108 14082 14101
f 14082 13819 13820
f 14110 13822 13131
f 14110 14111 13822
f 14281 13496 14111
f 14281 13817 13496
f 13501 13818 14112
f 14282 13501 14112
f 14113 13823 13824
f 14113 13824 14108
f 14108 13824 14082
f 14082 13824 13819
f 13827 14115 13496
f 13496 14115 14111
f 14286 13501 14282
f 13145 14116 13831
f 14116 14114 13831
f 14115 13832 14111
f 14117 14116 13145
f 13832 14115 13827
f 13501 14286 14119
f 14119 13833 13501
f 14117 13145 13834
f 14122 14120 13515
f 14120 14118 13515
f 14118 13834 13515
f 14119 14121 13833
f 14121 13837 13833
f 14122 13519 13842
f 14119 14123 14121
f 14119 14122 14123
f 14121 13843 13837
f 13848 14122 13842
f 14123 13843 14121
f 14122 13848 14123
f 14123 13849 13843
f 14123 13852 13849
f 14124 14126 13878
f 13889 13890 13885
f 14124 13885 13890
f 14124 13890 14130
f 14124 14130 14126
f 14126 14127 14125
f 14127 13892 14125
f 13889 13898 13890
f 14135 13890 13898
f 13890 14135 14128
f 14129 13895 13892
f 14127 14129 13892
f 14126 14129 14127
f 13890 14128 14130
f 14129 13901 13895
f 13902 13898 13903
f 13898 14131 14135
f 14130 14132 14126
f 14126 14133 14129
f 14126 14132 14133
f 14129 14133 13901
f 14133 13906 13901
f 13902 14138 13898
f 13898 14138 14131
f 14135 14131 14138
f 14134 14130 14128
f 14130 14288 14132
f 14130 14134 14288
f 14133 14132 13906
f 13643 13915 13902
f 13643 13902 13908
f 13902 13915 14138
f 14148 14146 13912
f 13913 14148 13912
f 13913 13916 14148
f 14132 13911 13906
f 13915 14137 14138
f 14147 14148 13916
f 14139 14147 13916
f 13920 14139 13916
f 14136 14140 14132
f 14144 14132 14140
f 14144 14141 14132
f 14132 14142 13911
f 14132 14141 14142
f 14142 13923 13914
f 14142 13914 13911
f 14137 13915 13919
f 14143 14138 14137
f 14146 14152 14151
f 13920 14147 14139
f 14142 13926 13923
f 13919 14145 14137
f 13925 14147 13920
f 14141 14160 13926
f 14141 13926 14142
f 13927 14145 13919
f 14152 14146 14148
f 14153 14147 13925
f 14148 14147 14153
f 13917 14153 13925
f 14144 14149 14141
f 14149 14160 14141
f 13324 14145 13927
f 14154 13929 14150
f 14156 14152 14148
f 14156 14148 14153
f 14153 13930 13935
f 14306 14149 14144
f 14160 13936 13926
f 13938 14145 13324
f 14157 13933 13929
f 13929 13933 13934
f 14158 14150 14151
f 14154 14150 14158
f 14163 14151 14152
f 14158 14151 14163
f 14155 14152 14156
f 14163 14152 14155
f 13935 14156 14153
f 14149 14164 14160
f 14160 13937 13936
f 14145 13938 14308
f 14157 13929 14311
f 13929 14154 14311
f 14166 14155 14156
f 14166 14156 14167
f 13940 14167 14156
f 14149 14159 14164
f 14160 13941 13937
f 14169 13938 13331
f 14161 13938 14169
f 14308 13938 14170
f 14170 13938 14161
f 13943 14157 14162
f 14157 14311 14162
f 13944 14167 13940
f 14164 14165 14160
f 14165 13941 14160
f 13946 14169 13331
f 13943 14170 14161
f 14167 13944 13951
f 14168 14164 14159
f 14164 13948 13941
f 14164 13941 14165
f 14169 13946 13950
f 14161 14169 13332
f 13332 14169 14170
f 14170 13943 14162
f 14166 14172 14155
f 14171 14166 14167
f 13952 14171 13951
f 13951 14171 14167
f 14168 13948 14164
f 13954 14175 13950
f 14176 13672 14170
f 14170 13672 13332
f 14178 14172 14166
f 14173 14166 14171
f 14178 14166 14173
f 13952 14173 14171
f 14168 14179 14174
f 14174 13948 14168
f 14176 14180 13672
f 14326 14178 13952
f 13952 14178 14173
f 14179 13956 14174
f 13956 13948 14174
f 14175 13954 13957
f 14176 14177 14180
f 13955 14179 14326
f 14179 13955 14182
f 14179 14182 13956
f 14181 14335 14178
f 14184 14178 14326
f 14182 13961 13956
f 13962 14183 13957
f 14336 13957 14183
f 14180 13963 13960
f 14178 14184 14181
f 13955 14184 14182
f 14185 14189 14182
f 14189 13966 13961
f 14189 13961 14182
f 13967 14187 14183
f 13967 14183 13962
f 14340 13968 13963
f 14188 14186 13955
f 13955 14186 14184
f 14185 14339 14189
f 14190 14187 13967
f 14339 14342 14189
f 14189 13970 13966
f 13683 14190 13971
f 14191 14193 13968
f 14193 13973 13968
f 14191 13968 14340
f 13974 14194 14188
f 14189 14342 14195
f 14189 13975 13970
f 13976 14190 13683
f 14192 14190 13976
f 14193 13977 13968
f 13973 14193 13968
f 13978 14198 14194
f 13974 13978 14194
f 14195 13975 14189
f 13979 14196 13976
f 14192 13976 14196
f 14350 13980 14193
f 14193 13980 13977
f 13984 14198 13978
f 14195 14352 14200
f 14200 13981 14195
f 13986 14196 13979
f 14353 13983 14350
f 14350 13983 13980
f 14197 13984 14199
f 13984 14197 14198
f 14200 13985 13981
f 14353 13987 13983
f 14353 14356 13987
f 13991 14199 13984
f 14201 13985 14200
f 14202 13986 13694
f 14355 13986 14202
f 13987 14356 14359
f 14203 13985 14201
f 14359 14364 13987
f 14205 14199 13991
f 14202 13992 14204
f 14490 14202 14363
f 14363 14202 14204
f 13987 14364 14208
f 14205 13991 13700
f 14206 13985 14203
f 14204 13992 13998
f 14208 14364 14369
f 14208 14369 14209
f 14000 14205 13996
f 13996 14205 13700
f 14206 14207 13997
f 14207 14370 13997
f 14204 13998 14368
f 14209 13999 14208
f 14005 14368 13998
f 14211 14368 14005
f 14209 14373 13999
f 14370 14210 14004
f 14210 14375 14004
f 14370 14004 13997
f 14002 14215 14005
f 14216 14005 14215
f 14211 14005 14216
f 14379 13999 14373
f 14212 14000 14008
f 14213 14212 14008
f 14008 14000 14003
f 14375 14009 14004
f 14214 14009 14375
f 13711 14215 14002
f 14219 14213 14008
f 14009 14214 14220
f 14216 14215 14217
f 14215 13711 14217
f 13999 14010 14007
f 13999 14379 14010
f 14218 14219 14008
f 14013 14218 14008
f 14220 14011 14009
f 14014 14223 13711
f 14217 13711 14223
f 14224 14010 14383
f 14219 14218 14221
f 14015 14218 14013
f 14222 14011 14220
f 14226 13390 14224
f 14221 14218 14015
f 14227 14221 14015
f 14220 14230 14222
f 14230 14016 14222
f 14222 14016 14011
f 14223 14014 14225
f 14225 14014 14228
f 14226 14232 13390
f 14224 14383 14226
f 14227 14015 14019
f 14024 14016 14230
f 14012 14022 14228
f 14225 14228 14394
f 14226 14393 14232
f 14023 14227 14019
f 14231 14028 14230
f 14230 14028 14024
f 14025 14235 14022
f 14228 14022 14235
f 14229 14233 14027
f 14229 14232 14233
f 14032 14234 14023
f 14529 14029 14028
f 14529 14028 14231
f 14236 14235 14025
f 14233 14026 14027
f 14529 14237 14037
f 14529 14037 14029
f 14031 14241 14236
f 14408 14026 14233
f 14239 14026 14408
f 14035 14234 14032
f 14037 14237 14036
f 14042 14241 14031
f 14237 14414 14039
f 14237 14039 14036
f 14240 14241 14042
f 14401 14236 14241
f 14242 14238 14239
f 14239 14408 14242
f 14240 14419 14241
f 14238 14245 14045
f 14247 14238 14242
f 14250 14243 14046
f 14414 14244 14039
f 14047 14054 14240
f 14240 14054 14419
f 14245 14253 14045
f 14246 14245 14238
f 14238 14247 14246
f 14248 14048 14244
f 14253 14245 14246
f 14248 14053 14048
f 14419 14054 14251
f 14250 14249 14056
f 14057 14250 14056
f 14257 14250 14057
f 14254 14058 14248
f 14248 14058 14053
f 13758 14255 14054
f 14251 14054 14255
f 14258 14252 14253
f 14253 14256 14258
f 14257 14057 13775
f 14254 14418 14063
f 14254 14063 14058
f 14065 14255 13758
f 14261 14061 14252
f 14252 14061 14062
f 14263 14257 13775
f 14418 14077 14063
f 14259 14077 14418
f 14261 14075 14061
f 14252 14258 14261
f 14263 14262 14257
f 14259 14426 14077
f 14073 14264 14260
f 14265 14260 14264
f 14075 14261 14266
f 14076 14267 14263
f 14426 14268 14077
f 14080 14264 14073
f 13462 14269 14080
f 14269 14265 14080
f 14265 14264 14080
f 14270 14074 14266
f 14272 14267 14076
f 14268 14081 14077
f 14086 14269 13462
f 14270 14271 14074
f 14095 14094 14272
f 14273 14081 14268
f 14086 14091 14274
f 14276 14092 14271
f 14270 14276 14271
f 14273 14435 14081
f 14274 14091 14102
f 14098 14277 14094
f 14435 14099 14095
f 14278 14099 14435
f 13476 14437 14102
f 14437 14274 14102
f 14092 14276 14103
f 14276 14279 14103
f 14281 14276 14280
f 14279 14276 14281
f 14277 14107 14281
f 14277 14098 14107
f 14439 14104 14278
f 14106 14437 13476
f 14279 13813 14103
f 13813 14279 14110
f 14439 14445 14104
f 14109 13821 14106
f 14106 13821 14446
f 14110 14279 14111
f 14279 14281 14111
f 14112 14445 14282
f 14114 14446 13821
f 14116 14284 14114
f 14284 14446 14114
f 14285 14282 14283
f 14285 14286 14282
f 14284 14116 14117
f 14120 14284 14117
f 14285 14284 14120
f 14285 14287 14286
f 14285 14120 14287
f 14287 14119 14286
f 13834 14120 14117
f 14120 13834 14118
f 14120 14119 14287
f 14120 14122 14119
f 14290 14128 14135
f 14290 14135 14289
f 14288 14134 14128
f 14288 14128 14290
f 14138 14289 14135
f 14136 14132 14288
f 14289 14138 14291
f 14289 14291 14290
f 14137 14292 14143
f 14292 14138 14143
f 14138 14292 14291
f 14291 14296 14290
f 14288 14293 14136
f 14288 14290 14293
f 14293 14140 14136
f 14296 14294 14290
f 14290 14302 14293
f 14290 14294 14302
f 14293 14144 14140
f 14292 14137 14295
f 14291 14292 14296
f 14302 14144 14293
f 14145 14297 14137
f 14298 14137 14297
f 14137 14299 14295
f 14137 14298 14299
f 14295 14300 14292
f 14292 14300 14296
f 14294 14296 14301
f 14294 14301 14304
f 14294 14304 14302
f 14302 14306 14144
f 14303 14295 14298
f 14295 14299 14298
f 14295 14303 14300
f 14300 14303 14296
f 14300 14296 14296
f 14296 14301 14296
f 14301 14296 14304
f 14304 14306 14302
f 14308 14297 14145
f 14297 14308 14298
f 14154 14158 14311
f 14312 14296 14307
f 14312 14304 14296
f 14304 14312 14305
f 14304 14159 14306
f 14304 14305 14159
f 14159 14149 14306
f 14449 14298 14308
f 14309 14158 14163
f 14307 14310 14312
f 14309 14163 14155
f 14170 14460 14308
f 14318 14162 14311
f 14314 14311 14158
f 14314 14158 14309
f 14155 14314 14309
f 14310 14457 14312
f 14305 14312 14313
f 14305 14313 14159
f 14313 14168 14159
f 13950 14460 14169
f 14460 14170 14169
f 14308 14460 14315
f 14162 14318 14170
f 14319 14318 14311
f 14324 14311 14314
f 14319 14311 14324
f 14172 14314 14155
f 14312 14317 14313
f 14312 14316 14317
f 14175 14460 13950
f 14318 14176 14170
f 14334 14318 14319
f 14323 14318 14334
f 14324 14314 14320
f 14172 14320 14314
f 14317 14179 14168
f 14317 14168 14313
f 14318 14177 14176
f 14177 14318 14329
f 14178 14320 14172
f 14317 14321 14322
f 14322 14326 14179
f 14322 14179 14317
f 13957 14327 14175
f 14460 14175 14327
f 14329 14318 14323
f 14335 14319 14324
f 14334 14319 14335
f 14335 14324 14178
f 14178 14324 14320
f 14321 14326 14322
f 14321 14325 14326
f 14336 14327 13957
f 14328 14180 14177
f 14328 14177 14329
f 14325 14330 14326
f 14331 14184 14326
f 14330 14331 14326
f 14331 14182 14184
f 14328 13963 14180
f 13963 14328 14337
f 14337 14328 14332
f 14328 14329 14332
f 14329 14338 14471
f 14333 14323 14334
f 14329 14323 14333
f 14186 14334 14335
f 14335 14181 14184
f 14331 14330 14325
f 14331 14185 14182
f 14187 14336 14183
f 14340 13963 14337
f 14329 14333 14338
f 14348 14333 14334
f 14348 14334 14186
f 14184 14186 14335
f 14339 14185 14331
f 14475 14336 14187
f 14340 14337 14482
f 14188 14348 14186
f 14190 14345 14187
f 14340 14193 14191
f 14345 14475 14187
f 14346 14340 14482
f 14194 14348 14188
f 14344 14195 14342
f 14345 14190 14192
f 14350 14193 14340
f 14348 14343 14333
f 14347 14343 14348
f 14198 14348 14194
f 14480 14352 14195
f 14480 14195 14344
f 14196 14349 14345
f 14196 14345 14192
f 14351 14340 14346
f 14350 14340 14351
f 14348 14197 14347
f 14198 14197 14348
f 13986 14349 14196
f 14353 14350 14354
f 14350 14351 14354
f 14200 14352 14358
f 14356 14353 14354
f 14197 14360 14357
f 14199 14360 14197
f 14358 14201 14200
f 14202 14490 14355
f 14356 14354 14359
f 14358 14203 14201
f 14359 14354 14364
f 14367 14360 14362
f 14205 14362 14199
f 14199 14362 14360
f 14358 14206 14203
f 14358 14207 14206
f 14364 14361 14365
f 14364 14365 14369
f 14367 14362 14205
f 14368 14363 14204
f 14500 14363 14368
f 14000 14366 14367
f 14374 14366 14000
f 14205 14000 14367
f 14369 14501 14209
f 14370 14505 14210
f 14372 14368 14211
f 14501 14373 14209
f 14212 14374 14000
f 14210 14505 14375
f 14372 14211 14216
f 14510 14373 14501
f 14379 14373 14510
f 14376 14374 14213
f 14212 14213 14374
f 14510 14514 14379
f 14376 14219 14380
f 14219 14376 14213
f 14377 14516 14375
f 14516 14214 14375
f 14382 14216 14217
f 14378 14216 14382
f 14384 14010 14379
f 14379 14514 14384
f 14516 14381 14220
f 14516 14220 14214
f 14217 14223 14382
f 14384 14383 14010
f 14221 14380 14219
f 14220 14381 14388
f 14395 14383 14384
f 14395 14384 14390
f 14380 14387 14385
f 14227 14387 14380
f 14221 14227 14380
f 14388 14230 14220
f 14225 14394 14223
f 14223 14394 14389
f 14393 14226 14383
f 14393 14383 14395
f 14387 14390 14386
f 14390 14387 14391
f 14391 14387 14227
f 14230 14388 14392
f 14234 14395 14390
f 14234 14390 14396
f 14023 14390 14391
f 14396 14390 14023
f 14227 14023 14391
f 14392 14231 14230
f 14397 14394 14228
f 14528 14389 14394
f 14393 14402 14232
f 14392 14529 14231
f 14235 14397 14228
f 14402 14233 14232
f 14400 14393 14395
f 14403 14393 14400
f 14398 14395 14234
f 14400 14395 14398
f 14023 14234 14396
f 14397 14399 14394
f 14397 14235 14399
f 14530 14394 14399
f 14409 14402 14393
f 14406 14393 14403
f 14409 14393 14406
f 14400 14398 14234
f 14236 14401 14235
f 14402 14408 14233
f 14035 14403 14234
f 14234 14403 14400
f 14405 14235 14401
f 14408 14402 14413
f 14413 14402 14409
f 14038 14406 14035
f 14035 14406 14403
f 14404 14414 14237
f 14405 14401 14407
f 14412 14242 14408
f 14409 14406 14243
f 14243 14406 14038
f 14241 14411 14401
f 14415 14401 14411
f 14407 14401 14415
f 14416 14408 14413
f 14412 14408 14416
f 14250 14413 14243
f 14243 14413 14409
f 14414 14410 14540
f 14419 14411 14241
f 14421 14242 14412
f 14421 14412 14417
f 14250 14416 14413
f 14414 14540 14248
f 14540 14254 14248
f 14414 14248 14244
f 14420 14411 14419
f 14423 14246 14242
f 14242 14246 14247
f 14417 14416 14250
f 14417 14412 14416
f 14420 14425 14411
f 14423 14253 14246
f 14423 14242 14424
f 14424 14242 14421
f 14257 14421 14250
f 14250 14421 14417
f 14418 14418 14254
f 14255 14419 14251
f 14419 14425 14420
f 14419 14255 14425
f 14425 14422 14411
f 14428 14253 14423
f 14256 14253 14428
f 14424 14421 14257
f 14428 14423 14424
f 14426 14259 14418
f 14065 14427 14255
f 14065 14260 14427
f 14425 14255 14427
f 14256 14261 14258
f 14272 14256 14428
f 14263 14428 14262
f 14428 14424 14262
f 14262 14424 14257
f 14265 14269 14260
f 14256 14266 14261
f 14432 14256 14272
f 14431 14256 14432
f 14272 14428 14267
f 14263 14267 14428
f 14429 14268 14426
f 14430 14260 14269
f 14256 14270 14266
f 14275 14256 14431
f 14270 14256 14275
f 14086 14433 14269
f 14430 14269 14434
f 14434 14269 14433
f 14094 14431 14432
f 14275 14431 14094
f 14094 14432 14272
f 14550 14435 14273
f 14550 14273 14268
f 14274 14433 14086
f 14436 14434 14274
f 14434 14433 14274
f 14276 14270 14275
f 14436 14274 14437
f 14438 14275 14094
f 14277 14438 14094
f 14435 14440 14439
f 14278 14435 14439
f 14275 14280 14276
f 14280 14275 14281
f 14281 14275 14438
f 14281 14438 14277
f 14106 14446 14441
f 14106 14441 14437
f 14443 14445 14439
f 14442 14441 14447
f 14447 14443 14444
f 14447 14282 14445
f 14443 14447 14445
f 14441 14446 14284
f 14447 14441 14448
f 14448 14283 14282
f 14448 14282 14447
f 14284 14285 14441
f 14441 14285 14448
f 14448 14285 14283
f 14298 14450 14303
f 14303 14307 14296
f 14449 14450 14298
f 14450 14451 14303
f 14303 14452 14307
f 14451 14452 14303
f 14457 14310 14307
f 14452 14457 14307
f 14451 14457 14452
f 14453 14449 14308
f 14454 14449 14453
f 14449 14454 14455
f 14450 14456 14451
f 14451 14456 14457
f 14315 14453 14308
f 14449 14458 14450
f 14449 14455 14458
f 14450 14458 14456
f 14456 14459 14457
f 14457 14459 14463
f 14463 14316 14312
f 14463 14312 14457
f 14315 14461 14453
f 14456 14458 14459
f 14463 14317 14316
f 14315 14460 14461
f 14454 14453 14455
f 14455 14462 14458
f 14458 14462 14468
f 14463 14321 14317
f 14327 14465 14460
f 14460 14465 14461
f 14453 14461 14455
f 14458 14464 14459
f 14458 14468 14464
f 14459 14325 14321
f 14459 14321 14463
f 14461 14465 14466
f 14461 14466 14559
f 14455 14461 14467
f 14455 14467 14455
f 14455 14462 14455
f 14462 14455 14468
f 14464 14473 14459
f 14464 14468 14473
f 14473 14325 14459
f 14465 14327 14466
f 14329 14471 14332
f 14468 14469 14473
f 14473 14331 14325
f 14327 14470 14466
f 14333 14471 14338
f 14468 14455 14472
f 14473 14339 14331
f 14336 14476 14327
f 14336 14475 14476
f 14470 14327 14476
f 14332 14482 14337
f 14332 14486 14482
f 14486 14332 14347
f 14341 14471 14333
f 14341 14332 14471
f 14468 14474 14469
f 14469 14342 14339
f 14469 14339 14473
f 14481 14346 14482
f 14477 14332 14341
f 14347 14332 14477
f 14343 14477 14333
f 14333 14477 14341
f 14474 14478 14469
f 14469 14344 14342
f 14345 14479 14475
f 14485 14476 14475
f 14343 14347 14477
f 14474 14483 14478
f 14478 14480 14469
f 14480 14344 14469
f 14349 14479 14345
f 14479 14484 14475
f 14487 14351 14346
f 14491 14346 14481
f 14487 14346 14491
f 14480 14478 14483
f 13986 14479 14349
f 14487 14354 14351
f 14488 14481 14482
f 14491 14481 14488
f 14488 14482 14486
f 14357 14486 14347
f 14197 14357 14347
f 14483 14358 14352
f 14483 14352 14480
f 14355 14479 13986
f 14484 14479 14355
f 14498 14354 14487
f 14360 14488 14357
f 14488 14486 14357
f 14489 14358 14483
f 14484 14355 14490
f 14498 14487 14496
f 14487 14491 14493
f 14360 14491 14488
f 14489 14578 14494
f 14494 14358 14489
f 14364 14354 14361
f 14367 14493 14360
f 14360 14493 14491
f 14494 14207 14358
f 14363 14495 14490
f 14490 14495 14492
f 14354 14365 14361
f 14365 14354 14498
f 14503 14498 14496
f 14496 14493 14366
f 14496 14487 14493
f 14366 14493 14367
f 14494 14497 14370
f 14578 14497 14494
f 14494 14370 14207
f 14500 14495 14363
f 14365 14502 14369
f 14374 14503 14366
f 14366 14503 14496
f 14579 14499 14578
f 14499 14497 14578
f 14499 14505 14370
f 14499 14370 14497
f 14368 14372 14500
f 14502 14501 14369
f 14503 14365 14498
f 14502 14365 14503
f 14371 14503 14374
f 14499 14504 14505
f 14510 14501 14502
f 14506 14502 14503
f 14374 14506 14371
f 14371 14506 14503
f 14507 14508 14504
f 14508 14375 14505
f 14504 14508 14505
f 14216 14509 14372
f 14372 14509 14500
f 14585 14500 14509
f 14510 14502 14376
f 14511 14502 14506
f 14376 14502 14511
f 14376 14511 14374
f 14374 14511 14506
f 14507 14377 14375
f 14507 14375 14508
f 14378 14509 14216
f 14514 14510 14518
f 14518 14510 14515
f 14515 14510 14376
f 14512 14516 14507
f 14507 14516 14377
f 14513 14509 14378
f 14522 14384 14514
f 14515 14376 14380
f 14589 14516 14512
f 14382 14517 14378
f 14522 14514 14518
f 14385 14518 14380
f 14380 14518 14515
f 14516 14589 14388
f 14516 14388 14381
f 14223 14517 14382
f 14517 14520 14378
f 14517 14223 14520
f 14378 14520 14521
f 14522 14390 14384
f 14522 14518 14386
f 14386 14518 14387
f 14387 14518 14385
f 14526 14589 14519
f 14526 14523 14589
f 14523 14388 14589
f 14389 14524 14223
f 14223 14524 14520
f 14390 14522 14386
f 14523 14392 14388
f 14528 14524 14389
f 14591 14521 14525
f 14521 14526 14525
f 14526 14527 14523
f 14521 14520 14526
f 14527 14529 14523
f 14529 14392 14523
f 14530 14528 14394
f 14524 14531 14520
f 14520 14531 14526
f 14526 14532 14527
f 14530 14533 14528
f 14528 14534 14524
f 14528 14533 14534
f 14524 14534 14531
f 14531 14532 14526
f 14532 14237 14529
f 14532 14529 14527
f 14399 14535 14530
f 14530 14535 14533
f 14531 14534 14532
f 14532 14404 14237
f 14405 14399 14235
f 14533 14536 14534
f 14534 14537 14532
f 14537 14414 14404
f 14537 14404 14532
f 14399 14405 14535
f 14535 14539 14533
f 14536 14410 14534
f 14534 14410 14537
f 14537 14410 14414
f 14405 14538 14593
f 14535 14405 14593
f 14533 14540 14536
f 14533 14539 14540
f 14536 14540 14410
f 14415 14405 14407
f 14539 14541 14540
f 14411 14542 14415
f 14415 14542 14405
f 14405 14543 14538
f 14405 14542 14543
f 14539 14545 14541
f 14539 14544 14545
f 14540 14545 14418
f 14541 14545 14540
f 14540 14418 14254
f 14595 14538 14539
f 14538 14544 14539
f 14545 14418 14418
f 14425 14546 14422
f 14546 14411 14422
f 14547 14411 14546
f 14411 14547 14542
f 14543 14548 14538
f 14543 14542 14548
f 14538 14548 14544
f 14544 14549 14545
f 14549 14418 14545
f 14544 14548 14549
f 14549 14426 14418
f 14547 14550 14542
f 14542 14550 14551
f 14542 14552 14548
f 14542 14551 14552
f 14548 14429 14426
f 14548 14426 14549
f 14260 14430 14427
f 14552 14268 14429
f 14552 14429 14548
f 14427 14553 14425
f 14427 14430 14553
f 14425 14553 14546
f 14546 14440 14547
f 14547 14554 14550
f 14547 14440 14554
f 14551 14550 14552
f 14552 14550 14268
f 14434 14436 14430
f 14430 14436 14555
f 14554 14435 14550
f 14430 14556 14553
f 14440 14435 14554
f 14437 14555 14436
f 14557 14555 14437
f 14430 14555 14557
f 14553 14439 14440
f 14546 14553 14440
f 14441 14557 14437
f 14557 14556 14430
f 14556 14443 14439
f 14556 14439 14553
f 14442 14557 14441
f 14557 14442 14556
f 14556 14444 14443
f 14447 14556 14442
f 14556 14447 14444
f 14558 14467 14461
f 14558 14461 14559
f 14562 14455 14467
f 14562 14467 14558
f 14559 14560 14558
f 14470 14559 14466
f 14559 14470 14561
f 14559 14561 14560
f 14558 14560 14562
f 14562 14472 14455
f 14562 14468 14472
f 14565 14470 14563
f 14470 14565 14561
f 14562 14474 14468
f 14476 14563 14470
f 14561 14564 14560
f 14560 14564 14562
f 14564 14474 14562
f 14561 14566 14564
f 14561 14565 14566
f 14484 14485 14475
f 14485 14567 14476
f 14563 14568 14565
f 14563 14476 14568
f 14565 14568 14571
f 14564 14483 14474
f 14567 14569 14476
f 14476 14570 14568
f 14476 14569 14570
f 14565 14571 14566
f 14566 14483 14564
f 14484 14572 14485
f 14573 14485 14572
f 14485 14573 14574
f 14485 14574 14567
f 14566 14571 14489
f 14566 14489 14483
f 14490 14572 14484
f 14568 14575 14571
f 14568 14570 14575
f 14575 14578 14489
f 14575 14489 14571
f 14492 14572 14490
f 14574 14576 14567
f 14569 14577 14570
f 14569 14567 14577
f 14570 14578 14575
f 14570 14577 14578
f 14576 14579 14567
f 14576 14574 14579
f 14567 14579 14577
f 14495 14580 14492
f 14588 14492 14580
f 14492 14581 14572
f 14492 14588 14581
f 14572 14581 14582
f 14572 14582 14573
f 14573 14583 14574
f 14574 14583 14579
f 14577 14579 14578
f 14500 14580 14495
f 14583 14584 14579
f 14584 14504 14499
f 14584 14499 14579
f 14500 14586 14580
f 14500 14585 14586
f 14573 14584 14583
f 14573 14582 14584
f 14584 14507 14504
f 14582 14512 14507
f 14582 14507 14584
f 14513 14585 14509
f 14585 14513 14587
f 14585 14587 14586
f 14580 14586 14588
f 14581 14589 14582
f 14581 14588 14589
f 14589 14512 14582
f 14513 14378 14587
f 14587 14378 14521
f 14587 14590 14586
f 14586 14519 14588
f 14586 14590 14519
f 14519 14589 14588
f 14521 14591 14587
f 14590 14526 14519
f 14587 14591 14592
f 14587 14592 14590
f 14590 14592 14526
f 14591 14525 14526
f 14591 14526 14592
f 14594 14535 14593
f 14594 14539 14535
f 14595 14593 14538
f 14594 14593 14595
f 14595 14539 14594
