iter,stage,env_steps,mean_rew,success_rate,mean_depth_mm,ep_done,approx_kl,entropy,pol_loss,val_loss,steps_per_s
0,5,192000,8.060613632202148,0.396562519298944,38.20718559219191,2000,0.006986662967654413,7.1107291132211685,0.0018516551483571675,7113.004791259766,110092.05868788701
1,5,384000,8.17116928100586,0.40196876959574485,38.141790543061994,2000,0.002724984143436207,7.105326920747757,-0.0004633633170669782,7136.349990844727,147591.08473224053
2,5,576000,8.25493049621582,0.40621355934308667,38.134065351759396,2000,0.003022289045526122,7.100648283958435,-0.000523639991570235,6905.506378173828,146445.64051087838
3,5,768000,8.209725379943848,0.4039114781317039,38.06122226640582,2000,0.003404890685315576,7.10080873966217,-0.0005785925750387833,6820.152938842773,145436.20616998305
4,5,960000,8.126138687133789,0.399677100913929,38.18795654301842,2000,0.0030315376718596486,7.0948327630758286,-0.0005318237102756029,6987.79963684082,148215.64985315333
5,5,1152000,8.228996276855469,0.4048489791978985,38.09881143838478,2000,0.003128910442976727,7.084275379776955,-0.00061430176617705,7093.671295166016,144849.6444504983
6,5,1344000,8.143021583557129,0.4006041848194097,38.08210850336278,2000,0.003355129839343135,7.0763512551784515,-0.0003774952178901003,7034.919662475586,149190.60020020558
7,5,1536000,8.129378318786621,0.3999896022505709,38.19462516345084,2000,0.003713088269612249,7.0730274468660355,-0.0005024437318752462,6779.889739990234,148012.48203248938
8,5,1728000,8.108848571777344,0.3988593931705206,38.18182349887987,2000,0.0034970916575596984,7.063217043876648,-0.0004680649682313742,7092.603805541992,147693.7083973299
9,5,1920000,8.132895469665527,0.4000885614599004,38.15706249481688,2000,0.003135991737181029,7.048877701163292,-0.0005872144088243658,7012.484909057617,147360.1702227392
10,5,2112000,8.025001525878906,0.3947396015616202,38.18316216332217,2000,0.0032313252604411306,7.0438336580991745,-0.00040499673457361496,6892.14436340332,148268.6026578852
11,5,2304000,8.205371856689453,0.4037396013785231,38.14990329074984,2000,0.0031216154480207467,7.041564524173737,-0.0005704977520508692,6835.043426513672,147639.4836504869
12,5,2496000,8.193470001220703,0.4031510589672204,38.21421215512479,2000,0.003362794947136233,7.036055833101273,-0.0005426533202808059,6836.464553833008,146760.9081028981
13,5,2688000,8.149614334106445,0.40093751958374924,38.23175539448857,2000,0.0034807961723417984,7.04090940952301,-0.00041822995626716875,6834.687728881836,147829.6277724889
14,5,2880000,8.193634986877441,0.40304689428315515,38.180871748675905,2000,0.0038851340171725812,7.039568707346916,-0.00013617814829558483,6866.320861816406,142397.88055434934
15,5,3072000,8.172530174255371,0.401989603794694,38.24438089939455,2000,0.0033508061069975753,7.031326457858086,-0.0006922197708263411,6862.636962890625,143534.6111642181
16,5,3264000,8.256170272827148,0.4062604382221859,38.12442059007784,2000,0.003128317635906569,7.029618948698044,-0.0007431075200656778,6692.563018798828,146372.2373940799
17,5,3456000,8.292889595031738,0.40788022803220275,38.10150454022611,2000,0.003168362092437746,7.0247972458601,-0.0003950135935610888,6673.655746459961,147271.3192605134
18,5,3648000,8.211492538452148,0.4040208523583715,38.158296656794846,2000,0.0034689179703855204,7.02041295170784,-0.0004291973145882366,6813.579620361328,146066.9603983989
19,5,3840000,8.108202934265137,0.3986823105036213,38.18532724181811,2000,0.003702515137602558,7.021866217255592,-0.00048045433049992425,6758.823791503906,147346.77531090062
20,5,4032000,8.286046981811523,0.40784897864068625,38.17599963202762,2000,0.0036117239678084556,7.021465823054314,-0.00023432283342117444,6722.708923339844,147233.19991846845
21,5,4224000,8.234899520874023,0.40510418460022873,38.18764975356559,2000,0.003607840302237795,7.009756118059158,-0.0006286681194751509,6770.846588134766,147330.53789370687
22,5,4416000,8.106642723083496,0.39869793446814583,38.13859296993663,2000,0.004267568211701777,7.000202387571335,-0.00010849296131709707,6712.392974853516,146307.71116183657
23,5,4608000,8.075563430786133,0.3972604356816494,38.18875425991913,2000,0.004255595250520855,6.993703305721283,-0.00024252860362139472,6787.050354003906,147287.32826479114
24,5,4800000,8.088396072387695,0.3978281412904228,38.26583242043853,2000,0.003728808586740344,6.988243043422699,-0.000564145434054808,6715.733596801758,146916.31470559377
25,5,4992000,8.098793983459473,0.3984427257491916,38.18649715480084,2000,0.0036327371686008213,6.988674625754356,-0.00039424191777470696,6711.259292602539,147219.20642747168
26,5,5184000,8.262541770935059,0.40659897807078477,38.11475448605294,2000,0.0036600657994276843,6.988508895039558,-0.0004984501817943965,6657.696350097656,146637.04625899348
27,5,5376000,8.094963073730469,0.3981562677157247,38.212263407185674,2000,0.0037071884595692023,6.984579980373383,-0.0005027206007071072,6802.171249389648,147116.22330884272
28,5,5568000,8.160157203674316,0.4012708516638668,38.17216229066253,2000,0.0036767884449703456,6.978423207998276,-0.00027512298194665163,6801.682159423828,146201.8125997416
29,5,5760000,8.245502471923828,0.4058385594386588,38.2413265692691,2000,0.0033335894609481317,6.972136035561562,-0.0005364202843338717,6538.91682434082,146598.36017154733
30,5,5952000,8.188368797302246,0.40292189507999865,38.25424697995186,2000,0.0038295556569937633,6.967302158474922,-0.00047275635733967647,6640.214614868164,146775.43721369965
31,5,6144000,8.27007007598877,0.40691147914488585,38.144723381691925,2000,0.003521379113270086,6.966954469680786,-0.0007907411909400253,6653.87971496582,147124.70363967904
32,5,6336000,8.145251274108887,0.4006354355642543,38.15002920664847,2000,0.004389145737921353,6.964900448918343,-0.00014252432151806715,6558.886489868164,146372.47954091008
33,5,6528000,8.227389335632324,0.4047812695716857,38.175417239777744,2000,0.0041165483229269745,6.9603849947452545,-0.0005433583878016179,6706.493499755859,147152.2618337659
34,5,6720000,8.170418739318848,0.40175001892081735,38.253146269358695,2000,0.0037329291441468154,6.960679650306702,-0.0007532561099878876,6576.198333740234,146426.6088127245
35,5,6912000,8.098867416381836,0.39833855968269444,38.203750343993306,2000,0.0028891340933344806,6.959975883364677,-0.0007308265570742378,6723.064346313477,147451.21780536653
36,5,7104000,8.265264511108398,0.4066354368709047,38.167782471437626,2000,0.0034156475600660395,6.959720686078072,-0.000783082187808759,6536.787368774414,145993.87247978506
37,5,7296000,8.233809471130371,0.40491668323011254,38.11573179687063,2000,0.0035834444688322663,6.963365405797958,-0.00051562666612881,6531.341339111328,147008.04247499004
38,5,7488000,8.283771514892578,0.40756251924358367,38.254546369270734,2000,0.00398595589218894,6.95774108171463,-0.0005692741258371825,6340.844482421875,146571.04629060716
39,5,7680000,8.296680450439453,0.4083385604232414,38.2167943919388,2000,0.0038658219057542756,6.945502147078514,-0.0004120261972957451,6435.704040527344,148016.90888711417
40,5,7872000,8.140058517456055,0.40042189561730385,38.23254997717837,2000,0.0033238105246467357,6.93783637881279,-0.0004115684766929917,6562.711532592773,146773.88770277522
41,5,8064000,8.351683616638184,0.41084898071070103,38.15931664903959,2000,0.003947090514414109,6.936782658100128,-0.0003077920919167809,6350.713424682617,147309.28824749994
42,5,8256000,8.407981872558594,0.4138385626926417,38.18637857399881,2000,0.003396378308563725,6.932222157716751,-0.0004086136223122594,6239.307723999023,146010.21842426452
43,5,8448000,8.240011215209961,0.4053437696796512,38.13474618457258,2000,0.004414943137070321,6.928672909736633,-0.00038343383494066074,6329.5152587890625,147279.4503121253
44,5,8640000,8.284456253051758,0.4074218933098261,38.13352166318024,2000,0.004541121285408737,6.925459757447243,-0.00011048297619709047,6344.055038452148,145590.96849334112
45,5,8832000,8.203883171081543,0.403531268060154,38.190430567910276,2000,0.0036317938901095984,6.919469654560089,-0.00038519534427905455,6521.335708618164,147765.65094628237
46,5,9024000,8.14705753326416,0.40079689128409274,38.25667978450656,2000,0.0035073044443076178,6.921078190207481,-0.0006671849589565682,6513.437286376953,146597.5755234706
47,5,9216000,8.224679946899414,0.40446877031778666,38.24766523577273,2000,0.0035869421981769845,6.921273171901703,-0.000490674226966803,6608.210266113281,146646.2940021767
48,5,9408000,8.261280059814453,0.4064739753133229,38.22839529129366,2000,0.003541435343863364,6.923312038183212,-0.0005842706550538423,6564.928955078125,146819.40938174294
49,5,9600000,8.262715339660645,0.40637502114623203,38.186029265013836,2000,0.0033925273709513315,6.925440579652786,-0.0006163377601069442,6401.489395141602,146720.88810309925
50,5,9792000,8.192229270935059,0.403010435973556,38.22401632616917,2000,0.0037726563033453828,6.924457624554634,-0.00035735739686515444,6400.830810546875,146370.98383320004
51,5,9984000,8.293253898620605,0.4080573114309421,38.257630248864494,2000,0.004368856239278102,6.920031905174255,-0.00016091636371129425,6614.659454345703,147985.7237680658
52,5,10176000,8.33234977722168,0.4097656450630893,38.120655526251845,2000,0.0035273819209057054,6.916421949863434,-0.0007074326836118416,6331.958831787109,147264.5003537608
53,5,10368000,8.412468910217285,0.41394272804670135,38.07460598771771,2000,0.003776021818756515,6.910637229681015,-0.0003795283184899745,6098.806732177734,147097.59077368572
54,5,10560000,8.300531387329102,0.408218770346745,38.24568107755234,2000,0.0035985630882908806,6.910556301474571,-0.0004664685566240223,5979.784149169922,146374.0189153744
55,5,10752000,8.42764663696289,0.41467189549257455,38.173059382941574,2000,0.00373009666450283,6.907423913478851,-0.00029686556808883324,6207.231582641602,146888.57881034116
56,5,10944000,8.412454605102539,0.4138906439778414,38.20757123890022,2000,0.003747483441819594,6.901649549603462,-0.0007203319455584278,6125.972351074219,145934.93928168342
57,5,11136000,8.27831745147705,0.40754168871353613,38.244447675844036,2000,0.003824815964685209,6.902572497725487,-0.0007094841676007491,6243.870208740234,146704.1045557821
58,5,11328000,8.360132217407227,0.41135939410499606,38.22004855362078,2000,0.003993546704834445,6.904685124754906,-0.0005032064447334506,6040.332229614258,145857.14254863167
59,5,11520000,8.324419021606445,0.40955210259501956,38.197013954631984,2000,0.004431550757396811,6.900206208229065,-0.00027927809890115896,6115.451522827148,146577.41462034345
60,5,11712000,8.315511703491211,0.40903127255721,38.18211799270163,2000,0.004115604536738829,6.897267058491707,-0.00018850812693926855,6085.11653137207,145801.62024597012
61,5,11904000,8.289302825927734,0.4077916855027676,38.310351978987455,2000,0.003695825048926054,6.899189457297325,-0.00040538448592997156,6090.718215942383,148122.91090993694
62,5,12096000,8.334754943847656,0.4101354356431936,38.224736497427024,2000,0.003686825639369392,6.900353565812111,-0.0005757892649853602,6297.973617553711,146220.0915998757
63,5,12288000,8.283025741577148,0.4076146025417984,38.22164271088938,2000,0.0034523609142149032,6.901423245668411,-0.00047020356305438327,6228.620040893555,146951.52055637597
64,5,12480000,8.313441276550293,0.4088750194817597,38.217099552974105,2000,0.003563661974374556,6.901063829660416,-0.0006004445658618351,6164.75227355957,145684.66884940967
65,5,12672000,8.271652221679688,0.40686981148489093,38.22462786047254,2000,0.0036577240074160133,6.90744911134243,-0.000697275190759683,6237.448715209961,147246.1747751516
66,5,12864000,8.38442611694336,0.4126093954134073,38.27403654367663,2000,0.0039945262784555485,6.911551982164383,-0.0003265453549374797,6249.849380493164,144471.76402087754
67,5,13056000,8.27637767791748,0.4071458539789698,38.26842961149911,2000,0.0032975804221253707,6.906572923064232,-0.0005335982336873712,6383.943099975586,144315.61645001185
68,5,13248000,8.276468276977539,0.40719272939289414,38.294764140310384,2000,0.0044819697395238715,6.901466742157936,-0.000124901100207353,5970.620223999023,145464.11071428575
69,5,13440000,8.384623527526855,0.41251564504212485,38.20462138430836,2000,0.004234387070289815,6.887260735034943,-0.0002195587326241366,5999.526702880859,146073.42969189558
70,5,13632000,8.299378395080566,0.4083698093642549,38.242073030521475,2000,0.0033555460157804196,6.88172510266304,-0.0006231093046835667,6263.951034545898,145825.67001858112
71,5,13824000,8.448378562927246,0.41592189415193087,38.245283468315996,2000,0.002994320250327292,6.8805094957351685,-0.0007541564623352315,6105.673477172852,147253.6451991314
72,5,14016000,8.267909049987793,0.4066927257323793,38.25776122758786,2000,0.003624821172527541,6.888090640306473,-0.0005964689662505407,6086.201416015625,144739.08044285493
73,5,14208000,8.220250129699707,0.40422397848730424,38.23098654703548,2000,0.003802638305972019,6.885355114936829,-0.0004105146654183045,6316.398742675781,144740.37648053694
74,5,14400000,8.405035018920898,0.4136771034870132,38.2466392647475,2000,0.003856513335844889,6.885798126459122,-0.00016847636106831487,6104.22135925293,144915.43883200877
75,5,14592000,8.268908500671387,0.406588561629178,38.12912212273417,2000,0.003572106085310226,6.88508515059948,-0.0004416424736746194,6218.801223754883,143836.42404014658
76,5,14784000,8.31428337097168,0.4089739760214191,38.198606657620985,2000,0.004019088284418104,6.884046420454979,-0.000393847874875064,5999.4832763671875,144108.77528522117
77,5,14976000,8.413607597351074,0.4140781479582074,38.2469631889835,2000,0.004862873605578594,6.8777822852134705,0.0002260743967781309,5837.110107421875,144161.62471644467
78,5,15168000,8.296341896057129,0.4081093948995355,38.250472934916615,2000,0.0036445886270375927,6.871817961335182,-0.0003975474464823492,6031.66682434082,144298.19818019788
79,5,15360000,8.332305908203125,0.4098177289767288,38.26897817508628,2000,0.0034569640893726793,6.8700128346681595,-0.0007096393219399033,5818.526885986328,144091.55137574824
80,5,15552000,8.365169525146484,0.41167189296235546,38.285078435515366,2000,0.004131435889449982,6.865618288516998,-0.0005463939069159096,6086.477035522461,146536.04038147765
81,5,15744000,8.232965469360352,0.4049687688069146,38.287209063457944,2000,0.00332591119449838,6.860601097345352,-0.0007520648225920468,5949.349685668945,146961.5530141255
82,5,15936000,8.467866897583008,0.41683856144239445,38.18090988509357,2000,0.003811466469844163,6.863804116845131,-0.0006572058555320837,5951.774871826172,142785.2221320925
83,5,16128000,8.491509437561035,0.4178906455448062,38.27532642707229,2000,0.0035207594719249766,6.862838864326477,-0.00041629547854427074,5822.209732055664,146091.85056787732
84,5,16320000,8.416722297668457,0.4142760617554207,38.25416409783065,2000,0.0035219966140575716,6.863127425312996,-0.0003575050232029753,5684.526123046875,143688.85263718438
85,5,16512000,8.413753509521484,0.41398960460719536,38.23102703193823,2000,0.003488770301337353,6.859147936105728,-0.0004347206086094957,5877.628067016602,146034.27853091797
86,5,16704000,8.408487319946289,0.4137916842488873,38.23289509505654,2000,0.003550822077576111,6.850621625781059,-0.0006644133982263156,5786.047988891602,144956.19692257643
87,5,16896000,8.328259468078613,0.4097083510520558,38.18935048215402,2000,0.00437024815597882,6.843912795186043,-0.0003518411992899928,6039.585464477539,147904.21518084066
88,5,17088000,8.454315185546875,0.4159323093002361,38.28906417451799,2000,0.0032913038326975452,6.842055857181549,-0.0006944325341464719,5733.898178100586,143528.9618788445
89,5,17280000,8.457910537719727,0.41621356208997895,38.21528734794507,2000,0.003402776098291118,6.842978075146675,-0.0007989151217770996,5911.704544067383,146082.73285675998
90,5,17472000,8.431593894958496,0.41478647758109827,38.26369242618481,2000,0.003558161861200157,6.842262342572212,-0.0007539312537119258,6013.374694824219,145378.6267510768
91,5,17664000,8.284539222717285,0.4075416878992352,38.2031644632419,2000,0.0034755695846882505,6.839705437421799,-0.0006333432376095516,5989.115707397461,146520.1459618151
92,5,17856000,8.406708717346191,0.4136614784632305,38.31393829236428,2000,0.0038260269130939092,6.834749698638916,-0.0005257404319536363,5747.979721069336,146116.5611829306
93,5,18048000,8.431159973144531,0.4148958533890739,38.26587790250778,2000,0.003961664140491244,6.83344541490078,-0.0003755937145797361,5871.903991699219,146696.11155077597
94,5,18240000,8.416020393371582,0.4141823123069723,38.31440835570296,2000,0.0042258115034880285,6.8379470109939575,-0.00028247012824067497,5718.932266235352,145473.85534411675
95,5,18432000,8.470885276794434,0.4168750192081158,38.25497964552293,2000,0.005506918143995183,6.832591071724892,0.000521915376339166,5610.419494628906,146179.48161664637
96,5,18624000,8.39516544342041,0.41312502071438456,38.13634041013817,2000,0.0032277813970237428,6.824784681200981,-0.0007081495597276444,6041.206680297852,143983.75305507754
97,5,18816000,8.469048500061035,0.41676043636167986,38.23925826853762,2000,0.003391633583247313,6.819494590163231,-0.0006287451778916875,5970.261444091797,144289.52548161376
98,5,19008000,8.439980506896973,0.41535418547330966,38.19505221505339,2000,0.0034676743983824664,6.8137301951646805,-0.00047211084711307194,5863.166275024414,144046.81996965385
99,5,19200000,8.394084930419922,0.4130468961053945,38.242938335364066,2000,0.0039240252081266,6.816978022456169,-0.0005574592765924535,5732.660461425781,144142.5793530573
100,5,19392000,8.440104484558105,0.41528647816630837,38.17405209721377,2000,0.0042757965862013705,6.820659622550011,-0.0005081414674350526,5649.611801147461,142326.64295916568
101,5,19584000,8.312607765197754,0.40917710238075716,38.32836447159449,2000,0.0038730840828163013,6.815230891108513,-0.0007863579212425975,6099.710174560547,144442.0681643803
102,5,19776000,8.429403305053711,0.4147916880174307,38.2219776182125,2000,0.003744297809918258,6.813123047351837,-0.00011840286079234374,5739.927276611328,145038.2663999726
103,5,19968000,8.464956283569336,0.4166823133734094,38.279533120803535,2000,0.003516964387546371,6.807417809963226,-0.0007722560430920566,5733.489669799805,144513.4430390634
104,5,20160000,8.406599044799805,0.4136510611891329,38.118134014618896,2000,0.0037668426581318887,6.801628276705742,-0.0005014107118768152,5576.844833374023,144527.77783171617
105,5,20352000,8.412922859191895,0.4139166883863557,38.26599672281494,2000,0.004205360307964534,6.7980968207120895,-0.0006337519985208928,5636.268661499023,143513.42408722185
106,5,20544000,8.444643020629883,0.4154583518211439,38.21672403533012,2000,0.00346188183733951,6.792961522936821,-0.0007113697574823163,5569.3529052734375,144427.27092823133
107,5,20736000,8.426897048950195,0.4147708537554233,38.218055272474885,2000,0.004622739540490632,6.790165677666664,-0.00019450463514658622,5836.960876464844,142377.62782449115
108,5,20928000,8.428187370300293,0.4148021038205722,38.28391982242465,2000,0.0043894224591397996,6.781944826245308,-0.0004231365783198271,5737.536514282227,144660.15462932742
109,5,21120000,8.318066596984863,0.4091250181063515,38.27738409365217,2000,0.003416138547477507,6.780082285404205,-0.0005370489416236524,5993.2314453125,144617.50971725563
110,5,21312000,8.525842666625977,0.4196562691364913,38.2395933746011,2000,0.0038585000399665066,6.775755420327187,-0.0003344820433994755,5863.524200439453,143911.8168842202
111,5,21504000,8.388172149658203,0.41285939542952593,38.23036781170716,2000,0.003687962195302437,6.771209299564362,-0.000947638067373191,5737.743408203125,146671.26157152143
112,5,21696000,8.501933097839355,0.41852606138490955,38.32482548120121,2000,0.0036799975185325233,6.767691195011139,-0.0005174446336013716,5521.484939575195,143606.3992037464
113,5,21888000,8.576275825500488,0.4222396029678445,38.310021544496216,2000,0.003961690381120812,6.760959550738335,-0.0006003589692227251,5708.978332519531,145774.29264273832
114,5,22080000,8.579521179199219,0.42232293848792324,38.281405868319176,2000,0.004198287026219379,6.748901337385178,-0.0002812865059240721,5456.284225463867,145395.35632922637
115,5,22272000,8.377252578735352,0.41228126853578334,38.309809098641075,2000,0.0038212038826216793,6.739197090268135,-0.0005514539213891112,5620.548889160156,146162.40677989754
116,5,22464000,8.5072021484375,0.4185885612466033,38.260813844234995,2000,0.00302565814809835,6.72414393723011,-0.0008609749233983166,5428.006774902344,145711.97590451955
117,5,22656000,8.372199058532715,0.4118229360192345,38.206015333921336,2000,0.0034812408184807277,6.718409210443497,-0.0005013850541217835,5530.850662231445,146833.21737289455
118,5,22848000,8.418599128723145,0.4140677260190084,38.29006682460507,2000,0.0036461154072070096,6.72008903324604,-0.0005080921509943437,5799.46159362793,144235.18231700276
119,5,23040000,8.391493797302246,0.41287501998886,38.21035379512856,2000,0.00360715060128617,6.720241963863373,-0.0008227201742556645,5836.2181396484375,146850.5790370856
120,5,23232000,8.515217781066895,0.41908335452414275,38.18368433788419,2000,0.0037474005180993114,6.716796055436134,-0.0005713446198569727,5507.218521118164,142537.02558912322
121,5,23424000,8.486936569213867,0.4175312708054359,38.26912681944668,2000,0.0036243663228039333,6.712137594819069,-0.0004884175523329759,5647.403717041016,145243.93932151064
122,5,23616000,8.388047218322754,0.4128802279495479,38.31780840332309,2000,0.003062744785037163,6.715825408697128,-0.000792096063378267,5757.837295532227,145915.29322329874
123,5,23808000,8.484100341796875,0.41744793605903396,38.152981758738555,2000,0.004177603401350403,6.711203709244728,-0.00034274200015715905,5347.432098388672,146656.0977531975
124,5,24000000,8.481490135192871,0.4175052298693724,38.27832819210986,2000,0.0038501936082951348,6.705609917640686,-0.0004953402149112662,5583.592208862305,146450.46341522457
125,5,24192000,8.386212348937988,0.4126302262587463,38.32221252222856,2000,0.0040814153313986044,6.708187088370323,-0.0004480930474528577,5887.716171264648,146892.82046825503
126,5,24384000,8.445836067199707,0.4156093981455342,38.17748335795477,2000,0.003943438011410762,6.7126070111989975,-0.0005983638143334247,5751.494522094727,145727.2271502255
127,5,24576000,8.418312072753906,0.4141250205781641,38.31593305896968,2000,0.003338737455065712,6.71269303560257,-0.0005072182957519544,5555.911026000977,147006.77022987383
128,5,24768000,8.465707778930664,0.4165677247340985,38.1483367664429,2000,0.0037829754628861956,6.707733973860741,-0.0006438606997107854,5590.37043762207,147138.60204307782
129,5,24960000,8.548417091369629,0.42086980949231173,38.33000112387041,2000,0.0037923999875929433,6.703419655561447,-0.0006183903506098432,5379.404220581055,147454.5933063884
130,5,25152000,8.498137474060059,0.41823960215212236,38.28152134036645,2000,0.004090572670718152,6.692122161388397,-0.0007000154109846335,5486.969299316406,146949.5199201457
131,5,25344000,8.394031524658203,0.41304168743348174,38.361677864566445,2000,0.0037485034251779625,6.6935789585113525,-0.0005273827814562537,5836.351089477539,145675.13413597722
132,5,25536000,8.482325553894043,0.4174948104312837,38.24438342669358,2000,0.0034830945301752465,6.699069708585739,-0.000665506091536372,5618.563873291016,146971.15662899707
133,5,25728000,8.665678024291992,0.42664585333053157,38.34090616491934,2000,0.0037640200399716092,6.7013237327337265,-0.0004956097018293804,5297.750091552734,145291.69657814348
134,5,25920000,8.587908744812012,0.42282293843466806,38.30447822141772,2000,0.003555027178217037,6.696737498044968,-0.0004928939268324939,5499.328384399414,146412.33155955034
135,5,26112000,8.429116249084473,0.41488022830283927,38.35294883900011,2000,0.0033469059648377868,6.692463845014572,-0.000541336439709994,5590.098281860352,145429.69361187925
136,5,26304000,8.583584785461426,0.42234897834350704,38.219279673571386,2000,0.004108783899369882,6.6898917108774185,-0.00041823216844250055,5371.6534423828125,146626.11387401813
137,5,26496000,8.499204635620117,0.4183125213294261,38.32978716803094,2000,0.0038801081184186258,6.686959430575371,-0.00041686043005029205,5599.522979736328,145747.1657929408
138,5,26688000,8.568132400512695,0.4216562713615228,38.24468598732104,2000,0.00332408541000526,6.681498572230339,-0.0008502639212792928,5489.211883544922,146794.85802054155
139,5,26880000,8.574620246887207,0.4221458525583633,38.30764325149357,2000,0.003483106411547244,6.673489898443222,-0.0007433736591337947,5409.079986572266,145562.15757332894
140,5,27072000,8.648233413696289,0.42565106223567756,38.23846721394997,2000,0.0056941250587503114,6.666207030415535,0.0006264204388912731,5313.147598266602,146235.48014233878
141,5,27264000,8.530128479003906,0.4199062694109064,38.322694298500814,2000,0.004301863348810001,6.662924960255623,-0.0005528475065830207,5413.19775390625,145830.59062228532
142,5,27456000,8.523754119873047,0.41959376942577364,38.310729733357825,2000,0.004499687852473774,6.660674974322319,1.575554779265076e-05,5438.502151489258,147333.7552446104
143,5,27648000,8.52441692352295,0.4193958518650713,38.23799697495997,2000,0.00394659807756155,6.65494330227375,-0.0006710671004839242,5351.706787109375,145895.0227537979
144,5,27840000,8.564807891845703,0.42150002040095086,38.25842364667915,2000,0.003881802926878057,6.653816804289818,-0.0006554675516099451,5208.501647949219,147312.52659480902
145,5,28032000,8.5564546585083,0.4211562685704848,38.355665984253086,2000,0.003317730107480505,6.653053492307663,-0.0007270024307217682,5360.957092285156,145382.83295147933
146,5,28224000,8.501870155334473,0.4185208531071112,38.33111401398977,2000,0.0035397696126019604,6.6499500423669815,-0.0007970320034473843,5629.846923828125,146306.64421599332
147,5,28416000,8.495692253112793,0.4179427309730575,38.21176070374592,2000,0.0034637892539418937,6.642523631453514,-0.0004751934975502081,5476.77099609375,145998.67988035324
148,5,28608000,8.503572463989258,0.41832814404187957,38.216799167372905,2000,0.003845490466638391,6.636309415102005,-0.0005890959718044542,5613.172805786133,147365.82822409683
149,5,28800000,8.502484321594238,0.41820314348600124,38.245451018835105,2000,0.0033216595975609393,6.633839353919029,-0.0008222794044741022,5455.848007202148,145076.34242000122
150,5,28992000,8.603549003601074,0.42347918904912757,38.23189893644303,2000,0.003686001484030081,6.639239966869354,-0.0010211940768272143,5255.644546508789,146933.13211640573
151,5,29184000,8.664619445800781,0.4266146035321678,38.27688797004521,2000,0.0035068133021413823,6.646989047527313,-0.0009535581782813551,5310.335037231445,145312.31640082522
152,5,29376000,8.50859260559082,0.41874481248062995,38.239459842443466,2000,0.003188771753382752,6.645301163196564,-0.0006537114240927622,5252.215789794922,147070.3355908576
153,5,29568000,8.66517448425293,0.42647398013286875,38.25677126485971,2000,0.003731584082219342,6.63629624247551,-0.0006137460436548281,5110.0008544921875,145716.3330182269
154,5,29760000,8.70134162902832,0.428312518586002,38.24891788202027,2000,0.004268913123455908,6.6336478143930435,-0.00013603071829493274,5229.339370727539,146910.14991592814
155,5,29952000,8.676331520080566,0.4270677274513825,38.23889490403235,2000,0.004216579093888867,6.632081314921379,-0.0002865600908990018,5107.925979614258,145684.3121283256
156,5,30144000,8.564119338989258,0.4214739784959723,38.25616670524081,2000,0.0037000876823052135,6.628494769334793,-0.0007639536715942086,5257.2705078125,147474.84434958317
157,5,30336000,8.600506782531738,0.4232343953038556,38.26118241840353,2000,0.0038026607159893817,6.6255840212106705,-0.0006929384189788834,5014.335739135742,146199.08344548783
158,5,30528000,8.591468811035156,0.42273960306920344,38.19662102622291,2000,0.003936340361610443,6.624890863895416,-0.0006421578232220782,5149.760650634766,145804.17115333647
159,5,30720000,8.497296333312988,0.4180781464838219,38.291686644777656,2000,0.0036941750584470953,6.629196688532829,-0.0003957954368161154,5203.972946166992,145351.4081705333
160,5,30912000,8.737893104553223,0.4300000199794643,38.136194112089775,2000,0.004109347691652755,6.629274368286133,-0.0006183898435665469,4968.070343017578,145197.7716636314
161,5,31104000,8.486002922058105,0.4174271015344857,38.20953442868389,2000,0.004030916926591695,6.62066924571991,-0.0007073789795413177,5273.167175292969,145543.42739132262
162,5,31296000,8.59965991973877,0.423213565295858,38.29298157369097,2000,0.0037266703959224594,6.607940971851349,-0.0006831727317830882,5146.168716430664,146324.85621267912
163,5,31488000,8.648581504821777,0.4256614828864258,38.29706961723665,2000,0.0037161319634663736,6.598239943385124,-0.0006365535441545944,4988.710159301758,145701.47446388603
164,5,31680000,8.581892013549805,0.422171896324168,38.21352532505989,2000,0.0043105992393539065,6.595051035284996,-0.0006017698372033919,5272.132080078125,146015.55957778005
165,5,31872000,8.580464363098145,0.4224062699031492,38.20527707987154,2000,0.0037820198033975128,6.598682746291161,-0.0005820183382638788,5208.045547485352,145212.59267309372
166,5,32064000,8.583881378173828,0.42234898012793565,38.19816200404117,2000,0.0038421183175620793,6.591549530625343,-0.0003310842459995911,5249.054916381836,143224.81320956568
167,5,32256000,8.526464462280273,0.41953127001822094,38.23791559878737,2000,0.0039020673552489227,6.581114649772644,-0.0004091924201929942,5308.152633666992,143344.21819204
168,5,32448000,8.552884101867676,0.4208906471728066,38.238652186545856,2000,0.00431966158715295,6.574205651879311,-0.0006173740857775556,5062.73942565918,143300.77369181043
169,5,32640000,8.623007774353027,0.4245208537383102,38.2538815010339,2000,0.004249393685124232,6.567874103784561,-0.0005466397469717776,5373.489944458008,144010.7868044096
170,5,32832000,8.64788818359375,0.42568751804113464,38.24184691285094,2000,0.003983670637496592,6.562613561749458,-0.000833079892700539,4946.396759033203,143526.27420087653
171,5,33024000,8.495926856994629,0.4183021031676617,38.36381500214338,2000,0.003863630984938936,6.556361734867096,-0.0010078101995532052,5269.064849853516,143423.09883576696
172,5,33216000,8.5706205368042,0.4219166893290094,38.28105073592936,2000,0.004763022200941731,6.555636540055275,-0.00026892647994714025,5269.566360473633,143769.77186688734
173,5,33408000,8.561394691467285,0.4214323138027491,38.26971340800325,2000,0.003982723925495521,6.552909210324287,-0.0005976530292173265,5219.152496337891,143660.75761877876
174,5,33600000,8.569616317749023,0.4218385620461049,38.31287138039867,2000,0.003924293815963514,6.555502116680145,-0.0007825180377949437,5243.27946472168,143065.52332738924
175,5,33792000,8.552082061767578,0.4208073104346113,38.29463723488152,2000,0.00421634332127481,6.562322527170181,-0.0008746319148826842,5247.386764526367,143549.11109508542
176,5,33984000,8.515877723693848,0.41901564365859184,38.29758424560229,2000,0.003657354141609781,6.5550622791051865,-0.0007910587305559602,5302.3961181640625,143066.7592919143
177,5,34176000,8.627054214477539,0.42474481186400226,38.288884075232396,2000,0.0036422730919803137,6.550176784396172,-0.0007626308815815719,5001.08317565918,143530.37861387443
178,5,34368000,8.643003463745117,0.42542710543481616,38.261203930713236,2000,0.0046499916313817585,6.545349836349487,-0.0005169059168110834,5184.044845581055,143493.07512583566
179,5,34560000,8.599282264709473,0.4232552273339631,38.22040985027949,2000,0.003900640056386087,6.536814272403717,-0.00035691331322595943,5392.618011474609,142366.91319645717
180,5,34752000,8.692745208740234,0.42810939455800207,38.34854558048149,2000,0.0036729625267713957,6.530388042330742,-0.0004014721730527526,4963.447525024414,143414.8051377131
181,5,34944000,8.621237754821777,0.4242864787865983,38.30407611808429,2000,0.004004016267902141,6.532715812325478,-0.0007376133544312324,5337.712753295898,143142.5289056216
182,5,35136000,8.705142974853516,0.428609395175954,38.30429012603903,2000,0.004163526957175541,6.533360227942467,-0.00041907871116109163,4855.894104003906,141631.44755484947
183,5,35328000,8.60546588897705,0.4235781454935932,38.28657247987576,2000,0.0035897248343195916,6.530928418040276,-0.0009560832486386062,5252.364013671875,143228.22822809705
184,5,35520000,8.70483684539795,0.42835939639856707,38.2174030157427,2000,0.003822211046198693,6.519382804632187,-0.0009329447193522356,4990.2730712890625,142052.756335406
185,5,35712000,8.709345817565918,0.4287604380612417,38.23633010002474,2000,0.004306870262783681,6.506618455052376,-0.0008068548861501768,4935.581680297852,142245.9714017255
186,5,35904000,8.63367748260498,0.4251354353394466,38.270814441765346,2000,0.004397296987871717,6.507808580994606,-0.0005457517827380798,5207.136505126953,142613.86185958894
187,5,36096000,8.661141395568848,0.4263489772286751,38.27475301234517,2000,0.005007365199116369,6.506905779242516,0.00013057576143182814,4849.046829223633,142097.62891636364
188,5,36288000,8.734435081481934,0.4298802308633943,38.27136766972641,2000,0.004035343155429777,6.50665095448494,-0.0008194081547117094,4722.236022949219,142776.33761197442
189,5,36480000,8.676311492919922,0.426984397327639,38.2169684227556,2000,0.0038899627995706426,6.502963408827782,-0.0006891286166137434,4791.725769042969,141750.09957702208
190,5,36672000,8.6959228515625,0.428078145259254,38.3117587727805,2000,0.004555545990801574,6.499498605728149,-0.00038031445819797227,5069.793914794922,142773.82699879893
191,5,36864000,8.702001571655273,0.42835939468326006,38.32762353122234,2000,0.004525826728893057,6.48747193813324,-0.0003770291323235142,5029.513214111328,144034.52943199337
192,5,37056000,8.673059463500977,0.42685939667838585,38.28380044860145,2000,0.003553902655553734,6.4834499806165695,-0.000978310619302647,5197.515899658203,144498.41400553184
193,5,37248000,8.703536033630371,0.4282448122842955,38.233315054773506,2000,0.003958532729748793,6.484376400709152,-0.0006359260713111325,4934.002746582031,143274.75123149913
194,5,37440000,8.657649993896484,0.42625002415297786,38.32275350702306,2000,0.004263407769971916,6.484935507178307,-0.0005388454628700856,5068.459228515625,144020.60884483822
195,5,37632000,8.625544548034668,0.42450002214779187,38.34927638309697,2000,0.003999169906552805,6.485517859458923,-0.0007603153380841832,5431.605758666992,143475.42232839545
196,5,37824000,8.669092178344727,0.42670314913630136,38.35412831852833,2000,0.003688196775816322,6.480495303869247,-0.0008429524696111912,4919.139297485352,142820.16816030818
197,5,38016000,8.459412574768066,0.41621876637267025,38.2751534281609,2000,0.003689302480655899,6.472275748848915,-0.0010001267191910301,5405.190582275391,143675.59397738025
198,5,38208000,8.639973640441895,0.4251823133357296,38.26667967772422,2000,0.0036575911679877504,6.464980915188789,-0.0006688501771350275,4837.480041503906,141863.59525834315
199,5,38400000,8.705390930175781,0.42847918609065044,38.274764919187874,2000,0.0038718093219892273,6.460686579346657,-0.0010343174853915116,4867.506896972656,143489.28511585342
200,5,38592000,8.642704010009766,0.42546877055489557,38.278661790303886,2000,0.004304057229589188,6.4597770273685455,-0.0005013089603380649,5076.227890014648,143818.90104463673
201,5,38784000,8.670072555541992,0.4266458522342873,38.37258173587421,2000,0.0037017809021926973,6.452043950557709,-0.000984520119800436,4943.057952880859,141708.83274502342
202,5,38976000,8.710604667663574,0.4288698124109942,38.319960036315024,2000,0.0036769394882867346,6.442962825298309,-0.0006965808825043496,5203.892303466797,143387.5950226933
203,5,39168000,8.657665252685547,0.42621356467861915,38.31731007465472,2000,0.003913963916013018,6.433103173971176,-0.000664868038484201,4945.420227050781,143425.1763452953
204,5,39360000,8.707584381103516,0.42857293581497896,38.30581111740321,2000,0.004265450330009725,6.430075511336327,-0.0005871401544936816,4657.633071899414,143157.81506524785
205,5,39552000,8.659257888793945,0.4263281489760023,38.34458154564103,2000,0.003926713220328868,6.428247660398483,-0.0004767701282020198,5179.824737548828,143376.64358973983
206,5,39744000,8.696549415588379,0.42810418679861567,38.29092642695954,2000,0.004775327637316272,6.425449997186661,-0.0003507873893795477,5058.768890380859,141237.4664797956
207,5,39936000,8.86766529083252,0.4368385627670553,38.31008624006063,2000,0.0063689049651341825,6.419729247689247,0.0003418236741481451,4854.854873657227,143320.06913276247
208,5,40128000,8.753417015075684,0.4310260597715872,38.379410590045154,2000,0.005077934030773272,6.421656295657158,-0.0002848392309715564,4620.567977905273,143017.1204916129
209,5,40320000,8.696261405944824,0.42792189742309955,38.2610982041806,2000,0.0033479250757688234,6.430150672793388,-0.0008207207176837983,4853.907730102539,142574.2803645609
210,5,40512000,8.599743843078613,0.42318752236011886,38.306195828908436,2000,0.004011950967561764,6.434640631079674,-0.00027109013012704963,5349.428329467773,143253.5582802385
211,5,40704000,8.63668441772461,0.42492710413292417,38.24671887136841,2000,0.0037745988929915875,6.424419671297073,-0.0007981688416975885,4966.494689941406,142077.523946186
212,5,40896000,8.689096450805664,0.4277864819080908,38.32573833244775,2000,0.004616699024797225,6.4174685180187225,-6.59509064462327e-05,5055.876724243164,142667.63798657779
213,5,41088000,8.736181259155273,0.4302760634315443,38.37795706093311,2000,0.0038026023688774654,6.4130712896585464,-0.00069938537215819,5079.763397216797,142727.98104579735
214,5,41280000,8.716397285461426,0.4290833519753505,38.38425208659222,2000,0.004482195718524356,6.410379931330681,-0.00040283875853219797,4788.193084716797,142649.62723897464
215,5,41472000,8.747153282165527,0.4306979375899876,38.34119486001631,2000,0.004814672397236184,6.410253018140793,-0.000500216477576032,4972.847396850586,143213.48037338982
216,5,41664000,8.791396141052246,0.4326302308121133,38.29558370293429,2000,0.003920942041130426,6.413788393139839,-0.0007808167656548903,4718.931060791016,142149.9275080432
217,5,41856000,8.735233306884766,0.4300364782344938,38.39139515596131,2000,0.004498853639408482,6.415575608611107,-0.00024078522089610033,5138.753921508789,143468.25892923228
218,5,42048000,8.74360466003418,0.4304479392376379,38.36264370661229,2000,0.0041770637872638565,6.414023458957672,-0.0004671315282394062,4723.727630615234,142805.53778061693
219,5,42240000,8.750758171081543,0.4306093969911065,38.30820611064943,2000,0.004033970423100983,6.418688580393791,-0.0009757276839081896,5135.487503051758,142161.50841184193
220,5,42432000,8.692139625549316,0.42801564357432653,38.422051457532994,2000,0.004213426392641849,6.417254865169525,-0.0006618561574214255,5086.464172363281,142860.874671995
221,5,42624000,8.725000381469727,0.4294010642158052,38.41759202008446,2000,0.003594856285038986,6.410328149795532,-0.0010627993422076543,5246.556381225586,142837.37380204248
222,5,42816000,8.65678882598877,0.42598439716493885,38.35069790637741,2000,0.0038999694304075114,6.404485613107681,-0.0008104627941065701,5003.962463378906,141974.6497714214
223,5,43008000,8.652613639831543,0.42589585394671303,38.32391574109594,2000,0.0038205748739031445,6.39778259396553,-0.0006485859341296418,5201.012435913086,143421.02234676358
224,5,43200000,8.6294584274292,0.4246562725177985,38.329243405091496,2000,0.003395761238716658,6.389723688364029,-0.0007450997673004167,5181.534530639648,141429.18811655926
225,5,43392000,8.782270431518555,0.4323281433729183,38.362260514404625,2000,0.003938622962145019,6.387269422411919,-0.000662548904074356,4951.840515136719,143069.80686206935
226,5,43584000,8.74365234375,0.43034898079410294,38.347492423529424,2000,0.003582316661188089,6.386154994368553,-0.0008462422729280661,4929.843673706055,142952.61446429754
227,5,43776000,8.648245811462402,0.4257604350780942,38.499865082403026,2000,0.003767294944370711,6.384306967258453,-0.0008580142680330027,5008.571868896484,142842.05707661412
228,5,43968000,8.743322372436523,0.4301510658090895,38.31194894015789,2000,0.004093231879878052,6.38178114593029,-0.0005801944803351944,4697.49577331543,143580.53513878558
229,5,44160000,8.664267539978027,0.4264323127469349,38.37221483824154,2000,0.0034918933322866594,6.380387559533119,-0.0004336521651566727,5311.949035644531,143856.64200077005
230,5,44352000,8.77849292755127,0.4320937678943058,38.29425507706279,2000,0.0030336573150489127,6.381810873746872,-0.0008834249658775661,4776.794876098633,143521.61364952507
231,5,44544000,8.775005340576172,0.43184897680293943,38.32147954838971,2000,0.003976925974575957,6.3792551308870316,-0.0010008417502831435,4855.953811645508,143119.780542301
232,5,44736000,8.757143020629883,0.4311771048614901,38.38823462898532,2000,0.00407763297962568,6.371167451143265,-0.0012692293221334694,4802.787033081055,142077.18120745313
233,5,44928000,8.67582893371582,0.4270833550472162,38.37311289350813,2000,0.003906432522630593,6.365452632308006,-0.0006985986863128346,4855.212127685547,143298.4289826387
234,5,45120000,8.617581367492676,0.4241979401667777,38.347890918608755,2000,0.004524658671027283,6.362131714820862,-0.00044894561915498343,4559.608810424805,143421.66407850003
235,5,45312000,8.699896812438965,0.4282604380011132,38.42384977824986,2000,0.00396984005830988,6.355325698852539,-0.000841835478468056,5135.690399169922,142760.69748889058
236,5,45504000,8.785467147827148,0.4325625188697207,38.31442655033121,2000,0.0044609725326639205,6.3468779772520065,-0.0006418234752345597,4608.951675415039,143562.8057444565
237,5,45696000,8.756132125854492,0.4309062692555017,38.34805199092565,2000,0.00403357966458134,6.34197624027729,-0.0006934346829439164,4806.076766967773,143382.2836736355
238,5,45888000,8.844392776489258,0.435510436005643,38.31098524232706,2000,0.0034261690778221235,6.340104579925537,-0.0007641573388355027,4618.6705322265625,143282.91785503115
239,5,46080000,8.685023307800293,0.4272916842698275,38.310143842051424,2000,0.003448541136705896,6.332441881299019,-0.0007779875613778131,5247.454727172852,143553.7991910347
240,5,46272000,8.813363075256348,0.43389585283512133,38.32827457009504,2000,0.004523076210360161,6.321060463786125,-0.0003570900241811614,4746.007339477539,142913.00046701514
241,5,46464000,8.813532829284668,0.4338854401230492,38.317281502842285,2000,0.004560078609356425,6.31467479467392,-0.00038413560650951695,4723.631561279297,143382.75094946093
242,5,46656000,8.807154655456543,0.4336198107139353,38.3775214284348,2000,0.0038036090903818473,6.30782687664032,-0.0007632869701410527,4521.654113769531,142897.78249788127
243,5,46848000,8.830666542053223,0.43486460257736326,38.32752830116078,2000,0.00484661942027742,6.300302714109421,-0.0002452209587318066,4607.268447875977,141912.85849864534
244,5,47040000,8.774955749511719,0.4320625218091057,38.37501012595991,2000,0.006400320094466831,6.291636273264885,0.00027843148018291686,4990.499984741211,143604.81179844806
245,5,47232000,8.834993362426758,0.43492710376085597,38.35887634164343,2000,0.0039864848833046085,6.278765678405762,-0.0007477775106963236,4416.627098083496,141312.8424674535
246,5,47424000,8.739097595214844,0.4302396035915687,38.35395993230244,2000,0.004097359918188888,6.276641026139259,-0.00097698885929276,4918.697036743164,143133.15373986732
247,5,47616000,8.817180633544922,0.4339791897637042,38.42443034052849,2000,0.003928282900155559,6.279797196388245,-0.00055218132861512,4794.219299316406,142712.2065065011
248,5,47808000,8.818519592285156,0.43426043742874754,38.33982322271913,2000,0.004478051378187957,6.277632519602776,-0.0005778231670774403,4837.935272216797,142014.4065457647
249,5,48000000,8.642129898071289,0.42532293752932065,38.40621159225702,2000,0.0038094569582851068,6.277124866843224,-0.0006388753841974903,4980.775375366211,143788.1767581226
250,5,48192000,8.73642349243164,0.42996356117328105,38.45313115293781,2000,0.003949248495201271,6.2795416712760925,-0.0005961961296634399,4953.068740844727,142641.29314846382
251,5,48384000,8.783166885375977,0.43249481058834743,38.33612593034437,2000,0.004198379091685637,6.277573302388191,-0.00032115516205522,4808.218765258789,142932.46965287183
252,5,48576000,8.69679069519043,0.4280573116939195,38.45032330726584,2000,0.003643803132622754,6.272157847881317,-0.0007932576208986575,5151.173355102539,143823.50497223804
253,5,48768000,8.724469184875488,0.42947397723522346,38.38126081750185,2000,0.004024745405331487,6.271672293543816,-0.0003359716056365869,4793.35774230957,142704.65529058455
254,5,48960000,8.755281448364258,0.43093752215584874,38.327879384053325,2000,0.0036123962026322273,6.2685116827487946,-0.000551286125300976,4949.812973022461,143300.07207856578
255,5,49152000,8.772233009338379,0.4317448120679425,38.38050453706334,2000,0.0027612234542442188,6.265354514122009,-0.000826854594379256,4720.734878540039,143513.43245420308
256,5,49344000,8.723808288574219,0.4295885643265744,38.3735492702884,2000,0.00397143885420034,6.265465974807739,-0.0009233047101133707,4813.43244934082,141777.64083242198
257,5,49536000,8.791975975036621,0.43271356122628885,38.37361962534487,2000,0.0037520197991204145,6.261645570397377,-0.0008162550461747742,4756.284927368164,143376.4429469493
258,5,49728000,8.697979927062988,0.42808856534672185,38.384013818887375,2000,0.003439963832754682,6.260568469762802,-0.000783558485636604,4908.842254638672,143037.7808404154
259,5,49920000,8.731852531433105,0.42991147657933954,38.4364379812032,2000,0.004083499026077332,6.262189760804176,-0.000804106955001771,5023.4573974609375,143091.14660210782
260,5,50112000,8.716975212097168,0.4290989788241859,38.316581269415714,2000,0.004765576990159996,6.259379282593727,-0.0005328161209945392,5205.188034057617,143928.04094618798
261,5,50304000,8.803961753845215,0.4335989784655491,38.376395431657635,2000,0.004347036868915896,6.254593074321747,-0.00043366820727896993,5115.196624755859,143470.9861420153
262,5,50496000,8.762981414794922,0.43142710535175866,38.37366322800517,2000,0.0038514038056067304,6.245034888386726,-0.0005450682776881877,4951.030471801758,143171.4989988682
263,5,50688000,8.892194747924805,0.4376823121795799,38.32050045711609,2000,0.0037268325433785013,6.23798967897892,-0.0008835844878234411,4658.525619506836,143096.85628350812
264,5,50880000,8.712898254394531,0.4287656458042572,38.31760521310692,2000,0.003946331655897667,6.23358279466629,-0.0003667469591164263,5021.917892456055,141554.04205725243
265,5,51072000,8.82398509979248,0.4344271029482722,38.33275358937681,2000,0.0035080960462607128,6.231800436973572,-0.0007336167691391893,5427.612854003906,143407.18720709562
266,5,51264000,8.797999382019043,0.43296356347127585,38.37327708552281,2000,0.003724024549907577,6.230317667126656,-0.0008145558886099025,4915.933074951172,143387.2912296853
267,5,51456000,8.805954933166504,0.4335833525807781,38.38511057182526,2000,0.0037785072809128906,6.227954208850861,-0.0006395176945943604,4752.901641845703,141905.1803996941
268,5,51648000,8.712764739990234,0.42893751716352807,38.520686304817595,2000,0.004126814554717084,6.22308911383152,-0.0004953675312435735,4803.492736816406,143099.88594065368
269,5,51840000,8.89331340789795,0.43793752458441304,38.43796721038719,2000,0.003400314510300328,6.215831875801086,-0.000622557516408051,5104.516189575195,143564.72993518529
270,5,52032000,8.66991138458252,0.4264635595409345,38.34225783068299,2000,0.003966929881389664,6.21220389008522,-0.0006392844686615717,5037.322784423828,142804.37366479554
271,5,52224000,8.794532775878906,0.43282814274789416,38.31897347265234,2000,0.004715784752789963,6.2032230496406555,-0.00029903824906796217,4722.109191894531,143025.9464660678
272,5,52416000,8.643450736999512,0.42533856161511113,38.41044040520986,2000,0.004007673187972009,6.201068252325058,-0.000817378288047621,5355.52717590332,141851.30155835496
273,5,52608000,8.880819320678711,0.43742710693489545,38.39033634184549,2000,0.003728412259513182,6.200709298253059,-0.00047006804607008235,5001.866134643555,142891.80485898984
274,5,52800000,8.773216247558594,0.43169272886795323,38.380382963495016,2000,0.004465468525867135,6.199345991015434,-0.0006810400955146179,4718.042892456055,143616.35393817734
275,5,52992000,8.797369956970215,0.43288023077366233,38.40097192240258,2000,0.004018403479965252,6.191327154636383,-0.0008303249160235282,4812.94059753418,142933.24183359183
276,5,53184000,8.840047836303711,0.43523959990185784,38.34779249597341,2000,0.005127157516253648,6.18259634077549,-0.00022872664924022956,4655.659469604492,143566.5871888929
277,5,53376000,8.834199905395508,0.43487501742068463,38.435393596068025,2000,0.004824989260213141,6.168236151337624,-0.0002746814091096894,4822.364120483398,143056.88699271702
278,5,53568000,8.791472434997559,0.4326250166535222,38.36305462863917,2000,0.0054589707639437005,6.153081104159355,0.00016365738747481373,4937.742919921875,143380.59393655567
279,5,53760000,8.816556930541992,0.43405210550675594,38.43386747998496,2000,0.004537086766969879,6.148653015494347,-0.0004765336300351919,4877.155517578125,142988.68127003248
280,5,53952000,8.913450241088867,0.43899481128937623,38.50111544008056,2000,0.0052107645629439515,6.145008608698845,-0.00014883700009704626,4597.951950073242,141618.74185773177
281,5,54144000,8.834086418151855,0.43494793850065133,38.36796686515057,2000,0.004751645836843333,6.136569783091545,-0.0006062461411602271,4956.610702514648,143029.17364553883
282,5,54336000,8.891016006469727,0.43771356238236575,38.37436266515093,2000,0.005712017715268303,6.127319619059563,0.00018305220328329597,4918.774597167969,143454.57609077904
283,5,54528000,8.728899955749512,0.42945314248148253,38.404086289306484,2000,0.004278603719096281,6.119172677397728,-0.00025836751592578366,4933.368240356445,141889.60733637703
284,5,54720000,8.885305404663086,0.4375833541683581,38.41911898801724,2000,0.004362877531879351,6.118601903319359,-0.0004534749783147163,4544.465026855469,142995.55233594103
285,5,54912000,8.796746253967285,0.4333489779152539,38.45597418397665,2000,0.00406378851886742,6.115922212600708,-0.0006428229025914334,4981.261306762695,143354.1309372814
286,5,55104000,8.815631866455078,0.43399480726778467,38.40162554911027,2000,0.00411875856453359,6.111529767513275,-0.00044786956266307243,4842.656845092773,142321.3195043958
287,5,55296000,8.734265327453613,0.43001043789020815,38.38462652017673,2000,0.003599973309108464,6.109072223305702,-0.00026294534184501117,4979.680847167969,143070.79247174782
288,5,55488000,8.8950777053833,0.4381041909018677,38.425079587846994,2000,0.0035192623013572295,6.107046335935593,-0.0006822837083291233,4812.612640380859,141887.71206126193
289,5,55680000,8.825448036193848,0.4344791819700428,38.428262379951775,2000,0.0037932544392873142,6.102047756314278,-0.0007440071693736172,5319.054473876953,143256.7765019723
290,5,55872000,8.922858238220215,0.4393646022805721,38.43144151529608,2000,0.0040340780601254705,6.090090781450272,-0.00099707709341601,4821.284286499023,143126.37677811173
291,5,56064000,8.828887939453125,0.4346614801027802,38.422141006837286,2000,0.003949003496862134,6.074216529726982,-0.0007573711491204449,4818.944259643555,143177.3595546311
292,5,56256000,8.904290199279785,0.4384791853547843,38.44873791700229,2000,0.004272619331304059,6.073449641466141,-0.0011008586297975853,4650.36457824707,143515.69666698657
293,5,56448000,8.872459411621094,0.43696356130446173,38.44301960710436,2000,0.0049625607110598755,6.073192611336708,-0.0006321673975318021,4981.905731201172,142945.78690080062
294,5,56640000,8.779800415039062,0.4323125182139241,38.44510925747454,2000,0.003681375684364562,6.066432848572731,-0.0006355995642053358,4914.917221069336,142573.57758946513
295,5,56832000,8.745285987854004,0.4304271020998082,38.34518990665674,2000,0.004479414285049034,6.062871426343918,-0.0003604249168347451,5218.481735229492,143002.25045422828
296,5,57024000,8.776531219482422,0.4320052309443175,38.50042383186519,2000,0.004088802137664362,6.059841141104698,-0.0009776943174983899,4766.4483642578125,141493.3104175522
297,5,57216000,8.829710006713867,0.4346041881041553,38.473343744874,2000,0.0031839716383862335,6.058384373784065,-0.0010896637450059643,4881.839950561523,142540.40545407427
298,5,57408000,8.879255294799805,0.43707293526798213,38.396532510096826,2000,0.0048883922008487075,6.058060437440872,-0.0005046993441482073,4901.048934936523,141798.5396353753
299,5,57600000,8.934576988220215,0.4400312729576399,38.40693022341778,2000,0.00403828130830031,6.048131376504898,-0.0005769258345935668,4939.497482299805,142435.26063912988
300,5,57792000,8.849522590637207,0.43575522644096054,38.473629768937826,2000,0.004242421811407743,6.0385521948337555,-0.0005886112248845166,5088.513778686523,142298.08175139248
301,5,57984000,8.848958015441895,0.43559897937120695,38.40152560345208,2000,0.004334614978821871,6.037284001708031,-0.0003272902731623617,4707.514587402344,142689.28324831012
302,5,58176000,8.857340812683105,0.4359635647554872,38.36577263552075,2000,0.003930891965421325,6.032600671052933,-0.00045803512171005423,4866.882247924805,141519.08559097504
303,5,58368000,8.831096649169922,0.43470314480934275,38.42938203116258,2000,0.004457022172195138,6.029263064265251,-0.0006548662045133824,5322.938568115234,142488.06685181285
304,5,58560000,8.803489685058594,0.4334166839271347,38.468997932116814,2000,0.004181285173151993,6.019572198390961,-0.0002880925066222062,4946.299179077148,142574.2704151054
305,5,58752000,8.838351249694824,0.4350833500811859,38.437903688754886,2000,0.004493457793626782,6.0103766322135925,-0.000649459550913889,4803.475234985352,142395.6748156217
306,5,58944000,8.949482917785645,0.44076043791816727,38.421948658923306,2000,0.004462409206840677,5.998321741819382,-0.0006773035738660838,4516.292526245117,143209.9501581448
307,5,59136000,8.918661117553711,0.4392031445234655,38.43545920867473,2000,0.004333563497678064,5.989183068275452,-0.0006687643863187986,4601.7446212768555,141976.8175008853
308,5,59328000,8.764643669128418,0.43151564592881186,38.47709129502376,2000,0.004269687967646554,5.9850830137729645,-0.000536890575290272,5190.85676574707,143289.18095258877
309,5,59520000,8.929125785827637,0.4396250216535312,38.44845346113046,2000,0.0036150141619679457,5.979322001338005,-0.001102198737839899,4484.295989990234,142463.10390343744
310,5,59712000,8.827627182006836,0.43448439516093157,38.39919471026709,2000,0.004140813004531084,5.975021079182625,-0.0007742571547169064,5160.557891845703,143336.49015543843
311,5,59904000,8.799583435058594,0.4330677295571756,38.43181631248444,2000,0.003519416648710222,5.9716809540987015,-0.0010708248378250573,4793.669906616211,141793.1766544013
312,5,60096000,8.919448852539062,0.4392135641070733,38.404950470488984,2000,0.004025362989579055,5.966309770941734,-0.0003182813638886728,4827.057922363281,143363.4072644356
313,5,60288000,8.824416160583496,0.4344010643993291,38.41548832102368,2000,0.003926375035351766,5.956366762518883,-0.0004942123587170499,4875.798004150391,142365.64675262035
314,5,60480000,8.903348922729492,0.43840106040382426,38.37725713041922,2000,0.004155515784232799,5.950835406780243,-0.000506905949805514,4792.807159423828,143354.47612024104
315,5,60672000,8.772492408752441,0.43172918878614536,38.48423479435345,2000,0.004062449107072704,5.95006962120533,-0.0007073006336213439,5013.260406494141,142495.9880463065
316,5,60864000,8.92016887664795,0.4391146065724267,38.400478984850146,2000,0.004177931820023028,5.948989734053612,-0.0006487497394118691,4562.470565795898,142411.84971924993
317,5,61056000,8.819456100463867,0.4342291882967402,38.42423656481939,2000,0.004018095762847226,5.94554129242897,-0.0010031691617768956,5262.477310180664,141462.47932478334
318,5,61248000,8.841436386108398,0.4353073156465446,38.37545929135134,2000,0.0038611225864539564,5.941066324710846,-0.0005070284937573888,5159.86051940918,143147.4752275474
319,5,61440000,8.927751541137695,0.4396354368309403,38.35574106014489,2000,0.0045910458225213585,5.936998352408409,-0.0005499315939232474,5039.204132080078,141004.63083774457
320,5,61632000,8.785355567932129,0.43241669231914176,38.44325139404585,2000,0.0048095903025144535,5.934120759367943,-0.0008042070847977811,5295.539642333984,142998.39090179614
321,5,61824000,8.924458503723145,0.4395573097178082,38.460340735812984,2000,0.004385393371194368,5.928079396486282,-0.00017560068567945564,4726.101409912109,145100.4159068984
322,5,62016000,8.94326114654541,0.44054168687944184,38.4502364123861,2000,0.003989996904405414,5.919943913817406,-0.0008559785601391923,4915.927459716797,141352.15093891698
323,5,62208000,8.837722778320312,0.4349062713451228,38.399937722831964,2000,0.0037017240908947605,5.917793795466423,-0.000739294986715322,5110.657913208008,144861.60408442913
324,5,62400000,8.845550537109375,0.43556252258410194,38.46997700755795,2000,0.00388141659621518,5.912045329809189,-0.0007381580612673133,5028.280609130859,142254.80014988023
325,5,62592000,8.889389038085938,0.43776043553467997,38.38787915123006,2000,0.004413887711086618,5.903776869177818,-0.0004939101318086614,4878.329437255859,142036.36837104708
326,5,62784000,8.804666519165039,0.4335052324749995,38.45689115176598,2000,0.005361943374028975,5.892833828926086,-0.00017882239626487717,5091.99934387207,143489.9798943118
327,5,62976000,8.837977409362793,0.43509897897335276,38.35427702963352,2000,0.004931323739195553,5.881359651684761,-1.3606650099973194e-05,4829.093475341797,142252.4070223863
328,5,63168000,8.939741134643555,0.4402708514226106,38.47172114253044,2000,0.004364435423291679,5.873911514878273,-0.000775678045101813,5017.336715698242,144415.73310843934
329,5,63360000,8.85261344909668,0.43569793413856434,38.37906845387382,2000,0.0036821166462165517,5.8670706152915955,-0.001193214985647728,4899.4632568359375,145639.93869930084
330,5,63552000,8.821105003356934,0.43412501748449966,38.42943368976315,2000,0.004974148305026273,5.85683736205101,-0.0004559116205200553,5067.433654785156,144177.81410126455
331,5,63744000,8.919050216674805,0.4390625195192115,38.420566700709365,2000,0.005374179436631189,5.845091938972473,-0.0004476011727092555,4806.873916625977,145711.77177163155
332,5,63936000,8.979447364807129,0.442166690192001,38.43441359729817,2000,0.003732550698982477,5.838954001665115,-0.0007170138051151298,4651.512054443359,145127.85616288238
333,5,64128000,8.945249557495117,0.44046877282501856,38.351398568600416,2000,0.004737612872238971,5.834001868963242,-0.0005011642725776255,4998.826126098633,146095.35576609022
334,5,64320000,8.761613845825195,0.4312864785497368,38.42912010444949,2000,0.0040339285612669,5.8283573389053345,-0.0008368340081688075,5026.7484130859375,146267.10699281885
335,5,64512000,8.853719711303711,0.43586980757754645,38.39713319127137,2000,0.004409777219222935,5.821685880422592,-0.0003487175329155434,5282.7642822265625,144921.69812278345
336,5,64704000,8.845315933227539,0.43558856128644646,38.475545673941575,2000,0.0041066703816225805,5.8148020803928375,-0.00032333170020137914,5202.59846496582,145199.3968943835
337,5,64896000,8.87009334564209,0.43679689493971335,38.44390489766374,2000,0.0044513128598579615,5.816084042191505,-0.00019977568501872156,4520.257774353027,146246.38253161553
338,5,65088000,8.929007530212402,0.4396979397006362,38.412431228905916,2000,0.0046840631151474875,5.809888198971748,-0.0005114852660881297,5169.806091308594,146249.25292699534
339,5,65280000,8.878734588623047,0.43708335565800854,38.38536271126941,2000,0.003860302454209888,5.799596443772316,-0.0004440423296045992,4988.200790405273,145618.55640830638
340,5,65472000,8.946224212646484,0.440468769553263,38.35786976416906,2000,0.0048141693109549424,5.7957282066345215,-0.0007776554507472611,4497.679046630859,146135.604237852
341,5,65664000,8.8798828125,0.4371093927972349,38.48568335610131,2000,0.004085500242848261,5.787318855524063,-0.000713584271579748,4858.636779785156,144473.09625769197
342,5,65856000,8.828906059265137,0.43464585309690545,38.46180245963236,2000,0.0039467489516100615,5.784341648221016,-0.0008505324767611455,4783.637649536133,145474.97410910617
343,5,66048000,8.807769775390625,0.4335364788627582,38.445262691626944,2000,0.003918902807859316,5.7811147421598434,-0.0005110723786856397,5701.868865966797,146130.43302743346
344,5,66240000,8.952461242675781,0.4406771035458708,38.41475510535141,2000,0.004005083976619063,5.776659727096558,-0.0006050657666492043,4742.739303588867,143986.7919807332
345,5,66432000,8.921637535095215,0.4392083555012505,38.37901990581304,2000,0.00398419309357996,5.771560624241829,-0.0002857246619214493,5019.597106933594,145349.05023343072
346,5,66624000,8.912284851074219,0.43877085737888893,38.47321321380635,2000,0.003987448170591962,5.764286667108536,-0.000590501709552882,5217.065200805664,146378.60207440116
347,5,66816000,8.976333618164062,0.4420208550388149,38.37878906028345,2000,0.0036139390389992795,5.756250321865082,-0.0007989933928911341,4474.791442871094,145308.10493723684
348,5,67008000,8.900114059448242,0.4382291872479982,38.44967730591694,2000,0.0038535541982661625,5.750392779707909,-0.000500934573210543,4981.780532836914,146310.591655551
349,5,67200000,8.949668884277344,0.440729189799337,38.363592411080994,2000,0.003889899624249668,5.743896901607513,-0.0007874622224335326,5289.663986206055,146319.26983660265
350,5,67392000,8.857100486755371,0.43628127456031507,38.49333109272023,2000,0.003559434674195172,5.740482062101364,-0.0010250516397718457,5048.612365722656,146184.12851055354
351,5,67584000,8.936234474182129,0.4399114786174323,38.431905084600054,2000,0.004510808284690332,5.736205235123634,-0.0007819198149263684,5622.12580871582,144193.82735997954
352,5,67776000,8.856932640075684,0.4359843940025409,38.46032033736507,2000,0.0041869482351467036,5.727806732058525,-0.0010646491373336175,5134.360870361328,144522.00288973888
353,5,67968000,8.954817771911621,0.4408750210053161,38.398491711122915,2000,0.004389401339125472,5.7175948321819305,-0.0010978300560964271,4930.2542724609375,142936.2399860462
354,5,68160000,8.89300537109375,0.43789064857022214,38.4994045663625,2000,0.0046337900438326585,5.714998871088028,-0.0003854784040413506,5047.98469543457,146573.85738301632
355,5,68352000,8.931108474731445,0.43990627132067556,38.34431768891712,2000,0.003532416405529752,5.716856673359871,-0.000643586983642308,5112.424209594727,142947.07369188478
356,5,68544000,8.989543914794922,0.4428750209359957,38.456955718109384,2000,0.004112517856357349,5.712169051170349,-0.0004832606664422201,4199.073905944824,143637.64685286456
357,5,68736000,8.92129898071289,0.4392291919029958,38.350008691777475,2000,0.004570778596544797,5.7075377106666565,-0.0009193049743316806,4840.733612060547,142195.28074692757
358,5,68928000,8.902653694152832,0.4383229356499214,38.412763179124646,2000,0.004735568819033989,5.695662051439285,-0.0008445630855931086,4883.821365356445,146012.3964343705
359,5,69120000,8.917281150817871,0.43907293600386765,38.380857610454164,2000,0.005606309408751259,5.682937458157539,-0.00017259211847431288,4910.199127197266,145251.33169151907
360,5,69312000,8.948396682739258,0.44063022841874044,38.4055195953697,2000,0.004402301128012674,5.668979898095131,-0.0008131086360663176,5011.41096496582,145524.48606464497
361,5,69504000,9.001154899597168,0.4433073131500957,38.36892901655907,2000,0.00395907175341078,5.660985052585602,-0.0006773465929654776,5122.393157958984,146410.0607687819
362,5,69696000,8.933730125427246,0.43990106362859177,38.423693652264774,2000,0.0036064402137999454,5.657401472330093,-0.0010149742875000811,5101.242691040039,146083.5990298734
363,5,69888000,8.887617111206055,0.4375364795268979,38.427048433572054,2000,0.004421589990161012,5.6490010768175125,-0.0007228190079331398,4977.64826965332,145673.17716730386
364,5,70080000,9.043980598449707,0.4453593938196718,38.409189394675195,2000,0.004753943067279276,5.639034807682037,-0.0003668426334115793,4747.899612426758,145291.66766104533
365,5,70272000,8.832752227783203,0.43489585240179923,38.460777086516224,2000,0.006687006628354239,5.6295617669820786,0.0009427611144019465,5406.025634765625,146064.32361638267
366,5,70464000,9.033318519592285,0.4450833586488443,38.45966328804692,2000,0.0043708799812205434,5.622703269124031,-0.0008558241952414392,4884.037200927734,144661.70353441456
367,5,70656000,8.872455596923828,0.4368854367809642,38.460886999964714,2000,0.004477521413587968,5.620148405432701,-0.0011044827951991465,5592.222961425781,145771.44938356956
368,5,70848000,8.89682674407959,0.43790626969954854,38.37469350360334,2000,0.005355529027350717,5.617017537355423,-0.0001334074440819677,4993.813690185547,144276.18219688782
369,5,71040000,8.937177658081055,0.43986981526237895,38.304700944262244,2000,0.003782459264320401,5.60623873770237,-0.00108984430653436,5145.947006225586,145546.12693880196
370,5,71232000,8.922683715820312,0.4394791869575177,38.524844486266375,2000,0.004101482157173451,5.5995339304208755,-0.0008348199767169717,5246.680450439453,145390.2457375516
371,5,71424000,8.93679428100586,0.44018751873773,38.43494317587465,2000,0.004523706624808256,5.5899011343717575,-0.0007832063620298868,5211.446487426758,145862.13774944993
372,5,71616000,8.91600513458252,0.4391562662197733,38.45431677438319,2000,0.005387982820296504,5.585314050316811,0.0002923971860582242,4898.713928222656,144225.97061754926
373,5,71808000,9.00905990600586,0.4436354367953754,38.355927150696516,2000,0.004998906987568871,5.5809385776519775,-0.0006470063644883339,4687.344909667969,144474.96893484527
374,5,72000000,8.97472095489502,0.4419739793380965,38.41454631276429,2000,0.005761945674816769,5.568995013833046,-0.00013921976187702967,5366.549118041992,145636.4839276001
375,5,72192000,8.928995132446289,0.43969793674114044,38.45906516723335,2000,0.006067667170524753,5.557353854179382,-5.745694170400384e-05,5271.820541381836,144463.79186844747
376,5,72384000,8.926292419433594,0.4393281460500778,38.342073737333216,2000,0.004990188341820613,5.547028198838234,-0.00018520699995860923,4882.401397705078,144583.55603844067
377,5,72576000,8.991253852844238,0.44290626831631624,38.45893703556309,2000,0.004041886515265408,5.535839349031448,-0.0006052848402759992,4716.319198608398,145001.2035836641
378,5,72768000,8.852092742919922,0.43581252049564984,38.45419937899957,2000,0.004011619513456632,5.528434932231903,-0.0002859745727619156,5335.136535644531,141710.37997170223
379,5,72960000,8.921587944030762,0.43914064968885214,38.38122382977357,2000,0.005467546922309947,5.5254547744989395,-5.244642693469359e-05,4717.286178588867,144883.8952072413
380,5,73152000,8.911230087280273,0.4388073093608303,38.402704149329416,2000,0.00548017842284753,5.5230386555194855,-0.00029764766333073567,5018.001434326172,144606.92593306515
381,5,73344000,8.912370681762695,0.4388698086192259,38.360718032112345,2000,0.004443683931565225,5.519849747419357,-0.0007721040674368851,5134.410461425781,145700.43458703824
382,5,73536000,8.954553604125977,0.44100001991925336,38.38708428867782,2000,0.004366332606490081,5.513714835047722,-0.0006523680935970333,5048.248504638672,146638.5913141443
383,5,73728000,8.925071716308594,0.43942189351825317,38.4258537987868,2000,0.004599969298287758,5.510341912508011,-0.0007240022964651871,5030.169357299805,144585.43158346126
384,5,73920000,8.94509506225586,0.4404843950681728,38.41860010164479,2000,0.0040399683333525935,5.506362661719322,-0.0008220777617680142,5107.191360473633,145727.87763046176
385,5,74112000,8.86444091796875,0.43640627271755267,38.40517561261853,2000,0.004236259054790331,5.494234323501587,-0.0007062405788929027,5492.827926635742,144857.14995720432
386,5,74304000,8.883955955505371,0.43747919188293355,38.461233204230666,2000,0.004124261085123482,5.481405690312386,-0.0008670122558385174,5032.9124755859375,146058.45345558546
387,5,74496000,8.959651947021484,0.44128647606945987,38.4376383634905,2000,0.004782646584208121,5.476040363311768,-0.00048749230518296827,4817.037902832031,145864.67337521503
388,5,74688000,9.029742240905762,0.4446823137611015,38.36210127236942,2000,0.004336768791734356,5.469827577471733,-0.0007686533533615147,4408.383644104004,145489.80380737403
389,5,74880000,8.949234008789062,0.4406093939051061,38.40906899942396,2000,0.004680573554321506,5.454611778259277,-0.00028374241742312734,4963.262985229492,145889.66791170166
390,5,75072000,8.970030784606934,0.44174481408056937,38.41243742507262,2000,0.005542100626063376,5.444173589348793,-0.00024227258563769283,5097.314804077148,144712.7003519666
391,5,75264000,9.053154945373535,0.4458541866030525,38.37157280091196,2000,0.003308458291498631,5.443532586097717,-0.0007840199837119144,5062.713272094727,145729.07053816615
392,5,75456000,8.844459533691406,0.43548960124523245,38.43690784896413,2000,0.0035071574347433285,5.436595603823662,-0.0007563574154119124,5350.236083984375,145846.32093277262
393,5,75648000,9.027746200561523,0.44456251788142254,38.43428074428812,2000,0.003477314721075042,5.437028378248215,-0.0006873542205170224,5198.321487426758,145745.8347356295
394,5,75840000,8.885498046875,0.4375416878338001,38.40184201549467,2000,0.005172916845423363,5.431077152490616,-0.00028143319940454603,5155.615524291992,146042.20434945417
395,5,76032000,8.982589721679688,0.44249481337465113,38.50294442599019,2000,0.004052274532882927,5.421560645103455,-0.001200554740989901,5064.7315673828125,144931.61626409268
396,5,76224000,8.952994346618652,0.44094794092537387,38.3937831906757,2000,0.004294996207803103,5.410233289003372,-0.0005674029644069378,5104.573760986328,144120.13256162516
397,5,76416000,9.023582458496094,0.44448960410530464,38.48159440482656,2000,0.004083938898421673,5.396591946482658,-0.0008105667411655304,4985.613876342773,142688.81443555508
398,5,76608000,8.978759765625,0.4421666872888939,38.4159471707729,2000,0.005057876573996811,5.387346088886261,-0.00032072784097181284,5125.08723449707,145644.06391011388
399,5,76800000,8.9772367477417,0.44215106191343995,38.455570509036384,2000,0.006010681247940131,5.384609505534172,0.000418856461692485,5206.882400512695,144806.17012378658
400,5,76992000,9.03327465057373,0.44483856288510043,38.42215764336288,2000,0.004199331223925885,5.378396898508072,-0.0007330380103667267,5074.698944091797,144780.71068840107
401,5,77184000,8.969891548156738,0.44157293488448585,38.43090298150977,2000,0.003417457931495546,5.368360325694084,-0.0007532483496106579,5037.649200439453,145438.62179926323
402,5,77376000,8.842777252197266,0.43528647813218413,38.43897479120642,2000,0.006581035178445743,5.368133962154388,0.0001949828892975347,5482.4561767578125,143677.27218469794
403,5,77568000,8.997434616088867,0.44332814311928814,38.547222558408976,2000,0.003709421445712603,5.368163123726845,-0.0008244130845298514,5285.8160400390625,144678.15196218292
404,5,77760000,9.035322189331055,0.44499481084615883,38.42380023623506,2000,0.006413241302633349,5.366458058357239,-3.245505354243505e-05,4630.47282409668,145300.644990583
405,5,77952000,8.964286804199219,0.44142710509549943,38.42024722664306,2000,0.005514438205689656,5.363694280385971,-0.00026977261109095707,5226.769424438477,144281.43301734817
406,5,78144000,8.959957122802734,0.4411875250819624,38.38502013807496,2000,0.005100032534236867,5.359637916088104,-0.0006577306587587373,4931.641540527344,144594.09524027773
407,5,78336000,8.910061836242676,0.4387135600469871,38.48965623726448,2000,0.004816816565561266,5.349470242857933,-0.00039724148155073635,5447.97575378418,144762.90208466555
408,5,78528000,8.855990409851074,0.4359375169527387,38.3905377505968,2000,0.004627400197457367,5.340842023491859,-0.0002841211753548123,5765.073226928711,143231.74919116037
409,5,78720000,9.0728120803833,0.4468021037955623,38.425237885676324,2000,0.005105825520101158,5.333493649959564,-0.0006306556906565675,4662.197937011719,143225.01866143694
410,5,78912000,9.052281379699707,0.4459323160414594,38.353057954926044,2000,0.003984364127910034,5.325663805007935,-0.0006048429513612064,4893.10710144043,141582.70760407165
411,5,79104000,9.055371284484863,0.44608335787900916,38.45365578867495,2000,0.003906993809248284,5.316086754202843,-0.0007912091105026775,4944.030456542969,143400.64699307465
412,5,79296000,9.084081649780273,0.44735939311370504,38.46203284586469,2000,0.004020852757118214,5.313489034771919,-0.0006369725924741942,4546.5311279296875,141567.46838145415
413,5,79488000,8.938188552856445,0.44015106451236835,38.475935676445566,2000,0.0045022370963512595,5.306076392531395,-0.0005317051366091619,5298.451614379883,143750.8558312316
414,5,79680000,8.984186172485352,0.4424062721100199,38.45273247423271,2000,0.004615508904234351,5.298055991530418,-0.0005694628380297218,4936.015701293945,144506.49624408956
415,5,79872000,8.966575622558594,0.44147397763420787,38.35559031569088,2000,0.005336292274858961,5.292366325855255,-1.1284910215181299e-05,5351.217727661133,143788.66111531056
416,5,80064000,8.948637008666992,0.4405521025006844,38.42071083636256,2000,0.004561577139325285,5.290300592780113,-0.00048299210175173357,5264.219223022461,142544.58235951856
417,5,80256000,9.030818939208984,0.4447291896619087,38.503683891147375,2000,0.0037072793457142914,5.28571343421936,-0.0008855849955580197,5159.351699829102,145080.51886604348
418,5,80448000,9.09880256652832,0.4480729359232403,38.344314677640796,2000,0.004335352239397856,5.2762656807899475,-0.0007132010614441242,4879.77653503418,144985.12874835928
419,5,80640000,9.003373146057129,0.44319273217236815,38.34777166042477,2000,0.004916807768730602,5.269160643219948,-9.372684507980011e-05,4985.948944091797,145405.77547583857
420,5,80832000,8.961993217468262,0.4413906458181979,38.541934921095766,2000,0.004426210894676236,5.264950066804886,-0.00026024815861092065,5254.939346313477,145110.18173178186
421,5,81024000,8.981438636779785,0.4424427251051384,38.42647473048419,2000,0.004234667845540878,5.263208448886871,-0.0006468782604542866,5575.984405517578,145610.37028012963
422,5,81216000,8.96430778503418,0.4413229330602917,38.4119415252159,2000,0.0042313719820619225,5.2679246962070465,-0.0007744184958937694,5126.46989440918,144880.07564937617
423,5,81408000,8.95986557006836,0.4410364773211768,38.36842483251045,2000,0.004369567902448281,5.262808009982109,-0.000652200209970033,5188.362274169922,144627.26511705504
424,5,81600000,9.081856727600098,0.4472968961836159,38.36136862486213,2000,0.004177037734683836,5.2549877762794495,-0.0004897171611446538,5007.731475830078,144075.46017023028
425,5,81792000,9.02110767364502,0.44428647966378776,38.458497796207666,2000,0.0037490409638364017,5.251081421971321,-0.0008151984131927748,4952.317230224609,144786.9737415653
426,5,81984000,8.995637893676758,0.4429010585760504,38.39525755553041,2000,0.0038563675973782643,5.242322221398354,-0.0011323354497108085,5362.431213378906,144542.03450926978
427,5,82176000,8.997002601623535,0.44292189812404104,38.441354102144636,2000,0.004784087336627031,5.228663980960846,-0.00045049609047964623,5291.830596923828,144514.06413004224
428,5,82368000,8.981376647949219,0.4422187689051498,38.5264695721368,2000,0.005058892072944826,5.21519660949707,-0.00023656563371332595,5436.705352783203,145157.584706216
429,5,82560000,9.139205932617188,0.45037502151171793,38.60737727706631,2000,0.004843610359278196,5.204319879412651,-0.0007262964732035471,4776.624694824219,145173.65993806464
430,5,82752000,8.945852279663086,0.4405260591405143,38.46333178256949,2000,0.003613462165992433,5.195649802684784,-0.0006769241290385253,5052.489044189453,145157.72463019553
431,5,82944000,8.87498664855957,0.4369218995864988,38.4803971281896,2000,0.007594841276334287,5.192090719938278,0.00045809399534846307,5286.0126953125,145102.4485390788
432,5,83136000,8.916909217834473,0.4389739815572587,38.43473136681132,2000,0.007780325079084528,5.1940611600875854,0.0009680538460088428,5889.331283569336,144295.7077184439
433,5,83328000,8.92520523071289,0.43937502097833203,38.46635784239819,2000,0.004063398642125932,5.1920072585344315,-0.0008693640265846625,5302.080459594727,144750.94914069623
434,5,83520000,8.953240394592285,0.44086460287265555,38.478038874454796,2000,0.004489214118899937,5.1851000636816025,-0.00017000407206069212,5186.35498046875,144825.54725618928
435,5,83712000,9.042673110961914,0.4454218990316197,38.50262143524984,2000,0.0045995527115495274,5.1743194013834,-0.000609805004842201,5165.980026245117,145358.45745585478
436,5,83904000,8.974637031555176,0.4419427292862868,38.42527426717182,2000,0.004162977483249661,5.160852834582329,-0.0005270222823128279,5322.822967529297,145166.57763405106
437,5,84096000,9.10403823852539,0.4485573165311507,38.50066700143119,2000,0.004666559656606603,5.152284666895866,-6.432505369957653e-05,5290.231063842773,143212.79029699616
438,5,84288000,9.059517860412598,0.4461875191688402,38.423868090224765,2000,0.004122853364475307,5.139298513531685,-0.0008289854067697888,4940.376251220703,145052.87262333927
439,5,84480000,8.999940872192383,0.4433489799860884,38.40919726807624,2000,0.004239421243745406,5.129015818238258,-0.0007927158012535074,5089.514266967773,145149.26740349492
440,5,84672000,8.934575080871582,0.4398073151442077,38.45759822179874,2000,0.007545114500719742,5.118966683745384,0.0006777303650551403,5546.056045532227,144570.2639108977
441,5,84864000,8.925972938537598,0.43937501981902943,38.4241054065836,2000,0.0046736215380466725,5.109705254435539,-0.0007558477354905335,5235.09016418457,145235.3008840106
442,5,85056000,8.967419624328613,0.4414583536351226,38.39439834499111,2000,0.004711893989704549,5.1021721214056015,-0.00045520901403506286,4859.328323364258,144525.82371495917
443,5,85248000,8.99471664428711,0.4430416870885286,38.512916440920286,2000,0.005706008486226592,5.098251864314079,-0.00011192679357918678,5178.64762878418,145835.09661365132
444,5,85440000,9.086956977844238,0.44754168626665586,38.38661426771432,2000,0.0042142753791510265,5.08542375266552,-0.0012721741622954141,5047.521270751953,145195.07547449452
445,5,85632000,9.073440551757812,0.4467396002516277,38.44076034721608,2000,0.004523297966234775,5.070179671049118,-0.00036059834837942617,5081.240325927734,144157.77538663495
446,5,85824000,9.019357681274414,0.4442656447857492,38.44504613491396,2000,0.004517423774804533,5.060595974326134,-0.0004048477636615644,5011.127334594727,144816.4732121562
447,5,86016000,8.991146087646484,0.4426666852341441,38.43582104984671,2000,0.004619377233747703,5.049811735749245,-0.00032846232261363184,5131.47509765625,143429.91121112142
448,5,86208000,8.996355056762695,0.44299481258288625,38.39351786952466,2000,0.004021465678097837,5.0445957481861115,-0.0007340525598920067,5267.012481689453,144647.21030774474
449,5,86400000,9.046658515930176,0.4457291941253061,38.5050416799883,2000,0.004110143839250666,5.035727486014366,-0.001027014111855351,5089.451873779297,145417.57821510252
450,5,86592000,9.034764289855957,0.4448489759070071,38.39986781597448,2000,0.0040741647986481735,5.02032944560051,-0.0008799415834346291,5194.608383178711,143939.00847128566
451,5,86784000,9.068401336669922,0.44655731117745745,38.42577706572289,2000,0.004516092689659371,5.0093434154987335,-0.0003846416051800361,5167.570358276367,144603.54570142814
452,5,86976000,9.011162757873535,0.44374481331578863,38.38546017728125,2000,0.0037553009635400217,5.005692571401596,-0.0005708081278470445,5571.766662597656,144084.7107134456
453,5,87168000,8.977205276489258,0.44195835621151974,38.3669919182236,2000,0.004933434030380643,5.006295844912529,-0.0004479309068301518,5230.487319946289,144886.80716095786
454,5,87360000,8.999761581420898,0.44312502123708936,38.44367423098689,2000,0.007402321379379524,4.998223930597305,0.00020137416686338838,5258.348663330078,145084.64259577577
455,5,87552000,9.0945405960083,0.4479375186613955,38.43990667909384,2000,0.004553530015575236,4.9920205026865005,-0.0005384823909935221,5212.934677124023,143454.60084984126
456,5,87744000,9.136663436889648,0.4500156454802588,38.424454602102436,2000,0.005993289476997843,4.990099400281906,0.0005755944430347881,4921.184906005859,144687.90039282182
457,5,87936000,9.084238052368164,0.4475468925884343,38.4813186416092,2000,0.00628028658387484,4.989193692803383,0.00047654761146986857,4858.930511474609,145141.7042777116
458,5,88128000,8.93986701965332,0.44019272457020026,38.33794439025223,2000,0.006509347281962015,4.988381668925285,0.0005233307145715571,5402.511520385742,144071.9142521878
459,5,88320000,8.977564811706543,0.4419166870502522,38.41358742925028,2000,0.005266611599596217,4.984305828809738,-0.0006933231811672158,5398.983413696289,144049.19020587433
460,5,88512000,8.996545791625977,0.44297397504548525,38.44027864436308,2000,0.004860871758001546,4.977096140384674,-0.0006576364962711523,5315.203659057617,143758.93861363907
461,5,88704000,9.032031059265137,0.44476564531214535,38.42503818582433,2000,0.004861080320212451,4.966776132583618,-0.00014441510006690805,4993.740493774414,144367.88596942625
462,5,88896000,9.003541946411133,0.4433489757939242,38.43166702395926,2000,0.004986389208099962,4.958411261439323,-0.0004269292121534818,5026.641311645508,144362.6817152921
463,5,89088000,8.993192672729492,0.4430625265334432,38.40133879636414,2000,0.004954622592747912,4.951814353466034,-0.0003284947501924762,5517.457702636719,144490.6283327555
464,5,89280000,9.026790618896484,0.44465627150869597,38.40213214016209,2000,0.0042426066872042895,4.946839869022369,-0.0007747628524157335,5783.641662597656,145055.9335061514
465,5,89472000,8.983534812927246,0.4425104354971457,38.44835984926127,2000,0.004725739705444237,4.941297426819801,-0.0005696268999599852,5618.025375366211,143543.6720826513
466,5,89664000,9.064630508422852,0.44643231162566127,38.44933548507591,2000,0.003964268789667887,4.933754608035088,-0.0006710324173582194,5742.079391479492,144874.2354618381
467,5,89856000,8.947441101074219,0.440468769827324,38.422911444523685,2000,0.0038575609042503234,4.928671807050705,-0.001048030973834102,5410.326370239258,143348.6833566554
468,5,90048000,8.903441429138184,0.4383385642468056,38.36434747527043,2000,0.0038241636163972234,4.92707072198391,-0.0009492207705079636,5757.793212890625,144937.5550627866
469,5,90240000,9.005533218383789,0.44346356392634334,38.48461585243543,2000,0.004251403537496423,4.921341583132744,-0.0008648816760796763,5769.121124267578,144525.18218333533
470,5,90432000,8.994016647338867,0.44300001788178633,38.52449943932394,2000,0.004656738641511768,4.9065259993076324,-0.001047870649927063,5308.205902099609,144849.76760899264
471,5,90624000,9.079434394836426,0.4472396054782924,38.34659695532173,2000,0.004035423521549092,4.897289201617241,-0.0006442014109779848,5530.590240478516,144774.51946516815
472,5,90816000,9.153255462646484,0.45086981370695867,38.40159786120057,2000,0.0038812770427078536,4.889661744236946,-0.0007895558010204695,4705.314041137695,144331.43552893645
473,5,91008000,9.005024909973145,0.44353127226713696,38.50759022620817,2000,0.004552496786927804,4.883686140179634,-0.0007738023823549156,4921.481979370117,145199.1980332833
474,5,91200000,9.073211669921875,0.4468646061074348,38.490281236978866,2000,0.004861504412644234,4.874575763940811,-0.00038978745442364016,4732.118225097656,142800.7813852738
475,5,91392000,9.03427505493164,0.4449791875570857,38.43460257304832,2000,0.005173414375652406,4.872596696019173,-0.0005889586627745302,5541.30143737793,140926.4176961319
476,5,91584000,8.970101356506348,0.44176564931149187,38.46915145466725,2000,0.01098991533803443,4.863153800368309,0.0017033907970471773,5682.575790405273,142427.10477272674
477,5,91776000,9.019831657409668,0.4442031481430604,38.44126659755906,2000,0.004714509831537726,4.853783667087555,-0.0006198380046953389,5480.438430786133,144708.21655297838
478,5,91968000,8.9832124710083,0.44241147984939744,38.46840764954686,2000,0.00528377127261289,4.845017924904823,-0.00041349182959038444,5595.328430175781,144547.84369951332
479,5,92160000,9.058184623718262,0.4460781433608645,38.421066594930984,2000,0.005483140365385532,4.840400651097298,1.85569570021471e-06,5109.964935302734,143646.42932380878
480,5,92352000,8.960719108581543,0.44134897426556563,38.43939768957595,2000,0.005033702497748892,4.831673637032509,-0.0007271339086400985,5798.916442871094,143007.00845683765
481,5,92544000,9.034749031066895,0.44500523304001643,38.41640100224564,2000,0.00505931331194006,4.8121413588523865,-0.00042806482224477804,5209.176223754883,145080.37547277872
482,5,92736000,9.222411155700684,0.45418230831516365,38.456064533131816,2000,0.005750746192721028,4.801824733614922,0.00022294082737062126,4388.859725952148,144388.16382690915
483,5,92928000,9.012149810791016,0.44391148112723994,38.46425934880972,2000,0.004226219925035066,4.7991752326488495,-0.00035360105903237127,5504.444961547852,145334.28287670662
484,5,93120000,9.017853736877441,0.44417709822422086,38.532375857234,2000,0.0040730132909569255,4.793638676404953,-0.0005753257100877818,5357.683029174805,143453.957968603
485,5,93312000,9.02853012084961,0.444552102315356,38.468534426763654,2000,0.0038868776084855228,4.790026545524597,-0.0008720249938960478,6111.541763305664,143135.75777970013
486,5,93504000,9.01175594329834,0.4435521079315852,38.426792106591165,2000,0.004633238627391012,4.783111125230789,-0.0006191353968461044,5331.657974243164,143087.82864997312
487,5,93696000,9.145997047424316,0.45051564818641054,38.520746029292546,2000,0.005765466160121531,4.776595041155815,-0.00021198917033871112,4839.536224365234,142965.26448845927
488,5,93888000,9.088606834411621,0.44760939466201916,38.44908728869632,2000,0.005606710448744709,4.772166222333908,-0.0002854992781067267,4950.622360229492,143340.6159279421
489,5,94080000,9.053605079650879,0.44596356155670946,38.41222003257523,2000,0.004747754348946427,4.77176459133625,-0.00033122287004516693,5577.784515380859,146044.6853633433
490,5,94272000,8.975008010864258,0.44184898381233023,38.46466942007343,2000,0.004912709905193574,4.762386471033096,-0.0006662180003331741,5174.051193237305,145051.03260153983
491,5,94464000,9.076560974121094,0.4469218976949681,38.39380218895773,2000,0.005178052578955733,4.749124467372894,-0.0005122332354972059,4833.303176879883,144001.0047687942
492,5,94656000,8.973051071166992,0.44170314503147284,38.402647549907364,2000,0.005010384802590126,4.740371525287628,-0.0005871886564818851,5432.098770141602,142491.06845812488
493,5,94848000,9.08475112915039,0.44738544128449576,38.4597110375762,2000,0.004006771205953559,4.739860475063324,-0.0006791253126721131,5449.479507446289,142343.02579725522
494,5,95040000,9.048985481262207,0.4455260627698105,38.489880836879216,2000,0.004599679457489403,4.7350891679525375,-0.0006483924826170551,5168.986953735352,142857.15050924808
495,5,95232000,9.134445190429688,0.4501250166310153,38.489646542196475,2000,0.00476586033106044,4.730991259217262,-0.0005293173876452784,4808.859329223633,142868.08236572883
496,5,95424000,9.060169219970703,0.4461823098081368,38.38157168868929,2000,0.006392470940210233,4.727474749088287,3.51561893694452e-05,5271.796890258789,141685.95536547847
497,5,95616000,8.981047630310059,0.44237501918360067,38.52489841589704,2000,0.005358076880899412,4.723579987883568,-0.00041797070480242837,5368.96989440918,140906.47120519754
498,5,95808000,9.133817672729492,0.4498802248745051,38.48332463887831,2000,0.005152181949059011,4.712403118610382,8.265168503385212e-05,4970.705093383789,146013.5452572544
499,5,96000000,9.187698364257812,0.4526250259968947,38.43940973561257,2000,0.005467158938447632,4.7001756727695465,-0.0004822753789994749,4680.414688110352,143625.092655803
500,5,96192000,9.0719633102417,0.4467187681523986,38.44170578786483,2000,0.005789592726641181,4.691090762615204,-0.00022154569614940556,4965.033737182617,143443.00464305028
501,5,96384000,8.953681945800781,0.4409375195064058,38.46287990361452,2000,0.0050210435867484235,4.688476428389549,-0.0005397613006152824,5541.97541809082,144629.379839895
502,5,96576000,9.0990571975708,0.4482187708854326,38.436680095891155,2000,0.004706749821178774,4.679632365703583,-0.0003302041131973965,5417.546417236328,143943.4549796446
503,5,96768000,9.137919425964355,0.4501927287104384,38.39774600851039,2000,0.00427602458756883,4.6737606674432755,-0.0006126025882622343,4907.253662109375,145872.87094365168
504,5,96960000,9.041543006896973,0.44521355724221695,38.39858352284258,2000,0.006150814892277895,4.662910997867584,6.345198778490158e-05,5221.20751953125,143745.24891786271
505,5,97152000,9.084794998168945,0.44738543895679567,38.388504627645794,2000,0.004906898475121123,4.656888410449028,-0.0007140567740862025,5000.778274536133,144697.6621276555
506,5,97344000,8.985909461975098,0.44241668856557226,38.43145991054674,2000,0.006121300853148569,4.651239678263664,-0.00037561242243100423,5383.416320800781,144184.7973286714
507,5,97536000,9.146296501159668,0.45052085574449546,38.44474726294478,2000,0.005174779241264332,4.640463665127754,-0.0001853616893185972,5802.798049926758,145579.5178635808
508,5,97728000,9.06950855255127,0.4467812703854482,38.48111215792596,2000,0.005739867809834931,4.624889090657234,0.0005198876633585314,4652.595428466797,144840.70276329355
509,5,97920000,9.198121070861816,0.45313023127285607,38.47247042429323,2000,0.0060458021767456835,4.616785496473312,-9.172052705253009e-05,4777.421600341797,144418.20946376497
510,5,98112000,9.106478691101074,0.4485781482671882,38.441498040532075,2000,0.0056135465253416145,4.608260750770569,-0.00045247928028402384,5266.853775024414,146280.51617338395
511,5,98304000,9.127187728881836,0.4493229411721889,38.449015504680574,2000,0.0045021722270078834,4.60534331202507,-0.0004876395264545863,4866.691436767578,145710.8725149292
512,5,98496000,9.141121864318848,0.4502239826591297,38.43030941206962,2000,0.005136801149637903,4.605016812682152,-0.000646392726139311,4740.755187988281,145275.5297931352
513,5,98688000,9.030964851379395,0.44482814404182136,38.49349355325103,2000,0.004712068264673387,4.602862238883972,-0.0005574363476625877,5707.690139770508,144379.25600958124
514,5,98880000,9.062005043029785,0.446067725213652,38.37762883088241,2000,0.008824275187682362,4.600242599844933,0.0009906690679599706,5262.284759521484,146176.63555345897
515,5,99072000,9.018669128417969,0.44398960509048874,38.38681321280698,2000,0.00642241040165633,4.592541754245758,6.669837739536888e-05,5241.382186889648,144925.81217610225
516,5,99264000,9.163434982299805,0.4514270996023697,38.496105482180916,2000,0.004692815853486534,4.582588151097298,-0.00012371029492896923,4684.569473266602,144862.15395656083
517,5,99456000,9.022473335266113,0.444427104398225,38.492982083931565,2000,0.004867714799998792,4.569743305444717,-0.00042923993601107213,4961.6259765625,144739.14220120324
518,5,99648000,9.154094696044922,0.4508854384979107,38.47768555146953,2000,0.005726747747607688,4.564183741807938,-0.0008379105706808332,5578.966796875,145033.309391975
519,5,99840000,9.024638175964355,0.44452085558623367,38.55197507639726,2000,0.005636577770589311,4.55764228105545,0.00035236560688645113,5553.419998168945,140652.19810463756
520,5,100032000,9.136591911315918,0.4500208533451466,38.40991923073307,2000,0.0048683700409892505,4.551727786660194,-0.00039193000020532054,4949.847930908203,146151.85310906434
521,5,100224000,9.055952072143555,0.4460000241930781,38.426278003801905,2000,0.00477293152703593,4.542099103331566,-0.0007725358118477743,5671.50456237793,143097.91734746177
522,5,100416000,9.0948486328125,0.4478958532296626,38.491993659641594,2000,0.004425127640170105,4.537167891860008,-0.0007952499827297288,4968.856719970703,144074.307367845
523,5,100608000,9.063209533691406,0.44631772197135433,38.46069324164031,2000,0.004385732270064183,4.526783734560013,-0.0010265193077430013,5256.96662902832,145847.93711854724
524,5,100800000,9.095633506774902,0.4478906479143916,38.45016187429428,2000,0.005475591640749677,4.517325580120087,-0.0006288055951699789,5277.474334716797,146032.81071293616
525,5,100992000,9.087623596191406,0.4475729401274293,38.4156293021515,2000,0.0074176457228798745,4.501307383179665,0.0001013401251839241,5621.928192138672,146414.41908695537
526,5,101184000,9.164311408996582,0.4514375241409046,38.42933071497828,2000,0.0043254888592540106,4.495579957962036,-0.0011346559213052387,5408.646560668945,145871.5988728571
527,5,101376000,9.0489501953125,0.44559376861191896,38.445102173524596,2000,0.004655654796467089,4.4878382831811905,-0.0004207397046229744,5284.914459228516,146350.22357024683
528,5,101568000,9.0833101272583,0.4474323122703936,38.45088074523179,2000,0.008455213970640522,4.475130513310432,0.0008104520266556392,5272.42399597168,144498.24349082037
529,5,101760000,9.095601081848145,0.44797919167467626,38.39311547142764,2000,0.005363366800399186,4.4709345400333405,-0.00035491039579937933,4973.196243286133,143396.49966106022
530,5,101952000,9.026442527770996,0.44438023101974977,38.42894277977757,2000,0.00494599848703365,4.4633621871471405,-0.0006779022751288721,5210.33903503418,144326.76072848873
531,5,102144000,9.042975425720215,0.44536460068896605,38.5245025207599,2000,0.004942731943844897,4.455410584807396,-0.0006524955668396615,5752.474029541016,145717.4354927406
532,5,102336000,9.064654350280762,0.4463541885615996,38.40733156601588,2000,0.005866575455816932,4.448448643088341,-0.0001089561283151852,5043.806945800781,144064.32677248272
533,5,102528000,9.106049537658691,0.4485885633172681,38.403086057088025,2000,0.004488196633028567,4.437125414609909,-0.0005352345051505836,5722.670669555664,145866.6404850704
534,5,102720000,9.224054336547852,0.4543333560486644,38.39979105124561,2000,0.005072138937636438,4.433577314019203,-0.0007949740893309354,4466.880104064941,145268.41094814093
535,5,102912000,9.147431373596191,0.4505833527928189,38.46676119750676,2000,0.005791219723410908,4.4257210195064545,-0.000496052941571179,5067.341934204102,146251.8221935194
536,5,103104000,9.077486991882324,0.44713022771126515,38.50003049786513,2000,0.004928638298617442,4.416666477918625,-0.00045199987334854086,5274.784729003906,146525.40808364944
537,5,103296000,9.081196784973145,0.4472500211856338,38.44334354205057,2000,0.004992250708305314,4.408465698361397,-0.0003415461624172167,5566.785064697266,145704.1678227161
538,5,103488000,9.063894271850586,0.4463229408756888,38.40972525098672,2000,0.00623215895606942,4.4023891389369965,-0.00021151900273252977,5617.059188842773,145501.24407614156
539,5,103680000,9.092548370361328,0.44776564888585807,38.38454056174184,2000,0.004670030751789456,4.397877931594849,-0.0006871035966469208,5600.710037231445,145423.48905636012
540,5,103872000,9.178998947143555,0.45208855851281743,38.44192474222897,2000,0.005664690989321874,4.388317108154297,-0.00011624958824540954,4935.281234741211,145318.03160411541
541,5,104064000,9.182967185974121,0.4525104360891419,38.4415399186934,2000,0.006193709338093566,4.372961923480034,-0.0006820401677032351,4777.859954833984,145419.64451822801
542,5,104256000,9.136822700500488,0.45018751748648356,38.489740627507366,2000,0.0049307780981374325,4.368368074297905,-0.0002929627436287774,5296.350326538086,145744.53401736045
543,5,104448000,9.061686515808105,0.4463333536174711,38.49736047722399,2000,0.005085485661140414,4.3608469516038895,-0.0004020712576675578,5223.056076049805,145891.9796757066
544,5,104640000,9.053115844726562,0.44573960098387033,38.487580435738586,2000,0.0049971294030353094,4.358397588133812,-0.0001112039767576789,5217.286331176758,143633.4094058874
545,5,104832000,9.072580337524414,0.44688543355005095,38.52502818002055,2000,0.0047382862162679285,4.354007422924042,-0.00022441479268309195,5319.683868408203,143442.84904218846
546,5,105024000,9.240260124206543,0.4551510621113266,38.44984206774583,2000,0.005907792159317374,4.348171800374985,-6.335896796372253e-05,4817.28564453125,145123.29000205436
547,5,105216000,9.114653587341309,0.4487656466480985,38.529344418396555,2000,0.004931170269289097,4.340542688965797,-0.00046986009874672163,5205.003921508789,144190.3559614144
548,5,105408000,9.095661163330078,0.44799481264393154,38.46941800725957,2000,0.005317441602877809,4.335174262523651,-0.0006177810056442468,5429.255401611328,146974.9475077018
549,5,105600000,9.204253196716309,0.4534635642642873,38.504422332781054,2000,0.0049696045280531245,4.324131324887276,-3.598230159695959e-05,5139.274627685547,146723.6651411123
550,5,105792000,9.11119556427002,0.4486354324338511,38.473045994450025,2000,0.004834713066268405,4.3137427270412445,-0.00021874679123357055,5200.280059814453,145652.4854169101
551,5,105984000,9.10965633392334,0.4487812708897157,38.47288926799471,2000,0.004821444250992499,4.308062970638275,-0.00024303299142047763,5275.172149658203,146624.33326632608
552,5,106176000,9.186869621276855,0.4525521073846903,38.47554943563106,2000,0.00483176542563888,4.300768747925758,-0.0008498072490965569,4724.306579589844,142038.9262486127
553,5,106368000,9.123659133911133,0.4493958545966355,38.5331814289093,2000,0.004636137992308553,4.289692759513855,-0.0009831177321757423,5076.14826965332,142884.7821316019
554,5,106560000,9.112568855285645,0.44879690050038334,38.473898418499935,2000,0.005273469737420482,4.2875650227069855,-0.00011253568936808733,4921.8629150390625,143340.60159192907
555,5,106752000,9.087363243103027,0.4475000262215569,38.51102862972766,2000,0.01100143908870329,4.274968191981316,0.001966884204193775,5274.599349975586,146316.4097409388
556,5,106944000,9.16091251373291,0.4512604375358933,38.474899174024664,2000,0.00639751074061496,4.2688130885362625,0.0004472035252547357,5153.277160644531,145519.6219410116
557,5,107136000,9.161894798278809,0.45130730648512934,38.49475211785951,2000,0.006772044656022144,4.262320786714554,0.0005849357198712823,4887.360305786133,146446.67642296996
558,5,107328000,9.18382453918457,0.45238022648542636,38.520184595739316,2000,0.0049968647492739035,4.250170007348061,-0.0003935999291115877,5190.03337097168,144966.33683001468
559,5,107520000,9.117469787597656,0.4489791863870778,38.49344782655438,2000,0.004894342920219064,4.24257156252861,-0.0002501813014532672,5161.276504516602,145545.2072161341
560,5,107712000,9.209609985351562,0.4536979344168988,38.47094506956637,2000,0.0050557320944014175,4.232556536793709,-0.0008588639839217649,5362.276306152344,145152.25960618473
561,5,107904000,9.116593360900879,0.4490885655341117,38.49583315228423,2000,0.005249026092797676,4.221176043152809,-0.0005052308945323603,5080.072555541992,142934.91593622038
562,5,108096000,9.169148445129395,0.45151564507129177,38.509315397803825,2000,0.005247434050795467,4.214330852031708,-0.0004543428094621049,4825.047927856445,145259.26319387052
563,5,108288000,9.083312034606934,0.4473854352903193,38.47984271442207,2000,0.00471209103035896,4.205772578716278,-0.00010642207416822203,5246.825408935547,143182.71499472694
564,5,108480000,9.078579902648926,0.4469531421994664,38.45910051589211,2000,0.0064061547248566095,4.1979420483112335,-0.0006101899314217007,5285.3505859375,143602.3166460883
565,5,108672000,9.144129753112793,0.45034897343854635,38.49188276659697,2000,0.006053882319790621,4.18502901494503,-0.00018386693773209117,4974.934555053711,144919.98416095055
566,5,108864000,9.093881607055664,0.4479166843242031,38.48556625594696,2000,0.005162199789910421,4.174418151378632,-0.0005588360409092274,5629.305282592773,145775.86251235756
567,5,109056000,8.947614669799805,0.44058335772448726,38.57376188909014,2000,0.004542036931132316,4.165819048881531,-0.0005962964532955084,6018.2630615234375,145482.01333820765
568,5,109248000,9.261030197143555,0.45626564823457255,38.544170287127294,2000,0.004865965792666731,4.155445605516434,-0.0006259885085455608,4988.437271118164,143670.67194454136
569,5,109440000,9.084317207336426,0.44731252546383377,38.43423320415119,2000,0.00712416862800213,4.147493064403534,0.00030445490392594365,5213.491058349609,145625.81630849716
570,5,109632000,9.095770835876465,0.4480260598181,38.53559025687476,2000,0.004330313712266311,4.140841096639633,-0.0009525334207864944,5586.227920532227,144001.96263889954
571,5,109824000,9.147686958312988,0.45055209938436747,38.5454158646365,2000,0.007325502187071835,4.135710150003433,0.0010455315241557628,5260.035995483398,145665.47115475548
572,5,110016000,9.046856880187988,0.4454114770257244,38.532733564575516,2000,0.0061587875313319565,4.133926093578339,0.00015622395540049183,5295.994979858398,144922.38146550924
573,5,110208000,9.012446403503418,0.44375523113012605,38.51273628075918,2000,0.004994081818013606,4.127299264073372,-0.0003176639547746163,6205.837310791016,145552.26516762667
574,5,110400000,9.139876365661621,0.4500104344333522,38.4272793016086,2000,0.006349061858840287,4.122791916131973,-6.538815182466351e-05,5120.954177856445,143725.39620887977
575,5,110592000,9.032491683959961,0.44484377379982715,38.56245883678397,2000,0.005783556015832192,4.116190925240517,-0.00040123444705386646,5390.934036254883,146379.651098694
576,5,110784000,9.127933502197266,0.44950001649158366,38.47102615625287,2000,0.006836228511359274,4.103125810623169,0.00013960864180262433,5346.726837158203,143523.4793362651
577,5,110976000,9.122754096984863,0.44929168850588513,38.50112983894845,2000,0.005673571277448601,4.091720148921013,-0.00033423348986616475,5576.301971435547,145506.2570546708
578,5,111168000,9.111967086791992,0.4486458574265271,38.48866448147843,2000,0.004496370931107475,4.082309514284134,-0.000491648768502273,4965.93782043457,144498.2980839693
579,5,111360000,9.010037422180176,0.4436510611491637,38.533035845806204,2000,0.005595850833672256,4.078806936740875,-0.0005618632576442906,6014.920806884766,145061.65004235203
580,5,111552000,9.017921447753906,0.44395835623678676,38.45745028369129,2000,0.0057757794980425395,4.0760874301195145,-0.00021844708726348472,5367.862167358398,144858.65358075043
581,5,111744000,9.151806831359863,0.45076043657475867,38.47588444429372,2000,0.007076716054948827,4.072874754667282,0.00035331239632796496,5548.492477416992,144825.66873633815
582,5,111936000,9.138358116149902,0.45021355907738325,38.48924958643814,2000,0.00837807503637547,4.067839488387108,0.001247435980303635,5130.319549560547,144889.97278469737
583,5,112128000,9.135773658752441,0.45010419368797255,38.55555684057375,2000,0.006702305117243672,4.056474879384041,-4.4255800332848594e-05,5220.671585083008,145066.30428448884
584,5,112320000,9.096366882324219,0.44812501773897867,38.492402155340336,2000,0.00654736954996285,4.046561494469643,-0.0003104102905808759,5429.617889404297,143926.61451620146
585,5,112512000,9.110647201538086,0.448546894370035,38.47808841179358,2000,0.005287053424777699,4.028450131416321,-0.0008212437132897321,5376.5662841796875,144941.6857699771
586,5,112704000,9.138833045959473,0.45018231322380114,38.57740219247838,2000,0.0050782775649083,4.014507964253426,-0.0008579013026519533,5933.532440185547,144708.18470933638
587,5,112896000,9.169074058532715,0.45160939687533147,38.48581105051562,2000,0.00511154977159458,4.008531525731087,-0.0002181790864597133,5344.327194213867,143825.25418668898
588,5,113088000,9.080144882202148,0.44721877474269905,38.5366251518329,2000,0.007171736146682331,3.9996536672115326,0.00019692131490955944,5699.660888671875,144960.79690104807
589,5,113280000,9.053350448608398,0.44576564527172496,38.52455491665751,2000,0.008968140448889848,3.9950509443879128,0.0008970263447736215,5339.573303222656,143847.21907578202
590,5,113472000,9.107291221618652,0.4484479382038747,38.486036804970354,2000,0.005501627199439099,3.984817437827587,5.620748817847243e-05,5489.214279174805,144026.79776989206
591,5,113664000,9.120142936706543,0.44912501899125346,38.534205121997125,2000,0.005038793087859331,3.9728192389011383,-0.0009287790701364429,5473.2506103515625,144765.62296320885
592,5,113856000,9.070221900939941,0.4465677313892229,38.49486275886496,2000,0.006604600329029688,3.9605771973729134,0.00012720512404484907,6039.2296142578125,141811.5208265624
593,5,114048000,9.108141899108887,0.44850523267996323,38.51885633046428,2000,0.005160435066985276,3.9570370838046074,-0.0006834203898620217,5480.954284667969,142463.79808317812
594,5,114240000,9.137883186340332,0.4500208541194297,38.60317233701547,2000,0.007303018731705378,3.956270657479763,0.00024474111069139326,5121.612976074219,139720.86305423288
595,5,114432000,9.223235130310059,0.45440105818609783,38.548898785064615,2000,0.005027305175220438,3.949891023337841,-0.00050459521025914,5195.787109375,145055.67465796322
596,5,114624000,9.065173149108887,0.4464791900554701,38.585211247205734,2000,0.007590009271594075,3.939991131424904,0.0007031403263795255,5776.941879272461,144834.43790692635
597,5,114816000,9.06739330291748,0.4465416891040756,38.53920087963343,2000,0.005570160029688853,3.935488738119602,-9.29198299672862e-05,6054.478500366211,143654.51176267062
598,5,115008000,9.141789436340332,0.45004689851278573,38.480098797629275,2000,0.0048936251070505615,3.9246132150292397,-0.0007875014621276932,4936.090377807617,145557.7588095843
599,5,115200000,9.204202651977539,0.45342710717704904,38.52153358111779,2000,0.005099869088318276,3.919068694114685,-0.0006573420585027634,5337.883209228516,140583.60008528296
600,5,115392000,9.16478157043457,0.4515312727126002,38.528523942145206,2000,0.0049578077745973115,3.9146158024668694,-0.00024637599926791154,5028.079391479492,142226.8310027012
601,5,115584000,9.186590194702148,0.45267189865323115,38.5300012670923,2000,0.0060590082769631445,3.9137486442923546,-0.00046584124174842145,5544.1380615234375,143106.5170389724
602,5,115776000,9.167654991149902,0.4515677322409222,38.44442640446747,2000,0.006530453997615648,3.9113186672329903,0.00023776562193233985,4946.536209106445,141049.25753785268
603,5,115968000,9.11880111694336,0.4490468991753005,38.48908416562093,2000,0.005123886963177941,3.906506024301052,4.268512930138968e-05,5365.429580688477,144126.75955678098
604,5,116160000,9.083568572998047,0.44735940094687976,38.413568337758385,2000,0.005081993376719766,3.901014730334282,-0.0004726518013740133,5576.7886962890625,142249.41346261115
605,5,116352000,9.172603607177734,0.4518489746345343,38.5242353604796,2000,0.005057714554675234,3.896560877561569,4.80374496873992e-05,5544.670501708984,143790.26636824736
606,5,116544000,9.205055236816406,0.45335418922998844,38.54396138122926,2000,0.007809991880135689,3.888239398598671,-0.00019150848584104097,4974.218963623047,145899.0486813669
607,5,116736000,9.0897216796875,0.4475833567060666,38.569958470761776,2000,0.007115572845097631,3.8789696767926216,0.0007093816029737354,5320.846328735352,143454.99217642398
608,5,116928000,9.06974983215332,0.44664064276851906,38.51042045489885,2000,0.005948127198886745,3.8705613017082214,-0.0005105608507847137,5718.828796386719,142108.4851177871
609,5,117120000,9.210081100463867,0.4538646004536228,38.516889224139355,2000,0.004828206114965726,3.867054730653763,-0.000559185953989072,5308.031661987305,144265.18631807112
610,5,117312000,9.053086280822754,0.44575522521517996,38.5259486696062,2000,0.005799694847820017,3.858674444258213,-0.00039093736495487974,5477.654891967773,141920.47909928812
611,5,117504000,9.054841041564941,0.4460729355547907,38.575975459069014,2000,0.005691535912318309,3.8498066812753677,0.00011119692848637897,5793.883239746094,143053.50081797084
612,5,117696000,9.111231803894043,0.4486771057315006,38.49928295736512,2000,0.008150044648248395,3.8433855026960373,0.0003282054494775366,5764.230667114258,144750.46264590736
613,5,117888000,9.141921997070312,0.4500989801490505,38.449844933735825,2000,0.005644980337606589,3.8430655524134636,-0.0003637028712546453,5090.870300292969,144461.52025011953
614,5,118080000,9.155729293823242,0.45107814835500903,38.45401969334731,2000,0.006607165718742182,3.8373367339372635,0.0006343931872834219,5524.237823486328,146322.72852849256
615,5,118272000,9.051278114318848,0.44575002258049307,38.403602623691164,2000,0.005537606899626554,3.8292206153273582,-0.0007200689396995585,6390.019775390625,147061.4830504925
616,5,118464000,9.126434326171875,0.4495677278403794,38.459944673503436,2000,0.004667982538104604,3.8212394416332245,-0.0007484852303605294,5388.835357666016,146173.7210480838
617,5,118656000,9.207489013671875,0.45342189655881765,38.44008473644499,2000,0.0050689233229932185,3.810246527194977,-0.0009055953123606741,5090.806976318359,145883.40342620874
618,5,118848000,9.164994239807129,0.45149480795589625,38.442097476373114,2000,0.006270017738706279,3.8005810976028442,-0.0001823951333790319,5386.948638916016,145849.45428753487
619,5,119040000,9.16139030456543,0.45136460029607406,38.338889537379146,2000,0.005844951185979878,3.7931052818894386,-5.0032032874014476e-05,5112.42692565918,146246.01481642775
620,5,119232000,9.206864356994629,0.4535833494386073,38.4305042399404,2000,0.005025408901206299,3.790772780776024,-0.00038553238482563756,4912.738143920898,144441.7319584718
621,5,119424000,9.086603164672852,0.44750523192366626,38.51061237261941,2000,0.005915612793546944,3.796553373336792,-0.0005215152168602799,5671.271667480469,144915.38633296365
622,5,119616000,9.117748260498047,0.4491250201554067,38.50012693926692,2000,0.007351343850449971,3.7919302582740784,0.0005541207995065633,5804.558120727539,142716.7501379944
623,5,119808000,9.100422859191895,0.4482968971436397,38.49777296977118,2000,0.004520232042685771,3.7822291553020477,-0.0007850139834317815,5473.133255004883,144835.23361442777
624,5,120000000,9.20974063873291,0.4535469022393954,38.42695192356283,2000,0.005667090417681417,3.7742442339658737,-0.0002979912874252477,5364.04313659668,143930.4235662962
625,5,120192000,9.09311580657959,0.4478073141532756,38.48184888406346,2000,0.005567259128991281,3.7652070745825768,-0.0002523362545616692,5620.603408813477,143523.26969872005
626,5,120384000,9.044554710388184,0.44543752152761346,38.48549139934281,2000,0.005054356743562194,3.759483017027378,-0.0003286671239948191,5529.51953125,143811.56370884072
627,5,120576000,9.148025512695312,0.4506250148054581,38.5142927756533,2000,0.006398481094967184,3.7563719153404236,0.0003861512352614227,5452.208023071289,142386.2354480608
628,5,120768000,9.071773529052734,0.44679169177591876,38.500816541413464,2000,0.007805976797186302,3.747677154839039,0.000986784902124782,5375.272064208984,143248.0249360759
629,5,120960000,9.171734809875488,0.4519427339655522,38.52636804276457,2000,0.0056216798182964975,3.7402786016464233,-0.0003396795323169499,4750.945739746094,144361.13214649365
630,5,121152000,9.129983901977539,0.4497916891341447,38.55076826053361,2000,0.007418474394187795,3.730361729860306,0.0008533946374882362,5598.2091064453125,143113.80180788614
631,5,121344000,9.138463020324707,0.45023439135608595,38.580718514199056,2000,0.005197485658563289,3.722991168498993,-0.00010120396564161638,5678.854736328125,143549.41460898853
632,5,121536000,9.126575469970703,0.44952606236499076,38.4835439316715,2000,0.0051432697782147485,3.7159996554255486,-0.00038260192741290666,5079.106399536133,142595.82550208175
633,5,121728000,9.144965171813965,0.45038544243288925,38.44519573807096,2000,0.006300786243945672,3.708883285522461,-0.00038858501147842617,5734.94140625,143972.77438706855
634,5,121920000,9.10682201385498,0.44854168303936603,38.49951488338411,2000,0.005720118971231085,3.7005472406744957,0.00016563373856115504,5408.279495239258,143898.9964321366
635,5,122112000,9.18943977355957,0.4526823168046879,38.44098357670009,2000,0.00583375810800741,3.6906891986727715,0.0003300293401480303,5621.742965698242,143519.23982408058
636,5,122304000,9.170198440551758,0.4517083525491519,38.53124609403312,2000,0.008628670295574313,3.6813399642705917,0.0009141572736552916,5366.904205322266,144807.7603860257
637,5,122496000,9.167638778686523,0.4516146071473486,38.50514436373487,2000,0.00946599951623163,3.6782681345939636,0.002079575962511626,5231.888168334961,143857.57790585092
638,5,122688000,9.171247482299805,0.45196877595481055,38.52567038374642,2000,0.00544272603188195,3.669685885310173,-0.0005399782210133708,5487.196685791016,145002.64219211388
639,5,122880000,8.924851417541504,0.4393698138149678,38.45630797557533,2000,0.005810752756098131,3.660751849412918,-8.729921773920069e-05,6027.79948425293,143949.49967387054
640,5,123072000,9.202829360961914,0.4533229338339879,38.47327703470364,2000,0.004808015572794831,3.654048815369606,-0.0005831952612425084,5136.632736206055,142945.15144311602
641,5,123264000,9.115735054016113,0.44891147739205434,38.468504171818495,2000,0.00665264775099543,3.651689551770687,-7.808514419593848e-05,5776.996994018555,146016.2318479638
642,5,123456000,9.183155059814453,0.45229689424013486,38.50346240090827,2000,0.00558611522324888,3.645238295197487,-0.0009351317776236101,5297.719512939453,145001.501993197
643,5,123648000,9.16280460357666,0.45131772936171427,38.487837283561625,2000,0.005467357587932688,3.6355652064085007,-0.0004973175019244991,5216.728759765625,144345.5384629472
644,5,123840000,9.14858627319336,0.4506666863344435,38.51516033227866,2000,0.0043597065173429025,3.61935718357563,-0.0007323988006646687,5216.065628051758,145134.367603252
645,5,124032000,9.173942565917969,0.45201564794297155,38.56930367245028,2000,0.005472340959628737,3.606552541255951,-0.00046731127531529637,5277.178482055664,143439.33419134436
646,5,124224000,9.045580863952637,0.44551043407348817,38.514539916689195,2000,0.004740259008875002,3.6013611629605293,-0.0007204028852356714,5834.052307128906,144303.68031299717
647,5,124416000,9.065950393676758,0.44648960094309587,38.516295074795686,2000,0.004530581362545492,3.5913156643509865,-0.0005945152972799406,5767.632064819336,144499.13175423522
648,5,124608000,9.170578956604004,0.4516093955632338,38.49385703448206,2000,0.0060158412560316135,3.5845565646886826,-0.00017867109522740066,5289.465744018555,144601.5914972186
649,5,124800000,9.184630393981934,0.4524218900605774,38.429649663468204,2000,0.005900537824277609,3.57204869389534,-0.0003728750252776081,5123.569793701172,144916.61661982207
650,5,124992000,9.07734489440918,0.44710939451457915,38.497764352709055,2000,0.004915650912383475,3.5595666989684105,-0.001020883701130515,6181.178176879883,143325.8776629431
651,5,125184000,9.118669509887695,0.4492343961531636,38.5475570053483,2000,0.006841898171876283,3.5512729585170746,-3.6834639104199596e-05,5359.809417724609,144164.20104039967
652,5,125376000,9.213727951049805,0.45381252380805864,38.47929373042037,2000,0.006334834741520655,3.541025832295418,7.358577568084002e-05,4841.207015991211,144990.77390145726
653,5,125568000,9.066620826721191,0.44646877002075297,38.47311710516806,2000,0.005644079982438904,3.530963823199272,0.0007553108316642465,5483.708770751953,143135.02555802607
654,5,125760000,9.062701225280762,0.44622397835943656,38.50126212524871,2000,0.008973362775209048,3.5259177833795547,0.0014314874806586886,5517.875930786133,144573.1344206749
655,5,125952000,9.244711875915527,0.455437517825582,38.54609810436765,2000,0.00652229486126453,3.521475374698639,-0.00029445195173138927,5401.815078735352,143376.49144518006
656,5,126144000,9.196767807006836,0.4529270981729496,38.47247019223869,2000,0.012197458101048449,3.5108599737286568,0.002695195347769186,4544.163803100586,144215.65453894043
657,5,126336000,9.128504753112793,0.449463566446866,38.51135704953534,2000,0.005798106387994877,3.5057189762592316,0.0005844353115946888,5189.139450073242,144470.92522778793
658,5,126528000,9.281360626220703,0.45710939774047193,38.428922487422824,2000,0.00719845270192794,3.5032402351498604,0.0003623077579391065,5015.885681152344,143215.33132651984
659,5,126720000,9.264291763305664,0.4563802322293971,38.5237236879766,2000,0.008125033454620283,3.5006448701024055,0.00039054929993653786,5154.838684082031,145292.12965442345
660,5,126912000,9.140619277954102,0.450229182665377,38.50049235330274,2000,0.005923222133676367,3.501192957162857,0.00010978541440920253,5298.88346862793,144763.74001490296
661,5,127104000,9.085063934326172,0.4474166841737315,38.519535979256034,2000,0.006837483007305613,3.4894470274448395,0.0006676178009001887,5724.066024780273,143857.49609295776
662,5,127296000,9.222099304199219,0.45432293846230704,38.54695399105549,2000,0.005146222588470362,3.48125559091568,-0.00034859572724599275,4867.04377746582,143977.03048034073
663,5,127488000,9.074524879455566,0.4468698096237252,38.50277289922815,2000,0.004698113786791511,3.471817947924137,-0.00047522409658995457,5658.905853271484,143162.25848702004
664,5,127680000,9.148405075073242,0.45047919118709007,38.53088613351186,2000,0.006052891689449703,3.465687520802021,-0.00036463551805354655,5519.747161865234,144322.4462923034
665,5,127872000,9.163049697875977,0.45130731065971,38.537539382465184,2000,0.0054684942586657945,3.4645354971289635,-0.00030193828206392936,5383.527420043945,144028.71647950463
666,5,128064000,9.139161109924316,0.45002085196150193,38.55022738004724,2000,0.007105315138973917,3.459531433880329,0.0004692264952836922,6076.160186767578,144306.6668200135
667,5,128256000,9.232583045959473,0.454713564518291,38.508338542965554,2000,0.006448480055691715,3.446957752108574,-0.00023911174866952933,4964.602432250977,144547.63965767346
668,5,128448000,9.143782615661621,0.4503073139336872,38.47844654818376,2000,0.005382815944380129,3.435488350689411,-4.843685195510261e-05,5156.720458984375,143111.97790491884
669,5,128640000,9.200173377990723,0.4530625238160913,38.484790520121656,2000,0.006434065232460852,3.4264200776815414,0.0005343734112557286,4721.898971557617,143933.11593534506
670,5,128832000,9.088314056396484,0.44739064705390774,38.54112914421906,2000,0.0066722844694159025,3.416296072304249,-7.871328125474975e-05,5489.59538269043,146191.44658718572
671,5,129024000,9.152257919311523,0.4506979433669282,38.51994410778085,2000,0.010311883359041533,3.4107001572847366,0.002123044996551471,5606.372817993164,145098.98720091535
672,5,129216000,9.16747760772705,0.4515000208787872,38.54334577320454,2000,0.00785774520193809,3.4065831154584885,0.0007527432089773356,5199.1820068359375,145837.6916742575
673,5,129408000,9.193289756774902,0.4529375250076555,38.51563756509373,2000,0.008558310527082842,3.401597484946251,0.0017399033104084083,4876.003204345703,143860.05800686244
674,5,129600000,9.15639591217041,0.4508854388689845,38.437769608106464,2000,0.007072737318871078,3.3919518291950226,0.00028441525614653074,5385.075729370117,145725.127539309
675,5,129792000,9.159940719604492,0.45106773196979094,38.51660378463566,2000,0.006499935598335775,3.3882522732019424,7.306335851353651e-05,5345.081832885742,145483.22394745616
676,5,129984000,9.136451721191406,0.44991669141503127,38.49902691020785,2000,0.007639300604816525,3.3892619907855988,0.0003317775256164168,5214.735763549805,145143.77525970916
677,5,130176000,9.082530975341797,0.4473541870623497,38.57052709658941,2000,0.004831404103072902,3.3883497938513756,-0.0008863713001119322,5911.739181518555,144944.747764371
678,5,130368000,9.07947826385498,0.4473541928249081,38.5633627983431,2000,0.004986021242361555,3.3849368765950203,-0.0009882850827125367,6261.082183837891,144030.57506298771
679,5,130560000,9.220991134643555,0.454296896183223,38.50553012173623,2000,0.005296885421489907,3.3786127120256424,-0.00045618620424647816,5293.792282104492,145867.6637840039
680,5,130752000,9.226235389709473,0.45439064849051647,38.47803930852873,2000,0.006053699988347948,3.3700484931468964,-0.0003625734926657742,5709.159088134766,145188.79474234887
681,5,130944000,9.127325057983398,0.4495677338497141,38.528619388021376,2000,0.0051349278925238995,3.357935033738613,-0.00026122886993107386,5175.832443237305,145687.15044174757
682,5,131136000,9.173348426818848,0.45174481677289197,38.522388770865895,2000,0.005641250317790156,3.349274307489395,-0.0006464763453095657,4836.33430480957,145129.38109738092
683,5,131328000,9.22529411315918,0.45447918743775517,38.47459927981254,2000,0.006971667439424588,3.3423870727419853,0.00014652331674369634,5046.304672241211,143558.77569242433
684,5,131520000,9.05838680267334,0.4463073120962993,38.57460651546717,2000,0.007053373999253383,3.336253449320793,0.0002274329017382115,5704.046646118164,145305.4938298904
685,5,131712000,9.06515121459961,0.44647918802850955,38.554958018784724,2000,0.005354689017209847,3.336120627820492,-0.00047909372551657725,5745.66130065918,145153.1803991628
686,5,131904000,9.133430480957031,0.4497968979661285,38.518577178474516,2000,0.005735485073644665,3.3297962471842766,-0.0009953651499472471,5287.373336791992,145155.6433714788
687,5,132096000,9.137446403503418,0.4501302267126448,38.536857706184186,2000,0.00529247423641694,3.319690242409706,-0.0001646928685659077,5914.403915405273,145783.84077937168
688,5,132288000,9.236056327819824,0.45507814776222705,38.54945336872091,2000,0.006153700809722065,3.312123477458954,-0.000442058169937809,5315.809539794922,145899.8243111606
689,5,132480000,9.072781562805176,0.4467031502026657,38.4671991734455,2000,0.006633953671009898,3.308173291385174,-3.484985518298345e-05,5814.204986572266,144119.07846166013
690,5,132672000,9.148509979248047,0.45057293784460245,38.51501315078834,2000,0.008045035916302977,3.3007848039269447,0.0004382802489999449,5783.199966430664,145014.11911766004
691,5,132864000,9.184392929077148,0.45230731091821025,38.40906393093368,2000,0.004815095834531047,3.2959430515766144,-0.00043547080849748454,5353.544509887695,144317.52659096674
692,5,133056000,9.069721221923828,0.4465781377269498,38.50010083755478,2000,0.0048240553747358125,3.2901517003774643,-0.00040862411333364435,6137.457092285156,144781.6754675686
693,5,133248000,9.11706829071045,0.44907815099819953,38.625067853058376,2000,0.006253155237427567,3.281908430159092,-8.333763918244586e-05,5761.071197509766,143314.1150543539
694,5,133440000,9.102205276489258,0.4483177263609832,38.48447447487464,2000,0.011192611161386597,3.2763995975255966,0.0020470142894737364,5565.546127319336,143854.66061533906
695,5,133632000,9.18301010131836,0.45215106165475544,38.45279489830136,2000,0.02052308325547103,3.275271564722061,0.007278656710695941,5052.248962402344,151083.78858027337
696,5,133824000,9.249446868896484,0.45557815214730607,38.56086388230324,2000,0.006951693225535564,3.2764499559998512,0.000278819163895605,4785.766738891602,143654.97221832958
697,5,134016000,9.113067626953125,0.4487916887968216,38.468410007966064,2000,0.0067988658783385,3.2747276797890663,0.00011458021447197098,5743.4949951171875,144049.30163039133
698,5,134208000,9.093964576721191,0.44776043690702255,38.5371199157089,2000,0.006749547487629265,3.2696491181850433,0.00042880191085714614,5261.017837524414,143834.9780943833
699,5,134400000,9.146461486816406,0.4505416874393025,38.555592557337754,2000,0.006346223062922943,3.2593216076493263,-0.0002347516729059862,5360.75830078125,145336.9031611297
700,5,134592000,9.018742561340332,0.4439583529995919,38.50927287662247,2000,0.007101708566847567,3.25302916765213,0.0004419224987941561,5529.727432250977,144958.98165115982
701,5,134784000,9.16683578491211,0.4514583518096818,38.55415526715418,2000,0.006575087386862528,3.246688947081566,5.1855181141036155e-05,4969.695022583008,145712.03396117987
702,5,134976000,9.130698204040527,0.44984377296229167,38.51830125413835,2000,0.005913514052789351,3.240536741912365,-0.00034231387689942494,5549.301315307617,145396.9323622146
703,5,135168000,9.10960578918457,0.448796895695826,38.489394564181566,2000,0.006974210186919662,3.2377951443195343,0.00020364678312034812,5654.51708984375,143613.11846840894
704,5,135360000,9.243304252624512,0.4554271036874222,38.54946298804134,2000,0.005674726897132741,3.2360461950302124,-0.0007002831080171745,5082.833892822266,145852.02891868554
705,5,135552000,9.122318267822266,0.44921356192814227,38.5236667736123,2000,0.005824886086270756,3.225087583065033,-0.00013279093377605022,5592.088088989258,145668.6049165929
706,5,135744000,9.226876258850098,0.4545468999149307,38.573724163895044,2000,0.005954261528716115,3.217521421611309,-0.0008017931245376531,4762.494445800781,145458.203177263
707,5,135936000,9.240865707397461,0.45523439573723107,38.55127510024855,2000,0.006647110335082591,3.2155442386865616,0.00013276129357109312,5490.460296630859,144392.7840756664
708,5,136128000,9.200481414794922,0.45318231315529073,38.53813158922518,2000,0.006704782450843293,3.2135743275284767,0.0002191918981679919,5655.554504394531,142888.7831519851
709,5,136320000,9.155613899230957,0.4510885617207047,38.51450287923217,2000,0.004517289677382602,3.20931039750576,-0.0007044119884085376,5498.516326904297,145470.60893728008
710,5,136512000,9.161307334899902,0.45132294390471844,38.56910275326421,2000,0.004888998967871885,3.2008342668414116,-0.0005037528155753535,5113.907730102539,145739.39343111822
711,5,136704000,9.225044250488281,0.45433856632371317,38.50186640235673,2000,0.005416329108508457,3.1932198479771614,-0.0001621752668370391,4954.157287597656,144054.33783680716
712,5,136896000,9.110540390014648,0.4487083534058911,38.54156520155569,2000,0.006041292618911634,3.187169775366783,-0.00029296736011019675,5230.358856201172,144360.76158739085
713,5,137088000,9.2728271484375,0.4568385714604422,38.533214858422674,2000,0.0067678460313763955,3.178181931376457,0.000282984130535624,5105.41242980957,144164.52924521986
714,5,137280000,9.110108375549316,0.4485052259612227,38.47040493351718,2000,0.0061766357093777854,3.172679156064987,0.00011920277756871656,5882.568618774414,145187.71188971715
715,5,137472000,9.169026374816895,0.45163022820573434,38.48736926930724,2000,0.00615459453422712,3.172000363469124,-0.0004635490176951862,5197.324981689453,144191.0249554033
716,5,137664000,9.147533416748047,0.4505208505336971,38.511085661458004,2000,0.007955861083775141,3.166312962770462,0.0008692673400219064,5665.836273193359,145009.41357484722
717,5,137856000,9.105916976928711,0.44842189564102836,38.50853441861303,2000,0.006689831102800477,3.1596472561359406,0.00024989231269501033,5541.198104858398,145104.00923448565
718,5,138048000,9.189443588256836,0.45270314566429687,38.46525346611937,2000,0.006769467455761818,3.155543841421604,0.000346900821455165,5679.430938720703,144985.39917267233
719,5,138240000,9.189809799194336,0.45257814897801535,38.47409284984072,2000,0.006221107781108001,3.1496451795101166,-0.00011958536924794316,5488.113143920898,145271.88202180804
720,5,138432000,9.117537498474121,0.44897397800802236,38.53353732607017,2000,0.005905619031846679,3.140026345849037,-0.00040098449562719907,5937.148696899414,143630.0605643394
721,5,138624000,9.133526802062988,0.44980731229952653,38.52808673493564,2000,0.0059190750604611805,3.13664823025465,-0.0008325182485577898,5375.431915283203,144561.13475500446
722,5,138816000,9.141092300415039,0.45009377118609945,38.46908259841924,2000,0.005337296460696965,3.133016347885132,-0.00029221344220786705,5672.9407958984375,144960.8257948913
723,5,139008000,9.194425582885742,0.4530521087611608,38.50559829097862,2000,0.0073909088912187185,3.1272785738110542,0.00012054645549142151,4954.707763671875,144940.66852745114
724,5,139200000,9.118929862976074,0.4492031447019447,38.51318480175299,2000,0.006520836478002216,3.123381480574608,0.00040431969182463945,5762.733657836914,144755.19920359176
725,5,139392000,9.121036529541016,0.44927605982350843,38.53958922453845,2000,0.005895017802928733,3.1216715797781944,-0.0004150742215642822,5268.942718505859,143824.76031733555
726,5,139584000,9.175080299377441,0.45185418576390174,38.518287795828655,2000,0.006038400040609605,3.116457961499691,-0.0003257721048157691,5539.1890869140625,144973.16940246106
727,5,139776000,9.112791061401367,0.4488437777326908,38.46036051865667,2000,0.007136907792087491,3.1122639551758766,0.00014396895949175814,5489.318298339844,143935.7956738939
728,5,139968000,9.23172664642334,0.454640651052614,38.468683672448,2000,0.006717693092243279,3.106713131070137,-5.3500388048632885e-06,5205.596984863281,145051.668837134
729,5,140160000,9.184309005737305,0.45243752015691524,38.48096161126159,2000,0.007674705902541365,3.099480465054512,4.61867093690671e-05,5380.981292724609,145944.66811718757
730,5,140352000,9.135574340820312,0.4501250182923589,38.50868376996368,2000,0.005857730005770764,3.097697339951992,-0.0002519706135899469,5374.249130249023,145499.65067610392
731,5,140544000,9.213418006896973,0.45382814704741276,38.47859006701037,2000,0.005718619799551863,3.094845272600651,-0.00023597486961079994,5268.38493347168,144740.4456582427
732,5,140736000,9.199759483337402,0.45332814393320103,38.5241922326386,2000,0.006904738728888332,3.090304046869278,5.20390012752614e-05,5415.0499267578125,143854.78919897383
733,5,140928000,9.248502731323242,0.4555781412551975,38.548493879071124,2000,0.00801308827820079,3.0893978625535965,6.097670666349586e-05,5249.368545532227,144631.1391232736
734,5,141120000,9.203359603881836,0.4534687706848975,38.5644812018921,2000,0.009671358375635465,3.0867011323571205,0.001080897787687718,5149.117294311523,145543.9943677794
735,5,141312000,9.288619995117188,0.45767710355236585,38.48617038790447,2000,0.005982213647919711,3.07918019592762,-0.00010065146739179909,5308.775650024414,144858.20963955476
736,5,141504000,9.243192672729492,0.45538544158262084,38.4777849111706,2000,0.005912876157206481,3.076490007340908,-0.0005646710959581469,4916.619598388672,144969.54095977772
737,5,141696000,9.15068244934082,0.450802104974476,38.52087121363729,2000,0.008435063968334967,3.07099612057209,0.0015604637610522332,5340.905426025391,143703.07872329454
738,5,141888000,9.259159088134766,0.456166688286127,38.4892516147811,2000,0.0058958623952203235,3.0663494616746902,-0.0004630091443686979,5282.663360595703,145925.2120820843
739,5,142080000,9.081239700317383,0.44732293162754405,38.50236598231519,2000,0.004693668337512162,3.0619116723537445,-0.0005203267974138726,5639.092880249023,145343.5754145038
740,5,142272000,9.111095428466797,0.4488958525920073,38.53633761281768,2000,0.005187326430808756,3.054514095187187,-0.00038254273101756553,5880.219451904297,144747.30769818788
741,5,142464000,9.158909797668457,0.451255228041191,38.52494244246433,2000,0.005267284622144264,3.0449004471302032,-0.0002868596602638718,5719.002304077148,145823.9988395636
742,5,142656000,9.118037223815918,0.4490208518309373,38.53263837471604,2000,0.005522434781615931,3.043089270591736,-0.00011166826470798696,5734.425247192383,145516.91168661197
743,5,142848000,9.17628288269043,0.45203126751403033,38.47426707918445,2000,0.004714042370607789,3.0395966842770576,-0.0005623968618237996,5364.024871826172,144938.86012801112
744,5,143040000,9.074420928955078,0.4469948105252115,38.56557213483999,2000,0.006936779018268377,3.030922181904316,0.0005629722109006252,5536.110488891602,145400.35914579174
745,5,143232000,9.236573219299316,0.4550416909314663,38.538970828056335,2000,0.007918236246216112,3.0270042791962624,0.0006086323483032174,5288.872283935547,143614.01682664824
746,5,143424000,9.034418106079102,0.44467189505303395,38.462416455401886,2000,0.00591693805520966,3.022443138062954,-5.151701361683081e-05,5928.282974243164,145481.78890577372
747,5,143616000,9.138873100280762,0.4501093962377733,38.547682739173375,2000,0.00613358960009646,3.018631711602211,7.134134921216173e-05,5489.686462402344,143974.61274353147
748,5,143808000,9.239601135253906,0.4551093992261788,38.49548049595129,2000,0.0062072336460502545,3.0130457505583763,-0.00016692182816768764,5162.571762084961,143770.56571965944
749,5,144000000,9.232162475585938,0.4548385621462027,38.525358717267714,2000,0.0064584758753577845,3.006572410464287,2.3488922067826934e-05,5852.61376953125,144340.9067003571
750,5,144192000,9.190781593322754,0.4527760638284235,38.54203872630993,2000,0.005776290946853502,3.001380145549774,-0.0004891785551990324,5198.096740722656,143271.0203230218
751,5,144384000,9.096538543701172,0.448072941296535,38.55475270189345,2000,0.005621133038133851,2.995351679623127,-0.00040273156946568633,6048.826126098633,144260.680348918
752,5,144576000,9.167655944824219,0.4514948115944814,38.47557302766169,2000,0.007292424436949663,2.991410844027996,0.000738111272767128,5796.347244262695,144411.76679327854
753,5,144768000,9.152653694152832,0.45086460419467284,38.48072923347354,2000,0.005431357713978895,2.987110786139965,-0.0008454059611722187,5413.447113037109,144924.39882939408
754,5,144960000,9.231058120727539,0.4548385652227201,38.53182723311087,2000,0.004910502535669367,2.979312375187874,-0.0005451963402265392,5051.298782348633,143608.91426158624
755,5,145152000,9.242498397827148,0.4552500194161742,38.523299738464026,2000,0.005585964768111205,2.972495384514332,-0.0009976316559914267,5075.962493896484,143306.06681320028
756,5,145344000,9.148868560791016,0.4505625231734787,38.54283800096406,2000,0.006525224582515268,2.965597875416279,-0.0003632378834481642,4957.110504150391,144570.18052818798
757,5,145536000,9.068695068359375,0.44641668955834274,38.48591793458521,2000,0.004946987164798584,2.960464261472225,-0.0004906288122583646,6110.947067260742,145081.41978411374
758,5,145728000,9.175870895385742,0.4520312727260413,38.55035655386746,2000,0.006506233232445084,2.953318729996681,-0.00030211622561182594,5329.046142578125,144447.812919761
759,5,145920000,9.159818649291992,0.4510260614830865,38.45740186267843,2000,0.007324674974079244,2.946549355983734,0.00019069241625402356,5528.408905029297,146072.64021250897
760,5,146112000,9.009773254394531,0.44346876910033944,38.47422067665806,2000,0.0076386702641514925,2.9396218061447144,0.00024366926845686976,5938.926208496094,143899.72538268333
761,5,146304000,9.114007949829102,0.4488020993940154,38.546470928471535,2000,0.0056188792622803435,2.9326502457261086,-0.0006857696596398455,5684.881744384766,145482.3225463113
762,5,146496000,9.244961738586426,0.45546356479583966,38.480081582441926,2000,0.0061811631625217495,2.923370212316513,-0.00016552537454117555,5113.623794555664,143888.4634178316
763,5,146688000,9.231521606445312,0.45492189825017704,38.49674829064558,2000,0.0064486102584244975,2.91865261644125,-0.0005254273970649592,5323.127853393555,145914.91308371964
764,5,146880000,9.256564140319824,0.45607814878227754,38.58138878457248,2000,0.007053317548066845,2.9128265157341957,0.000577425044696156,5249.809463500977,145074.9319485332
765,5,147072000,9.058783531188965,0.4462500254509602,38.572275280331574,2000,0.007021229136133719,2.910650998353958,0.0005804172778880456,5458.853561401367,146250.12463913683
766,5,147264000,9.163172721862793,0.4513437760033412,38.548346661031246,2000,0.007849172885199852,2.907425135374069,-5.90724048379343e-05,6277.50764465332,144789.47158069102
767,5,147456000,9.208499908447266,0.4538177262341681,38.52155192320546,2000,0.005991951328120193,2.9002930968999863,-0.00036591631055671314,5452.229766845703,146019.78550219475
768,5,147648000,9.157856941223145,0.4511198097570741,38.5673012326782,2000,0.0073446936763648385,2.892214573919773,0.0004830550690257951,4815.272750854492,145882.11055810974
769,5,147840000,9.245064735412598,0.45535939556611993,38.459803098036595,2000,0.005137921022891533,2.8898771330714226,-0.0005860015115786155,5272.612548828125,145679.79710020946
770,5,148032000,9.178590774536133,0.452036482379602,38.53853243651489,2000,0.0057631812611410455,2.8834475949406624,-7.93670091070453e-05,5113.567886352539,145428.0403124865
771,5,148224000,9.151371955871582,0.4508125237286246,38.5047118132934,2000,0.007887650699975587,2.8744967356324196,0.0004486308423565788,5293.935577392578,146170.8127768239
772,5,148416000,9.155964851379395,0.4508750165314268,38.48134605788315,2000,0.006634138530663525,2.867309547960758,-0.0004089881435902498,5349.549163818359,145868.52663125424
773,5,148608000,9.147037506103516,0.45064064694997796,38.562945034975805,2000,0.0064124236317196215,2.864745073020458,-0.0005177586954232538,5137.449066162109,146519.58868625038
774,5,148800000,9.10158920288086,0.4481562728184751,38.4757915425968,2000,0.005129044789384356,2.8597389236092567,-0.00031913852308207424,5597.201965332031,145202.46517550483
775,5,148992000,9.226346969604492,0.45447397555411345,38.52779953368008,2000,0.007405132863389251,2.850162222981453,0.0006807669481077028,5152.767974853516,147143.25700208466
776,5,149184000,9.190803527832031,0.4527968965218558,38.53688374708872,2000,0.006351174135595404,2.8471595719456673,0.00021645853325935605,4702.348968505859,145547.315109871
777,5,149376000,9.122597694396973,0.44933856030426494,38.50740170196999,2000,0.008250748711269504,2.842745862901211,0.0005307496683144564,5660.13117980957,146595.6893897718
778,5,149568000,9.244119644165039,0.4554479389444168,38.56200756505132,2000,0.00882082250566843,2.840344898402691,0.0002224882337031886,4959.088226318359,145467.0450403411
779,5,149760000,9.217674255371094,0.4540729372632389,38.55275543468694,2000,0.007826812164780372,2.8394815921783447,0.0010444248715089088,5136.564559936523,146443.24760812105
780,5,149952000,9.197660446166992,0.4530521050437528,38.58863231663903,2000,0.006555893274839034,2.840468466281891,0.0008666917974551325,5660.936920166016,145450.81662550176
781,5,150144000,9.077305793762207,0.4469791894098307,38.55665739222119,2000,0.006293427437815503,2.838682137429714,4.674094907386461e-05,5609.173034667969,147009.0217440984
782,5,150336000,9.235044479370117,0.4550260670548596,38.462919153893985,2000,0.006154619686014488,2.837972603738308,-0.0002823908034770284,5236.016876220703,145182.41421949255
783,5,150528000,9.146556854248047,0.4505208495532618,38.502215209649876,2000,0.005925641044760899,2.8358958959579468,-0.0009759974273038097,5189.238525390625,146578.63748416447
784,5,150720000,9.105751037597656,0.44845835812096385,38.56371951599916,2000,0.005727795844965536,2.8368576914072037,-0.00047569721027684864,6131.359176635742,145118.97519563392
785,5,150912000,9.21235179901123,0.4538125155831949,38.452898973599076,2000,0.009327439779939599,2.8312927410006523,0.0009347807736048708,5378.095458984375,146069.3255731415
786,5,151104000,9.189373970031738,0.45267710957098944,38.50944811579151,2000,0.005340420463238842,2.8255885541439056,-0.00014814160840614932,5061.402160644531,145228.08678909048
787,5,151296000,9.207344055175781,0.4534427284791794,38.51767163638336,2000,0.005658624428052768,2.819717600941658,-0.0004528531881078379,5424.677291870117,146160.80854524684
788,5,151488000,9.18023681640625,0.4521823116471448,38.54899897364279,2000,0.005983472792092166,2.8137871399521828,-0.0006780914523005777,5812.553070068359,144204.66582244931
789,5,151680000,9.205669403076172,0.45351043355124904,38.489289989306904,2000,0.0068495611833641334,2.8101543337106705,3.750902340016182e-05,5122.4447021484375,145641.17767330367
790,5,151872000,9.283164024353027,0.4573646078448898,38.500203529683255,2000,0.007296699076813337,2.811819866299629,0.0005852459185007319,4950.301376342773,146304.17146432732
791,5,152064000,9.300016403198242,0.45830210833082674,38.490436209520944,2000,0.006053224292525555,2.808535508811474,6.419360715881339e-05,5105.025451660156,145157.0216146568
792,5,152256000,9.156874656677246,0.45101043924417655,38.46600476652384,2000,0.008399563239664225,2.8016229569911957,0.001311789525743734,5333.145446777344,145092.89887672447
793,5,152448000,9.095172882080078,0.44800522574769275,38.46684353674451,2000,0.007307429451437204,2.7933704257011414,0.000277488567007822,5458.182434082031,146046.5064674097
794,5,152640000,8.980366706848145,0.44219793799311446,38.527462974501155,2000,0.006114933640114034,2.7836381271481514,-0.00030603882044033526,6312.911804199219,145756.71790221042
795,5,152832000,9.119568824768066,0.4490781461833346,38.517774430317026,2000,0.0062324002865643685,2.7760885283350945,-0.0002786048371490324,5963.640472412109,144118.78356603833
796,5,153024000,9.200450897216797,0.45329168737346964,38.567802960673966,2000,0.006237154746156499,2.7727620378136635,-0.0006636852599513077,5433.4532470703125,145833.65683984372
797,5,153216000,9.212827682495117,0.45378127035110083,38.47364911561211,2000,0.005968763702655755,2.7700084522366524,-0.0003031009415508379,5078.030364990234,145352.97136620933
798,5,153408000,9.11929702758789,0.44920314506452996,38.5529546920831,2000,0.006140555073478028,2.7676144912838936,-0.0003395776952856977,5542.659317016602,146282.48782365033
799,5,153600000,9.173008918762207,0.45184376934412285,38.56952406962713,2000,0.00617962437514992,2.7610283941030502,-0.00033115146834461484,5262.187042236328,145611.20524232878
800,5,153792000,9.149468421936035,0.450656269161603,38.48422826857617,2000,0.004950101603438575,2.753295376896858,-0.0005161307026355644,5675.750823974609,144379.0517861809
801,5,153984000,9.172676086425781,0.4520104412786168,38.53380726091564,2000,0.006606203391856982,2.742713637650013,-0.000431595526606543,5858.389785766602,145862.2377029452
802,5,154176000,9.192268371582031,0.452932311776749,38.484110383316875,2000,0.005890860640278939,2.738333821296692,-0.0003772190275412868,5570.945114135742,144465.0902632534
803,5,154368000,9.176998138427734,0.4520625255372579,38.53141928308954,2000,0.005873033189496106,2.7314333841204643,-0.0002054380793197197,5393.307281494141,144738.8592748543
804,5,154560000,9.180365562438965,0.45226043784775055,38.55464220792055,2000,0.005247576928445297,2.7275299578905106,-0.00031760606543684844,5280.652435302734,146249.18296741162
805,5,154752000,9.15046215057373,0.45062502099972335,38.466571832696594,2000,0.006878593261790231,2.7194505855441093,0.0003173877895505939,5696.324447631836,146383.50114039838
806,5,154944000,9.233829498291016,0.45492189607709105,38.4922731515641,2000,0.008690411191647096,2.7116527259349823,0.000655394143450394,5203.7281494140625,145361.37134612558
807,5,155136000,9.016425132751465,0.44402606585329824,38.56788808107376,2000,0.005526985929725926,2.70871414989233,0.00012712079114862718,5822.324371337891,145571.07940324355
808,5,155328000,9.143569946289062,0.45014585831146786,38.44486826378852,2000,0.005851724836897727,2.7052275985479355,-0.00042205003319395473,5574.379989624023,146380.9924167474
809,5,155520000,9.163392066955566,0.4512552324558783,38.47384085459635,2000,0.006554042017271666,2.700459837913513,-0.0001476491252105916,5330.047103881836,144559.9871170063
810,5,155712000,9.187681198120117,0.4525000203690676,38.484641779214144,2000,0.007237590496699947,2.692095212638378,-0.00012441422677511582,5370.445953369141,145317.15237978374
811,5,155904000,9.198805809020996,0.4530989777085779,38.552538396790624,2000,0.0073793107882957,2.6846434473991394,0.0004488153899728786,5306.205429077148,145323.72085933157
812,5,156096000,9.166138648986816,0.45143751917081926,38.49351567681879,2000,0.006250773898830331,2.6776676923036575,0.00013439034819384688,5660.409027099609,145665.2558756858
813,5,156288000,9.093902587890625,0.44788543343990267,38.50875875803953,2000,0.008153480231529099,2.671969451010227,0.0012255159559231288,5504.260513305664,144803.1573376928
814,5,156480000,9.1628999710083,0.4512968957666696,38.453215818386525,2000,0.006096808211518999,2.670456148684025,-0.00037751039781142026,5364.175994873047,145107.08467253295
815,5,156672000,9.154857635498047,0.4508958580863691,38.48496926172326,2000,0.007817982979933732,2.66593736410141,0.0005640148007159951,5537.95149230957,146109.7579481297
816,5,156864000,9.212374687194824,0.4538698163190323,38.479551263386384,2000,0.007261433914536611,2.662993587553501,0.0002664561061465065,5241.284515380859,144577.26256559257
817,5,157056000,9.310734748840332,0.45883335402383335,38.5169303988417,2000,0.007101487772810895,2.6594738364219666,0.0002233867814993573,4801.852355957031,144378.96949283266
818,5,157248000,9.295936584472656,0.45819272864415933,38.5063783020402,2000,0.005796703824424189,2.650019809603691,-7.080399882397614e-06,4843.818603515625,142757.63154781453
819,5,157440000,9.307588577270508,0.4585312708240963,38.41916234232485,2000,0.005620553214743265,2.6453951820731163,-6.633883276663255e-05,4914.372116088867,144545.50077175102
820,5,157632000,9.174039840698242,0.45171876711780595,38.486258807592094,2000,0.004859083302348154,2.6391835063695908,-0.0004403039342832926,5646.13493347168,144577.12310257036
821,5,157824000,9.030095100402832,0.4447187694574192,38.5496253905197,2000,0.007013240115620038,2.634029157459736,0.0006977209422984743,5712.9310302734375,144879.02406906296
822,5,158016000,9.19566822052002,0.4530052272093599,38.493936775523856,2000,0.007398067507698822,2.630286328494549,-0.00019635008720797487,4923.103530883789,144687.0510184676
823,5,158208000,9.122804641723633,0.4493594026923044,38.52083834446967,2000,0.006367670311243273,2.628373794257641,-0.0004540516051747545,5760.6317138671875,143703.02720228577
824,5,158400000,9.049455642700195,0.44568751750133134,38.52209586029252,2000,0.005339851646916943,2.6277221888303757,-0.0007808895775269775,5829.00227355957,144587.56936016673
825,5,158592000,9.27747631072998,0.45722919131003437,38.49951264169067,2000,0.007027919376055555,2.6251162737607956,0.0005555667016778898,4797.64094543457,144605.1708331154
826,5,158784000,9.22585678100586,0.45446356037912966,38.497333492462836,2000,0.006600319376254146,2.6254437938332558,-8.312489080708474e-05,5503.243087768555,144455.4179159891
827,5,158976000,9.135344505310059,0.44989585444879293,38.556566605344415,2000,0.006243450911288771,2.6183310598134995,-0.0008071287738857791,5345.183746337891,145183.56242543002
828,5,159168000,9.184078216552734,0.4524427306423604,38.481375738978386,2000,0.005338388417362394,2.6132654920220375,-0.0007452370614373649,5677.663192749023,142575.79466692515
829,5,159360000,9.251906394958496,0.4558489818058054,38.455420837000325,2000,0.006587692080861116,2.6024400517344475,-0.0002609652783576166,5583.558822631836,143735.50916290388
830,5,159552000,9.191388130187988,0.4527500164240337,38.50062122826542,2000,0.0058411149038778,2.5945870503783226,-0.0004957551416282513,5272.130783081055,144848.50993221212
831,5,159744000,9.212121963500977,0.4538541881902347,38.5040374500677,2000,0.007531002847846441,2.5890281721949577,4.500714203459211e-05,5232.5738525390625,145032.12478047042
832,5,159936000,9.191485404968262,0.4528802353415813,38.51874748143988,2000,0.009545036291005088,2.585360161960125,0.0013028957937422092,4973.2054443359375,145832.97130128794
833,5,160128000,9.121575355529785,0.44946876902819594,38.527187290911876,2000,0.006850074362048569,2.579221837222576,0.0006446590914492845,6121.800994873047,144281.9419558743
834,5,160320000,9.24846076965332,0.45567710363199393,38.50793729287883,2000,0.00688666962351029,2.57846699655056,2.6093341375599266e-05,5165.576309204102,144117.29894320056
835,5,160512000,9.214714050292969,0.4538333568404293,38.475661982782185,2000,0.006316286227064365,2.573340766131878,-0.0003463774628471583,5092.580291748047,144198.97710709547
836,5,160704000,9.334185600280762,0.45999482068267145,38.56071877852082,2000,0.007102316218699951,2.565600670874119,0.00042610188938851934,4891.447738647461,144189.604571408
837,5,160896000,9.11301040649414,0.4489583548596177,38.54229802514116,2000,0.005622100966837025,2.5647717714309692,-0.00040265108472681277,5633.226287841797,145521.61041380902
838,5,161088000,9.171205520629883,0.4518385628549974,38.512022375827655,2000,0.005671893003275426,2.5619935020804405,-0.000461940849390885,5754.0555419921875,143972.41974126844
839,5,161280000,9.072724342346191,0.4467708529058048,38.49094325490296,2000,0.005226771548749336,2.5563080608844757,-0.0006470828730016365,5648.956695556641,145117.6252043214
840,5,161472000,9.269353866577148,0.45655210423865356,38.48680558206979,2000,0.006850545963165741,2.5481870993971825,0.00018061609898722963,5098.289123535156,145885.9573090304
841,5,161664000,9.122729301452637,0.44929689871484396,38.49947665057456,2000,0.00662648477979625,2.54538232088089,0.0002506569790057256,5409.72444152832,144941.82516658018
842,5,161856000,9.178169250488281,0.4520885636757157,38.46157031438391,2000,0.005697267125729315,2.5478937327861786,-0.0006286997995630372,5520.296829223633,145224.09077807522
843,5,162048000,9.225382804870605,0.4546771068592837,38.524051058106124,2000,0.005881346109750059,2.5428550988435745,-0.0007753970612611738,5554.526153564453,144146.64311913843
844,5,162240000,9.199583053588867,0.453250016281648,38.465893459816776,2000,0.0085453145235612,2.5377493426203728,0.0008969216378318379,5434.851119995117,145521.28471273166
845,5,162432000,9.283390998840332,0.4575208522534619,38.55925056276222,2000,0.0067096467529966786,2.536697030067444,0.0005145603672644938,5524.315093994141,144155.77043867132
846,5,162624000,9.194182395935059,0.45321356172401767,38.5333896757414,2000,0.007349472082860305,2.535845637321472,0.0002459144534441293,5544.806564331055,144563.31557083112
847,5,162816000,9.24811840057373,0.4557187736997245,38.52156177473565,2000,0.0059581151130648005,2.52580476552248,-0.0005871089248330463,5230.461669921875,145053.0512460525
848,5,163008000,9.152836799621582,0.4508802240852674,38.451907391756926,2000,0.005665228423507265,2.516399919986725,-0.00011851183990074787,5349.203186035156,143581.9040329321
849,5,163200000,9.194153785705566,0.45287501938219066,38.44872382717828,2000,0.0051974939482558186,2.512571841478348,-0.0009013151020553778,5587.633239746094,144059.94727100202
850,5,163392000,9.133967399597168,0.4498750255139991,38.509743384706475,2000,0.00777982022878132,2.5062159448862076,0.0001681278035903233,5456.634963989258,143260.07920421602
851,5,163584000,9.11363410949707,0.4488489842242416,38.416754350066185,2000,0.006329601425871564,2.4995659068226814,-0.00033404887608412537,5468.448532104492,144523.57255512904
852,5,163776000,9.202916145324707,0.45332293824624986,38.55165124094734,2000,0.008059932938893323,2.4954113885760307,0.0006565875810338184,5440.214538574219,143904.04866505103
853,5,163968000,9.12089729309082,0.4493437761399643,38.568478375052415,2000,0.006146630187945749,2.4941668659448624,0.00023012812266642868,5436.207534790039,143484.20438305024
854,5,164160000,9.236510276794434,0.45510418765237165,38.50525139427433,2000,0.007648822203414361,2.495218925178051,-1.2761664720528643e-05,4944.498107910156,144185.3131645764
855,5,164352000,9.202543258666992,0.4533177308906791,38.474962808191776,2000,0.006514723631611562,2.4975850209593773,-0.00017326836041320348,5056.738983154297,145631.06972729592
856,5,164544000,9.135429382324219,0.45003127375275653,38.56655060251554,2000,0.006131350739373979,2.501737840473652,-0.0004363740463304566,5336.997116088867,144816.10959108185
857,5,164736000,9.17636489868164,0.45206773355009017,38.557833683366574,2000,0.005070709940050926,2.49883833527565,-0.0008095625544228824,5126.720077514648,144661.67454081195
858,5,164928000,9.294246673583984,0.45789585139452055,38.542540911429874,2000,0.006816806688060749,2.496856026351452,-0.0003397616810616455,4728.771224975586,145205.79692634707
859,5,165120000,9.170601844787598,0.45165107093816914,38.491143133025616,2000,0.0082261565735098,2.497500106692314,0.0008401137108648982,4972.329772949219,142450.82339980823
860,5,165312000,9.142562866210938,0.45024481058862875,38.45833859173581,2000,0.010843344131407015,2.4957743734121323,0.0012376240256344317,5414.403274536133,144230.61429524724
861,5,165504000,9.150747299194336,0.45073960705243127,38.49533373132969,2000,0.007093480690615252,2.4921039938926697,-0.0003553274873411283,5042.198425292969,144617.34469115577
862,5,165696000,9.152382850646973,0.45114585723361716,38.510238685955606,2000,0.0075935745072395824,2.4859722405672073,0.001406934946317051,5577.872833251953,145194.69962792305
863,5,165888000,9.097649574279785,0.4481041864904303,38.45092621818185,2000,0.006487685415660964,2.484340786933899,-0.00017542878867971012,5350.564193725586,144020.48158381475
864,5,166080000,9.083083152770996,0.4473958499844836,38.478084698319435,2000,0.006521784500878612,2.4801962599158287,-0.0001361991260182549,6275.640853881836,145101.87896560295
865,5,166272000,9.139368057250977,0.4501718949892772,38.56115440775951,2000,0.005652742485030712,2.4773633778095245,-0.00024939047978023154,5114.976501464844,145221.4233732632
866,5,166464000,9.284337997436523,0.4574843963443224,38.44130491674878,2000,0.007263869536710751,2.4765686243772507,0.00014366510868057958,5124.605010986328,146070.79212001688
867,5,166656000,9.195935249328613,0.4531198093639735,38.51255991558234,2000,0.007155266832890146,2.4709667935967445,-9.767721257958328e-05,5755.174880981445,145967.77811619572
868,5,166848000,9.214235305786133,0.45399480937764264,38.43020152207464,2000,0.006338421650201778,2.4700528159737587,-0.0003220000864985195,5034.5906982421875,144395.65905238801
869,5,167040000,9.14021110534668,0.45017189681008557,38.44632907770574,2000,0.006221525547152849,2.467738315463066,0.0001956055168648163,5243.013107299805,145012.77808919456
870,5,167232000,9.093640327453613,0.44779689503411646,38.456285754606746,2000,0.006707563424385929,2.4609964415431023,0.00041277081254520454,5551.06755065918,145517.49345593978
871,5,167424000,9.142119407653809,0.45018231471355347,38.495415083132684,2000,0.006469134648990196,2.4598393663764,-0.0002745645782624706,5804.495742797852,144897.32577401356
872,5,167616000,9.182381629943848,0.45235939719714224,38.409315910267956,2000,0.0062659868888343545,2.453100986778736,-0.00011206883937120438,5692.125411987305,145107.4396640045
873,5,167808000,9.221480369567871,0.45436460714518034,38.47402300460575,2000,0.00893830273158771,2.453012377023697,0.0007355408019975584,5480.062896728516,143809.2092581117
874,5,168000000,9.065208435058594,0.44644273350119573,38.5441789055864,2000,0.008465827712226502,2.4519111067056656,0.00097461730501891,6156.1851806640625,146050.13858470504
875,5,168192000,9.185158729553223,0.4523385629375601,38.367849965773836,2000,0.006814964426123574,2.444192051887512,-1.6145510016940534e-05,5680.392440795898,143247.5739253679
876,5,168384000,9.275768280029297,0.4571562764576811,38.54542970191687,2000,0.006204330456084185,2.435257315635681,6.186598966451129e-07,4782.749313354492,144110.68536296894
877,5,168576000,9.246548652648926,0.4555104381021617,38.457867041074984,2000,0.007888673693989406,2.4292856827378273,0.0006754636415280402,5234.873718261719,144565.2037598752
878,5,168768000,9.185572624206543,0.4526354407686692,38.492751945120595,2000,0.00625985814846354,2.427259638905525,-0.0004750405630602472,5113.591522216797,143777.73296190443
879,5,168960000,9.113289833068848,0.4489427217449702,38.47062681786095,2000,0.005912563157219365,2.4226226806640625,-0.0003069101621804293,5965.617233276367,144722.62961388705
880,5,169152000,9.167048454284668,0.4516458602944719,38.49452226686602,2000,0.005764555840287358,2.4183129742741585,-0.0007800839316018937,5663.765625,145174.89099456515
881,5,169344000,9.080103874206543,0.4471354375509691,38.38957649779817,2000,0.006140696184855188,2.4115185290575027,-0.00020562499980769644,5878.545150756836,144697.59647878175
882,5,169536000,9.184200286865234,0.452458354537157,38.4675112554493,2000,0.006654111498345931,2.405855342745781,0.00010997263268563984,5101.021575927734,144964.27123654308
883,5,169728000,9.220016479492188,0.45411981138507446,38.46706603100756,2000,0.006548760105040859,2.398574471473694,-6.397386698608898e-05,5256.217361450195,142707.14416535542
884,5,169920000,9.279182434082031,0.45725002333044057,38.45238584342102,2000,0.007853024137439206,2.3930454179644585,9.745561692398041e-05,4813.823303222656,144839.7012508057
885,5,170112000,9.195754051208496,0.45306252220810467,38.470649286638945,2000,0.005906534950384713,2.392297811806202,-0.0007210417880969544,5336.370086669922,144723.37816878266
886,5,170304000,9.229043006896973,0.4546510643158399,38.51311145660778,2000,0.00541959344037847,2.391259491443634,-0.0004390114801822165,5279.991683959961,142871.5611909656
887,5,170496000,9.118721008300781,0.44933335463671636,38.505515142033495,2000,0.005269722499127966,2.3864803314208984,-0.0004388341858430067,5129.373840332031,144153.05306102635
888,5,170688000,9.144386291503906,0.45046356268115534,38.44017826548467,2000,0.007648644587490705,2.378592424094677,0.0004368135919321503,5452.863357543945,144543.49688157285
889,5,170880000,9.183077812194824,0.4525312674813904,38.49277567490935,2000,0.007435087287934343,2.374798059463501,1.3053809908569747e-05,5754.516632080078,144380.57318729433
890,5,171072000,9.204002380371094,0.4534531454822475,38.4468033122054,2000,0.007802724681290181,2.371648818254471,0.0005316125988201748,5747.564788818359,143173.59122194556
891,5,171264000,9.07181453704834,0.4467968944045424,38.492196231770016,2000,0.009655341370186456,2.364437736570835,0.0014700980723318935,5791.753997802734,144027.47831835525
892,5,171456000,9.162493705749512,0.4514843935266981,38.41819998702946,2000,0.00894306054781191,2.355884440243244,0.0013985029045215924,5580.747039794922,144556.04139156174
893,5,171648000,9.179723739624023,0.4521875185061314,38.37851984860996,2000,0.005718290306385217,2.3501879423856735,-0.0005951089779046015,5244.953659057617,144048.10612430528
894,5,171840000,9.19599723815918,0.4529635643223931,38.45662786345929,2000,0.005909766162929979,2.352400414645672,-0.0004817030321646598,5012.856735229492,143048.68302300677
895,5,172032000,9.139039993286133,0.45021877810480265,38.504156950861216,2000,0.007161221876488225,2.349833756685257,7.733202301096753e-05,5304.715805053711,144367.33680714166
896,5,172224000,9.170737266540527,0.4518281469130064,38.490068489685655,2000,0.008629386563377923,2.3445485308766365,0.0006316203907772433,5858.375823974609,144125.92379523683
897,5,172416000,9.119087219238281,0.44932294029179803,38.54135545094808,2000,0.006740831996566464,2.3387561812996864,-0.00017845349429990165,5388.827209472656,145422.47274926363
898,5,172608000,9.136434555053711,0.4502187690450228,38.43840269061426,2000,0.005709970456780865,2.3338416442275047,6.66089490550803e-05,6017.719253540039,144639.64721554535
899,5,172800000,9.162555694580078,0.45130731392237067,38.4663335836182,2000,0.005792107337115646,2.3269915729761124,-0.0004083473829723516,5021.5067138671875,146122.56112457236
900,5,172992000,9.171290397644043,0.45188543914749363,38.46593485710522,2000,0.007214130576234309,2.3175006955862045,-4.076375171280233e-05,5300.779876708984,146877.15922975453
901,5,173184000,9.215012550354004,0.45396877347108483,38.43188315187581,2000,0.0057086628856098595,2.310770384967327,-0.0005785177727375412,5496.244903564453,146287.5223448135
902,5,173376000,9.212930679321289,0.45398439570635674,38.38677995915835,2000,0.006812829420979445,2.310526579618454,0.00024167949322873028,5390.7923583984375,146529.54916869465
903,5,173568000,9.13771915435791,0.4503073194700846,38.44853646929065,2000,0.006025609180020791,2.3085829094052315,-0.0005028203431720613,5262.409973144531,145592.61490244293
904,5,173760000,9.14590072631836,0.4505156498714011,38.45995570284625,2000,0.006326758691100019,2.304670251905918,8.679694553848094e-05,5407.317337036133,147000.94956214493
905,5,173952000,9.179409980773926,0.45221356779074995,38.44176590675488,2000,0.006312693984577587,2.297810934484005,-0.00039434709287888836,5457.201736450195,145447.97881004604
906,5,174144000,9.119264602661133,0.4492656505517516,38.48247887007892,2000,0.00717261863334958,2.296435408294201,0.0001517129840067355,5438.412216186523,146528.0323557518
907,5,174336000,9.148897171020508,0.45077606193384173,38.47953105267758,2000,0.006860321201015422,2.2970044016838074,-0.0004514124107686257,5437.066787719727,144924.53983235586
908,5,174528000,9.169076919555664,0.4516250202802136,38.44838985560151,2000,0.006206831548556998,2.2917468175292015,-0.0002140174838132225,5408.721542358398,147315.8185476261
909,5,174720000,9.170913696289062,0.4518906486470466,38.443410018303744,2000,0.005756850907996221,2.287371188402176,-0.00016039777528931154,5432.77409362793,145352.1283622459
910,5,174912000,9.246797561645508,0.4557968942917796,38.47798666567542,2000,0.0055340222244655395,2.28368329256773,-0.0003729523770630294,4998.110580444336,146641.44441949006
911,5,175104000,9.158662796020508,0.4512500212949817,38.49390917954346,2000,0.008748616996599595,2.282902993261814,0.0006946879357201396,5629.275451660156,146722.0278147507
912,5,175296000,9.139524459838867,0.4501510628845911,38.424242994282395,2000,0.006117304090274653,2.2811220437288284,-0.0011933049536310136,5718.919082641602,146607.93753063524
913,5,175488000,9.175131797790527,0.4520885651133237,38.48379918870827,2000,0.005507529866619731,2.270110160112381,-0.0005035185386077501,5321.9544677734375,146615.71638065003
914,5,175680000,9.221372604370117,0.4544323104128125,38.490129000895344,2000,0.006138076818994399,2.2605597227811813,-0.0007051716693240451,4764.651184082031,146105.0965476119
915,5,175872000,9.17441177368164,0.45195314722817176,38.42557320433358,2000,0.005495214901961542,2.256388805806637,-0.0005630712903439417,5979.722183227539,146405.7501568916
916,5,176064000,9.11976432800293,0.44917710400234984,38.453788795508444,2000,0.005906656792610494,2.252166196703911,-0.0005167318117855757,5628.454452514648,145434.56726241464
917,5,176256000,9.110865592956543,0.44888022975768155,38.48701341031119,2000,0.006662035646382722,2.248079352080822,-0.00021032620043115458,5683.208343505859,145009.29781049362
918,5,176448000,9.199064254760742,0.45334898126626894,38.4653803370893,2000,0.006174515020742545,2.2433050721883774,-0.0005266343218863767,5006.363357543945,145037.04785039913
919,5,176640000,9.218816757202148,0.454270855163486,38.51777680280308,2000,0.0069975763947295495,2.2418148517608643,-0.0003544418159435736,4955.9920654296875,145857.24880947074
920,5,176832000,9.201939582824707,0.45331252378188464,38.54195445651809,2000,0.011538828371519531,2.240718774497509,0.0018405754753985093,4897.628753662109,142989.64382570385
921,5,177024000,9.36781120300293,0.4616510614305298,38.402762734641634,2000,0.00731153037775463,2.2345988377928734,0.0003262267346144654,4653.02619934082,143909.7116598745
922,5,177216000,9.16030216217041,0.4511823121580771,38.447180844377726,2000,0.006716066746603855,2.2340183705091476,8.839854854159057e-05,5448.510559082031,143109.75958722216
923,5,177408000,9.147443771362305,0.4507239763297548,38.55453782776991,2000,0.00657790287184374,2.2310871332883835,-0.00014258243845688412,5423.298736572266,146132.59493802956
924,5,177600000,9.20958423614502,0.4538385646986474,38.49307845020667,2000,0.006008207005118796,2.2240378633141518,-4.6811670472379774e-05,5450.294189453125,143350.41783195583
925,5,177792000,9.214815139770508,0.4539427297374156,38.4968252958109,2000,0.006050477332105703,2.2130390480160713,-0.0003888074834890176,5055.815444946289,146248.449066946
926,5,177984000,9.211567878723145,0.4539635678229388,38.45337572072943,2000,0.00727587442123331,2.2045323252677917,0.00028693011017821846,5322.555511474609,146143.625602954
927,5,178176000,9.14259147644043,0.450479189486335,38.58576651662588,2000,0.00712819964818967,2.200879245996475,2.8424730771803297e-05,5536.393966674805,146891.6090993552
928,5,178368000,9.267136573791504,0.4566354448355317,38.48119176598266,2000,0.0071533497841834714,2.195279397070408,0.0003509113437303313,4965.744659423828,146282.581218041
929,5,178560000,9.066944122314453,0.4464375232146267,38.42038405686617,2000,0.007198801899658672,2.19237919151783,0.0007932518081759099,5946.00537109375,145660.33260646192
930,5,178752000,9.276985168457031,0.4570573092411602,38.50052920608626,2000,0.004967873300464512,2.188275285065174,-0.0006896778922964586,5034.071868896484,146528.46154044394
931,5,178944000,9.200904846191406,0.45321356460711587,38.50414833302299,2000,0.006274945080823574,2.1840758323669434,-0.0002638611331349239,5774.2139892578125,145475.77091950388
932,5,179136000,9.232890129089355,0.4547344035830368,38.42287492825805,2000,0.0073031923645661065,2.1810545846819878,0.00026650317636267573,5339.719940185547,147127.47140878683
933,5,179328000,9.10565185546875,0.4485260676883627,38.470240811506905,2000,0.0049966900509413464,2.177985057234764,-0.0007095009222553017,5925.159225463867,145607.90885976944
934,5,179520000,9.20286750793457,0.45346356310559105,38.47087146419411,2000,0.005917342189272555,2.17181608825922,6.221045441634487e-05,5205.219818115234,146613.4985036127
935,5,179712000,9.187585830688477,0.4525104318842447,38.42717125515143,2000,0.0064313034386141235,2.1672648414969444,-7.48815535587255e-05,5064.641906738281,145280.16270522587
936,5,179904000,9.239962577819824,0.4552552276921536,38.477004145892955,2000,0.0072600432207303445,2.164564162492752,0.0005287266621962772,5224.8768310546875,146891.27600380252
937,5,180096000,9.168468475341797,0.4516354333997394,38.436212522288166,2000,0.006303026172778725,2.1568346172571182,-0.000390610071917763,5573.867263793945,146453.9082000128
938,5,180288000,9.110724449157715,0.44877606852423924,38.486934720849,2000,0.005526633641663163,2.153359942138195,-1.0033316129920422e-05,6096.811553955078,146666.1802141438
939,5,180480000,9.305800437927246,0.4585416946138139,38.53283207025379,2000,0.0070161294568873295,2.1496576964855194,-1.0945238045678707e-05,5023.751556396484,146139.91653186808
940,5,180672000,9.218171119689941,0.4541510705415324,38.482941879464,2000,0.008037939096762176,2.1468015611171722,0.00023643509439352783,5378.9610595703125,145602.2279185278
941,5,180864000,9.184890747070312,0.452489603495754,38.537212866048016,2000,0.005973333967403353,2.145270951092243,-0.00036047794856131077,5329.763381958008,147058.0258385053
942,5,181056000,9.137146949768066,0.4500208547675963,38.515136822126806,2000,0.008722270334197674,2.1373716965317726,0.0006746223971276777,5887.207763671875,145635.08275937955
943,5,181248000,9.193398475646973,0.45289585133893223,38.515321156320475,2000,0.007409218605277906,2.1307613477110863,0.0003052010652027093,4955.689422607422,146520.41979309553
944,5,181440000,9.235590934753418,0.4549948143837052,38.45841175504029,2000,0.010268685780795445,2.128091126680374,0.001037313476899726,5253.9144287109375,145706.4362297402
945,5,181632000,9.285337448120117,0.45740106710460776,38.48601829146113,2000,0.006201203168874299,2.121262528002262,-0.0003305174523120513,4981.959609985352,146505.79154441998
946,5,181824000,9.202301025390625,0.45339585378557484,38.490545558432736,2000,0.008817138281204583,2.113318584859371,0.000751250679968507,5099.284530639648,145764.79433497906
947,5,182016000,9.281474113464355,0.4574062684872236,38.59450555592775,2000,0.006999054428422823,2.108751565217972,-2.1940605620329734e-05,5189.928070068359,146049.86028747028
948,5,182208000,9.146495819091797,0.4504948110219023,38.48051156941801,2000,0.005716876884282102,2.1039424762129784,-0.0002726286093093222,5414.033538818359,145220.98203923582
949,5,182400000,9.197857856750488,0.4531302288178267,38.49122712761164,2000,0.006214449340691014,2.100760504603386,3.683275735966163e-05,5231.301681518555,146938.96068268476
950,5,182592000,9.31917667388916,0.4594114798443722,38.493655972493194,2000,0.007652500049249892,2.1010662987828255,0.0006544566178945388,4711.755325317383,145110.43891686693
951,5,182784000,9.151853561401367,0.45094273484695196,38.4489344044899,2000,0.005294510436680867,2.0970170199871063,-0.0006173747576667665,5564.061096191406,146238.1656578374
952,5,182976000,9.110579490661621,0.44874481580700376,38.49307144340128,2000,0.005960071680494974,2.0892239436507225,-0.0005000424998797826,5534.566864013672,145559.21399725197
953,5,183168000,9.144877433776855,0.4504010609058848,38.483045189641416,2000,0.007704939996552036,2.086470663547516,0.00028392339530824984,4796.190689086914,146613.6794233466
954,5,183360000,9.063937187194824,0.4464062749381507,38.45079364410291,2000,0.006307613778936988,2.0832634344697,-0.00029550148246926256,6138.597763061523,145514.3377354204
955,5,183552000,9.197717666625977,0.4531406454831692,38.50962860447665,2000,0.006908057606546211,2.0756780952215195,7.287140761036426e-05,5793.147674560547,146225.87364369794
956,5,183744000,9.136126518249512,0.45016147230186715,38.52232080232352,2000,0.005014927109538499,2.0704936534166336,-0.0005505774802259111,5639.774719238281,144273.60457617263
957,5,183936000,9.176304817199707,0.4518906432507113,38.460623007112495,2000,0.006162261909339578,2.063689984381199,-0.00020209728654663195,5885.798126220703,147037.51378846588
958,5,184128000,9.264559745788574,0.45644793618824525,38.465635657931365,2000,0.005581550500704906,2.057949759066105,-0.000641124730464071,5569.703186035156,144793.35002322518
959,5,184320000,9.196186065673828,0.4531146017082695,38.451391607367746,2000,0.005401227021357046,2.0562302097678185,-0.0006691739545203745,5390.127853393555,146078.30968743746
960,5,184512000,9.163350105285645,0.4512760664650462,38.43771040812135,2000,0.007299439659652608,2.0500970408320427,0.0005875151454688421,5490.294830322266,145467.21135059933
961,5,184704000,9.166715621948242,0.45158334943638084,38.47309358379183,2000,0.008566074955645795,2.0444569885730743,0.0011106603406005888,5529.081024169922,146236.14864315718
962,5,184896000,9.255250930786133,0.45596355880055245,38.47420840353394,2000,0.004992748942924664,2.038150943815708,-0.0008676303241372807,5466.94499206543,145863.49863548583
963,5,185088000,9.165947914123535,0.45167190043442434,38.507879914483055,2000,0.005259817471785937,2.0368289798498154,-0.0004840067226723477,5747.407989501953,146712.78520002766
964,5,185280000,9.304950714111328,0.4584375181105618,38.46860780933639,2000,0.005793214997684121,2.0359330400824547,-0.0010032294867414748,4821.000076293945,144679.93085771985
965,5,185472000,9.23062801361084,0.4547187679872877,38.539116417989135,2000,0.0050906488709151765,2.034054107964039,-0.0005360624199965969,5284.458419799805,145986.18733325886
966,5,185664000,9.135513305664062,0.45004168656426674,38.51828196800003,2000,0.007212885860935787,2.024387948215008,6.8120540390737e-05,5499.142929077148,145618.79827288887
967,5,185856000,9.175741195678711,0.4519531462113567,38.489860447744526,2000,0.006817656169703697,2.0141353756189346,-7.09647553094328e-05,5236.246063232422,146043.3509774103
968,5,186048000,9.268241882324219,0.45676043962763896,38.53152010807147,2000,0.008448388678293367,2.0102683156728745,0.000917957117962942,5212.916748046875,145337.43552155897
969,5,186240000,9.312105178833008,0.45885939796062303,38.456866114089884,2000,0.008421878478334595,2.005679115653038,0.000489032160885472,5277.905990600586,146006.8424408601
970,5,186432000,9.132389068603516,0.44984897266294865,38.47191064401219,2000,0.00615284115819183,1.9964924305677414,-0.0003054699718632037,5912.97575378418,145492.9230715948
971,5,186624000,9.21499252319336,0.4540364807514076,38.54030994760493,2000,0.00610990075369288,1.9872568510472775,-0.0008729981250326091,4900.32453918457,146182.8911913035
972,5,186816000,9.180909156799316,0.452203150124357,38.50149508674318,2000,0.006621690874899892,1.984392624348402,-0.00039645315291636507,5643.090286254883,145714.32428973116
973,5,187008000,9.233138084411621,0.4549739814798765,38.5028399565878,2000,0.006440721646067685,1.9857491292059422,-0.0004502362730818277,5193.761245727539,146042.59547882143
974,5,187200000,9.171354293823242,0.451807314987794,38.45220861708125,2000,0.007660405243417094,1.985976155847311,-0.0001669622323419162,5566.48161315918,145260.9129874269
975,5,187392000,9.13899040222168,0.45012502223532164,38.50844176206738,2000,0.006504233015022086,1.9830091930925846,-0.0003795267293753568,5267.062942504883,146596.61862532818
976,5,187584000,9.218894004821777,0.4541927355470155,38.44692342200627,2000,0.00580072055476679,1.9814762249588966,-0.00039750422547513153,4982.661575317383,145368.1823260956
977,5,187776000,9.268133163452148,0.45678126963381754,38.54413233883679,2000,0.007225614140722127,1.9844767190515995,1.518553926871391e-05,5186.694381713867,145695.8339827182
978,5,187968000,9.162498474121094,0.4514739833424149,38.422645326859005,2000,0.009821421567661068,1.9849679209291935,0.0010220776084679528,5433.901275634766,145005.54895453673
979,5,188160000,9.253488540649414,0.45590105981439893,38.51294037668655,2000,0.008539946336085753,1.983638420701027,0.0002035652578342706,5358.579055786133,145859.82615064151
980,5,188352000,9.14995002746582,0.45056772840568254,38.427099744866915,2000,0.007992150994677406,1.983670897781849,0.000435074387361567,5569.5662841796875,145309.95874285593
981,5,188544000,9.192851066589355,0.4527864801396693,38.50984128564596,2000,0.0061514606080600095,1.9804882630705833,-0.0004706990785052767,5012.653564453125,144951.02184269333
982,5,188736000,9.240900039672852,0.45540627438094816,38.479615510247335,2000,0.007446027823976086,1.9786998070776463,-0.00014569329505320638,5439.788543701172,145774.15407548423
983,5,188928000,9.225147247314453,0.45456251982492785,38.548048228025436,2000,0.0060026294386868045,1.9750203303992748,-0.00011255829122092109,5248.136413574219,145057.97322022167
984,5,189120000,9.231890678405762,0.45483335414367804,38.450405366408326,2000,0.006300414442598899,1.971093486994505,-0.00015611435310347588,5410.087005615234,146048.21040768217
985,5,189312000,9.169233322143555,0.4518177261749467,38.55283463963618,2000,0.006574892657110469,1.9643184654414654,-0.0005882685627511819,5227.2308349609375,146775.67183042923
986,5,189504000,9.250300407409668,0.45582814684530604,38.515147414213665,2000,0.007572699433929908,1.960416041314602,0.0006154030961624812,5242.570266723633,146006.35235024162
987,5,189696000,9.11613941192627,0.44908855720132124,38.4476713584736,2000,0.010909112317914454,1.9585668332874775,0.001305117855622484,5821.571792602539,145816.17520250677
988,5,189888000,9.127413749694824,0.4495885662145156,38.48101780346284,2000,0.006883052535859559,1.953214168548584,0.0002474758034622937,5237.806976318359,145195.59241290725
989,5,190080000,9.25390625,0.4561093998842504,38.50890286600528,2000,0.007022747401710754,1.9529123231768608,0.00047544701146762236,4945.94189453125,145286.90176090001
990,5,190272000,9.160501480102539,0.45132293839681853,38.45007974390561,2000,0.00940236933940711,1.957328598946333,0.000786523169153952,5216.726577758789,146164.6104763921
991,5,190464000,9.23915958404541,0.45530731165187416,38.49212033301592,2000,0.00660743136983365,1.9607508406043053,-0.00026829955095308833,4900.289733886719,145431.75563944006
992,5,190656000,9.23378849029541,0.45500522867647913,38.45272190263495,2000,0.007073065112228504,1.9564127698540688,-0.0003623110908392846,5052.5118408203125,145588.8215827399
993,5,190848000,9.33417797088623,0.4599791929873997,38.44845957929889,2000,0.005830180907389151,1.9519053362309933,-0.0008631169894215418,4760.78369140625,144026.45409272087
994,5,191040000,9.217631340026855,0.4542239772526955,38.54684723727405,2000,0.005834719459720267,1.9469631128013134,-0.00022790166394770495,5856.566909790039,145594.43943083868
995,5,191232000,9.218831062316895,0.45433856262328237,38.517132798830666,2000,0.006122168391787759,1.9419886358082294,-0.0008089762293934655,5702.152282714844,145534.266370547
996,5,191424000,9.147130012512207,0.4506614807778533,38.470248256499566,2000,0.005450159079084794,1.9411266520619392,-0.0006255413991311798,5689.567398071289,145189.8664177414
997,5,191616000,9.23117733001709,0.45466147726134903,38.49913682229817,2000,0.005727123770532975,1.9389349408447742,-0.0001301229194723419,5554.724227905273,144474.76314019156
998,5,191808000,9.286445617675781,0.4578333488716453,38.55700577174624,2000,0.009561672560424388,1.9399943463504314,0.0012674224631155084,5047.926223754883,143748.40521592725
999,5,192000000,9.162145614624023,0.4513854358841248,38.428193841168344,2000,0.010597259496552092,1.9368396662175655,0.001933774396775334,5510.342849731445,146086.84562231225
1000,5,192192000,9.245599746704102,0.4556041861754541,38.42687001560504,2000,0.005727696142033285,1.9364391714334488,-0.00031274707362172194,5349.807556152344,144253.44742815994
1001,5,192384000,9.2544584274292,0.45593752172802243,38.49922911698619,2000,0.00486501167601576,1.938796292990446,-0.0007924520605229191,5154.609344482422,145206.84018674443
1002,5,192576000,9.097311019897461,0.44810939710077946,38.478784784674644,2000,0.006875282691364799,1.9315515123307705,-6.49632368094899e-05,5683.569305419922,145250.4268998822
1003,5,192768000,9.207159042358398,0.4536562670497612,38.493241066733994,2000,0.0076410386240459045,1.9233181588351727,0.0003153849020236521,5489.858779907227,145632.2160970239
1004,5,192960000,9.23853874206543,0.4551562660514416,38.513982036461435,2000,0.005512469321877385,1.9141562581062317,-0.0004470956557725003,5112.8583984375,144793.48727873
1005,5,193152000,9.209799766540527,0.45381773018198146,38.506784496208034,2000,0.007392885769309944,1.9099643267691135,-2.371328264416661e-06,5461.007797241211,145609.8015747781
1006,5,193344000,9.302155494689941,0.4584010644157388,38.43849578034133,2000,0.008363022601231934,1.9058215245604515,9.378074582855334e-05,4973.232604980469,145546.10156169353
1007,5,193536000,9.194266319274902,0.4529114773358742,38.4369907656995,2000,0.005841710810869701,1.8937708660960197,-0.0006679720015654311,5747.653213500977,141405.18953336048
1008,5,193728000,9.198936462402344,0.45332293706330046,38.50446448723475,2000,0.006588412128039636,1.8893230929970741,2.84982434095582e-07,5364.035827636719,143488.0534217886
1009,5,193920000,9.198538780212402,0.453260442526395,38.512358671054244,2000,0.006799938232055866,1.8840706869959831,-0.0002749256327660987,5587.778869628906,144852.34028401395
1010,5,194112000,9.229423522949219,0.4547656403556175,38.496221508209906,2000,0.005358864249089192,1.8806364722549915,-0.00011532686039572582,5189.484069824219,143107.8823483247
1011,5,194304000,9.211369514465332,0.45386460641808907,38.47936400414134,2000,0.006927455301939819,1.8787041828036308,-0.00054931146587478,5229.849502563477,143091.69452473524
1012,5,194496000,9.332412719726562,0.4601562701336661,38.44005534654328,2000,0.006950287587397422,1.8737973794341087,-0.00016186686934815953,4944.861602783203,145348.6235267087
1013,5,194688000,9.206490516662598,0.4535989821700544,38.45480692572892,2000,0.008779614384460729,1.8682263940572739,0.0002853543405763048,5340.306045532227,145642.1580410841
1014,5,194880000,9.186981201171875,0.45246876790467166,38.42870314865528,2000,0.007160455715677624,1.86392667517066,0.00014104250021773623,5418.966552734375,146312.85980641574
1015,5,195072000,9.206908226013184,0.4534948067624403,38.462601688263625,2000,0.0060788008987437935,1.8538616187870502,-0.00045581372160086175,4925.986328125,144363.58557102157
1016,5,195264000,9.192047119140625,0.4529271026785864,38.49034619020919,2000,0.006330793982100052,1.8456197381019592,-0.0008016183310246561,4913.163146972656,145735.68504712547
1017,5,195456000,9.15514850616455,0.4510989798679172,38.53442540640632,2000,0.005407560273005704,1.839276921004057,-0.0006842108000455482,5358.902236938477,145247.7981977607
1018,5,195648000,9.09128475189209,0.44789585055756714,38.557240572447576,2000,0.007500632794573903,1.8392975889146328,0.00020812830260297233,5465.304550170898,144742.06349987644
1019,5,195840000,9.202546119689941,0.4533593897006843,38.45901021912383,2000,0.007709091585090696,1.8400201871991158,0.00030782242265559034,4846.493942260742,144606.37865296376
1020,5,196032000,9.232372283935547,0.45492710236188333,38.471363250515424,2000,0.010031823175610043,1.8371679112315178,0.0009844046800253636,5283.847686767578,143083.4748318105
1021,5,196224000,9.354049682617188,0.4611093986234967,38.4656554334797,2000,0.00932187083803971,1.8336108215153217,0.0011717125662471517,4787.705871582031,144911.75432668594
1022,5,196416000,9.140522003173828,0.4503750202250861,38.483586542618774,2000,0.00711315472451194,1.8276603631675243,0.0001609443451968673,5770.082260131836,145239.22049905077
1023,5,196608000,9.229790687561035,0.45471355924382806,38.45194137156553,2000,0.006093064350076019,1.8198444098234177,-0.0005531212007099384,5251.164108276367,144325.8718707431
1024,5,196800000,9.24923324584961,0.4557343975290375,38.431872675350554,2000,0.00547918600650155,1.8145938031375408,-0.000670993813628229,5567.0186767578125,144251.0780512011
1025,5,196992000,9.150701522827148,0.45091147891798755,38.48902702362587,2000,0.0061835617682372696,1.8073642663657665,-0.0006921839139977237,5314.411651611328,143289.70761720737
1026,5,197184000,9.21700382232666,0.4540000208271522,38.45029954177638,2000,0.005957431716631011,1.8065780736505985,-0.00048328566003874585,5544.245880126953,145218.3772490624
1027,5,197376000,9.235756874084473,0.4551510612667092,38.52523645261923,2000,0.006527534268408394,1.8002941310405731,-0.00031328431975907733,5030.732040405273,145257.08462361817
1028,5,197568000,9.147902488708496,0.45065106609824096,38.45492321935793,2000,0.005987562668102329,1.7933598272502422,-0.00013862598052583053,5249.351547241211,144295.621180395
1029,5,197760000,9.12877368927002,0.44965627228824206,38.47398313631614,2000,0.006514517629208665,1.7941174618899822,-0.00046086096040198754,5815.934005737305,144822.23752275898
1030,5,197952000,9.224600791931152,0.4543646033501621,38.43020958344763,2000,0.006672574530045192,1.7928379029035568,-0.00017206750271725468,5347.973617553711,143944.94606095107
1031,5,198144000,9.152444839477539,0.45097397490947816,38.51683315820992,2000,0.005913502082442089,1.7892143242061138,-0.0004608440441415951,5558.406021118164,145053.07919117343
1032,5,198336000,9.28355884552002,0.45735418924474897,38.4782723459648,2000,0.008146504234328555,1.7857318967580795,0.0005789545257357531,4733.575286865234,144314.62196800773
1033,5,198528000,9.285017013549805,0.4574739772560861,38.488114039724074,2000,0.0072574694300613675,1.7829035334289074,0.00028581800881966046,4929.348922729492,144330.030281125
1034,5,198720000,9.229253768920898,0.45492189713998715,38.531746128574014,2000,0.008946471073354285,1.7764771543443203,0.0005576414532697527,5090.87532043457,144794.93279616084
1035,5,198912000,9.141114234924316,0.45033335238986183,38.423708325639986,2000,0.009979219636879862,1.769178543239832,0.0013242544223430741,5512.875686645508,143555.50632059717
1036,5,199104000,9.178065299987793,0.45230731191501644,38.459368721960345,2000,0.006289536094807167,1.75985549390316,-8.55246549349431e-05,5299.496490478516,145376.45781060617
1037,5,199296000,9.188274383544922,0.4526093976467867,38.391166010095425,2000,0.007627373255207202,1.7579651847481728,0.0006235026913827824,5334.587875366211,144084.33637968954
1038,5,199488000,9.111886978149414,0.44873960694409715,38.395498874907695,2000,0.007605248744056249,1.7573698088526726,0.0007772892931825481,5652.478378295898,145438.32522702802
1039,5,199680000,9.164835929870605,0.45148960774895386,38.43393545380483,2000,0.007106452339435541,1.7506061643362045,-0.00039591470749655855,5238.896179199219,144599.3062852929
1040,5,199872000,9.070662498474121,0.44678647842313995,38.454207706575595,2000,0.0070691104280219096,1.741143859922886,0.00031805044409338734,5971.183883666992,145298.57194893152
1041,5,200064000,9.215632438659668,0.4538125205078056,38.37153576749066,2000,0.006023077196752033,1.7358849681913853,-0.00022780459585192148,5361.027084350586,145211.3976580722
1042,5,200256000,9.18441104888916,0.45232293922587513,38.470709754154086,2000,0.006314654569452009,1.7330919280648232,-0.00032050380104919896,4866.030319213867,144873.73654788232
1043,5,200448000,9.185318946838379,0.45253648498631566,38.41746459249407,2000,0.007127574798554026,1.727376103401184,0.00010879260798901669,5255.665679931641,145588.97359755816
1044,5,200640000,9.106950759887695,0.4487760669471754,38.50786311800281,2000,0.009020109545090235,1.7216331027448177,0.0009814011264097644,5817.466873168945,145797.02841617723
1045,5,200832000,9.141688346862793,0.4505573167419546,38.47171843113998,2000,0.006308650291020363,1.7126419879496098,-0.00047445932182199613,5573.856781005859,146062.5052921526
1046,5,201024000,9.227058410644531,0.4545833576048608,38.44515093384931,2000,0.006607235469680745,1.7050400339066982,-0.00016088039956230205,5092.75537109375,144606.3932432846
1047,5,201216000,9.266685485839844,0.4566510652481763,38.45823357005914,2000,0.007710850612920088,1.6971691995859146,0.0003568184679352271,4954.424713134766,145237.2076560262
1048,5,201408000,9.280550956726074,0.45736981358095363,38.372647935835026,2000,0.01038673987844959,1.6842195317149162,0.001415373730196734,5442.309722900391,144505.93503988493
1049,5,201600000,9.098270416259766,0.4481979326246801,38.454095888261996,2000,0.0077255506262493626,1.6767898201942444,0.00022357545731210848,5703.512756347656,146043.8675334308
1050,5,201792000,9.135100364685059,0.4502500208048635,38.5470819628487,2000,0.006712605290464125,1.6725466586649418,-0.0002471567568136379,5483.256164550781,145041.3136335933
1051,5,201984000,9.269173622131348,0.45677085560722236,38.41347185398141,2000,0.008024636313008766,1.6674466617405415,0.000558678825655079,4994.094863891602,146210.84185956043
1052,5,202176000,9.192014694213867,0.45292189433227276,38.450539297113814,2000,0.0070092687544141274,1.6626356802880764,-6.211662730493117e-05,5338.348693847656,145290.95246490662
1053,5,202368000,9.204623222351074,0.4534635565548039,38.40189758967608,2000,0.00939932904726205,1.6549593359231949,0.0007526842623519769,4613.5914306640625,144265.49254265983
1054,5,202560000,9.287840843200684,0.45776043911731296,38.40993027202785,2000,0.006329907401911139,1.65086242929101,-0.0002832315512932837,5224.652114868164,145567.3469168664
1055,5,202752000,9.201126098632812,0.4535156466117769,38.47364186542109,2000,0.005890113235276658,1.6504086144268513,-0.0007606568419760151,5281.496765136719,145191.5402212421
1056,5,202944000,9.15952205657959,0.45130731569406635,38.43832553829998,2000,0.005697764077277196,1.6472454071044922,-0.0002898694765463006,5257.572616577148,144779.99385719796
1057,5,203136000,9.175226211547852,0.4521146030098559,38.49527812873324,2000,0.008488578735559714,1.637142300605774,0.0004729228345468073,5722.74934387207,146117.52160767914
1058,5,203328000,9.079679489135742,0.4473437723427196,38.480871353919305,2000,0.006389558552938979,1.628855112940073,-0.0002406837061244005,5578.494430541992,144390.56811137134
1059,5,203520000,9.248801231384277,0.4559114804596902,38.36729514443626,2000,0.005861259152307563,1.6228288374841213,-0.0006794331518449326,5296.422561645508,145286.5350056734
1060,5,203712000,9.1588134765625,0.4512812674814389,38.41823088532934,2000,0.008360008935250032,1.6180351376533508,0.0007486425420211162,4927.055953979492,143858.31624632512
1061,5,203904000,9.17577838897705,0.45211460447292967,38.45468971257409,2000,0.006983012036730848,1.6131694689393044,6.969939022383187e-06,5221.79719543457,144613.7365390005
1062,5,204096000,9.247779846191406,0.455692732761842,38.38615302011991,2000,0.005768844598026287,1.604710552841425,-0.00016595931174379075,5001.813522338867,145550.34647254949
1063,5,204288000,9.132378578186035,0.45000002156181534,38.46377741234998,2000,0.005541560980821186,1.6019659414887428,-0.0006324725409285747,6047.376159667969,145150.71904657347
1064,5,204480000,9.238080978393555,0.4552604441863271,38.427179204300046,2000,0.00835288215209342,1.5985085666179657,0.0006367602204591094,4854.123321533203,145221.66260653682
1065,5,204672000,9.189519882202148,0.4527135568193141,38.39596952715268,2000,0.005908284873818049,1.596936471760273,-0.0007622882753821614,5334.544769287109,144282.33488405362
1066,5,204864000,9.207470893859863,0.45361981172572996,38.4188981136928,2000,0.007622039318201133,1.5944018252193928,0.00021658064133589505,5087.681564331055,145832.2527583699
1067,5,205056000,9.094310760498047,0.448057310666627,38.43691390069822,2000,0.00806191301396272,1.5957678891718388,0.00020579082774929702,5725.55094909668,145764.39661143543
1068,5,205248000,9.260000228881836,0.4563385644517742,38.43368494914224,2000,0.005142139355846061,1.5927764326334,-0.0005471260601552785,5249.787704467773,145649.9774921999
1069,5,205440000,9.150506973266602,0.45069793387968576,38.38460624908718,2000,0.005091727709970049,1.5856448635458946,-0.0007468904550478328,5073.581237792969,144147.83841881974
1070,5,205632000,9.359684944152832,0.461296894307452,38.38276211599199,2000,0.007171931656504361,1.576858140528202,0.00017319084145128727,4353.363327026367,143874.29095272406
1071,5,205824000,9.125426292419434,0.4495833559061187,38.376711000688374,2000,0.006936067737134486,1.5721042901277542,-2.7948181468673283e-05,5490.386322021484,145952.8861040885
1072,5,206016000,9.288631439208984,0.457750025684921,38.47040988101313,2000,0.009227204068913124,1.5709013976156712,0.0006449099641940848,4713.188766479492,145458.52418611443
1073,5,206208000,9.234678268432617,0.4552760646844642,38.476802697094776,2000,0.006409711548049625,1.5685959607362747,-0.00019751765603359672,4997.9532470703125,144192.25802583984
1074,5,206400000,9.18569278717041,0.4527760651932719,38.496495611888044,2000,0.009036654869055687,1.5656827166676521,0.000743930793760228,4535.964462280273,144823.197285402
1075,5,206592000,9.216361045837402,0.45424481317968457,38.430907481350005,2000,0.007885888454058052,1.5634575672447681,0.0003392096414245316,5165.730209350586,143998.89660738708
1076,5,206784000,9.211190223693848,0.45388543782246416,38.388704234423734,2000,0.005751933615179346,1.5529560819268227,-0.00032665768412698526,5173.674072265625,145089.87940970305
1077,5,206976000,9.216282844543457,0.4540833510309312,38.380987494097404,2000,0.005663629827041102,1.5419274866580963,-0.00044073529534216505,5504.996520996094,143707.75300228276
1078,5,207168000,9.129030227661133,0.44969794120152073,38.411113220267,2000,0.00653313310108691,1.5362586490809917,-0.0001686196148966701,5062.575576782227,145500.43154789656
1079,5,207360000,9.279338836669922,0.4572864772574879,38.457929217644654,2000,0.008610697826972078,1.5295940674841404,0.0009971786030291696,4608.250396728516,144385.64865334026
1080,5,207552000,9.20765495300293,0.45367710682148754,38.37942066780912,2000,0.012797221581218765,1.5266309082508087,0.0019390635375202692,5182.166732788086,144403.7258867648
1081,5,207744000,9.330862045288086,0.4599010629026452,38.33882610003153,2000,0.010344547089266902,1.524780921638012,0.000987977135082474,4370.330451965332,144096.13146339092
1082,5,207936000,9.214031219482422,0.4540104335064825,38.36353925584505,2000,0.0059173887441187,1.5174543261528015,-0.00046604563476648764,5710.534957885742,144770.36050994325
1083,5,208128000,9.228161811828613,0.45473960529064544,38.45947139163036,2000,0.006685306256481758,1.5095069892704487,-0.0005249504679341044,4726.35725402832,144992.4444305676
1084,5,208320000,9.244233131408691,0.4557187701508762,38.4291990751905,2000,0.006992437977984083,1.5070023462176323,0.00036320539402368013,4837.385559082031,145206.60528509098
1085,5,208512000,9.231623649597168,0.4549271046477467,38.36490426010763,2000,0.0066679223984829165,1.5058669708669186,0.000695074309589927,4908.6968994140625,144804.53020481838
1086,5,208704000,9.161301612854004,0.45152085388084134,38.48643346875906,2000,0.009117535655095706,1.4998961314558983,0.0006921375002093555,5197.214691162109,144217.074134147
1087,5,208896000,9.202502250671387,0.4535781455191075,38.49452402163297,2000,0.007364194506022614,1.4961018823087215,0.00026012963553512236,5118.603103637695,143775.3947970405
1088,5,209088000,9.328933715820312,0.4596979360273205,38.39759916478457,2000,0.0076802252186462285,1.4918177500367165,0.000346466427345149,4278.9480056762695,144548.24928283834
1089,5,209280000,9.183732032775879,0.4527083545108326,38.44647985820969,2000,0.007957182030426339,1.487832572311163,0.0002010388798225904,5204.045349121094,144999.2237238851
1090,5,209472000,9.2481050491333,0.4557135613279873,38.39174173834423,2000,0.009777945998881477,1.4815810695290565,0.0015263369450622122,5094.834136962891,144838.18960981208
1091,5,209664000,9.219295501708984,0.4542656495347425,38.41942924497804,2000,0.0059481486941998195,1.4744475781917572,-0.0010963416305003193,4939.861480712891,144586.48881197814
1092,5,209856000,9.239311218261719,0.45527606397142034,38.44358025863767,2000,0.005745550622193455,1.4670526012778282,-0.00029420450496786543,4699.251022338867,144118.27231783688
1093,5,210048000,9.27900218963623,0.4574166867126526,38.39978543991068,2000,0.00882552408593862,1.458135824650526,0.00068955857148012,5142.279693603516,145950.7228493733
1094,5,210240000,9.152888298034668,0.45098439470287605,38.47288268073074,2000,0.005099283477834737,1.4532385915517807,-0.00037943841925880406,5470.208190917969,144853.56097982478
1095,5,210432000,9.1979341506958,0.4533333538972026,38.42584942219158,2000,0.005942183144012233,1.4476006478071213,-0.0008368146513930697,4839.642440795898,144887.33918209857
1096,5,210624000,9.240294456481934,0.45544273194476165,38.4353135433048,2000,0.007251552070005952,1.4380328245460987,0.0004555487430479843,5757.425231933594,144299.92707211306
1097,5,210816000,9.2041597366333,0.45338544059874647,38.31074165413156,2000,0.006913105720188471,1.4323923215270042,0.0005513951491593616,5028.757995605469,144774.04176180976
1098,5,211008000,9.312629699707031,0.4588906449425849,38.37691628058868,2000,0.008168967660244865,1.429199181497097,0.0006462018492356947,4882.580642700195,144971.0211925744
1099,5,211200000,9.19368839263916,0.453145855337425,38.38455710249642,2000,0.0070293021627585404,1.421282198280096,-0.00015934933503558568,5110.4774169921875,144592.16851421128
1100,5,211392000,9.142720222473145,0.4505677279351706,38.456480130553246,2000,0.006735275843044898,1.414371345192194,-0.00031476871652103,5430.58283996582,144332.0073147792
1101,5,211584000,9.236541748046875,0.45530730861779983,38.36555883195251,2000,0.008119930641007765,1.4101784937083721,0.0001545952495689562,5148.963333129883,145186.16421262085
1102,5,211776000,9.184353828430176,0.4525052298686205,38.40394330397248,2000,0.011628818481384466,1.4089841954410076,0.0016103249201933068,5162.273010253906,144809.94832510588
1103,5,211968000,9.259298324584961,0.45623439811000327,38.35631985465685,2000,0.009654658509340757,1.4060863554477692,0.0012698562415209835,4876.595916748047,144700.4963686829
1104,5,212160000,9.225397109985352,0.4546041866712282,38.47026175136367,2000,0.0065549017554731095,1.404260128736496,-0.0004289862617952167,5193.5662841796875,144014.39312536537
1105,5,212352000,9.18758487701416,0.452765644997271,38.44686628784984,2000,0.006323449615621941,1.4030999578535557,-8.863354287313996e-05,5214.279495239258,144976.53562820042
1106,5,212544000,9.233569145202637,0.4551875240304071,38.47831349571546,2000,0.0069834849202500965,1.3995130360126495,-0.00012803426670870977,5645.946212768555,144597.97193533648
1107,5,212736000,9.2080078125,0.4536406401378675,38.41698794284215,2000,0.005754931925490384,1.395282968878746,-0.0005928442128606548,5497.780776977539,144759.24334216828
1108,5,212928000,9.20868968963623,0.45385939801963104,38.438407360886536,2000,0.00892584878920267,1.3910113796591759,0.0012789059619535692,5465.597381591797,144542.06356261022
1109,5,213120000,9.31909465789795,0.459239609050807,38.42899272439536,2000,0.009319697466368477,1.3860459700226784,0.0008355493559975002,4444.550506591797,143626.5087095218
1110,5,213312000,9.221589088439941,0.4545364823631341,38.455371727235615,2000,0.007389857028999056,1.3787641413509846,5.743278052250389e-05,5182.899124145508,144446.61807362892
1111,5,213504000,9.194507598876953,0.45316148245789617,38.47750262667736,2000,0.006840720345440787,1.3726008906960487,0.00011542716583790025,5566.201812744141,144432.72745708833
1112,5,213696000,9.349886894226074,0.4608489820851294,38.42598575539887,2000,0.006833403974305839,1.3629879169166088,-0.0009683045213932928,4859.9664306640625,144345.46239177545
1113,5,213888000,9.138015747070312,0.45018231215666066,38.41449197692176,2000,0.00739261280958696,1.3587209396064281,7.585898083561915e-05,5458.466400146484,145062.47247147793
1114,5,214080000,9.212855339050293,0.45400522991864517,38.399218851234764,2000,0.005992600359701707,1.360643669962883,-0.00046935454531649157,4685.424346923828,143239.5488619295
1115,5,214272000,9.212132453918457,0.45396877264829527,38.51190463577708,2000,0.006558332194515969,1.3565072230994701,-0.00018500033871760024,5157.189666748047,144056.85088324724
1116,5,214464000,9.18105697631836,0.4523593969703749,38.424551332990326,2000,0.006242124053843629,1.3526093177497387,-0.0006978128240007209,5213.57600402832,143724.65266916782
1117,5,214656000,9.16124439239502,0.4512031439026032,38.3517414793993,2000,0.007315424500460115,1.3527106083929539,0.00017036970893968828,4951.818557739258,144849.34120492582
1118,5,214848000,9.199681282043457,0.4534635610186039,38.42572927568108,2000,0.006750819966604468,1.34745978936553,-0.0004413199321788852,5109.976974487305,144390.8441377171
1119,5,215040000,9.173112869262695,0.45206773095196695,38.47518429284295,2000,0.008329001148124612,1.3391402587294579,0.00015658211577829206,5200.604827880859,144120.10421604218
1120,5,215232000,9.279996871948242,0.45729168850084534,38.41685310409715,2000,0.008907960548240225,1.3346866443753242,0.0002967051684663602,4580.340728759766,144484.04296320668
1121,5,215424000,9.095706939697266,0.4482656465006585,38.49293320750197,2000,0.00683981749174806,1.3306263945996761,8.61191410876927e-05,5722.545150756836,143606.7343237947
1122,5,215616000,9.144573211669922,0.4506771056900713,38.44192557285229,2000,0.004955379943169344,1.3279449045658112,-0.000993559286598611,5172.949645996094,145719.34576902137
1123,5,215808000,9.179397583007812,0.4521718922490739,38.39513307002684,2000,0.006790361094463151,1.3277930729091167,-4.715714021585882e-05,5175.586242675781,143977.54331928544
1124,5,216000000,9.220022201538086,0.4543125234540639,38.466990656529866,2000,0.007963143065591188,1.3228819370269775,0.00031396872054756386,5104.211883544922,143356.8718996416
1125,5,216192000,9.180217742919922,0.45246877015718684,38.39234311746744,2000,0.009270193120969149,1.3154006525874138,0.0011035139459636412,4950.91242980957,144484.8611405587
1126,5,216384000,9.117753982543945,0.44916669131513726,38.30782481779655,2000,0.006557262291704925,1.309801284223795,-0.00011173257507834933,5139.551773071289,143924.30398262152
1127,5,216576000,9.314475059509277,0.45905731124548765,38.40998452001562,2000,0.005932143850465459,1.3053189553320408,2.217033420492953e-05,4693.45329284668,144273.82465273252
1128,5,216768000,9.222981452941895,0.45438543812633725,38.377264580999814,2000,0.006721023428476958,1.303643587976694,-0.00012096202863176586,5031.59098815918,145022.27558167078
1129,5,216960000,9.136602401733398,0.4503125246289225,38.47725611117979,2000,0.0073275959308763666,1.3023511320352554,7.903533719400002e-05,4917.298034667969,145052.89903112617
1130,5,217152000,9.170159339904785,0.4517187697717115,38.36902366920064,2000,0.006315005689044483,1.3003569059073925,-0.00029841793457308086,5501.615783691406,145265.25503405384
1131,5,217344000,9.066120147705078,0.446703146202708,38.47495001306137,2000,0.00615030496152273,1.29427669942379,4.4056626848032465e-05,5410.232955932617,143500.39716271043
1132,5,217536000,9.142770767211914,0.45032293706693355,38.38355562028786,2000,0.006716950968499684,1.2933002673089504,0.00031039624900586205,5608.757431030273,144921.8638442237
1133,5,217728000,9.258506774902344,0.45627085540885065,38.46728032454848,2000,0.00861634655071733,1.2932790853083134,0.0008741738170101598,5369.2177734375,144225.559364823
1134,5,217920000,9.233643531799316,0.45493752208373434,38.4270023147886,2000,0.008505775940061237,1.2883980199694633,0.00047779467058717273,5246.797760009766,144812.78052005774
1135,5,218112000,9.209712982177734,0.4538646025678948,38.40949813121309,2000,0.006469673164615719,1.2819312550127506,-0.00019591654631767597,4844.589813232422,144529.14134681894
1136,5,218304000,9.261223793029785,0.456468771261522,38.4265920141091,2000,0.006574466060788837,1.2806442119181156,0.00042878318265593407,4991.468170166016,143515.14559855152
1137,5,218496000,9.213237762451172,0.453979186459037,38.480533776183925,2000,0.00765186100654925,1.2861403673887253,0.0002619943918489298,4596.419006347656,144476.7503393596
1138,5,218688000,9.215874671936035,0.4541614761183155,38.42755070297668,2000,0.006656922533875332,1.2816861383616924,-0.0005914119583394495,4868.490936279297,145355.58835965753
1139,5,218880000,9.202457427978516,0.4533854362070997,38.36590232141316,2000,0.006460560689001188,1.2801468819379807,-0.00018686766361497575,5412.876846313477,144600.61572233491
1140,5,219072000,9.141239166259766,0.45041668831618153,38.41113253224952,2000,0.0061291505011419455,1.2741670198738575,-0.0005280051064460167,5469.808166503906,145220.17538409514
1141,5,219264000,9.250425338745117,0.45608335752876883,38.45085618800173,2000,0.0070672166883208164,1.2704869322478771,-0.0004123085044511754,5104.7662353515625,143469.68153942277
1142,5,219456000,9.214156150817871,0.45389064440557075,38.38954539752255,2000,0.006886681994995645,1.2696765810251236,-0.0011137270284962142,4998.876129150391,145106.9010908344
1143,5,219648000,9.121707916259766,0.44925522849674354,38.36789295868948,2000,0.009353310042138522,1.269331932067871,0.000718215321057869,5351.472396850586,144502.62608561022
1144,5,219840000,9.260950088500977,0.4564896018388633,38.42612751309449,2000,0.006834997703355232,1.2683530002832413,-0.0002268954422106617,4299.373756408691,144347.47783115867
1145,5,220032000,9.134549140930176,0.45012501637817576,38.427829383562006,2000,0.010401468585012482,1.2662615403532982,0.0010765652832276373,5038.924057006836,144496.1730518049
1146,5,220224000,9.202073097229004,0.4534218975186377,38.38086348709961,2000,0.007401035086790216,1.2616208158433437,0.0002482120362401474,4532.44539642334,143789.68529627382
1147,5,220416000,9.165948867797852,0.45168231778491946,38.45869268787404,2000,0.006275575945115028,1.2574621550738811,-0.00013012499346132245,5546.490249633789,144036.53501220388
1148,5,220608000,9.208258628845215,0.453890646299745,38.46351814828813,2000,0.007008236224384746,1.2552289739251137,0.00010689070205671669,5108.63037109375,144479.39654585804
1149,5,220800000,9.257377624511719,0.45629168800163217,38.457231112290174,2000,0.006325735118841597,1.2563014701008797,-0.0007121600829123054,4905.110336303711,144596.37244664168
1150,5,220992000,9.162456512451172,0.4514375190259064,38.372469913214445,2000,0.008211019075281607,1.2557386979460716,0.0004194344928691862,5456.224136352539,144515.96875791324
1151,5,221184000,9.119830131530762,0.4493594001299546,38.409183568010725,2000,0.00976942018190554,1.2514060847461224,0.001553144415083807,5558.195266723633,143717.30902299943
1152,5,221376000,9.247697830200195,0.45580210746144684,38.40348894738903,2000,0.007238632584223524,1.2465364076197147,-0.00019448658708398625,4788.371475219727,144056.8104610644
1153,5,221568000,9.19465446472168,0.45305730813015543,38.40148775931448,2000,0.006451899402037574,1.2492993138730526,-0.0007877810257923556,4597.217483520508,145546.00645621767
1154,5,221760000,9.148163795471191,0.4507291929718728,38.38878131906191,2000,0.008106212049033881,1.2498413771390915,0.00017240472698176745,5590.4412841796875,144564.7182910758
1155,5,221952000,9.253528594970703,0.45602085011463106,38.40585724016031,2000,0.00654619383761504,1.2493782974779606,-0.00029483792821327626,4761.248336791992,144509.5005060831
1156,5,222144000,9.189638137817383,0.452640645249024,38.337971118065376,2000,0.00866197575807261,1.2486646547913551,0.0005229353801041725,5116.540969848633,143234.51464936422
1157,5,222336000,9.301313400268555,0.45840106474861386,38.34149815188721,2000,0.007440546819901405,1.2460490316152573,0.0001817028050936642,4623.090713500977,144187.989305746
1158,5,222528000,9.29308032989502,0.45801043284457893,38.374782680300996,2000,0.007394455268920866,1.2395862191915512,0.0004892785436823033,4581.527374267578,145115.94159062105
1159,5,222720000,9.190080642700195,0.4529271004642699,38.342490402050316,2000,0.006504876183307109,1.2365924529731274,-0.0005012873407395091,5203.408050537109,144609.17892959135
1160,5,222912000,9.16966438293457,0.4517968957976943,38.345131787781916,2000,0.008790145159873647,1.2344463877379894,0.0001885193466932833,4993.696487426758,144837.71727994687
1161,5,223104000,9.21519660949707,0.45414585370235727,38.380496493540704,2000,0.006089079181275641,1.2329788468778133,-0.0003977263017986843,5137.853332519531,143208.6264791608
1162,5,223296000,9.18179988861084,0.45247919010459253,38.40654967267377,2000,0.006911218091399255,1.2311479412019253,-0.0004900334461126477,4652.954162597656,144939.8016302219
1163,5,223488000,9.255400657653809,0.45609898050497577,38.36718011042103,2000,0.007543790291014981,1.2298604622483253,0.000395895108113109,5239.121643066406,145233.47721808567
1164,5,223680000,9.232471466064453,0.45501043841917027,38.48138014754901,2000,0.007563873803475871,1.2277975901961327,0.0005873169629921904,4889.4188232421875,145002.507714173
1165,5,223872000,9.23037052154541,0.45465106409089157,38.39465700120976,2000,0.006323820954906599,1.226038608700037,-0.00046967710795797757,5266.898574829102,144301.47803857338
1166,5,224064000,9.169893264770508,0.45181252218632534,38.424243219817676,2000,0.007129304243329292,1.2243084087967873,-0.000295715830361587,5656.988708496094,144082.082409397
1167,5,224256000,9.166318893432617,0.4517396025845907,38.375436577480286,2000,0.006631366076976217,1.222025889903307,-0.0008108285130674631,5450.052581787109,144610.98063622715
1168,5,224448000,9.203546524047852,0.45350523121790803,38.3768182778731,2000,0.006496803696645657,1.220122180879116,-0.0006079408831283217,5228.7015380859375,145058.53883205884
1169,5,224640000,9.258975982666016,0.4563646030540743,38.41704155927679,2000,0.008189935962223293,1.219058483839035,-0.00014257190468924819,5046.402908325195,145281.38918905082
1170,5,224832000,9.213345527648926,0.45402085329078545,38.44964453453819,2000,0.007266596619384169,1.2170676290988922,-0.00010650215494933946,4916.114654541016,144714.83491946457
1171,5,225024000,9.278464317321777,0.45735418940300104,38.459949878665306,2000,0.007447564173683835,1.2166513316333294,2.6329780666856095e-06,4520.755859375,143465.06057269897
1172,5,225216000,9.189774513244629,0.45286460098031966,38.36695788109986,2000,0.0067238436766783715,1.2189669124782085,-0.0005458340873474299,5733.032165527344,145008.36088113394
1173,5,225408000,9.152592658996582,0.4509687752676352,38.470663073162235,2000,0.0063418912147365815,1.2183322608470917,-0.0008299634162085567,5168.787551879883,144723.3408608641
1174,5,225600000,9.223955154418945,0.4545885608858953,38.38307572877966,2000,0.009206455558242548,1.2188017889857292,0.0005642540438657306,5030.928787231445,144381.65966876314
1175,5,225792000,9.182793617248535,0.4523593929582906,38.3832360903422,2000,0.006949332377485309,1.2165821380913258,4.321058531786548e-05,5149.099655151367,146722.50690825892
1176,5,225984000,9.139262199401855,0.450125025206944,38.464004550750055,2000,0.013842660045833326,1.2155497446656227,0.0035489497442995344,5319.159744262695,145510.12613365747
1177,5,226176000,9.138871192932129,0.45016668740997073,38.39560740316907,2000,0.010004250490979758,1.213192529976368,0.0007493480820812692,5122.369659423828,146663.96573685447
1178,5,226368000,9.284348487854004,0.457500021489371,38.362576090885945,2000,0.009123014040407725,1.2083747573196888,0.0006866933094897831,4307.228065490723,145259.4030900534
1179,5,226560000,9.268189430236816,0.4566510603829859,38.46649443047742,2000,0.007556627513375134,1.2045608423650265,-5.966590333628119e-05,4688.209693908691,145844.10566913118
1180,5,226752000,9.254416465759277,0.4560677262118891,38.40348693837101,2000,0.006542954325986405,1.1983433738350868,-0.0009668467541814607,4094.9160537719727,146606.31386664638
1181,5,226944000,9.234172821044922,0.45516147775075905,38.42428047861904,2000,0.0075373846520087676,1.194869413971901,4.2813811433006776e-05,5038.266677856445,145962.322055738
1182,5,227136000,9.178777694702148,0.4522916885835002,38.45918324558685,2000,0.007602879796691317,1.1930675208568573,-3.25988673921529e-05,5145.481369018555,146242.24295791704
1183,5,227328000,9.279767036437988,0.45731252042787673,38.425061202530436,2000,0.0055618389521647875,1.1903344877064228,-0.0004812653442058945,4511.309097290039,145630.565808824
1184,5,227520000,9.320324897766113,0.4593489833860076,38.381127963773906,2000,0.006284419400200325,1.1839258521795273,-0.0001022095055986938,4366.20735168457,146426.37240507372
1185,5,227712000,9.274593353271484,0.4572031477867616,38.40671629707018,2000,0.006106113665397667,1.1803178936243057,-0.00024060263172032137,4786.776840209961,145346.24939645766
1186,5,227904000,9.302870750427246,0.4585104382543553,38.438515421468765,2000,0.005903254677759833,1.1747703589498997,-0.00015566245292575331,4949.163101196289,146603.43413955782
1187,5,228096000,9.24596118927002,0.45568752232187154,38.440107326333724,2000,0.006383674776559928,1.169233813881874,-0.0007035718135739444,5270.054733276367,144733.4494195021
1188,5,228288000,9.228718757629395,0.45490627137466316,38.46273275092244,2000,0.006485071573357952,1.1630619913339615,-0.00037919962798582674,4797.22151184082,146505.3421448914
1189,5,228480000,9.235350608825684,0.4552448129791931,38.46996633638628,2000,0.00866864366134784,1.1589138805866241,0.0004346524883658276,4335.883110046387,145171.38898919223
1190,5,228672000,9.222880363464355,0.45456773174191767,38.40754012996331,2000,0.006874606945648945,1.1539707742631435,-0.0006264310522965388,4966.545944213867,145875.17486612438
1191,5,228864000,9.171116828918457,0.45182294053362665,38.39236945348481,2000,0.007957496767068126,1.1479399651288986,9.575844160281122e-05,5290.135269165039,145758.57277009578
1192,5,229056000,9.347169876098633,0.4607708512982451,38.39924307105442,2000,0.009329524249924968,1.1451107375323772,0.0011172982640346163,4809.869812011719,145906.23312673467
1193,5,229248000,9.17830753326416,0.4523021042508238,38.371750385810934,2000,0.00719207713015688,1.144831769168377,-0.00033497226377221523,5422.050369262695,145938.832858144
1194,5,229440000,9.205039024353027,0.453583353260304,38.393559277872555,2000,0.006806712029113746,1.1428013369441032,-0.00020890859264000028,4993.486083984375,145918.65465916996
1195,5,229632000,9.243721008300781,0.45553647472176334,38.45174350651602,2000,0.008492616083453565,1.1395988203585148,0.00036560504020144435,4860.804382324219,145421.17526069685
1196,5,229824000,9.122249603271484,0.44934377453622193,38.41609127943715,2000,0.006467021664429922,1.1339429169893265,-0.0003607049448532962,5652.810485839844,146640.76156883535
1197,5,230016000,9.232751846313477,0.45500522908272006,38.359341750231884,2000,0.007782998307491653,1.1326971724629402,-3.956081854994409e-06,4913.9837646484375,145858.89836350185
1198,5,230208000,9.128996849060059,0.44975002231876715,38.461773881067835,2000,0.008447377968657141,1.1358779519796371,0.0005204604731261497,5033.7783203125,146708.36661600578
1199,5,230400000,9.231671333312988,0.4551406450518698,38.4407089749972,2000,0.013531736543654308,1.134919412434101,0.0027840879311042954,4881.384826660156,145241.1657167743
1200,5,230592000,9.262591361999512,0.4564583549326926,38.392653888557106,2000,0.009508276501689882,1.1300938054919243,0.0012893125331174815,4907.1221923828125,146945.4130927529
1201,5,230784000,9.235875129699707,0.4553021016005611,38.537135653197765,2000,0.007999098171053143,1.1293638125061989,-0.00017891349034471205,4701.804168701172,145415.30105822618
1202,5,230976000,9.240050315856934,0.4555364755512225,38.4243721201395,2000,0.00699672596619348,1.1304293908178806,-7.996520253072958e-06,4705.051742553711,146592.59798949264
1203,5,231168000,9.134683609008789,0.45015626788942126,38.392404792519905,2000,0.006354740134770206,1.1303312294185162,-0.0005189414823689731,5810.480239868164,146805.48938498838
1204,5,231360000,9.300870895385742,0.4584114813042106,38.386234262026846,2000,0.008967538807036666,1.1313647478818893,0.0004802912617378752,4950.399200439453,146011.0030117886
1205,5,231552000,9.19155502319336,0.4529635642162854,38.381648028691416,2000,0.007430239899840672,1.134238887578249,0.0001568490110912535,5235.474639892578,145098.9478385207
1206,5,231744000,9.193876266479492,0.45298960069703753,38.39490428753197,2000,0.006095108584500849,1.134297538548708,-0.0008767953177084564,5522.653579711914,146594.12654711909
1207,5,231936000,9.209277153015137,0.4538593976406749,38.48457783584794,2000,0.007807671971114663,1.1286351270973682,8.483572582917986e-05,5135.697463989258,145836.42598126616
1208,5,232128000,9.320391654968262,0.4592812701418249,38.409688592888415,2000,0.006212921395432204,1.1221598610281944,-0.0007106706052582012,4890.852233886719,146283.39269974935
1209,5,232320000,9.219186782836914,0.45420314775219595,38.46403564636906,2000,0.007015460891144661,1.119612768292427,-0.00021183634453336708,4756.114822387695,145610.71183907817
1210,5,232512000,9.190882682800293,0.4529687726189877,38.419967252140246,2000,0.008688758545322344,1.1212660260498524,0.0008529742517566774,5356.728820800781,146810.521350349
1211,5,232704000,9.285706520080566,0.45765627158289135,38.45367177513739,2000,0.007995737932040356,1.1219864338636398,0.0005132978967594681,5028.394790649414,144341.0455943375
1212,5,232896000,9.211387634277344,0.4538958507503897,38.3794981384029,2000,0.00585430971539851,1.1204811781644821,-0.0007779755906085484,5192.072891235352,145885.8083285442
1213,5,233088000,9.176199913024902,0.4521666873776364,38.432774757655956,2000,0.006037233364748924,1.1227011568844318,-0.0009760130916447451,5021.096771240234,145861.94482827157
1214,5,233280000,9.249350547790527,0.45570314806839934,38.32250149656708,2000,0.006393464053088489,1.1236854456365108,-0.0004936557397741126,5793.788543701172,146466.7851744564
1215,5,233472000,9.19986343383789,0.4532187663729322,38.30832882722219,2000,0.006620748136144054,1.1196473129093647,-0.0001486752098571742,5197.759140014648,145531.89598620852
1216,5,233664000,9.260716438293457,0.45626043751690304,38.34414312401592,2000,0.007042981686225782,1.1144906841218472,0.0002868288927402318,5259.049087524414,146879.54509744022
1217,5,233856000,9.151754379272461,0.4508698139009842,38.44335914449766,2000,0.008572596737726902,1.1111191995441914,0.0004768050057464279,4847.587783813477,146018.33074817862
1218,5,234048000,9.114253997802734,0.4489323114776198,38.344388801294066,2000,0.007818538691441062,1.11178807169199,0.0003371749650966649,5619.828552246094,146213.81073526392
1219,5,234240000,9.155488014221191,0.45110418829608534,38.40093470380331,2000,0.008164648513930539,1.1103881374001503,-0.0001392727253914927,5661.423873901367,146000.97522875122
1220,5,234432000,9.184380531311035,0.4525521035169125,38.333102510000266,2000,0.007074271331056177,1.1093395538628101,-0.00027902299558490995,4988.795486450195,146038.22094969332
1221,5,234624000,9.192293167114258,0.45295835270674917,38.45153821570178,2000,0.00650316104539282,1.110885564237833,-0.00047040134097642294,5248.214065551758,145431.08323572043
1222,5,234816000,9.216954231262207,0.4543958551233421,38.426921747624874,2000,0.005686028314201395,1.1069610863924026,-0.0006760436008335091,5619.454071044922,146010.86588141604
1223,5,235008000,9.150450706481934,0.450843769650722,38.42762136645615,2000,0.006369437737404952,1.1014136336743832,0.00022038509723643074,5046.48176574707,146396.63285121965
1224,5,235200000,9.172220230102539,0.4519323151653225,38.38295702613929,2000,0.0066874684105277995,1.0982485078275204,-0.00019526157029758906,5047.956466674805,145930.9422109726
1225,5,235392000,9.111783027648926,0.4490052296817642,38.451731553301215,2000,0.009555378661607392,1.0982283540070057,0.001114079817853053,5526.823623657227,145404.80610762155
1226,5,235584000,9.180337905883789,0.45235419103664753,38.38724967713157,2000,0.007759191376676123,1.0969491824507713,0.00018755307792162057,5222.691101074219,146463.49452138212
1227,5,235776000,9.209694862365723,0.4539896053823516,38.39937285178652,2000,0.00690066515483583,1.0907936729490757,0.00014410280709853396,5109.965560913086,144965.8926681536
1228,5,235968000,9.15742015838623,0.45134898086022684,38.41663684587305,2000,0.008891596971351343,1.0857415944337845,0.0006271466791076818,5312.036560058594,146315.6365844014
1229,5,236160000,9.173700332641602,0.45212502062349813,38.44016580221554,2000,0.008466400602793632,1.0847193971276283,0.0004559994202795181,5270.159927368164,146397.1965600029
1230,5,236352000,9.115583419799805,0.4491666845303068,38.43756817902128,2000,0.006801443360978737,1.083858773112297,0.0002851091071534029,5632.382751464844,146564.81288360135
1231,5,236544000,9.2540283203125,0.4562135644634206,38.46583397127688,2000,0.006846391887656258,1.0851318091154099,5.8003177400678396e-05,4602.792434692383,145273.33150225529
1232,5,236736000,9.151468276977539,0.4509062706098727,38.41130094820013,2000,0.008991927293265083,1.082274615764618,0.0008236798475991236,5141.987121582031,146268.44859057257
1233,5,236928000,9.198365211486816,0.45312502173207275,38.431644366433225,2000,0.008306636816657071,1.0821476876735687,0.00047350219028885476,4918.098709106445,145378.63577906668
1234,5,237120000,9.17397689819336,0.4522291910513256,38.457899953859545,2000,0.006659345236083027,1.0826302580535412,-0.0006664305956292083,5106.270843505859,146314.26557735747
1235,5,237312000,9.236541748046875,0.45496877236655564,38.342510468016066,2000,0.006365819401767415,1.0803446732461452,-0.0006453738049003732,5042.461242675781,145334.7428326738
1236,5,237504000,9.066431999206543,0.4465781430875116,38.41414095958074,2000,0.005749348806527754,1.0784468241035938,-0.0007015306941156041,5712.1929931640625,147243.57316176503
1237,5,237696000,9.164291381835938,0.4516146025331788,38.427089143544436,2000,0.006629160609794781,1.0744332931935787,-0.000552913475985406,5540.963851928711,146125.8298046897
1238,5,237888000,9.219372749328613,0.45435418801328825,38.37549670661489,2000,0.007270064646999042,1.074980951845646,0.0004387147155284765,4963.148986816406,146649.0520870386
1239,5,238080000,9.299989700317383,0.4583854345025126,38.38400610598425,2000,0.008327120795671362,1.0784121789038181,0.0010277007627337298,4341.957496643066,144704.93257661708
1240,5,238272000,9.119966506958008,0.44949481073914893,38.369512700747386,2000,0.006622996891344277,1.0785977877676487,-8.903997695597354e-05,5511.187942504883,146661.88352305628
1241,5,238464000,9.149781227111816,0.45081773244965007,38.40354908288767,2000,0.007918400307515791,1.0771639831364155,0.00015321003593271598,5099.8223876953125,145515.01035715162
1242,5,238656000,9.18956470489502,0.4528750227115476,38.355931324263416,2000,0.00614245156745892,1.0737736970186234,2.835962413882953e-05,5287.054611206055,146612.81154705933
1243,5,238848000,9.143498420715332,0.4505468968333541,38.42005618258069,2000,0.006466479363041192,1.0711243823170662,-0.0005706558727069933,5421.702102661133,145228.08085855303
1244,5,239040000,9.29953670501709,0.45841147763591533,38.35927748369674,2000,0.005345982347935206,1.0690196976065636,-0.00040394380198449653,4774.526229858398,145783.56615063132
1245,5,239232000,9.119129180908203,0.44954169124684995,38.37683523391994,2000,0.006923004081613423,1.0692003518342972,-0.0007681339238843066,5985.157455444336,145257.02923812065
1246,5,239424000,9.143783569335938,0.4503646095284542,38.32268104081353,2000,0.006635994493466569,1.0662888288497925,-9.469787255511619e-05,4827.864105224609,145286.30545183664
1247,5,239616000,9.152283668518066,0.45082293774855015,38.47288274516662,2000,0.0069973371506397,1.0653028935194016,0.0008339303267348441,5273.641128540039,144442.33536805894
1248,5,239808000,9.085367202758789,0.4476093934996849,38.42350448295474,2000,0.006687576587311924,1.0619409903883934,0.0007059632216623868,5648.277694702148,145831.74666652284
1249,5,240000000,9.25019359588623,0.455937519283907,38.40484679490328,2000,0.006515932841022732,1.0592533312737942,-0.00042971557121518345,5169.794479370117,143803.62999718354
1250,5,240192000,9.146559715270996,0.4507916856400698,38.41241303707162,2000,0.007963198698998895,1.0561239682137966,0.0005897667165299936,5273.837371826172,146250.10124333858
1251,5,240384000,9.039312362670898,0.4454166853217127,38.48387125631174,2000,0.008824686416502421,1.0545090399682522,0.00123304714452388,6037.061553955078,144876.7147764649
1252,5,240576000,9.19725227355957,0.4530989783464368,38.42372496519238,2000,0.005358811331777057,1.052189264446497,-0.00032385716531280195,5025.115875244141,144041.71534652464
1253,5,240768000,9.195015907287598,0.4530416870359962,38.4580685623611,2000,0.006421324074171328,1.0521152466535568,0.0003597659128899977,4523.722076416016,141465.2483839689
1254,5,240960000,9.170042991638184,0.45185419251356507,38.359710382918514,2000,0.006723443255779178,1.050276231020689,-0.0002450593892717734,5106.0029296875,144890.20742675723
1255,5,241152000,9.231345176696777,0.4547916854462528,38.45757580393305,2000,0.0060056918272554565,1.0488011352717876,-0.0005075012286397396,4979.450149536133,145044.27672992984
1256,5,241344000,9.23503589630127,0.45510418624265486,38.39068400165221,2000,0.008046706272754818,1.0440561324357986,2.9637971238116734e-05,5556.574737548828,146391.77766723905
1257,5,241536000,9.270833015441895,0.4569166847013548,38.48391009370486,2000,0.00861018281270905,1.0408000499010086,0.00029803944266859617,4927.466247558594,144997.34991772563
1258,5,241728000,9.051593780517578,0.44592710312523803,38.47255204400668,2000,0.0060324050729977895,1.037363413721323,-0.00024171917505100282,5313.173629760742,146315.9419895222
1259,5,241920000,9.198060035705566,0.4532708527955644,38.39458174165338,2000,0.01678706491862734,1.0351714541514714,0.004053601764705188,5233.094319661458,147770.98710354095
1260,5,242112000,9.118589401245117,0.4492500180604111,38.46451587788761,2000,0.027257315379877883,1.0347332060337067,0.008961988660303177,5190.30908203125,152993.19313216323
1261,5,242304000,9.197589874267578,0.4533593936460723,38.399938488689564,2000,0.008261708775574032,1.0336452573537827,0.0004288469569928566,5451.106719970703,145823.16387845905
1262,5,242496000,9.270865440368652,0.4568125275394171,38.37544578593224,2000,0.0072906818490203786,1.0308001264929771,0.00029537594468820316,4896.289245605469,145469.55692097606
1263,5,242688000,9.22950553894043,0.454859393060057,38.374916741624475,2000,0.007203453973964012,1.0252933129668236,-0.00014118240778770996,5318.113571166992,146131.7337481403
1264,5,242880000,9.126824378967285,0.4493906476260842,38.363230081275105,2000,0.006506399611690237,1.0253194235265255,-0.00011071940207330044,5318.328399658203,146214.092107568
1265,5,243072000,9.231731414794922,0.455140643415992,38.39337410591543,2000,0.007188871145849892,1.025417722761631,-0.0002198004146976018,5342.30549621582,146976.68803456638
1266,5,243264000,9.123689651489258,0.4496093951674993,38.43527035228908,2000,0.006330378162267152,1.0228398479521275,-9.967319056158885e-05,5534.520080566406,145001.62759959325
1267,5,243456000,9.129294395446777,0.4499271046728002,38.42712017893791,2000,0.007646058502946592,1.0242253355681896,0.0002275706319778692,5104.049835205078,146130.72141702392
1268,5,243648000,9.267942428588867,0.45678648360869073,38.47750787933668,2000,0.009150523127716345,1.025191307067871,0.00027055786495111533,4770.017379760742,144967.01665322031
1269,5,243840000,9.183552742004395,0.45260418951632647,38.36705022716584,2000,0.006859830390429124,1.0205981582403183,-9.838288224273128e-05,5227.177764892578,146538.2808554529
1270,5,244032000,9.279718399047852,0.4572916861112996,38.36447451946636,2000,0.006617074100552903,1.0162208378314972,-0.0002888203143811552,4774.382339477539,145253.01855699226
1271,5,244224000,9.219945907592773,0.45448960556071444,38.41960138819801,2000,0.007128546878831306,1.0123405680060387,0.00011189703400305007,4665.054718017578,146563.51473767424
1272,5,244416000,9.29653263092041,0.4582448099396667,38.35712218719224,2000,0.006332085846651656,1.0126019157469273,0.00015034061698315782,4920.913101196289,145330.39267393982
1273,5,244608000,9.135467529296875,0.45005210426158254,38.443812500064574,2000,0.006359124709522197,1.0092512927949429,-0.00038089080703684886,4785.903579711914,146765.98783741056
1274,5,244800000,9.178617477416992,0.4522343941213573,38.38205475282545,2000,0.006664204936804405,1.0080127120018005,5.206532750889892e-05,5217.5810546875,145260.88880996348
1275,5,244992000,9.249185562133789,0.4558281498981766,38.37910031659218,2000,0.009463469376496506,1.0063559785485268,0.0011497748928377405,4328.789360046387,146240.04560784783
1276,5,245184000,9.30268383026123,0.45861981103795796,38.3602404720732,2000,0.007168321736564395,0.9990471377968788,0.00045065227368468186,4836.120941162109,146596.56131777374
1277,5,245376000,9.204801559448242,0.4536458526138934,38.40932055003941,2000,0.0064777670292533,0.9928719904273748,-0.0007236274109985175,4896.367980957031,146192.2441448625
1278,5,245568000,9.224486351013184,0.45458334929632355,38.39210690992574,2000,0.006403553987639801,0.9926768932491541,-9.07497524167411e-05,4913.085556030273,146124.58312456767
1279,5,245760000,9.237357139587402,0.4551927297252405,38.44618491859486,2000,0.007652920229476876,0.9906456638127565,0.0003932606728085375,4734.398361206055,144784.60864526118
1280,5,245952000,9.134927749633789,0.45016669122924213,38.42851799167693,2000,0.007198374393376677,0.9861925914883614,0.00012133148902648827,5309.286422729492,144282.02132075673
1281,5,246144000,9.198698043823242,0.4533854330493341,38.365453833403684,2000,0.006619975277416718,0.9855565037578344,-0.000283344763374771,5528.563781738281,146063.50456722468
1282,5,246336000,9.181365966796875,0.45227606072815735,38.32587222630779,2000,0.006680706708226353,0.9827696960419416,-8.341536704392638e-05,4813.5101318359375,146510.71131657402
1283,5,246528000,9.170174598693848,0.4519010592302948,38.414413400227204,2000,0.006833710919056709,0.9808725714683533,-0.00013979769300931366,4935.90055847168,143321.99537849342
1284,5,246720000,9.17563247680664,0.4521146027169986,38.40980535248915,2000,0.006332762109600784,0.9773826841264963,-0.00019416748449430088,5249.451324462891,144006.784159499
1285,5,246912000,9.266772270202637,0.4565677288713535,38.42063396206746,2000,0.006758039532355421,0.9751466438174248,-0.00038310610443659243,4785.353759765625,142272.38736092296
1286,5,247104000,9.140449523925781,0.45034898168523796,38.43826821881036,2000,0.00788435200850169,0.9734818413853645,0.00012189458175271284,5292.12744140625,146644.14396992157
1287,5,247296000,9.227407455444336,0.4548750161272134,38.413939575354256,2000,0.00560642021377862,0.9679462146013975,-0.00019551969785425172,5299.917892456055,144666.36550159767
1288,5,247488000,9.174616813659668,0.451958356961768,38.41384562353293,2000,0.007207670780442034,0.9663565512746572,0.000350409744442004,5384.868072509766,146384.39521267914
1289,5,247680000,9.21037769317627,0.45395835324840544,38.39230397448409,2000,0.006190007335079524,0.9660521913319826,-0.0005149509113380191,5420.816421508789,144730.83655751473
1290,5,247872000,9.194116592407227,0.4532031507405918,38.42940161253015,2000,0.006910521621059161,0.9676553253084421,-7.845466825529002e-05,5020.666320800781,145822.307324549
1291,5,248064000,9.241178512573242,0.4555156414207886,38.42206199637925,2000,0.009976753011636901,0.9686014726758003,0.0011308128741802648,4837.636627197266,144188.8749532438
1292,5,248256000,9.192546844482422,0.453145856946018,38.37708877989402,2000,0.00905734702378201,0.9691819623112679,0.0008452292495348956,5657.218688964844,145686.27890640718
1293,5,248448000,9.186797142028809,0.45278648123288195,38.42412365538379,2000,0.007593775509332773,0.9691792707890272,0.0003532111375079694,5479.362533569336,145882.00071254084
1294,5,248640000,9.214675903320312,0.4543229390716685,38.47261382391056,2000,0.006351632673739611,0.9694323074072599,-0.0006800400033171172,4604.838272094727,144234.20551774508
1295,5,248832000,9.27892017364502,0.45739064681523206,38.38341046217829,2000,0.00612284681717089,0.9696566686034203,-0.0004924984787066933,4823.634048461914,144512.39797084715
1296,5,249024000,9.261645317077637,0.4563177284453559,38.40362242081513,2000,0.00840286145011972,0.9697342421859503,0.0006536008568218676,4543.7314376831055,144958.5956451557
1297,5,249216000,9.222577095031738,0.4545521014994544,38.386099598680936,2000,0.00876410280505661,0.9689506888389587,0.0001496887873599917,5371.550155639648,144086.0604810837
1298,5,249408000,9.227925300598145,0.4549114799447125,38.38338943912337,2000,0.007135335970369245,0.9658981002867222,-6.976299300731625e-05,4738.179183959961,143830.52869590383
1299,5,249600000,9.273787498474121,0.45708856465535064,38.41107010965546,2000,0.007777135228194917,0.9648868106305599,-0.0003391191103219171,4994.662200927734,143427.37295467575
1300,5,249792000,9.257109642028809,0.4563437717248841,38.38642447348684,2000,0.006295009475919263,0.9668621905148029,-0.0007859707050101861,4572.175720214844,144443.97774204952
1301,5,249984000,9.221856117248535,0.4545156473626169,38.37055193675527,2000,0.00701567667425843,0.9675307795405388,3.6923207971995e-05,5165.636703491211,141943.62494603795
1302,5,250176000,9.1419677734375,0.4505468996788598,38.46131513391932,2000,0.006996342042422232,0.9686227589845657,-0.0003293609988759272,4873.325775146484,140870.25294443633
1303,5,250368000,9.196181297302246,0.4531614807474398,38.391862504184246,2000,0.006068909429915947,0.9700816702097654,-0.00027600289934071043,4989.730926513672,142529.09507099463
1304,5,250560000,9.290438652038574,0.4579791855746104,38.406044823117554,2000,0.008259114094505398,0.9714750349521637,0.00048310952888641623,4377.618423461914,143990.4508795356
1305,5,250752000,9.140460014343262,0.45047919168852485,38.37465431409267,2000,0.0052882023322939255,0.9722406882792711,-0.00042546188342384994,5568.600128173828,143915.40076914587
1306,5,250944000,9.249040603637695,0.45588543812482385,38.41283272435734,2000,0.007056553224295688,0.9732787329703569,-0.0005072458025097148,5008.454925537109,144123.81662517763
1307,5,251136000,9.128988265991211,0.44973439432033047,38.39789051314195,2000,0.006026130439344949,0.9753684271126986,-0.0004027357281302102,5709.924270629883,143984.3463843615
1308,5,251328000,9.250886917114258,0.4557291871284785,38.33036604585747,2000,0.00582506764253291,0.9758589714765549,-0.0008678413632878801,4474.718162536621,141158.82210148056
1309,5,251520000,9.26123332977295,0.4564479377889559,38.37626016512513,2000,0.006917795352307924,0.9742733761668205,0.00016599067203060258,4708.6994552612305,143320.25250229356
1310,5,251712000,9.278642654418945,0.4572864826780763,38.42126959438125,2000,0.010425390509325855,0.9767113570123911,0.0011099120401922846,4535.7354736328125,143815.07377000712
1311,5,251904000,9.127573013305664,0.44977606139642984,38.36592802001784,2000,0.006706650239725908,0.9765462521463633,-0.0005474263475662156,5342.525466918945,146306.9607324757
1312,5,252096000,9.231666564941406,0.45498439482980757,38.41702440951485,2000,0.006866138542536647,0.9751501586288214,-0.00030527573017025134,4980.384307861328,145147.99311317923
1313,5,252288000,9.257433891296387,0.45628647734459565,38.418517012304314,2000,0.007744712540142549,0.9732415303587914,-1.3053880962843323e-06,4539.358612060547,144240.5794759381
1314,5,252480000,9.297748565673828,0.45834897982543527,38.3835363277855,2000,0.010323583494309181,0.9731568414717913,0.0016925521404118626,4707.973403930664,145043.17027820222
1315,5,252672000,9.230231285095215,0.4549427266059259,38.372444581861295,2000,0.007577432881633286,0.9743154514580965,0.0002777732333925087,4839.861083984375,143647.79410418737
1316,5,252864000,9.225079536437988,0.45477085414192214,38.412024846610926,2000,0.007274755121354247,0.9765074774622917,-2.0510929061856586e-05,5181.1614990234375,145380.61522655908
1317,5,253056000,9.228092193603516,0.45489584936149186,38.401533377046384,2000,0.006967691106702356,0.9717027116566896,-0.00041796781169978203,5413.172576904297,143593.06855461877
1318,5,253248000,9.255813598632812,0.456098974057871,38.37161064147949,2000,0.00728603845993833,0.9688038732856512,0.0003787660893976863,4407.4534912109375,139746.6604412208
1319,5,253440000,9.136436462402344,0.45004689618690463,38.42335174729427,2000,0.006773682854875612,0.9682548027485609,0.00011911405590581126,5096.947708129883,139938.66789982602
1320,5,253632000,9.204056739807129,0.45354689395935566,38.389758509467356,2000,0.005182266378067046,0.962868494912982,-0.0006710280822517234,4876.69873046875,140389.2152496469
1321,5,253824000,9.143804550170898,0.4505416837564553,38.41981693481406,2000,0.006688462524626326,0.9571964964270592,-0.0005325437959982082,5615.982162475586,124374.14017536191
1322,5,254016000,9.28964614868164,0.45793752506385016,38.406328638549894,2000,0.006687253911465329,0.9536245334893465,0.0007492499189538648,5092.538223266602,117971.10035475747
1323,5,254208000,9.268157958984375,0.45682814289830276,38.43535550187031,2000,0.0047108166131365585,0.9526033196598291,-0.0005159860039611885,5106.58154296875,141892.66767177073
1324,5,254400000,9.30891227722168,0.4588437708904773,38.3548835242788,2000,0.006360901328288795,0.9521969091147184,-0.0005460359825519845,4465.169174194336,145891.99696895576
1325,5,254592000,9.188848495483398,0.4529375225113957,38.4700377243571,2000,0.006521612060624951,0.9505047556012869,-0.00048066860654216725,5036.261215209961,145087.29565447906
1326,5,254784000,9.281160354614258,0.45748960510172765,38.43776783548916,2000,0.0062391100931466405,0.9480607360601425,-0.0008882816800905857,4672.780960083008,146514.19672740687
1327,5,254976000,9.158870697021484,0.45150523089553946,38.503959787388645,2000,0.00810586578550283,0.9454624429345131,0.0005052443798376771,5057.77392578125,145678.3113107879
1328,5,255168000,9.219950675964355,0.4542864823779382,38.42264704685658,2000,0.012021853098665209,0.9445887710899115,0.002662786322616739,4991.962646484375,145911.95056989504
1329,5,255360000,9.193934440612793,0.45298960380387143,38.49450649072727,2000,0.005700565770210233,0.9425517451018095,-0.000755135843064636,4963.511978149414,145330.96579728692
1330,5,255552000,9.160189628601074,0.45154168661550403,38.52869011461735,2000,0.006517811143712606,0.9436465669423342,-0.000669191876113473,5345.189987182617,144635.32113366696
1331,5,255744000,9.15359878540039,0.4511458528692553,38.51529819145799,2000,0.005537961348910661,0.9446816388517618,-0.0004409105495142285,5454.711395263672,146061.6028168478
1332,5,255936000,9.283782005310059,0.45755731013196055,38.42602263748025,2000,0.0071472869420831555,0.9440110884606838,-0.00047665881174907554,4615.124053955078,144950.23284681104
1333,5,256128000,9.168340682983398,0.4517500222221618,38.47478765435517,2000,0.00890245206473628,0.9438571259379387,0.0006737060890600333,5453.560760498047,145406.47121128556
1334,5,256320000,9.201990127563477,0.4533854352497049,38.414566807448864,2000,0.010284059165278449,0.9416576698422432,0.0013359022723875569,5139.946182250977,145072.76624774715
1335,5,256512000,9.211230278015137,0.453989601601279,38.431171296242006,2000,0.00804091710158779,0.9396588634699583,0.00014554837173363921,4741.821914672852,145139.90073154084
1336,5,256704000,9.332666397094727,0.45989585531545646,38.36463488467658,2000,0.007503851842678462,0.938227416947484,0.0005117189925840648,4881.29719543457,144597.42221605268
1337,5,256896000,9.190817832946777,0.4528229346966934,38.451566866676636,2000,0.009605775055048678,0.9318634811788797,0.0011723489011501442,5470.449905395508,145745.99471289045
1338,5,257088000,9.156932830810547,0.4511406452080943,38.443043026452266,2000,0.007931343358048858,0.9273110255599022,0.0004300502373553172,4800.4354248046875,145148.24055149534
1339,5,257280000,9.205751419067383,0.4536666844711969,38.40389478486031,2000,0.006733835343543129,0.9241443313658237,-0.0005600027135415075,5236.669692993164,146149.36422099476
1340,5,257472000,9.231595993041992,0.4548437707338356,38.40131466773649,2000,0.005372161019195725,0.9196177199482918,-0.0012172605238447431,5249.435394287109,144911.56905208368
1341,5,257664000,9.2576265335083,0.45634377097970474,38.41128970263526,2000,0.006816071549401385,0.9106619413942099,-0.0007405792753161222,4862.153457641602,146196.2264880488
1342,5,257856000,9.182722091674805,0.45250002188367944,38.40534118896661,2000,0.006871492728008889,0.9074634052813053,-0.0003278381828977217,4908.659957885742,145993.53600261465
1343,5,258048000,9.074104309082031,0.447088564432003,38.486322988756,2000,0.006060840938725354,0.9063101205974817,-0.0008426621316175442,5399.4510498046875,146531.32087773806
1344,5,258240000,9.21898078918457,0.45430731351613457,38.43578870346149,2000,0.006308430488463879,0.904095696285367,-0.0006100636710471008,4720.34065246582,145280.17127628118
1345,5,258432000,9.161210060119629,0.45134377778716345,38.46410159828762,2000,0.0058006896197330205,0.9060934577137232,-0.0010333761556466925,5722.166656494141,146707.2692714918
1346,5,258624000,9.237256050109863,0.4552291842143556,38.456729287592076,2000,0.007013220482340937,0.9058624356985092,-0.0008377320455110748,5382.304290771484,145128.5857686932
1347,5,258816000,9.240253448486328,0.455354182691129,38.46089850164329,2000,0.009993203814839945,0.9037621356546879,0.0007803039616192109,5062.828414916992,144789.30277440106
1348,5,259008000,9.131319999694824,0.44989585475802113,38.414203277789056,2000,0.008546313854749315,0.904888266697526,0.0010711964669098961,5276.783676147461,146833.36907902744
1349,5,259200000,9.211136817932129,0.4540052282112204,38.44275863437603,2000,0.009361102471564664,0.9060602784156799,0.0006169382186271832,5022.665924072266,145444.8500122414
1350,5,259392000,9.240476608276367,0.4554323121574271,38.49365776280562,2000,0.008221370980667416,0.9036737699061632,0.000743517398404947,5035.719268798828,146883.82061502305
1351,5,259584000,9.298033714294434,0.4583073143718745,38.53282315470278,2000,0.006249724748146643,0.9034504890441895,-0.0005746219526372442,4525.232040405273,145790.628971176
1352,5,259776000,9.234543800354004,0.4552552283300126,38.467954610163964,2000,0.006452369128450907,0.9025121200829744,-0.00036881646201436524,4750.860076904297,146446.170862437
1353,5,259968000,9.230279922485352,0.45495835308611277,38.453008684019245,2000,0.00921250563095479,0.8997120838612318,0.0008684108111083333,4589.933303833008,144992.82459080234
1354,5,260160000,9.108912467956543,0.44867190091099474,38.373363776132464,2000,0.008322622108001571,0.8940538819879293,0.0007211612428363878,5082.769439697266,146923.70177593984
1355,5,260352000,9.253372192382812,0.4560989784586127,38.408762959297746,2000,0.008150580454540129,0.8896035756915808,0.0004935244205626077,5115.440582275391,145801.61847689626
1356,5,260544000,9.221301078796387,0.45441668288610043,38.45136757098953,2000,0.0062539656172351295,0.8893670551478863,-0.00023026412236504257,4747.703536987305,145054.44529397966
1357,5,260736000,9.387166976928711,0.4627656451424021,38.454955361783504,2000,0.005547927718648376,0.888920970261097,-0.0004642605935423205,4770.849182128906,144333.05748051679
1358,5,260928000,9.225334167480469,0.45471876831713115,38.46361506047348,2000,0.0063212414506512386,0.8865436930209398,-0.000629379340352898,5251.997848510742,145651.06714514192
1359,5,261120000,9.168185234069824,0.45165627563498373,38.39495933956156,2000,0.007129612628244407,0.8838173560798168,-0.0004518233324688481,5200.749954223633,144845.6574361878
1360,5,261312000,9.221908569335938,0.454494812949027,38.49405153592428,2000,0.012113524588892081,0.8858963679522276,0.0013583019645011518,4886.001174926758,145973.67340001158
1361,5,261504000,9.215862274169922,0.4542708524362145,38.50430088614424,2000,0.007357513201966261,0.8850418701767921,0.00011366433500370476,4869.185272216797,145318.2156115908
1362,5,261696000,9.19238567352295,0.45289064535609214,38.40518265165156,2000,0.006055399548107137,0.8853884860873222,-0.0007449083723258809,5115.171417236328,146550.40888888398
1363,5,261888000,9.342649459838867,0.4604948147534742,38.380083890010916,2000,0.0072773349094980705,0.8818833772093058,0.00020067343234586588,4667.0078048706055,146608.68467126854
1364,5,262080000,9.319884300231934,0.4594062710257276,38.388812160119414,2000,0.006607470672111959,0.8747736718505621,0.00018731692034634762,4715.515975952148,145611.7618130508
1365,5,262272000,9.199102401733398,0.45335418970838265,38.472747230902314,2000,0.007076433323866998,0.8678460624068975,-0.00011037289027626684,5095.281188964844,146664.66572297752
1366,5,262464000,9.180957794189453,0.45219793855903845,38.43098892100776,2000,0.00623532134341076,0.8662060499191284,-0.0006077840434954851,4970.502365112305,144948.0461379601
1367,5,262656000,9.322869300842285,0.459390643705774,38.37530438633015,2000,0.006752087381784804,0.86393603682518,-0.0006973840748969451,4788.692817687988,145700.21433918262
1368,5,262848000,9.155627250671387,0.45126564145054243,38.47306634276174,2000,0.0062091733317356556,0.8604274038225412,-0.0006954495393074467,5193.808334350586,145124.0913032908
1369,5,263040000,9.217642784118652,0.45410939488465374,38.386933503982924,2000,0.005578054285404505,0.8568771369755268,0.0003599492883950006,5763.402587890625,145608.8361080498
1370,5,263232000,9.259754180908203,0.4563281474820542,38.41926983064817,2000,0.007238540368707618,0.8540196008980274,-0.00011045841483792174,4764.820098876953,142989.29901210152
1371,5,263424000,9.137459754943848,0.45029168579822,38.452323413453996,2000,0.008202380951183537,0.8534798324108124,0.0003466426398972544,5410.431945800781,145712.5631063708
1372,5,263616000,9.243247032165527,0.4555885663157824,38.412797667086124,2000,0.007500593595167932,0.854598781093955,-0.00010394793025625404,5085.251693725586,145899.9816354957
1373,5,263808000,9.15141487121582,0.4508281474494045,38.44022426381707,2000,0.010090608786403513,0.8525927625596523,0.0009166395132069738,5387.303619384766,143887.62944477965
1374,5,264000000,9.20026969909668,0.45335939933283953,38.42536899354309,2000,0.007143521896815704,0.8513124715536833,-8.831051491142716e-05,5073.490005493164,140635.03737921492
1375,5,264192000,9.236653327941895,0.45522918721871974,38.417349708577,2000,0.006649735818093177,0.8496047090739012,-0.0006954740429137019,4904.195999145508,142378.4370997325
1376,5,264384000,9.126906394958496,0.44977085397113115,38.32726703599716,2000,0.006491483429184882,0.846179410815239,-0.0002476666081179246,4958.175689697266,144753.7249025655
1377,5,264576000,9.19726848602295,0.4531614792625381,38.44580953257779,2000,0.006272407720253492,0.8451906386762857,-0.0002515226711921059,5161.57633972168,103511.37798275346
1378,5,264768000,9.201937675476074,0.4533177283895687,38.3794429746146,2000,0.007155134521715808,0.8431367743760347,3.988940898125293e-05,5217.905487060547,143456.72300493688
1379,5,264960000,9.147119522094727,0.45066147986593325,38.42782463630041,2000,0.006595164055218144,0.8426596596837044,-0.0001598224907866097,5010.828689575195,145476.36062692458
1380,5,265152000,9.200174331665039,0.45337502694565046,38.433516760356724,2000,0.007413195921534983,0.8388303462415934,-2.156600839953171e-05,5165.507507324219,144262.51435185023
1381,5,265344000,9.173892974853516,0.45202085301267897,38.3979791974028,2000,0.006383625893407346,0.8395114932209253,-0.0001062849553363776,5134.576522827148,144809.9498508685
1382,5,265536000,9.349346160888672,0.46080210878911504,38.377879780096315,2000,0.007027467055770103,0.8384515326470137,-0.0006377498229994671,4379.078285217285,144686.02088107774
1383,5,265728000,9.205476760864258,0.4535521020237259,38.379737458036594,2000,0.005805564743330858,0.8353641107678413,-0.0009594556731826742,5349.644989013672,145027.66158621886
1384,5,265920000,9.27737808227539,0.4572708573505224,38.431975926583014,2000,0.006216774430387886,0.8325784932821989,-0.0007254845834268053,4338.587577819824,144842.21817427006
1385,5,266112000,9.28443717956543,0.4575364816791989,38.46875948024293,2000,0.007924415406363551,0.830895708873868,-0.0002678137066141062,4783.292419433594,142673.41516594752
1386,5,266304000,9.299762725830078,0.4584375205152658,38.321764366080366,2000,0.008975648212207792,0.8298623356968164,0.00022745413502889278,4135.234436035156,144641.64592683816
1387,5,266496000,9.150644302368164,0.4508854362654044,38.35205739206867,2000,0.009319113637631138,0.8297449890524149,0.0002030986621228692,5406.906555175781,144423.39306398336
1388,5,266688000,9.166379928588867,0.45161980785633205,38.4548740137058,2000,0.006328594169812277,0.82744943164289,-8.245680646723486e-05,5211.443557739258,145970.71260159742
1389,5,266880000,9.10177993774414,0.4484531437162029,38.418799341384634,2000,0.0059780644159376,0.8256286792457104,-0.000435071162883105,5324.951522827148,144560.1742179143
1390,5,267072000,9.291410446166992,0.45803127143881284,38.426530341928206,2000,0.007137722969831278,0.8270119652152061,-1.0592419585009338e-05,5305.81689453125,142483.9286814255
1391,5,267264000,9.210756301879883,0.4537760609049049,38.353167978619844,2000,0.0062858840972961245,0.8294989913702011,-0.00018331024375584093,4740.555068969727,145529.10144661294
1392,5,267456000,9.21645450592041,0.45401043865058455,38.326915870789286,2000,0.010401347528134163,0.8285537492483854,0.0008812204557671066,5603.018737792969,145808.65126481015
1393,5,267648000,9.213891983032227,0.45409897812896816,38.44273204294344,2000,0.006584181594274317,0.8252795059233904,-0.0006462251817538345,5088.007080078125,144558.0483474014
1394,5,267840000,9.275670051574707,0.45709898287107836,38.38781268626917,2000,0.007068222872204691,0.8242667820304632,8.33955731138758e-05,4528.1118240356445,144407.93027351733
1395,5,268032000,9.277350425720215,0.4572864743931859,38.48675844756266,2000,0.007606520962920816,0.8218133058398962,-5.814708856632933e-06,4895.126541137695,144265.60809730334
1396,5,268224000,9.178828239440918,0.4521927288818309,38.354442699594074,2000,0.00853132548967066,0.8196158800274134,0.0002988180276588537,5445.736877441406,144828.042162766
1397,5,268416000,9.213066101074219,0.4538073125701582,38.37138234761854,2000,0.009565498742391355,0.8150807861238718,0.0009378077179462707,4718.478225708008,145990.66653843437
1398,5,268608000,9.187782287597656,0.4527708577534213,38.42413589544594,2000,0.006862479419932546,0.8092839363962412,-0.0005027660320138239,4789.305892944336,145335.17628087508
1399,5,268800000,9.238630294799805,0.4552396058212859,38.394483549986035,2000,0.006683899272892934,0.8140666484832764,-0.00019381012498342898,4570.734161376953,146244.47958229526
1400,5,268992000,9.253096580505371,0.4559948114662499,38.48494057481488,2000,0.006495797698958389,0.8162096980959177,7.641484489795403e-05,5010.280776977539,145976.89080487203
1401,5,269184000,9.242241859436035,0.45557293848893704,38.434055950803064,2000,0.005286057693049467,0.8153315056115389,-0.0008739706568121619,4855.467666625977,147191.61379276108
1402,5,269376000,9.289190292358398,0.4577031510634697,38.46243137679994,2000,0.007576608479411031,0.8133674468845129,-0.00024017199029913172,4548.8479080200195,145584.75524875105
1403,5,269568000,9.212984085083008,0.4539427318595699,38.43143683671951,2000,0.011291913978289813,0.8096948470920324,0.0005478345410665497,5295.400985717773,146123.68288231836
1404,5,269760000,9.213467597961426,0.45405731401236454,38.38883762449647,2000,0.005977983136215092,0.8079132307320833,-0.00020868481624347623,5099.695861816406,144673.29758959805
1405,5,269952000,9.273451805114746,0.4571354351470897,38.47241627114514,2000,0.005692483573725137,0.8078916277736425,-0.00035765012762567494,4898.647384643555,145918.32241132733
1406,5,270144000,9.302111625671387,0.4584166888726031,38.47406783575813,2000,0.007315971420068915,0.8067599795758724,0.0007910374179118662,4516.915626525879,144389.79595617074
1407,5,270336000,9.187119483947754,0.4528646067938098,38.413201108264424,2000,0.0072292158897228845,0.8032557088881731,-8.402413243402407e-06,5143.090423583984,144149.63405917503
1408,5,270528000,9.223928451538086,0.45458335346544726,38.370883498961724,2000,0.0054902116202962745,0.8011300936341286,-0.0008314954375236994,4719.4302978515625,143277.18380367444
1409,5,270720000,9.216409683227539,0.45410939630043384,38.34746551560238,2000,0.008172421803775554,0.8025982975959778,0.00016437228805443738,4880.266036987305,146584.40695890717
1410,5,270912000,9.26199722290039,0.45633335066304426,38.42605700638766,2000,0.005416875705617713,0.8041428253054619,-0.0004709689478659129,5021.846389770508,146767.3319839992
1411,5,271104000,9.23909854888916,0.4553854381441245,38.465778620292745,2000,0.006946826284596076,0.8030141294002533,-6.278993555497436e-05,4967.302108764648,146334.9825173785
1412,5,271296000,9.311298370361328,0.458958354631856,38.49904231727123,2000,0.007943202839504617,0.8001922201365232,0.0004585981405398343,4764.281341552734,145808.66322413046
1413,5,271488000,9.268710136413574,0.4567239853167848,38.3672347224007,2000,0.0064256587382600025,0.7981590609997511,-0.00024146439648120577,4880.009368896484,146164.6328409352
1414,5,271680000,9.35580062866211,0.46117710723956407,38.453681407961994,2000,0.008520205402242331,0.79933100938797,0.00025726880406296004,4629.628356933594,146582.5201576435
1415,5,271872000,9.19979190826416,0.45319793725199514,38.415136662622295,2000,0.005949462257248039,0.7966856900602579,-0.0006219606257218402,5401.533874511719,145496.3455602238
1416,5,272064000,9.180092811584473,0.45245835665627965,38.406256132991984,2000,0.006603165940051743,0.794619245454669,-0.00022006586550560314,4798.008331298828,146659.56174555057
1417,5,272256000,9.32335090637207,0.4595052293649739,38.41901813897615,2000,0.006076906453546447,0.7947298642247915,-0.0005070593242635368,4220.837020874023,145502.58390416356
1418,5,272448000,9.193410873413086,0.4530260604169598,38.43529368157033,2000,0.005924930852158771,0.7925776690244675,-0.0005075723383924924,4996.89665222168,145729.04200040048
1419,5,272640000,9.215591430664062,0.4541510619837936,38.469243708997965,2000,0.006522989041307786,0.7887222524732351,-0.0003592822786231409,5163.27099609375,144931.5772057832
1420,5,272832000,9.23784351348877,0.4551875173541096,38.44812051920841,2000,0.007431085432802017,0.7888439781963825,-0.0005131060152052669,5269.498092651367,145828.61607115017
1421,5,273024000,9.210509300231934,0.453854189452007,38.466283716882266,2000,0.00799827175878454,0.7891969606280327,0.00013858817897016706,5330.729309082031,145470.9280152889
1422,5,273216000,9.178105354309082,0.45212502394557913,38.41297946497798,2000,0.00693916499579791,0.7885739281773567,-8.979960693977773e-05,5065.489196777344,146369.7209149622
1423,5,273408000,9.270071983337402,0.45678127173232497,38.455740954726934,2000,0.007115839386759035,0.7849881574511528,-0.00016036492206694675,5253.99853515625,146740.30187562498
1424,5,273600000,9.300379753112793,0.4584948135331312,38.448834244782724,2000,0.005484266531905936,0.7778788842260838,-0.00037517140299314633,5094.649505615234,145696.86616466325
1425,5,273792000,9.30203914642334,0.4586198108354438,38.39723649652054,2000,0.004775646670808783,0.7752356640994549,-0.000845520589791704,4760.706802368164,146525.39242659317
1426,5,273984000,9.283726692199707,0.4574739859466111,38.45462020797034,2000,0.009460438035816575,0.77575608715415,0.0009277830768041895,5069.84814453125,145062.00108592992
1427,5,274176000,9.32101058959961,0.459359392903328,38.384342731907964,2000,0.006582895818981342,0.7764869779348373,-0.00010193810430791928,4495.052200317383,146799.0504884776
1428,5,274368000,9.279203414916992,0.45735939579753904,38.40170116272444,2000,0.0072287269716810746,0.7764095701277256,0.00016781478188931942,4815.875991821289,145214.86249474253
1429,5,274560000,9.374699592590332,0.46228127326139656,38.467781070930265,2000,0.008256966499893072,0.7694890405982733,-0.0001214194853673689,4356.1352462768555,145552.49743489106
1430,5,274752000,9.25700855255127,0.4561510607254604,38.41038288284714,2000,0.0069878042606481665,0.7609864268451929,-0.0005152925230618166,4833.082290649414,144599.03828184868
1431,5,274944000,9.283088684082031,0.4574791915426128,38.45711075731864,2000,0.008101900049572577,0.7584850564599037,-7.131328720788588e-05,4447.18115234375,146824.06830785653
1432,5,275136000,9.200382232666016,0.45336460641253024,38.47464407980442,2000,0.007196976270759478,0.7586233336478472,-0.0002785845649668772,5077.913909912109,145304.213937069
1433,5,275328000,9.322190284729004,0.4595729412139917,38.41788786339263,2000,0.0063471757107569525,0.7624976318329573,-0.00031036592736199964,5140.288238525391,145714.66810672815
1434,5,275520000,9.209532737731934,0.4538698157478696,38.44095855175207,2000,0.0066262939281101964,0.7597444802522659,-0.0005331461334208143,5003.035537719727,145131.65851942144
1435,5,275712000,9.20759105682373,0.453739602722635,38.44594186296066,2000,0.008239934840744052,0.7560440599918365,0.0008376036430490785,5000.064834594727,146065.5879353382
1436,5,275904000,9.418368339538574,0.46427085204716906,38.37110131544372,2000,0.009112820417891878,0.7530560735613108,0.001337615365628153,4165.635223388672,145234.63612123692
1437,5,276096000,9.276214599609375,0.4570573129640252,38.32921111630276,2000,0.006701598194097945,0.7508560325950384,-0.0005408115539466962,4683.013397216797,146765.15315874966
1438,5,276288000,9.25693416595459,0.4562760643135941,38.53346629564961,2000,0.006699279546097387,0.7494682110846043,-0.0005830401887578773,4864.086578369141,145464.60477315958
1439,5,276480000,9.250631332397461,0.4559114785139779,38.45276340469718,2000,0.007987623033579439,0.7492857743054628,-0.0002941797347375541,5279.041076660156,145480.5897864502
1440,5,276672000,9.37986946105957,0.46240105828474043,38.43701355009883,2000,0.007303034048643894,0.7485244311392307,-0.0005067206079729658,4263.598541259766,144716.01249948132
1441,5,276864000,9.256864547729492,0.45628126962947135,38.43182038577894,2000,0.009608151343418286,0.7487462870776653,0.0008101269186227,4895.412368774414,146446.41414795196
1442,5,277056000,9.147035598754883,0.45071876962235063,38.48377743052939,2000,0.007380860353179742,0.7487614843994379,-0.00027620257515081903,5312.2957763671875,144719.32501766863
1443,5,277248000,9.254291534423828,0.4561927291227524,38.436873687431216,2000,0.0068785806289330745,0.7480688840150833,-0.0004688249782702769,5148.233840942383,146029.22577160582
1444,5,277440000,9.237123489379883,0.4551562698446408,38.387857706130795,2000,0.006134522748883076,0.7442438565194607,-0.0006068933926144382,4507.155334472656,145117.89645191916
1445,5,277632000,9.075498580932617,0.44708335735352495,38.451640772633255,2000,0.007399601113749668,0.7451899126172066,-0.0004201930507861107,5583.61491394043,146139.71397580608
1446,5,277824000,9.3287935256958,0.46005731591200555,38.475280664705984,2000,0.006231558282976039,0.7460190802812576,-0.0005684762963937828,4404.597602844238,145906.76545494143
1447,5,278016000,9.321575164794922,0.45929168712063984,38.39242651523091,2000,0.007999724010083205,0.7449197862297297,0.0004149288379267091,4622.585388183594,143584.6087234037
1448,5,278208000,9.18497085571289,0.45272398062115826,38.41982213469843,2000,0.006843747836169011,0.7420483622699976,0.00022511888391818502,4736.7463302612305,145758.88592130138
1449,5,278400000,9.34906005859375,0.46082293940950575,38.35380378675958,2000,0.0056856196567920654,0.739444786682725,-0.0007082668935254333,4534.357971191406,144009.73905653154
1450,5,278592000,9.234537124633789,0.45507293298517953,38.424566776802145,2000,0.005850309304029603,0.7404381111264229,-0.0009108707790232984,4537.991157531738,142384.34610152335
1451,5,278784000,9.328612327575684,0.4599739795964221,38.414725216416024,2000,0.007593409076992733,0.7379235792905092,-0.000138266491376271,4537.405662536621,144318.7420874887
1452,5,278976000,9.180707931518555,0.4523750255466439,38.44256055789689,2000,0.006230277846809865,0.7372943535447121,-0.00024100559767248342,5142.014724731445,145456.79474802897
1453,5,279168000,9.284201622009277,0.45779168656493613,38.48706188549598,2000,0.006934999831117845,0.7374465148895979,4.807757022717851e-06,4958.965957641602,145476.09928160766
1454,5,279360000,9.30447006225586,0.45870314167041215,38.48266951646656,2000,0.008123320238567733,0.7373774871230125,-0.0003695188415804296,4781.465484619141,145249.90979160622
1455,5,279552000,9.306859970092773,0.4585989831945578,38.40140211644272,2000,0.005208774694387103,0.7357465885579586,-0.0012202501411593403,5150.252639770508,145935.7872871875
1456,5,279744000,9.304045677185059,0.45845314851248986,38.3920564285169,2000,0.005669690525004019,0.7329172603785992,-0.00041917406838365423,4693.003646850586,143956.0211823529
1457,5,279936000,9.181657791137695,0.4524218949287994,38.3489284577469,2000,0.007270832749510495,0.7300446517765522,0.00027980481866052287,5071.219467163086,145531.8930101256
1458,5,280128000,9.253074645996094,0.45617189253971446,38.42197398554223,2000,0.008677033368672711,0.7289407234638929,0.0008303171780426055,4742.435333251953,143502.31485185272
1459,5,280320000,9.283595085144043,0.45745314967158873,38.33559409932544,2000,0.0069842121537852415,0.7280468307435513,-0.0002541447156545473,4752.618026733398,146562.81526740154
1460,5,280512000,9.270134925842285,0.4569218916603859,38.40529227939745,2000,0.0056378715730582675,0.7252180352807045,-0.00017239389853784814,5291.244659423828,143178.06583980864
1461,5,280704000,9.186347961425781,0.452807313560091,38.46442620021602,2000,0.006741814027850826,0.7228326201438904,-0.000382700270620262,5255.163345336914,146024.93733232107
1462,5,280896000,9.316801071166992,0.4589948146064368,38.38021634565666,2000,0.006617758216093838,0.719079190865159,4.9028029025066644e-05,4711.6043701171875,144367.64878261898
1463,5,281088000,9.208467483520508,0.4535677272360772,38.402518456879385,2000,0.007176281279806669,0.7135720290243626,1.0856527296709828e-05,4381.080795288086,145225.63212189137
1464,5,281280000,9.209885597229004,0.45396877155993326,38.396626695796535,2000,0.006415144768582346,0.7097685895860195,-0.00018503766837341118,4718.662170410156,144661.45055769323
1465,5,281472000,9.299745559692383,0.45842710740180337,38.4517673936983,2000,0.008151862382811185,0.7048234175890684,8.598369004175765e-05,4771.232818603516,146680.07817718867
1466,5,281664000,9.231271743774414,0.45503127313410613,38.47953098577758,2000,0.008695500486996025,0.7010761480778456,0.0007301903365259932,4830.905944824219,145133.50365889928
1467,5,281856000,9.28098201751709,0.45728127125645796,38.4514522254467,2000,0.005644391907223811,0.6971846539527178,-0.0008185834913092549,4300.0358963012695,145535.44519133712
1468,5,282048000,9.299196243286133,0.45836460138161783,38.48877942500015,2000,0.00822845780942589,0.6948458272963762,0.00011906951476703398,4973.499771118164,145105.59847779284
1469,5,282240000,9.403470039367676,0.46369793840555457,38.433568481355906,2000,0.007132691228267504,0.692976601421833,-0.0004795783243025653,4267.548225402832,143738.01949386395
1470,5,282432000,9.24881649017334,0.45579689422205166,38.40924045071006,2000,0.006026950552264073,0.6916126105934381,-0.0006508018832391826,5122.907669067383,145518.99162774073
1471,5,282624000,9.26838493347168,0.456776062525023,38.358227198943496,2000,0.0057711409048254916,0.6882456541061401,-0.0005310447741067037,5216.518997192383,145142.9490536207
1472,5,282816000,9.251578330993652,0.4560104365439959,38.42554463135699,2000,0.006872949366448059,0.6857071127742529,4.2709411900432315e-05,4805.7867431640625,144563.79841671264
1473,5,283008000,9.23312759399414,0.4551250242329843,38.37465998639042,2000,0.008647039855684852,0.6826920974999666,-3.771568299271166e-05,5217.43376159668,145955.08193071323
1474,5,283200000,9.310892105102539,0.45878647953153023,38.387374671176076,2000,0.01029695664093985,0.6805839687585831,0.0007959285121614812,5213.100021362305,144852.07418517902
1475,5,283392000,9.33793830871582,0.4602396053202635,38.431291193390884,2000,0.006888746283647682,0.6818702537566423,-0.0007585608223052986,4734.380508422852,144980.5897381442
1476,5,283584000,9.323090553283691,0.459588564411509,38.37689576111734,2000,0.005943186470375319,0.685299402102828,-0.0006061806034267647,4245.451843261719,145347.2299798974
1477,5,283776000,9.311185836791992,0.45893231759509945,38.40056915053477,2000,0.006328622820670716,0.6862428821623325,-0.00023625958510820055,4655.844955444336,144565.90007250488
1478,5,283968000,9.294354438781738,0.4581354409274354,38.40928009400765,2000,0.006479619027978819,0.6856588888913393,-0.000487377963054314,4722.934661865234,144988.5261901684
1479,5,284160000,9.295904159545898,0.4583593949500937,38.43207003424565,2000,0.008210484481377837,0.6841394379734993,8.569936653657351e-05,4480.453033447266,143666.35299621796
1480,5,284352000,9.155924797058105,0.4511718993514175,38.37850747692088,2000,0.005894861636790059,0.6845647301524878,-0.00047030706537043443,5476.457366943359,145302.54523151903
1481,5,284544000,9.181777000427246,0.4525000221686544,38.48902594360212,2000,0.006224247180623934,0.6819188334047794,-0.0007099953199940501,4979.349151611328,145216.7604894038
1482,5,284736000,9.265863418579102,0.4566927301614972,38.38917832418034,2000,0.00959973453260803,0.6771876253187656,0.0004115423434996046,5011.2469482421875,145139.83380264742
1483,5,284928000,9.374104499816895,0.4621666922782121,38.37680152974402,2000,0.008892338667841008,0.6746967993676662,-0.00026294948111171834,4354.810043334961,144279.73730937936
1484,5,285120000,9.252213478088379,0.45606252061103686,38.41641552435855,2000,0.005893298011719405,0.6727722957730293,-0.0007345167689436494,4711.750762939453,143732.6061844477
1485,5,285312000,9.313603401184082,0.45898960399972566,38.336106488481164,2000,0.007517253738711588,0.6736236363649368,9.16173842142598e-05,4355.634353637695,145696.54410296897
1486,5,285504000,9.206799507141113,0.4538541878094596,38.38972901956489,2000,0.009398915311253708,0.6725970227271318,0.00042337836930528283,4695.346702575684,145320.9451926946
1487,5,285696000,9.245261192321777,0.45567189381229883,38.42169598614176,2000,0.007291647281148471,0.6686358973383904,-0.0003213257969036931,4660.945838928223,143273.22749700167
1488,5,285888000,9.277087211608887,0.45714064564405515,38.39852241861323,2000,0.006707894920555797,0.6654288303107023,3.658105015347246e-06,5221.208557128906,144820.58107074653
1489,5,286080000,9.295380592346191,0.45827085781941906,38.403120417516526,2000,0.007009360008232761,0.6694306749850512,-1.0948410817945842e-05,4553.081512451172,145248.2179391938
1490,5,286272000,9.212401390075684,0.45408335786911874,38.430330139274396,2000,0.004969534874971335,0.6705114338546991,-0.0008152099962899229,4961.514587402344,144772.67798718807
1491,5,286464000,9.229591369628906,0.4548802304646718,38.397940088509735,2000,0.0074152957208085965,0.6683687195181847,-9.255011445929995e-05,4919.349624633789,145108.53876272743
1492,5,286656000,9.345831871032715,0.46072398393031716,38.37328325630127,2000,0.005750096805529513,0.6658103987574577,-0.0007070968376865494,4484.9684982299805,143357.5916235214
1493,5,286848000,9.268986701965332,0.4568021041262303,38.3700311165303,2000,0.00659418312512571,0.6631562802940607,-0.0007038082835606474,4747.4532470703125,144919.63751951663
1494,5,287040000,9.283164978027344,0.45759377374452015,38.40521270921454,2000,0.006338952946457236,0.6620940081775188,-0.0005197997979848878,4605.069427490234,144295.9533451684
1495,5,287232000,9.303601264953613,0.4585208530473513,38.323542521335185,2000,0.007096638300766548,0.6644333060830832,-0.00018607286207839024,4489.31258392334,144963.5166868565
1496,5,287424000,9.18716049194336,0.4528802268820679,38.46738002821803,2000,0.00734299340803409,0.6653384156525135,3.503714469843544e-05,5127.506195068359,144424.1480877177
1497,5,287616000,9.306727409362793,0.4586927340078546,38.384925361877926,2000,0.006095312222353337,0.664528725668788,-0.0009410120701431879,5257.54704284668,144201.24015136535
1498,5,287808000,9.183008193969727,0.4525937744553327,38.42373552856346,2000,0.005615216582538172,0.666450496762991,-0.0008218990706154727,5124.3135986328125,144420.78052145915
1499,5,288000000,9.245917320251465,0.45583856106895837,38.40855263371486,2000,0.006143940623781721,0.6638711243867874,-0.00024068083138217844,4472.177215576172,145391.28229046238
1500,5,288192000,9.352591514587402,0.46119793507690093,38.44782466751834,2000,0.00764086948868741,0.6596325151622295,0.0005780547735412256,4351.458511352539,144796.2590979508
1501,5,288384000,9.249505996704102,0.45579689507394505,38.37703914195299,2000,0.006858803748541201,0.6557149179279804,-0.0003425752865950926,4643.637939453125,145587.29636279863
1502,5,288576000,9.13354778289795,0.45017189586784906,38.47326829936355,2000,0.008090149727941025,0.6498825754970312,0.00035938793826062465,4971.862823486328,143676.99489957205
1503,5,288768000,9.240707397460938,0.4554583533050997,38.416304605139885,2000,0.005844247719389387,0.6464415341615677,-0.0007493739524306875,4680.912216186523,145448.31178308174
1504,5,288960000,9.262170791625977,0.4564427321583935,38.405703495101385,2000,0.007918380885811833,0.6444769185036421,0.000952220117142133,5095.0711669921875,143728.3226756783
1505,5,289152000,9.227320671081543,0.454802105701674,38.37028961090133,2000,0.007350054727246364,0.6422507874667645,-0.00045111724489288463,4656.801254272461,144528.5180649561
1506,5,289344000,9.223347663879395,0.4544531493320392,38.35347646339748,2000,0.005900103692819054,0.638986948877573,-0.0005726272229367169,4921.631607055664,144988.8218071083
1507,5,289536000,9.330024719238281,0.45980731396048213,38.390925402753055,2000,0.0070768343757178324,0.6389407850801945,0.00019795522712229285,4308.506607055664,144693.62677337485
1508,5,289728000,9.278533935546875,0.45716148155952396,38.37042504444253,2000,0.006657930465298705,0.6422461438924074,-0.0005614079673250671,4760.31819152832,144671.2418645439
1509,5,289920000,9.202462196350098,0.4535104398267625,38.44872246403247,2000,0.006376817468796314,0.6391068659722805,-0.0003359337758865877,4695.073226928711,144246.56494586932
1510,5,290112000,9.192471504211426,0.4529479409435832,38.38973159467181,2000,0.007676753381422411,0.635020088404417,0.0003631211566244019,5007.791519165039,146009.89741882356
1511,5,290304000,9.267115592956543,0.4567135631144386,38.39191929018125,2000,0.005016419121190363,0.6344974562525749,-0.000938147787564958,5365.686004638672,144948.6833335043
1512,5,290496000,9.256799697875977,0.4563281435954802,38.42741939922174,2000,0.006906311306093509,0.6328627169132233,-0.0006333701318794738,4766.668991088867,143958.45977882322
1513,5,290688000,9.256686210632324,0.45616668905495317,38.4373420313932,2000,0.0067938424937504654,0.6320206541568041,-0.0005062919553893153,4622.851577758789,142769.5589381148
1514,5,290880000,9.304679870605469,0.4586562700630263,38.43136134122809,2000,0.00651693211720946,0.6288012433797121,-0.0009303542715315416,5111.643280029297,142657.7768117594
1515,5,291072000,9.207584381103516,0.45363543915846094,38.39999301091302,2000,0.006725743402746351,0.6245504710823298,-0.0006058451854187297,4412.906883239746,143615.43620736446
1516,5,291264000,9.193684577941895,0.45313023546138237,38.40949120403578,2000,0.0074295826063801845,0.6189050823450089,-0.0007437179031057894,5201.480377197266,143004.15751507986
1517,5,291456000,9.213712692260742,0.45409377101774834,38.3800493668144,2000,0.006897045095451176,0.6187032517045736,-0.0009508108637419355,4946.297378540039,142995.90527568056
1518,5,291648000,9.422572135925293,0.46464064662177407,38.39978801901452,2000,0.008507754165000127,0.6192539595067501,-3.085614230258216e-05,4292.997817993164,144094.50250421726
1519,5,291840000,9.15809154510498,0.4512864778941245,38.41244406679956,2000,0.009408251565143777,0.6147203221917152,0.0006405720691873285,4732.5677490234375,143513.9193611174
1520,5,292032000,9.33176040649414,0.45969273016938433,38.30838469726344,2000,0.007138180048534802,0.6136009339243174,-0.0005794678127131192,4278.825080871582,144161.03533733607
1521,5,292224000,9.281899452209473,0.4576093942857066,38.42990286896626,2000,0.006490718581597321,0.614571126177907,-0.0006762266586974874,4885.297027587891,143407.07923646865
1522,5,292416000,9.234853744506836,0.45501564660783816,38.36324133041004,2000,0.00846332938693619,0.6147956568747759,0.0009058613704837626,4600.494781494141,142373.84994872866
1523,5,292608000,9.206670761108398,0.45375523209925933,38.45471927523613,2000,0.008482357153610792,0.6146412771195173,0.0007491963406209834,5034.069580078125,144028.23731142585
1524,5,292800000,9.270689964294434,0.4570468945670048,38.4739238495628,2000,0.006459420066967141,0.6122993007302284,-0.00035288372782815713,4776.558670043945,144753.49746764303
1525,5,292992000,9.300761222839355,0.4583698131167087,38.41771199732708,2000,0.006514878922316712,0.6082919575273991,4.153692952968413e-05,4828.431381225586,144360.28432669828
1526,5,293184000,9.355633735656738,0.46122398126741854,38.39485168332855,2000,0.0075258555005614965,0.603417718783021,7.434166946040932e-05,4821.80549621582,145525.4322179283
1527,5,293376000,9.36712646484375,0.4617968946707454,38.42215267388383,2000,0.007704144519617937,0.6010615397244692,-0.0006468010091111864,4324.788925170898,145116.16523087336
1528,5,293568000,9.335712432861328,0.46023960654504964,38.50537845181922,2000,0.006651107946934644,0.5978913512080908,-0.00017506114636489656,4200.1164627075195,143842.79607764495
1529,5,293760000,9.350852966308594,0.46103127182868775,38.41983707419907,2000,0.006182011403977716,0.5939686503261328,-0.0008080163972863375,4395.873481750488,144026.812353545
1530,5,293952000,9.365694999694824,0.46167710296322184,38.41653340434035,2000,0.007628054014135462,0.590091934427619,0.0009963408365365467,4655.273132324219,142916.93232486254
1531,5,294144000,9.298213005065918,0.45836460857814626,38.45932538822914,2000,0.0065668650562777965,0.5878980215638876,-0.0005058035803813254,4521.069183349609,145365.64929398548
1532,5,294336000,9.265859603881836,0.45683856263713096,38.394382514059544,2000,0.00708642170537496,0.5883779004216194,-0.00014761624447601207,4918.328872680664,143914.97014424254
1533,5,294528000,9.3308744430542,0.45989064573223004,38.40317246659348,2000,0.007027819728944451,0.5856267772614956,-0.00046050143282627687,4721.485443115234,143181.59640376118
1534,5,294720000,9.293750762939453,0.45804168689634633,38.41633491590619,2000,0.0064037423485812425,0.5840366873890162,-0.0006080864677642239,4564.2342529296875,145098.28015228797
1535,5,294912000,9.298498153686523,0.45835939597903536,38.459467037270464,2000,0.00477661328324272,0.5815574340522289,-0.0007695592189520539,5004.83186340332,145297.90418753325
1536,5,295104000,9.176148414611816,0.4522343933355539,38.37570839429585,2000,0.006795985746692167,0.5813302267342806,-0.00033595289642107673,5455.781951904297,145039.69500737014
1537,5,295296000,9.136760711669922,0.45011981088100583,38.429786225159965,2000,0.0054446415010315835,0.5803505107760429,-0.001073992171768623,5949.267181396484,144981.44912916754
1538,5,295488000,9.286760330200195,0.45763543891310593,38.35827367193997,2000,0.007749564543327627,0.5783353801816702,-9.777704053703928e-05,4874.866744995117,143024.41523148207
1539,5,295680000,9.324236869812012,0.4596666910935407,38.54262585192919,2000,0.005930081966662935,0.5745892785489559,-0.0010283085493938415,4589.945587158203,145171.33125394056
1540,5,295872000,9.278064727783203,0.45737501798794256,38.42056533833966,2000,0.005878210738388589,0.5715353637933731,-0.0007398130028377636,5110.561370849609,145624.32123705192
1541,5,296064000,9.189433097839355,0.4527968990035636,38.41590528011633,2000,0.007222811889466054,0.5688366517424583,-0.00013535626158045488,5066.141784667969,143494.22958526202
1542,5,296256000,9.293802261352539,0.45806252160279354,38.40383579209447,2000,0.007042900092162503,0.5706011075526476,-0.0003883477670569846,4677.110900878906,144572.26886965267
1543,5,296448000,9.234699249267578,0.4552448147369432,38.48214118679365,2000,0.005862671261032422,0.5668517220765352,-0.001042792931002623,4729.183319091797,145079.04801614097
1544,5,296640000,9.27927303314209,0.45738543941721826,38.40852448018268,2000,0.006482194006928088,0.5645207799971104,-0.00014215447299648076,4722.895919799805,144464.08947787274
1545,5,296832000,9.290971755981445,0.45807814989044954,38.34296656689063,2000,0.007087849624522884,0.5646391864866018,-0.0005458130978439613,4844.030212402344,145566.8868107704
1546,5,297024000,9.305570602416992,0.4585885673489732,38.443249902377524,2000,0.006061632480142483,0.5635321326553822,-0.0011082289083788055,4796.321105957031,144464.95384476444
1547,5,297216000,9.259238243103027,0.4561562691475653,38.36763932540392,2000,0.006005610387258154,0.5602741464972496,-0.0006086821940698428,4953.974716186523,144753.91173666783
1548,5,297408000,9.268383026123047,0.45685940159152477,38.40471439699953,2000,0.005580471075993652,0.5576938353478909,-0.0003480756960243525,5149.931228637695,145323.23390978886
1549,5,297600000,9.282051086425781,0.4574583548959102,38.38217973565528,2000,0.007881016402823056,0.5539007596671581,-0.0004563143573363959,4670.480972290039,145025.94161008665
1550,5,297792000,9.126066207885742,0.44960939601696737,38.44603839640816,2000,0.006812152636935935,0.5486363731324673,-0.0006000134958412673,5634.681427001953,144546.66526004844
1551,5,297984000,9.314091682434082,0.4590989759077881,38.36155375279486,2000,0.00625097050605109,0.5440411474555731,-0.0007126112823243602,4932.353439331055,145059.30303111256
1552,5,298176000,9.362358093261719,0.4615625218696853,38.40728653719028,2000,0.006251876203818635,0.5408163592219353,-0.0006371741474140435,4521.106880187988,144228.16907114646
1553,5,298368000,9.243511199951172,0.45563543754906277,38.420371857559076,2000,0.00567589148444434,0.5429629161953926,-0.00041951252097760516,5157.599136352539,144777.0889277682
1554,5,298560000,9.243531227111816,0.45549481062456226,38.39561283223642,2000,0.007081571468326729,0.5443107504397631,-0.0006353397517813164,5075.188873291016,144989.2689582612
1555,5,298752000,9.280306816101074,0.45734376864796406,38.38156533551713,2000,0.006035239191473618,0.5431274231523275,-0.0004833219977626868,4759.376480102539,143865.53125969003
1556,5,298944000,9.292216300964355,0.4579271012347211,38.449161753989756,2000,0.00665791410569606,0.5431801564991474,-0.0002354249782001716,4947.701141357422,144265.2582948977
1557,5,299136000,9.322243690490723,0.4595312720448419,38.43312087406715,2000,0.00647000095268595,0.5440634004771709,-0.0003602452634368092,4605.323295593262,144821.80723682768
1558,5,299328000,9.215339660644531,0.45423960469512775,38.445106605426794,2000,0.005573809000508238,0.5408867299556732,-0.0007256850267367554,5035.63102722168,144330.09721992223
1559,5,299520000,9.368487358093262,0.4618281440962164,38.43273930468907,2000,0.006205107553270257,0.5388051439076662,-0.000830662820192174,4736.0848388671875,144504.14976300485
1560,5,299712000,9.298952102661133,0.4582552294062528,38.46371393216153,2000,0.005758494907941591,0.541029442101717,-0.00042864046918111853,4843.56005859375,143450.88178946186
1561,5,299904000,9.318037033081055,0.45910939647183113,38.41278601375719,2000,0.007498803711379879,0.5418780837208033,-0.0004587656821968267,4527.143608093262,144258.1724317172
1562,5,300096000,9.225449562072754,0.45467710473773576,38.3964876459601,2000,0.005031696249565964,0.5397644657641649,-0.0009028762815432856,5739.861083984375,142772.72858675782
1563,5,300288000,9.251851081848145,0.4559791913306981,38.47045413901409,2000,0.00687192595594388,0.538712602108717,0.0001044360552668877,4948.320465087891,144331.9919082434
1564,5,300480000,9.354780197143555,0.461145854859448,38.43360764595369,2000,0.006173523366373653,0.5326471757143736,-0.0004215435837977566,4871.569595336914,144641.88368817637
1565,5,300672000,9.235434532165527,0.4550156452799759,38.45108231459744,2000,0.007085413496592082,0.5287237260490656,0.00016708852308511268,4947.532897949219,143374.87807397934
1566,5,300864000,9.3218355178833,0.4595729441419583,38.49250515177846,2000,0.006765692926419433,0.5287342201918364,-0.0005931160810632718,5073.477645874023,144402.7095562377
1567,5,301056000,9.254042625427246,0.4560364761667491,38.42932027267913,2000,0.005198727167034425,0.5269059538841248,-0.0008217721338041883,4989.66796875,144454.32619002537
1568,5,301248000,9.197402000427246,0.4532448130521516,38.518432257696986,2000,0.0074791945126101685,0.527748228982091,0.00021338806163839763,5150.856002807617,144622.5696088404
1569,5,301440000,9.31400203704834,0.45895314975192986,38.465501307199396,2000,0.005908704245133171,0.5286664478480816,-0.0004336674946898711,4974.332000732422,144595.49790504025
1570,5,301632000,9.29743766784668,0.45817710198146716,38.37600724274913,2000,0.008036632315372116,0.5264953933656216,-9.167947098376317e-06,4516.572280883789,144088.28256699705
1571,5,301824000,9.302815437316895,0.4584375225798188,38.39519541858075,2000,0.006230140276107705,0.5242934338748455,-0.0007164075695982319,5119.86018371582,145212.964767049
1572,5,302016000,9.242402076721191,0.4554062692732259,38.44429601791004,2000,0.006408443311384569,0.5246522277593613,-0.00011004539157966065,5180.741500854492,143767.32911286742
1573,5,302208000,9.2718505859375,0.45706251863339276,38.43210342091819,2000,0.006820192573378639,0.5257173255085945,-0.0006310895068963873,4823.055206298828,141765.62706332974
1574,5,302400000,9.242181777954102,0.4554583556776682,38.45266117854044,2000,0.006927532360030455,0.5264000184834003,-0.0005974229293315148,4700.445526123047,143374.19854056364
1575,5,302592000,9.24700927734375,0.45568231077110494,38.50213435882082,2000,0.007546062376524787,0.523161094635725,0.00019790844908129657,4876.537063598633,143280.90519645336
1576,5,302784000,9.245854377746582,0.4556979369505522,38.506237196425595,2000,0.006217005709574248,0.520327826961875,-2.402970494586043e-05,5035.512649536133,143823.3975590361
1577,5,302976000,9.30617618560791,0.4586614772761095,38.426757285449035,2000,0.005287370315830534,0.5174141004681587,-0.0003551395182057604,5090.651779174805,143703.53153003607
1578,5,303168000,9.214441299438477,0.4540000181787036,38.405772318908326,2000,0.006209193553862861,0.5139164812862873,-0.0004973241775587667,4581.899826049805,142424.4966586769
1579,5,303360000,9.349648475646973,0.4609791845638635,38.455808560752,2000,0.005683510265390699,0.5101959239691496,-0.0005982973444815798,4548.611526489258,143484.8997551853
1580,5,303552000,9.296211242675781,0.45827085492298164,38.42466193701451,2000,0.0077189579654174546,0.5056429076939821,-0.0001737872330522805,4701.262191772461,143903.82108914625
1581,5,303744000,9.380666732788086,0.462359395567546,38.435057044029236,2000,0.006018028191979587,0.5028948541730642,-0.000266603085378847,4464.407859802246,143211.48632557844
1582,5,303936000,9.308113098144531,0.45871356208832975,38.51536042429507,2000,0.006046001231239643,0.49788306560367346,-0.0005817569090140751,4426.412971496582,144549.1075846998
1583,5,304128000,9.334547996520996,0.46018752210814756,38.510347872196384,2000,0.006378759207359205,0.4920228151604533,-0.0005893299312447198,4609.456504821777,144088.9831582964
1584,5,304320000,9.262040138244629,0.45632814537142014,38.45120056563368,2000,0.0066767877258438,0.4912806684151292,-0.0008532082611054648,4953.569137573242,143958.5849857311
1585,5,304512000,9.28166675567627,0.4573906479278473,38.401526083083205,2000,0.007404222336675351,0.4934021681547165,-0.00019788386657637602,4966.219284057617,143846.30410993195
1586,5,304704000,9.073657035827637,0.4469687696782785,38.44707340405633,2000,0.006598684612875028,0.49347790516912937,0.00019566279524951824,5431.920562744141,143748.88435623527
1587,5,304896000,9.204493522644043,0.45362502337654104,38.46573693615695,2000,0.007652454550455635,0.4922569189220667,-0.0002679896788322367,5145.240325927734,143672.41701157208
1588,5,305088000,9.266645431518555,0.4567343966943251,38.502220115313925,2000,0.005723720527545084,0.4883283628150821,-0.0010035240829893155,5180.05046081543,143217.37184489286
1589,5,305280000,9.292957305908203,0.4579010656192016,38.431235363706946,2000,0.00669853716698708,0.48539230693131685,-0.0009540014252706897,4617.168167114258,143684.96518184958
1590,5,305472000,9.223661422729492,0.4544791896217551,38.42974326806143,2000,0.010290116391629757,0.48254137113690376,0.0005198868366278475,4818.913665771484,144772.9491477205
1591,5,305664000,9.172002792358398,0.4518437771324291,38.40687057748437,2000,0.007710386820641967,0.48083892092108727,-0.0003332631849843892,4747.133193969727,144685.55640999382
1592,5,305856000,9.250597953796387,0.45589064144890773,38.488168954228364,2000,0.004872501330333762,0.4807572867721319,-0.0011874147621711018,5626.725006103516,146269.67153886028
1593,5,306048000,9.290783882141113,0.4578593951749402,38.4257302043649,2000,0.007865406917446914,0.4798408132046461,-0.0004689565000717266,5014.16130065918,146453.13783901767
1594,5,306240000,9.280721664428711,0.45737501890410687,38.44418726946848,2000,0.0077995029983964435,0.4761417033150792,0.00017010430677544264,4945.283599853516,145110.63665395623
1595,5,306432000,9.229860305786133,0.4549635621388006,38.49825642257929,2000,0.006728788135990423,0.47309345472604036,-0.0003698938022580478,5288.335266113281,147016.8405159429
1596,5,306624000,9.32200813293457,0.45955210278286057,38.49843424434463,2000,0.007245972387201619,0.47106594406068325,-0.00029109138972671644,4947.857360839844,144936.0447697659
1597,5,306816000,9.270565032958984,0.4567083590512387,38.47996393720192,2000,0.006387206384708407,0.46973434276878834,-0.0006544251746163354,4614.378845214844,144521.47974728217
1598,5,307008000,9.2700777053833,0.45679689373294724,38.375071315056026,2000,0.006564962608671825,0.4659314025193453,-0.0003581096109428472,4968.548904418945,145585.6307553122
1599,5,307200000,9.1607666015625,0.45131252235296415,38.4128278704981,2000,0.007139564155678575,0.4645210662856698,-0.00033081609723240035,5548.218002319336,143500.747982321
1600,5,307392000,9.389296531677246,0.46290627408234286,38.43557692932276,2000,0.010456447096037057,0.4626554725691676,0.0015375180151977474,4190.5532302856445,144942.19390618464
1601,5,307584000,9.218073844909668,0.45454168838477926,38.49628943980982,2000,0.007418861247269282,0.46489973179996014,-9.330027933174279e-05,5144.01904296875,145825.26188318804
1602,5,307776000,9.299153327941895,0.4584010612021909,38.47152160387486,2000,0.0077071669461438435,0.4634250635281205,0.0004361569426691858,4372.310531616211,144723.92077559736
1603,5,307968000,9.230881690979004,0.4548646007260686,38.36985984553272,2000,0.005242707993709094,0.4601442888379097,-0.00044675016692963254,5066.817687988281,145847.93479375172
1604,5,308160000,9.082958221435547,0.4474791857234474,38.44444525552293,2000,0.006862236604710536,0.4546327656134963,-0.00047458043752612866,5844.263290405273,145179.4642466526
1605,5,308352000,9.172431945800781,0.4519427271892103,38.46336998914679,2000,0.00769772258218533,0.45406599529087543,-2.4752268927841214e-05,5667.36344909668,146254.9357861446
1606,5,308544000,9.27495288848877,0.4570677307601727,38.434663644991815,2000,0.007772886424014965,0.45395463332533836,0.000102083879824022,5005.715194702148,146554.03557494882
1607,5,308736000,9.329818725585938,0.45985418793497956,38.412450426879026,2000,0.006079202454469244,0.4514195220544934,-0.0007873762821404284,5021.940048217773,143299.16191837544
1608,5,308928000,9.361955642700195,0.4614896068596863,38.511871453995504,2000,0.005571134471586751,0.4496640544384718,-0.0007427009725233802,4907.420059204102,145566.54060088622
1609,5,309120000,9.304794311523438,0.4586250222552432,38.53700064805647,2000,0.005906199627226064,0.4493455309420824,-0.0005763157296314603,4803.020370483398,145459.6103155897
1610,5,309312000,9.245068550109863,0.45549481534483977,38.44235231432443,2000,0.007918503042271671,0.4483989533036947,-0.0002574855370767182,5393.979675292969,145957.76781068108
1611,5,309504000,9.251724243164062,0.4559635620504802,38.50499922347566,2000,0.008957741565420292,0.44701442308723927,-0.00026357070487392775,4801.717361450195,145586.03203079777
1612,5,309696000,9.138458251953125,0.4503646059280679,38.56889943778515,2000,0.008205525717193572,0.44654698111116886,4.359527110864292e-05,5496.744979858398,145960.23808006453
1613,5,309888000,9.189534187316895,0.45291148164627276,38.45809954955863,2000,0.005811769744323101,0.44980619102716446,-0.0006075994594993972,5675.201797485352,144704.89691284983
1614,5,310080000,9.36853313446045,0.4619375208094425,38.41307834116742,2000,0.006234835939947516,0.4479341059923172,-0.000367066936178162,4758.948348999023,144027.208216896
1615,5,310272000,9.281720161437988,0.45752606472221186,38.51447034378847,2000,0.006464481294271537,0.4446405414491892,-0.0005586961096923915,5532.959503173828,144912.4914954277
1616,5,310464000,9.36733341217041,0.46164585516877804,38.417694667975105,2000,0.0073068207653511005,0.4410661216825247,-0.0004371789718788932,4071.450325012207,144874.9597900502
1617,5,310656000,9.33958625793457,0.4603906523971091,38.431455988359325,2000,0.008160343573545106,0.4414785234257579,0.0002936391974799335,4410.941070556641,144232.1781829239
1618,5,310848000,9.233242988586426,0.4550156420658216,38.48986303495864,2000,0.007872122728750885,0.44104319252073765,-0.00013049901099293493,4916.598648071289,145999.76210076138
1619,5,311040000,9.301071166992188,0.45833335284502635,38.463193149422295,2000,0.005535918530760683,0.4393047960475087,-0.0014189404505486891,4856.336898803711,145067.14814239932
1620,5,311232000,9.412128448486328,0.4640052309841849,38.423090947791934,2000,0.006442944682377856,0.43753320537507534,-0.0007256910048454301,4451.672470092773,145630.68201108745
1621,5,311424000,9.233450889587402,0.45495314370540046,38.374227108744286,2000,0.007545907767528358,0.43402168806642294,-6.0769799802073976e-05,5155.809768676758,146449.57032054686
1622,5,311616000,9.23974323272705,0.4551093917507387,38.375878273199,2000,0.0066962082741180585,0.4306220328435302,-0.0008165162489603972,4575.844177246094,146072.54263877825
1623,5,311808000,9.393153190612793,0.4629791853270338,38.42640413537932,2000,0.010796296515424426,0.4286241736263037,0.001475836209465342,4385.921890258789,145518.35801057663
1624,5,312000000,9.269706726074219,0.4569166845176369,38.45957257846991,2000,0.0074436903037324855,0.42821054905653,7.2030130127132e-05,5209.913864135742,146405.41032940868
1625,5,312192000,9.253396034240723,0.45588022457074356,38.44133350625634,2000,0.007199925285133456,0.429326974786818,-0.0003332619628508837,5169.574432373047,145135.56145933067
1626,5,312384000,9.296171188354492,0.45829168908070034,38.43216588596503,2000,0.006775385388231371,0.4327445048838854,1.7495252905064262e-05,4949.392547607422,146870.88335794702
1627,5,312576000,9.341736793518066,0.4605781430169979,38.45978278666735,2000,0.008134392979224988,0.4327224101871252,0.00039950711789060733,4838.7757568359375,145234.66094861508
1628,5,312768000,9.253878593444824,0.4559635642156839,38.39127217512578,2000,0.006839123709748188,0.43249577935785055,-0.00029431147873992813,4955.925857543945,146248.8016437908
1629,5,312960000,9.221905708312988,0.45453647818370274,38.428258802896984,2000,0.00724014203917856,0.4313269257545471,-0.0005056559195963928,5145.481826782227,145095.64094386616
1630,5,313152000,9.235106468200684,0.4552812707449145,38.45221496311327,2000,0.006737999427171114,0.43136180099099874,-0.0005248872002994176,4934.443618774414,146122.36773397902
1631,5,313344000,9.313019752502441,0.458947934455864,38.44350600428879,2000,0.009282694138586522,0.4285811772570014,-3.467217084107688e-05,4713.830307006836,145544.13481614843
1632,5,313536000,9.32066822052002,0.45950523012106714,38.39172648638487,2000,0.006913994732623299,0.42193892132490873,-0.00043367656917325803,4767.954086303711,146292.53714781252
1633,5,313728000,9.23554515838623,0.4551510591821473,38.44230597982338,2000,0.006783478061940211,0.4168834909796715,-0.0003645415440587385,4982.285308837891,145988.70030446484
1634,5,313920000,9.17170524597168,0.45187502369784244,38.446273693193994,2000,0.0067424810801943146,0.41808720398694277,-0.0004670304360843147,5341.158905029297,146342.65322781733
1635,5,314112000,9.336263656616211,0.46025522813639935,38.40387828818833,2000,0.008733068839879708,0.42055564373731613,0.00058289079242968,3988.261131286621,144541.1484386675
1636,5,314304000,9.351938247680664,0.4608854442115747,38.509497836853065,2000,0.0062781941427771625,0.42055935971438885,-0.0006441397122216586,4234.553741455078,145803.57004279306
1637,5,314496000,9.153800964355469,0.45097918572840473,38.49309992417693,2000,0.007030000746502386,0.4195411466062069,-0.0003150783630871956,5146.303863525391,145176.99003485884
1638,5,314688000,9.283231735229492,0.45759376990887785,38.44551691044277,2000,0.006713356263256477,0.42119613848626614,-0.00046511545895100426,5074.487548828125,145926.4456014951
1639,5,314880000,9.317826271057129,0.45926043958085455,38.467442909255624,2000,0.008120891617552844,0.41949320025742054,0.0008299986617430477,5035.51252746582,144760.75355171924
1640,5,315072000,9.28110122680664,0.4573854388988063,38.455436018295586,2000,0.006303098049325247,0.414157722145319,-0.0007702339321440377,5093.237045288086,146158.12420250132
1641,5,315264000,9.382514953613281,0.46241669097010646,38.4477713710318,2000,0.010957584115404947,0.4128886656835675,0.0016951617271843133,4516.607498168945,145269.1160314925
1642,5,315456000,9.268868446350098,0.4567500176502411,38.41641933300222,2000,0.008205019070689256,0.41171676106750965,-6.056593883840833e-05,4803.297119140625,146742.7781829638
1643,5,315648000,9.19700813293457,0.4530989825883201,38.46811487401525,2000,0.005921443284120566,0.40724432468414307,-0.00012315378944549593,4999.179641723633,145647.0625121251
1644,5,315840000,9.25139331817627,0.4557916870180634,38.4281250271791,2000,0.005490174158010632,0.40766184218227863,-0.0005871382672921754,4913.33625793457,145983.43769873824
1645,5,316032000,9.247171401977539,0.45562502359825885,38.4010843190675,2000,0.0073852014990989125,0.41038009617477655,-9.066400684787368e-05,4541.029968261719,145093.0982126294
1646,5,316224000,9.331896781921387,0.4599062777130409,38.46897191911315,2000,0.007653899415687193,0.41145132295787334,0.00025223768352589104,4111.523536682129,145159.58370695208
1647,5,316416000,9.233521461486816,0.45493752524028724,38.43483368741969,2000,0.006525282618201648,0.4111539348959923,-0.0003679681672110746,5584.250869750977,144728.4602007473
1648,5,316608000,9.161771774291992,0.45133856294705765,38.45946419859926,2000,0.006342272392600231,0.41194267477840185,-0.00027555831917425166,5483.907852172852,145222.63909284078
1649,5,316800000,9.44204044342041,0.4657031479012706,38.42430167226121,2000,0.00590352476980964,0.41162661369889975,-0.0008713662571153691,4306.318061828613,143433.19093443325
1650,5,316992000,9.111726760864258,0.4488854387406415,38.47621992665032,2000,0.006316424961046626,0.4081026278436184,-0.0006219147071533371,5373.859222412109,145845.06484020888
1651,5,317184000,9.125748634338379,0.4495625181401313,38.4616157989949,2000,0.0050050327389617455,0.4047500938177109,-0.0007084161156853952,5878.015335083008,144218.98968491307
1652,5,317376000,9.200958251953125,0.45322398184665263,38.4300506512324,2000,0.005604554663344364,0.4049166664481163,-0.0010436744664730213,5174.68717956543,145075.4785059234
1653,5,317568000,9.314127922058105,0.4589948130093641,38.438077701372094,2000,0.006086127875256352,0.40191860031336546,-0.0005230488752658857,4773.228057861328,145001.80248194744
1654,5,317760000,9.217403411865234,0.45422397723814356,38.47410512296483,2000,0.006887064411848163,0.39797431137412786,-0.0004632556438082247,5303.795318603516,144782.8523943763
1655,5,317952000,9.217082023620605,0.4543177317749117,38.46227293803046,2000,0.005706627683141657,0.39249193482100964,-0.0007910903368610889,5589.572891235352,145857.35607015912
1656,5,318144000,9.210714340209961,0.45402606320142996,38.556152856598295,2000,0.00699444745623623,0.3894554916769266,-0.0004050310349157371,5377.659515380859,143495.74161584524
1657,5,318336000,9.26225471496582,0.4564583514208304,38.44766929813583,2000,0.008713593508005336,0.38698810059577227,-2.5386375455127563e-05,5093.136077880859,144834.20781442188
1658,5,318528000,9.355086326599121,0.46118752366298094,38.45472433914741,2000,0.007124125509503453,0.38744237273931503,-0.00025686156641313573,4782.02375793457,143817.18484513645
1659,5,318720000,9.301656723022461,0.4586562753083854,38.46286587851743,2000,0.007061495358425115,0.3883198909461498,-0.0005201811751476271,5218.300811767578,145837.5893203203
1660,5,318912000,9.239561080932617,0.4552968944311336,38.467970065151654,2000,0.007249487186801465,0.3889933181926608,-0.00017812383521231823,4691.753707885742,145682.5692453699
1661,5,319104000,9.304117202758789,0.4587291852719015,38.50469666859135,2000,0.006065592973512442,0.3892225855961442,-0.0007167486091930186,4876.168182373047,143661.43987125455
1662,5,319296000,9.218640327453613,0.4543229400666557,38.4483391540125,2000,0.006480332448894236,0.38586762081831694,-0.0006526060806208989,4986.659378051758,144835.31435868173
1663,5,319488000,9.213968276977539,0.4539948122031395,38.47612557684382,2000,0.006872120172639067,0.3843196118250489,-0.0006152751384433941,4395.767562866211,144460.64907564947
1664,5,319680000,9.232932090759277,0.455125019362337,38.49904386326671,2000,0.006009840413084021,0.38607237953692675,-0.0003231618320569396,5346.267669677734,145498.85161773016
1665,5,319872000,9.270808219909668,0.4569687696233207,38.48101635207422,2000,0.006749803030717885,0.3881259486079216,-0.0007833862049011486,5052.6912841796875,143411.97080103337
1666,5,320064000,9.47068977355957,0.4669062744281594,38.365514877562724,2000,0.007360842544178013,0.3886584462597966,0.00012023997987853363,4243.879127502441,145714.99223760437
1667,5,320256000,9.143061637878418,0.45026043891933415,38.354582560559116,2000,0.006630799200366407,0.38969514798372984,-2.516164840926649e-05,5213.9278564453125,145376.6309585082
1668,5,320448000,9.281176567077637,0.457385437683115,38.392578787480794,2000,0.006830753300503905,0.39145901519805193,3.1785784813109785e-06,4930.798080444336,144622.672772225
1669,5,320640000,9.291625022888184,0.4578854426448136,38.43950872767406,2000,0.005101072948493917,0.3919268734753132,-0.0011127150326615265,4847.404266357422,144764.39752914204
1670,5,320832000,9.266755104064941,0.456677100419256,38.52148663190504,2000,0.006608092822415832,0.3906905595213175,-0.00023169996953242844,4785.612358093262,144453.2336138925
1671,5,321024000,9.36953353881836,0.46196877103526884,38.50922344190379,2000,0.006997563944605645,0.38930685725063086,-0.0001869472193902766,4841.3604736328125,145548.50616792176
1672,5,321216000,9.250205993652344,0.4558541859169054,38.46919386399289,2000,0.00626055125060763,0.3904086407274008,-0.0008052353568928083,4979.19108581543,144100.7314172087
1673,5,321408000,9.291770935058594,0.4579583522421065,38.44668606375732,2000,0.005771791944052287,0.3938419697806239,-0.0011039467444788897,5078.579055786133,145047.00227701096
1674,5,321600000,9.28339672088623,0.4574635642851111,38.435141223172344,2000,0.005818583685652508,0.39208164997398853,-0.0006564319610333769,4629.677604675293,145446.94199690135
1675,5,321792000,9.350739479064941,0.46060939139109297,38.38600844833612,2000,0.005615466385129064,0.3916447786614299,-0.0007601013244311616,4802.953659057617,144937.98351802214
1676,5,321984000,9.337997436523438,0.46029168844688684,38.486063634355865,2000,0.006288181305664086,0.39415966160595417,-0.0007395986690852396,4806.828796386719,145700.07734789443
1677,5,322176000,9.293752670288086,0.4580052281974834,38.509112789295614,2000,0.0076265588865499015,0.39413135405629873,0.00023801279030521982,4645.731872558594,144667.06126632867
1678,5,322368000,9.302793502807617,0.4583594026607898,38.42423905494312,2000,0.007924455524829682,0.39407296292483807,0.0006843274313723668,4696.280838012695,145385.6473064817
1679,5,322560000,9.300225257873535,0.45842710788565455,38.50234229645381,2000,0.006374010732921306,0.39159338641911745,-0.0005196498074155897,4474.917251586914,145486.4807287865
1680,5,322752000,9.238489151000977,0.455276063169246,38.50287854733566,2000,0.007834696786827407,0.3858746746554971,0.0005769102135673165,5050.347122192383,145447.13084602758
1681,5,322944000,9.23019027709961,0.45490627046941273,38.43267806371053,2000,0.0064939812714292205,0.38365079741925,-0.0005543188922274567,5045.670059204102,145896.06596505988
1682,5,323136000,9.401639938354492,0.46343751921995135,38.429956722694136,2000,0.008353589581345053,0.38217918667942286,0.00039435493181372294,4729.303802490234,144016.4866087887
1683,5,323328000,9.309662818908691,0.4588177299544138,38.473162197857164,2000,0.0065153066661247675,0.3787803687155247,-0.0005817758656121441,4732.914611816406,145556.38110976276
1684,5,323520000,9.246926307678223,0.45560939289922925,38.457523573384,2000,0.006415252467132329,0.3781938813626766,-0.0006129563125796267,4773.1292724609375,145661.294224648
1685,5,323712000,9.391191482543945,0.46291147537340294,38.45500962249935,2000,0.007486365069761329,0.37878988962620497,0.00036436946817275384,4676.692176818848,145716.28579511878
1686,5,323904000,9.272234916687012,0.4570573129294644,38.56618955358863,2000,0.008649615931518686,0.3784381039440632,0.0005489762529578002,4726.082168579102,145191.3687218322
1687,5,324096000,9.301023483276367,0.4583489809313808,38.44997191336006,2000,0.007553527594912642,0.3762561520561576,0.00034673587310862786,4396.966201782227,143833.7363628613
1688,5,324288000,9.288993835449219,0.4578646024522944,38.44978733560614,2000,0.007389869719239262,0.3712694961577654,-0.00016620995165794739,5089.463119506836,145246.95960159114
1689,5,324480000,9.31943130493164,0.4593073154501326,38.46623806787344,2000,0.010279307395840685,0.36745428293943405,0.0011452782855485566,5025.884231567383,144626.3772370687
1690,5,324672000,9.259672164916992,0.4563177251044787,38.50083216807494,2000,0.0075243828052965304,0.3676171572878957,-0.0004214064328209588,5075.711944580078,146267.00057824163
1691,5,324864000,9.351446151733398,0.46080210472306743,38.46591272919128,2000,0.007569109063692546,0.3676034240052104,-0.0001283965051470659,4864.161117553711,144253.08966656355
1692,5,325056000,9.333090782165527,0.46011981915459427,38.45947394489,2000,0.0069868699957345,0.36553892213851213,-0.0008998444664030103,4681.230880737305,144132.80959209683
1693,5,325248000,9.330079078674316,0.4599583564304339,38.483267941046506,2000,0.007211607556518477,0.3634551130235195,-0.00012661635355470935,4687.532211303711,144998.22669782615
1694,5,325440000,9.298334121704102,0.458083356033967,38.44206635413381,2000,0.007857167871067456,0.3599685709923506,0.00023009525028783173,4705.800338745117,143910.47383238416
1695,5,325632000,9.266942977905273,0.45660418854701373,38.41430152580142,2000,0.007125343129669394,0.3590164314955473,-0.0003202993725608394,4902.359756469727,144973.73643352493
1696,5,325824000,9.25584888458252,0.4561614772719622,38.519680854553975,2000,0.0074966085621660265,0.3562395581975579,-0.0006737842308552899,5481.2808837890625,143770.64387751423
1697,5,326016000,9.259262084960938,0.4563593922672832,38.530653633487724,2000,0.007134370393158558,0.3532037837430835,-0.0005199716188144521,4608.890670776367,144567.54863164708
1698,5,326208000,9.271269798278809,0.45676044009815087,38.37478996658077,2000,0.008139563510621277,0.35353573877364397,-9.635304058974725e-05,4925.036804199219,146171.8502552572
1699,5,326400000,9.276200294494629,0.4569791869168209,38.45561830963319,2000,0.007234893163743739,0.35145833529531956,-0.00034901604703918565,4738.205368041992,145658.25547629694
1700,5,326592000,9.339860916137695,0.46030731474093045,38.506970630958676,2000,0.0056228564881797265,0.35001937486231327,-0.0009018936901554753,5038.910614013672,144694.19925229182
1701,5,326784000,9.386514663696289,0.46291147780902975,38.48171370802447,2000,0.008723183436067,0.3500463245436549,-0.0005876733745253659,4315.223854064941,144020.24100022487
1702,5,326976000,9.364169120788574,0.4615989773295344,38.46720311976969,2000,0.005773391545575578,0.34855996165424585,-0.0008879350634742877,4860.319183349609,144391.2747961662
1703,5,327168000,9.345511436462402,0.46073960819861287,38.44956917855112,2000,0.010063628070201959,0.3455297304317355,0.001241252199633891,4635.155418395996,143864.21020440094
1704,5,327360000,9.22402572631836,0.45446877092278254,38.46110269303123,2000,0.0067988105572682495,0.34520823135972023,-0.0005261763137696107,5128.3214111328125,144937.03787761147
1705,5,327552000,9.202561378479004,0.45334897937027563,38.41534132518185,2000,0.005651778947736602,0.34555424004793167,-0.0013281594454781498,4877.904098510742,144968.61658263588
1706,5,327744000,9.19040584564209,0.4528854387596463,38.52363232399026,2000,0.005557589782498932,0.3438035398721695,-0.0008667329996114859,5396.332672119141,144954.44963831845
1707,5,327936000,9.408382415771484,0.4636771040604799,38.37440182392796,2000,0.006576542438667577,0.3438085485249758,-0.0007970649275534925,4131.456390380859,144976.72227645738
1708,5,328128000,9.29046630859375,0.45772397895719524,38.41315095374981,2000,0.006914081398455892,0.34392998926341534,-0.00013100870955895516,4573.296844482422,143878.56796337443
1709,5,328320000,9.329995155334473,0.45980731517556706,38.45983644885322,2000,0.00560352979968593,0.34709876496344805,-0.0007249343120747653,4876.8594970703125,145856.45878216898
1710,5,328512000,9.254981994628906,0.4560156467656877,38.488276922764875,2000,0.00688220666150058,0.34727375861257315,-0.00041567383016172244,4473.274963378906,143774.3187085615
1711,5,328704000,9.338736534118652,0.46033336046821205,38.44494666097065,2000,0.005783061771537177,0.3480547536164522,-0.0006075714782127761,4514.82071685791,144893.03729479972
1712,5,328896000,9.256237030029297,0.45618230974772206,38.48354556970298,2000,0.006312082564632874,0.35108811128884554,-0.0007426674019370694,5579.384674072266,145345.15021623793
1713,5,329088000,9.242148399353027,0.45538543482264987,38.475737917081766,2000,0.007526683508990876,0.35052884835749865,-0.0003924716165784048,4928.589645385742,145610.65982816822
1714,5,329280000,9.269033432006836,0.4567916842370323,38.461656273032226,2000,0.005379439800531448,0.3458051970228553,-0.0006870711717965605,4827.953353881836,144238.09479646815
1715,5,329472000,9.362504959106445,0.4615104397720036,38.44410447279612,2000,0.00806935068887348,0.34337193239480257,-0.0003553982724042726,4661.935729980469,144159.34959962906
1716,5,329664000,9.212345123291016,0.4538958586448037,38.446937227059,2000,0.005365160790582498,0.3445319542661309,-0.0011001672864949796,5102.870574951172,145944.80467768604
1717,5,329856000,9.318074226379395,0.45921356524074025,38.46245677392775,2000,0.008558315642663123,0.34354393742978573,0.0003095332499469805,4544.932601928711,144837.87646865708
1718,5,330048000,9.334712028503418,0.45995314693027467,38.42965098641192,2000,0.007491739902461025,0.338768869638443,-0.00031054939870500675,4966.639465332031,145721.7579829274
1719,5,330240000,9.181522369384766,0.4523854388050192,38.47537764247196,2000,0.007273018486099318,0.33613712899386883,-0.000169396888850315,4981.991516113281,145886.24861547395
1720,5,330432000,9.21764087677002,0.45420835111023433,38.486208639107645,2000,0.006600730736264571,0.3358853720128536,-0.0008813193333025993,5201.26139831543,145409.18946511962
1721,5,330624000,9.33071517944336,0.45988022992726957,38.5023905672133,2000,0.010460308255782973,0.3385060103610158,0.000769613678130554,5013.593826293945,145097.81423369635
1722,5,330816000,9.21252727508545,0.4538802297611255,38.45102637074888,2000,0.009881144306894081,0.3372433641925454,0.0002698404593388659,5365.740859985352,144166.6696433043
1723,5,331008000,9.209715843200684,0.4537083568302478,38.45435701031238,2000,0.008775052575743757,0.3338135648518801,-0.00018818664034370158,5155.598892211914,146186.5122853357
1724,5,331200000,9.240604400634766,0.4552239787626604,38.47009297091669,2000,0.006422400151282394,0.33249635994434357,-0.0008099444012259482,4899.788116455078,145134.16684164447
1725,5,331392000,9.33465576171875,0.45994272975076456,38.43299214720415,2000,0.006225063779585374,0.3307629507035017,-0.0008985070853668731,4511.929000854492,144076.91160329516
1726,5,331584000,9.254446983337402,0.45605731601487304,38.49174936736623,2000,0.0064244872691342604,0.3272542804479599,-0.0009280826106987661,4840.379531860352,145203.28316174605
1727,5,331776000,9.259815216064453,0.45632293953288655,38.55791752785444,2000,0.006537523739214521,0.3214026764035225,-0.0003778649353023411,4768.3116455078125,144343.4273676736
1728,5,331968000,9.379243850708008,0.46243231471635227,38.4534896829476,2000,0.0069581326839591685,0.3159183794632554,-0.000249633441626429,4215.080871582031,145615.15610496112
1729,5,332160000,9.151069641113281,0.4508593921139739,38.473657794607185,2000,0.008191418347666816,0.3177081421017647,0.0005705537005269434,5112.136642456055,146039.66409958445
1730,5,332352000,9.27695083618164,0.45723960570406535,38.494668368560575,2000,0.007166864669920567,0.3173374552279711,-0.0008317921419802587,4820.664825439453,145491.70601834188
1731,5,332544000,9.239425659179688,0.45521356334393204,38.43380732958516,2000,0.007404175504275676,0.3132749432697892,-6.889437247536989e-05,4637.49853515625,146692.526470443
1732,5,332736000,9.339805603027344,0.4603437745815124,38.435510801151395,2000,0.006479587238553601,0.30491178669035435,-0.0009584012286723009,4783.286590576172,145043.32192421576
1733,5,332928000,9.23300552368164,0.4550312708173199,38.51940139134725,2000,0.005384622644201348,0.2960565909743309,-0.0011137285232507566,5226.468841552734,145246.17913604114
1734,5,333120000,9.347734451293945,0.4606510613678741,38.413098176941276,2000,0.007369371110961462,0.2945668697357178,-0.0003991244448116049,4537.733551025391,144259.5498328119
1735,5,333312000,9.307443618774414,0.4586562748803165,38.466733567106225,2000,0.006634544642263791,0.29283052030950785,-0.0008232183063228149,4683.415634155273,146444.92418477344
1736,5,333504000,9.148805618286133,0.4508281488215289,38.47777862696481,2000,0.00569356218977191,0.2875420469790697,-0.001048297361052164,5013.540283203125,144904.56938376732
1737,5,333696000,9.214410781860352,0.45412502660110476,38.48523988388479,2000,0.006958155430164576,0.28560718335211277,-0.0003171431414585868,5133.651062011719,141834.47922031916
1738,5,333888000,9.22556209564209,0.45457294121176045,38.45151094230823,2000,0.007047028648473012,0.2857345677912235,-0.0010048862044413909,5350.602691650391,145890.06908729224
1739,5,334080000,9.224695205688477,0.4547448137909669,38.49387791690727,2000,0.006314887177364047,0.28720390796661377,-0.0010355547640017448,4844.274856567383,144498.78234083718
1740,5,334272000,9.29987621307373,0.45821877491531876,38.453010863934956,2000,0.005643202153597182,0.2834209315478802,-0.0009169396635115845,5270.591903686523,145144.49515167097
1741,5,334464000,9.290349960327148,0.4578021021758711,38.450158578033246,2000,0.005760122456141593,0.27828487381339073,-0.0007436824089381844,4402.976829528809,145105.94063463068
1742,5,334656000,9.387786865234375,0.4629583522055327,38.49500589530604,2000,0.007419820845204716,0.27292163856327534,-0.00042534154272289015,4100.518821716309,144462.15577876742
1743,5,334848000,9.261974334716797,0.4562343921849485,38.476603199106954,2000,0.006463659954354322,0.2712525296956301,-0.0007123788905119,4863.9547119140625,144664.55816692766
1744,5,335040000,9.272299766540527,0.45703648287174775,38.45248944995304,2000,0.006766961604376168,0.26847826410084963,-0.0007360733497989713,4863.12890625,143586.73859261052
1745,5,335232000,9.227372169494629,0.45453127483961,38.503771668610476,2000,0.007338411421679969,0.2631462514400482,5.0645005103433505e-05,4623.543960571289,145236.52892222433
1746,5,335424000,9.343838691711426,0.46050522778144415,38.4249538887913,2000,0.006890864936246847,0.260064996778965,-0.00025314616641480825,4522.56770324707,143471.12679903884
1747,5,335616000,9.268655776977539,0.45658856484017935,38.436468407822154,2000,0.006997481422595835,0.2596160592511296,-0.0007089119899319485,4853.41064453125,145083.5954972355
1748,5,335808000,9.304184913635254,0.45866668660103943,38.43594651506768,2000,0.006471339994498219,0.2616488467901945,-0.0007206998733977343,4667.543899536133,143501.2383429237
1749,5,336000000,9.303810119628906,0.4585416846669735,38.39575445562756,2000,0.006701734288052345,0.2609261879697442,-0.0002543899322517973,4540.699813842773,145424.50339332802
1750,5,336192000,9.308012008666992,0.4585364775606043,38.44016589100162,2000,0.006722521648228091,0.2594258226454258,-0.001003477539143205,4666.987892150879,143670.23557411597
1751,5,336384000,9.159427642822266,0.4512343979658908,38.514280516033374,2000,0.006426523232851954,0.2577875591814518,-0.0009936056384276526,5131.313201904297,145324.1352069446
1752,5,336576000,9.24083423614502,0.4554010630617995,38.40210838080384,2000,0.008645686068649714,0.25632253009825945,-0.0001808006018109154,4873.673370361328,144175.64652354555
1753,5,336768000,9.261739730834961,0.4564010615298078,38.454038388716675,2000,0.005341260164655978,0.25570788886398077,-0.0009828206784732174,4862.736419677734,144085.48944957036
1754,5,336960000,9.374005317687988,0.46191148354895023,38.442155952875815,2000,0.006307180050886625,0.25471596140414476,-0.0005529006339202169,4414.625205993652,142778.88695861673
1755,5,337152000,9.314624786376953,0.4591093951797423,38.499673147220165,2000,0.004996400069105827,0.25560957565903664,-0.0007973378966426026,4768.652160644531,142428.40717740884
1756,5,337344000,9.291024208068848,0.457776066252336,38.411935969721526,2000,0.009130660692748885,0.2528674406930804,0.0007156306146498537,4728.595291137695,144038.5662540191
1757,5,337536000,9.301286697387695,0.45845835269453045,38.50887066001693,2000,0.008902987042965833,0.2494244361296296,6.854651542198553e-05,4855.723083496094,145017.05065655484
1758,5,337728000,9.277338981628418,0.4572656465309895,38.46044287830591,2000,0.0061478571735206055,0.24747677566483617,-0.0008538124466213048,4747.350311279297,143292.14668240515
1759,5,337920000,9.25265121459961,0.4558750205439234,38.48075776267797,2000,0.005329104423086392,0.2465718351304531,-0.0006802055136176932,4992.254333496094,144419.56635327986
1760,5,338112000,9.281927108764648,0.45746356535164523,38.42392589976407,2000,0.006887076331709977,0.24372560158371925,-0.0007543848639670614,4249.239028930664,143889.44588700694
1761,5,338304000,9.308051109313965,0.45867710626710806,38.377930415173374,2000,0.007159413379549126,0.24228401156142354,-8.314605111081619e-05,4352.491554260254,145048.47905004845
1762,5,338496000,9.466800689697266,0.4666146049973274,38.478888989426196,2000,0.007092070801891774,0.23932712897658348,-1.363511410090723e-05,4332.65641784668,144434.82964848162
1763,5,338688000,9.39447021484375,0.46331773376611335,38.473312225348,2000,0.006608964974463258,0.23580134892836213,-0.0005114708919791155,4765.211654663086,144688.4515618697
1764,5,338880000,9.325953483581543,0.4598229340075098,38.56884065580865,2000,0.00964504427749974,0.23300817608833313,0.0003606616792239947,4771.422058105469,144511.27852039778
1765,5,339072000,9.288851737976074,0.45763023034730094,38.43037084365884,2000,0.00844781338312896,0.23132509924471378,-0.00019994477270302013,4909.50959777832,143607.87611075517
1766,5,339264000,9.326214790344238,0.459619815787543,38.512724429679416,2000,0.00610136815875497,0.2314754007384181,-0.0012613204723379567,4501.138648986816,145226.8044103603
1767,5,339456000,9.259005546569824,0.4561823129588447,38.45201121519009,2000,0.005394919036048426,0.22940509906038642,-0.0010581798696875921,5044.553115844727,144721.95087759837
1768,5,339648000,9.28042984008789,0.45745315027003625,38.48387299691482,2000,0.0063350354743403545,0.22563000116497278,-0.0009279252749365696,5367.702499389648,143771.36937570776
1769,5,339840000,9.312053680419922,0.4589844037709554,38.50328255755206,2000,0.00763333121042039,0.22241086745634675,-0.0009465764233027585,4950.239120483398,144194.3122887136
1770,5,340032000,9.344797134399414,0.4605677314314865,38.48196344333701,2000,0.008897270193536921,0.22175618074834347,-0.00021370078320614994,4527.155937194824,143912.32666556013
1771,5,340224000,9.307992935180664,0.4586875259919907,38.503418205305934,2000,0.005889766049513127,0.22140185674652457,-0.0010086300783314073,4840.100143432617,144610.08837883128
1772,5,340416000,9.305135726928711,0.4586198112756392,38.48967771232128,2000,0.006759279237497443,0.2198254344984889,-0.0004615576140167832,4921.329177856445,144771.4536345773
1773,5,340608000,9.320351600646973,0.45946356682785944,38.508178173409156,2000,0.006405570988776163,0.2194391549564898,-0.00014911034168108017,4746.361122131348,143434.58027568908
1774,5,340800000,9.382025718688965,0.4622760669341612,38.46208216513818,2000,0.006093104058837829,0.2190429768525064,-0.001056579921254297,4589.799560546875,143610.95580057314
1775,5,340992000,9.371697425842285,0.4619687705198885,38.46538349737724,2000,0.006358211008143069,0.2138615264557302,-0.0006799653865527944,4265.4421310424805,143249.2146794837
1776,5,341184000,9.276281356811523,0.45697397916956106,38.39581822076192,2000,0.005689897817748715,0.21029067924246192,-0.0008796379325417547,5013.030014038086,144158.04251605642
1777,5,341376000,9.228710174560547,0.45472918892786157,38.46950035309419,2000,0.006726306463965254,0.2091041156090796,-0.0010093256423715502,5374.252243041992,144069.4718104922
1778,5,341568000,9.228320121765137,0.4547448153316509,38.5173288465788,2000,0.006758933672332205,0.20942668383941054,-0.00042546561826384277,5128.368118286133,144280.19874944145
1779,5,341760000,9.222827911376953,0.45447398185691174,38.51231932081282,2000,0.008474198684241856,0.20937005151063204,-0.0004034911759163151,4528.22176361084,144890.17506382623
1780,5,341952000,9.306976318359375,0.45845835520170414,38.40834911664327,2000,0.007355239530831265,0.20762848993763328,0.00010311380674465909,5122.347549438477,143303.3318555489
1781,5,342144000,9.291219711303711,0.4577396000064861,38.481310620127864,2000,0.007960943738299345,0.2065939186140895,-0.00017142071692433092,4344.84684753418,144521.80707655082
1782,5,342336000,9.312504768371582,0.4589427295965531,38.45192153162012,2000,0.007145261661731638,0.2062885295599699,-0.0003766147829082911,4830.7802734375,144682.9253244795
1783,5,342528000,9.244365692138672,0.45543752074445365,38.5496876683707,2000,0.008191821332128408,0.20851920312270522,1.578864566909033e-05,4396.563400268555,145128.4029020196
1784,5,342720000,9.305750846862793,0.458515651163907,38.38500906340778,2000,0.006237029352555207,0.20785964746028185,-0.0009268944337463836,4733.688323974609,143866.38934151494
1785,5,342912000,9.33279800415039,0.45983335612315085,38.37351949419826,2000,0.005935552298673429,0.20704024704173207,-0.0013220517441823176,5660.687240600586,144404.16107574248
1786,5,343104000,9.335168838500977,0.46014585661275004,38.51615712357064,2000,0.005463859158422565,0.20727113587781787,-0.0009290764737670543,4419.875396728516,144241.9056137828
1787,5,343296000,9.275700569152832,0.4570260661773015,38.48582799965516,2000,0.008482646291832983,0.20712804375216365,0.00035266392023913795,4804.402191162109,143753.58809434457
1788,5,343488000,9.3214111328125,0.45935418703265896,38.517257853100695,2000,0.006716851747623878,0.21008541760966182,-0.00017221589951077476,4371.152847290039,142760.65003967454
1789,5,343680000,9.312148094177246,0.4590364792602486,38.55563758934537,2000,0.007923813673531791,0.20787139423191547,-0.0008307973585033324,4477.848365783691,144632.74025322232
1790,5,343872000,9.351969718933105,0.4611562680044396,38.46688310305277,2000,0.006523161242444378,0.20499653089791536,-0.0007870005447330186,4922.370697021484,144838.3869363388
1791,5,344064000,9.378182411193848,0.46220835152659373,38.422588765000306,2000,0.007126619353968029,0.20460172882303596,-0.0006819277206773222,4296.038948059082,145002.37773032842
1792,5,344256000,9.414461135864258,0.4640781460499663,38.408660216256976,2000,0.006002891098343147,0.20565023785457015,-0.00016856468664627755,4657.153961181641,143551.0116257149
1793,5,344448000,9.255722999572754,0.4559635604788734,38.472272749990225,2000,0.008478728779921464,0.2061145449988544,8.153399392085703e-05,5312.5177001953125,144360.9797533861
1794,5,344640000,9.35960865020752,0.46121876879078627,38.47906486938397,2000,0.0067566762169784245,0.20524518843740225,-0.0004790867420751965,4417.714775085449,144347.54782768432
1795,5,344832000,9.236355781555176,0.45528127531664114,38.52662910272678,2000,0.007510591428009017,0.2016097353771329,0.0003341876452793713,4956.976669311523,143087.11227153544
1796,5,345024000,9.27293586730957,0.456812524014822,38.421198467103146,2000,0.007977422303655961,0.19881754647940397,-0.0004274979246474686,4512.968711853027,145002.00759126144
1797,5,345216000,9.42138957977295,0.46434377609815175,38.42285942976984,2000,0.007013643046598494,0.193624097853899,-0.00043898465276015486,4362.860374450684,145198.2688619633
1798,5,345408000,9.291183471679688,0.4577500209294764,38.47288613580167,2000,0.006642536689488528,0.18920709658414125,-0.0006335948128253222,4768.33659362793,143908.16651671872
1799,5,345600000,9.327072143554688,0.4595729348760263,38.43123632871235,2000,0.008663447544560767,0.18656732747331262,0.00017420486415176129,4470.331336975098,144457.15829561368
1800,5,345792000,9.351015090942383,0.4609739789508846,38.41490320737163,2000,0.007986941016822433,0.18762632505968213,-0.00025192158227582695,4380.812629699707,143206.8706571465
1801,5,345984000,9.23794174194336,0.45521356022921583,38.42918621050194,2000,0.0064318123435174734,0.18887751875445247,-0.001009749226909662,4577.63948059082,145301.63254987143
1802,5,346176000,9.421290397644043,0.4644583520063558,38.4484764393419,2000,0.006946288262940167,0.18553578155115247,-0.0009013415528897895,4695.695617675781,145198.8727895315
1803,5,346368000,9.25740909576416,0.45625523311597743,38.55337951456507,2000,0.006526496296069429,0.18475893419235945,-0.0006353361786750611,4860.315521240234,144905.97490532228
1804,5,346560000,9.328015327453613,0.45976564442389645,38.439162626862526,2000,0.006180454554249688,0.18603011453524232,-0.0007373445159828407,4574.102645874023,145061.55721165088
1805,5,346752000,9.246002197265625,0.4556198158218952,38.50167683325708,2000,0.005875596317908882,0.18736965954303741,-0.0008443148253718391,5160.284210205078,143447.5096197865
1806,5,346944000,9.391267776489258,0.4630052299586775,38.448223891978465,2000,0.0055576662496411395,0.18538512801751494,-0.00112537922723277,4621.088470458984,143523.02830358938
1807,5,347136000,9.2982759475708,0.45822397492520395,38.45413151523098,2000,0.005908409197290894,0.1812871415168047,-0.0004476506273931591,4843.6094970703125,145332.82029832064
1808,5,347328000,9.267180442810059,0.4567812693767337,38.541150625795126,2000,0.005991081254789606,0.1782285193912685,-0.00074916127960023,5080.466156005859,144587.1394947119
1809,5,347520000,9.27441692352295,0.4570364785164808,38.486386228973664,2000,0.006184982530074194,0.1758468234911561,-0.0005808319610878243,4975.474319458008,144510.38988605278
1810,5,347712000,9.308541297912598,0.4589375237434676,38.470923176035285,2000,0.007943627049118126,0.1730902143754065,-7.648701102880295e-05,5074.729827880859,142231.0721579837
1811,5,347904000,9.395928382873535,0.4631406499138393,38.440640157183076,2000,0.005946196865300105,0.169463153462857,-0.000999761408820632,4408.545471191406,144352.48010060418
1812,5,348096000,9.322877883911133,0.45939585631761776,38.510882071685046,2000,0.0062476768889367425,0.16733867349103093,-0.0009323465446868795,4054.4092559814453,145030.86897266834
1813,5,348288000,9.218202590942383,0.4542812715220255,38.49495945995053,2000,0.00651171310376958,0.1675417530350387,-0.001014769396988413,5143.312408447266,144734.55922266183
1814,5,348480000,9.288558959960938,0.45765626901387196,38.4286266307657,2000,0.007019890450057574,0.1679972647689283,1.3574049262388144e-06,4846.399978637695,145308.6276321342
1815,5,348672000,9.20633316040039,0.4538073108239284,38.53130089553694,2000,0.006126367584229835,0.16896262019872665,-0.000506544307427248,4955.062286376953,144419.09565906777
1816,5,348864000,9.214583396911621,0.45400523220147687,38.412416588980705,2000,0.009223157606204041,0.16900545824319124,0.00017987562284815795,4759.750503540039,145588.67288079148
1817,5,349056000,9.218304634094238,0.454296894058037,38.43774364855684,2000,0.006603230106042853,0.1636884044855833,-0.0002689614866540069,4959.07292175293,145786.83584519927
1818,5,349248000,9.317354202270508,0.4591093961353181,38.50187276427945,2000,0.006088415545236785,0.15677183726802468,-0.0006864158181087987,4369.812652587891,145515.93851858965
1819,5,349440000,9.178603172302246,0.45237501905770233,38.45328688885396,2000,0.005977864547952776,0.15372245572507381,-0.0006947421197764925,5259.98908996582,144949.67366223983
1820,5,349632000,9.2656888961792,0.45646356094766816,38.40567305541481,2000,0.0061237702660631235,0.14977796468883753,-0.0006830835038726946,5311.546325683594,143603.87510311464
1821,5,349824000,9.310391426086426,0.4589583575695239,38.54197952399651,2000,0.0064691469809719515,0.14489540783688426,-0.0006726576964410924,4808.202850341797,145052.92017968805
1822,5,350016000,9.315038681030273,0.4590781476714862,38.42681594961323,2000,0.00787379592845294,0.14313624054193497,-0.00026721664471551776,4798.714630126953,144141.49700533244
1823,5,350208000,9.33797550201416,0.460177104892864,38.424190703469016,2000,0.0067986751561111315,0.14111551316455007,-0.00034630458867468406,4518.461357116699,145316.8201190335
1824,5,350400000,9.300992012023926,0.45839585197124205,38.46423907984475,2000,0.005337771437043557,0.13541452726349235,-0.0008937516950027202,4603.502685546875,145506.2612460355
1825,5,350592000,9.370749473571777,0.4617448088362532,38.47847939282656,2000,0.00642220752502908,0.1307597430422902,-0.0011918712916667573,4708.729400634766,144858.63587636073
1826,5,350784000,9.241456985473633,0.4555052331003632,38.46717317278186,2000,0.006788062510759725,0.1268449011258781,-0.0005224663618719205,4912.763687133789,144896.70302966097
1827,5,350976000,9.284939765930176,0.4576510604759581,38.45592074953796,2000,0.006159170174437653,0.12357847252860665,-0.0008516617417626549,4945.3841552734375,144396.12557364683
1828,5,351168000,9.370626449584961,0.4617968955632629,38.41792984198158,2000,0.0076686412162380296,0.1231340158265084,-0.0003603306977311149,5114.6435546875,145295.06881566782
1829,5,351360000,9.22235107421875,0.45459377197342593,38.50408361852169,2000,0.005986756440271468,0.12412371067330241,-0.000532745152327152,5718.283416748047,144176.09159706853
1830,5,351552000,9.26341438293457,0.45666668762714835,38.497025361284614,2000,0.006818058813834796,0.1273303353227675,-0.0008906248949642759,4696.358856201172,145981.43070237426
1831,5,351744000,9.241271018981934,0.4553333576835333,38.47604224892954,2000,0.007554168070375454,0.12888064002618194,-0.0001992314776089188,4980.490509033203,146179.4438910841
1832,5,351936000,9.21226692199707,0.4539843955141502,38.453056298196316,2000,0.007061119426449295,0.1259409871418029,-0.0005926575339003648,5638.437271118164,143691.69115608116
1833,5,352128000,9.359642028808594,0.4613541822533686,38.44285759927394,2000,0.006784789834491676,0.12426730082370341,-0.0003820297661150107,4462.337425231934,145436.32327423952
1834,5,352320000,9.26472282409668,0.4566302251059824,38.44936974812299,2000,0.010033019360348894,0.12518608709797263,0.0010402079087725724,4852.036636352539,144921.6621356054
1835,5,352512000,9.219622611999512,0.45430731849895284,38.519391014551125,2000,0.00664945467398502,0.12821178045123816,-0.0005451319948406308,5313.407379150391,145441.86182134418
1836,5,352704000,9.206584930419922,0.4534375212588202,38.40796726786842,2000,0.007238892226169507,0.1285777296870947,-0.0007325820395180926,4781.139343261719,145633.86862807936
1837,5,352896000,9.309125900268555,0.4586666882247907,38.44555940758437,2000,0.006865922863245942,0.12829102156683803,-0.0007710227558845872,4648.1593017578125,145747.73834098093
1838,5,353088000,9.264695167541504,0.45661981570447097,38.40200177890559,2000,0.00867409571481403,0.12938884506002069,4.9468041652289685e-05,4604.840599060059,144974.90356285038
1839,5,353280000,9.253204345703125,0.4561406432318715,38.46306970535079,2000,0.005697548316752848,0.1298799249343574,-0.000918400723094237,4790.09196472168,144342.65669245782
1840,5,353472000,9.200550079345703,0.453140644876233,38.37210177676752,2000,0.008713957208984841,0.1270440500229597,-0.0002303736600879347,4950.435729980469,145351.54846523044
1841,5,353664000,9.16362190246582,0.451526063085718,38.459228746593,2000,0.008129642555800577,0.12683532666414976,-9.82275578280678e-05,5119.497543334961,145786.30217522118
1842,5,353856000,9.311017036437988,0.45888022508127807,38.460177880323805,2000,0.006556400108660455,0.12600400182418525,-0.0011442199106568296,4936.415069580078,144542.5237400711
1843,5,354048000,9.194961547851562,0.45305731112663733,38.48211337129275,2000,0.005711435583798448,0.12197881145402789,-0.0012580294760482502,5476.7999267578125,145169.696777253
1844,5,354240000,9.173026084899902,0.45206772826289426,38.43425509465548,2000,0.006292866647146487,0.12035226938314736,-0.0007490751486329827,5385.786376953125,144937.31610869616
1845,5,354432000,9.238618850708008,0.4551041837567027,38.45657195864866,2000,0.006967839408384559,0.11528730415739119,-0.0001471193081670208,5210.828170776367,145579.30063148364
1846,5,354624000,9.337074279785156,0.4602239801036679,38.446708740356065,2000,0.007200561255876285,0.1091610286384821,-0.00013975032084090344,4274.139190673828,145127.58685429016
1847,5,354816000,9.341904640197754,0.4603646095432244,38.438676632164665,2000,0.00734278192188746,0.108630261849612,-0.00022488930335384794,4637.329452514648,144936.10800502455
1848,5,355008000,9.300777435302734,0.4584375188727184,38.48896013371026,2000,0.007262090083269868,0.107558055780828,-0.0005767632605966355,5051.425704956055,144730.2539741881
1849,5,355200000,9.185508728027344,0.4526302282283723,38.47455604498585,2000,0.007836164614243898,0.10725617315620184,-0.00037945301613717675,4901.344924926758,144029.92527639482
1850,5,355392000,9.30523681640625,0.45863023116544355,38.51112125441432,2000,0.00661986108297909,0.10817594965919852,-0.0006509574341180269,4893.178329467773,144002.83077312648
1851,5,355584000,9.341764450073242,0.4605052347833407,38.470654042515285,2000,0.006675635308900382,0.10762679064646363,-0.0005529425716304104,4428.368179321289,141302.98725718795
1852,5,355776000,9.24587345123291,0.4556458503872515,38.48613021251125,2000,0.007204567249495692,0.11037574545480311,-0.0005199254628678318,4508.708633422852,145122.9610375095
1853,5,355968000,9.346536636352539,0.460677107038767,38.46013896663984,2000,0.00705364381938125,0.11145023559220135,-0.0006536318987855338,4776.924911499023,144879.8285772519
1854,5,356160000,9.245965003967285,0.4556510571073886,38.5196669116655,2000,0.006203757130298375,0.11206672503612936,-0.00022058851618567132,4810.908493041992,144001.9762462438
1855,5,356352000,9.371526718139648,0.4620312733471413,38.44735243761291,2000,0.007262444849979753,0.10970043297857046,-0.00030302771028800635,4976.943420410156,145605.51432565798
1856,5,356544000,9.243013381958008,0.4555781406276462,38.5124501963146,2000,0.008946493374591228,0.10662296554073691,0.0003308070524781215,4698.689743041992,144961.13684002508
1857,5,356736000,9.293144226074219,0.4579843981240022,38.53993081736068,2000,0.00709621865368293,0.103310456732288,-8.962251740740612e-08,4717.811813354492,144477.88860979237
1858,5,356928000,9.223775863647461,0.454557311627165,38.46150145920304,2000,0.00618796334794024,0.10122357262298465,-0.001147848806795082,5190.196304321289,145397.23008591696
1859,5,357120000,9.274585723876953,0.45691668905783445,38.456646534614265,2000,0.007026466484453219,0.101990329567343,-0.0008705104810360353,5185.970184326172,143984.65271258727
1860,5,357312000,9.233430862426758,0.4548593989881435,38.508753638559334,2000,0.007945176645647735,0.09961968963034451,0.0005001174522476504,4708.60173034668,145040.3140547621
1861,5,357504000,9.294772148132324,0.458130226415354,38.52662402267257,2000,0.006686498830424777,0.09986856626346707,-0.00047707977500976995,4629.519081115723,145200.55942747407
1862,5,357696000,9.308138847351074,0.4587396087833137,38.51583993916089,2000,0.006280787374222807,0.10041854646988213,-0.0005880661074115778,4761.4527587890625,145389.7727672936
1863,5,357888000,9.326991081237793,0.459630235562751,38.52888378687203,2000,0.006951294982679731,0.09943351754918694,-0.0004236344562613681,4877.30500793457,144282.6498529399
1864,5,358080000,9.24477481842041,0.4555260617168339,38.43520649980443,2000,0.006487121472348614,0.09621534706093371,-0.0007651453378230144,5186.042816162109,144257.72056441306
1865,5,358272000,9.279475212097168,0.45719793188800395,38.47972623910755,2000,0.007564425173467801,0.09400391578674316,-2.73074022061337e-06,5010.205749511719,144426.920344578
1866,5,358464000,9.265459060668945,0.45633856618405844,38.477457785358034,2000,0.006090361312439199,0.09491765359416604,-0.00012864376753896067,5292.50895690918,144945.9590725242
1867,5,358656000,9.316608428955078,0.4590208536222538,38.4563970468007,2000,0.00719189984217519,0.09182699443772435,-0.0008878597345756134,4569.532653808594,142928.68312819413
1868,5,358848000,9.300415992736816,0.4582812695856167,38.4380014113461,2000,0.006262404594856586,0.08778017829172313,-0.00036956185431336053,4743.794387817383,144502.01510120355
1869,5,359040000,9.33362102508545,0.4601146096914211,38.55825384085377,2000,0.008863461652130354,0.08373530022799969,-0.00017038398118529585,4658.583984375,143989.0580903087
1870,5,359232000,9.28385066986084,0.4573125258824196,38.415501199662685,2000,0.006295876024310322,0.08205187506973743,-0.0004700562567450106,5327.471374511719,145789.389112341
1871,5,359424000,9.260453224182129,0.4563333550371074,38.4965936007599,2000,0.006540031462995103,0.07967752241529524,-0.0006394535492972864,5493.0745849609375,143679.5398491936
1872,5,359616000,9.251371383666992,0.4558229344456777,38.45511424688933,2000,0.006188098711543717,0.07684989552944899,-0.0009006356513054925,4695.573577880859,145221.22829751897
1873,5,359808000,9.264206886291504,0.45648960642696085,38.48988545383327,2000,0.007188225359917851,0.07758428785018623,-0.0003950722748413682,4752.149978637695,144955.41005849242
1874,5,360000000,9.368704795837402,0.46172918591946654,38.50865515011052,2000,0.009483895203409096,0.07570420228876173,0.0010833178480424976,3997.8483657836914,145366.2047610629
1875,5,360192000,9.328283309936523,0.4596979352378791,38.49459581294408,2000,0.005501857456760869,0.07544054696336389,-0.001279800662814523,4738.250946044922,144550.9772253976
1876,5,360384000,9.242761611938477,0.45552085855403374,38.518909926215805,2000,0.004728258465183899,0.07527266000397503,-0.0009348555565793504,5515.394424438477,146159.29779595244
1877,5,360576000,9.319323539733887,0.45926043883264356,38.44276993987538,2000,0.005909609657295126,0.0735844699665904,-0.00032975178419292206,4675.98762512207,145059.50764606605
1878,5,360768000,9.249639511108398,0.4558333510885859,38.52547592918078,2000,0.006031882276389903,0.0687598423101008,-0.0008790859887994884,5339.326477050781,145212.31052977862
1879,5,360960000,9.273727416992188,0.4569218948933364,38.4876606243973,2000,0.00542835796737927,0.06592795229516923,-0.00041056213376577944,4619.503608703613,144623.12235058247
1880,5,361152000,9.332748413085938,0.459864604657317,38.53794974073147,2000,0.006217335774703922,0.06313903979025781,-0.0007139582594390959,4370.492584228516,145755.80005679623
1881,5,361344000,9.326848983764648,0.4597135636152719,38.5137888424797,2000,0.0058678529241879005,0.06195066368672997,-0.0005973598633772781,4339.93083190918,144905.73572751437
1882,5,361536000,9.314153671264648,0.4589739835270545,38.51575225622704,2000,0.007409877081789697,0.060568078770302236,0.00012082905413990375,4511.202690124512,145351.73321731176
1883,5,361728000,9.291802406311035,0.45800002914438664,38.56662812270224,2000,0.007903063501270177,0.06410837452858686,-0.00026216133755951887,4849.662536621094,146600.0710809405
1884,5,361920000,9.243084907531738,0.45535940271414194,38.459668222116306,2000,0.006655073012555173,0.06655559269711375,-0.0006291116478678305,5227.612564086914,146110.05804812128
1885,5,362112000,9.361673355102539,0.461296894765231,38.44710576658448,2000,0.0066029527964031635,0.06391884782351553,-0.0009800346119845926,4626.345024108887,145725.98615807475
1886,5,362304000,9.271585464477539,0.4568854379752641,38.5003046131072,2000,0.006686564647320968,0.06432945933192968,-0.0007453999346580531,5138.984085083008,145277.59217651762
1887,5,362496000,9.32612133026123,0.45960419672337594,38.46769248212028,2000,0.005831346536423856,0.06651699170470238,-0.0011038032271244447,5007.485763549805,146114.98074025018
1888,5,362688000,9.292683601379395,0.4578854412435855,38.61839100097617,2000,0.006743227033138586,0.0655848600436002,-0.00042408450281072874,4454.320846557617,145065.04931377762
1889,5,362880000,9.346846580505371,0.460708356469695,38.48997234102959,2000,0.00865374534681905,0.06646929564885795,0.0006739854748047946,4661.58723449707,145541.45288674242
1890,5,363072000,9.228775024414062,0.45471356849035754,38.54851074454685,2000,0.006385057809976085,0.06627169204875827,-0.0004090620359420427,5051.654479980469,144387.16247958926
1891,5,363264000,9.374380111694336,0.46202085498468176,38.490407064557076,2000,0.006498646717014101,0.06507663009688258,-0.0005576427593041444,4475.475006103516,145682.56504705892
1892,5,363456000,9.26306438446045,0.4565573101256935,38.51989361084998,2000,0.005661083753269243,0.0642124634468928,-0.00015968650495779002,4635.725723266602,145354.61503908868
1893,5,363648000,9.31935977935791,0.45916148196556605,38.509771317864455,2000,0.0044644001194683374,0.0612200788455084,-0.0012121648241283367,5247.56233215332,145698.77810909253
1894,5,363840000,9.277928352355957,0.45732814180397935,38.55464267047743,2000,0.006383002959841785,0.05977558658923954,-0.0012131636210597208,4531.62678527832,143830.1570802851
1895,5,364032000,9.269936561584473,0.45679689182482736,38.55338414013386,2000,0.006779805756639689,0.058168705087155104,-0.00012200300795939256,4840.653167724609,144861.6032064896
1896,5,364224000,9.166532516479492,0.4516614822089953,38.558506367572896,2000,0.007488082545382592,0.06025651004165411,0.0003516153769851371,5445.837127685547,144532.49210061846
1897,5,364416000,9.297613143920898,0.4581823196422192,38.47998408243681,2000,0.007772409637041467,0.060932699707336724,-0.0003407876782830499,5045.327255249023,145773.86033684007
1898,5,364608000,9.314237594604492,0.4589427301095081,38.46990823342154,2000,0.0066765857114029735,0.061390354414470494,-0.0005817179444420617,4916.49853515625,144188.9642878654
1899,5,364800000,9.29772663116455,0.4581771103439678,38.532859357384346,2000,0.005781558097902841,0.06000947509892285,-0.0009278850957912255,4848.805526733398,146286.58989048554
1900,5,364992000,9.2298002243042,0.4547448106538165,38.52986020408571,2000,0.0055044758746904945,0.05746286583598703,-0.001155198344577002,4730.647415161133,146213.3823872458
1901,5,365184000,9.378385543823242,0.46231772973017843,38.524794299155474,2000,0.006171172345416077,0.0561792878434062,-0.0007778034696457325,4654.8558349609375,146364.27270354435
1902,5,365376000,9.300905227661133,0.4582500233306443,38.482503332352884,2000,0.0056618362364242785,0.05570482404436916,-0.0010007739356296952,4885.51643371582,144888.9442394187
1903,5,365568000,9.23518180847168,0.4551041866870946,38.55436452167729,2000,0.007260635001410265,0.05079407209996134,-0.0005775460481345362,4715.645935058594,146416.844320405
1904,5,365760000,9.37940788269043,0.46229689669598883,38.49678114429116,2000,0.005927059249661398,0.047289008856751025,-0.0005344371147657512,4616.94563293457,145045.28589533773
1905,5,365952000,9.274898529052734,0.4570416916527999,38.53763736303275,2000,0.006871582826822608,0.044712635688483715,-0.0006644902050538803,4973.237457275391,145171.23905269493
1906,5,366144000,9.300809860229492,0.45828127215342346,38.55116379416237,2000,0.006632875151621798,0.040678507764823735,-0.0006414651243176195,4278.8594970703125,144245.28889506744
1907,5,366336000,9.306099891662598,0.4585885670330754,38.54673247846464,2000,0.007054691851992781,0.03886131476610899,-2.2473309854831314e-05,4874.304824829102,146585.17803054792
1908,5,366528000,9.33479118347168,0.46007294303429563,38.49067572193841,2000,0.006328167704098935,0.04004613228607923,-0.000293482897177455,3944.6871948242188,143655.35625531536
1909,5,366720000,9.324136734008789,0.45952085618349275,38.491897514400385,2000,0.006428432060609338,0.040519948466680944,-0.0003479856014791949,4649.109573364258,146013.25799570733
1910,5,366912000,9.230145454406738,0.454854185968846,38.47834482928738,2000,0.006722202774505907,0.038833133643493056,-0.0006608268004129059,4975.034362792969,145216.33829261962
1911,5,367104000,9.394639015197754,0.462968766546813,38.52770985135188,2000,0.0072466172419372015,0.0396970136789605,-0.00045024829887552187,4533.444091796875,146666.32306164526
1912,5,367296000,9.328558921813965,0.45984897793702356,38.51778575995316,2000,0.006832304929635332,0.03935465891845524,-0.0005513146315934137,4769.716506958008,145441.0737543743
1913,5,367488000,9.286160469055176,0.4574635656238873,38.44785252958536,2000,0.006465170753527976,0.03803880827035755,-0.0002965037133435544,5256.379425048828,145529.0905250977
1914,5,367680000,9.316067695617676,0.4590469026752544,38.519311377002545,2000,0.00741849421725298,0.03403171093668789,-0.00031696345831733197,4620.952255249023,145083.76444163942
1915,5,367872000,9.33406925201416,0.4599427327563414,38.4867302418376,2000,0.007056715768005234,0.03135823423508555,-0.00026524668783167726,4835.944152832031,146273.25804381628
1916,5,368064000,9.294048309326172,0.4577448161508073,38.46876788387696,2000,0.0072967638449238925,0.03160771366674453,-0.001176075710304758,4743.819030761719,145609.21663745763
1917,5,368256000,9.155597686767578,0.4509843942663186,38.53717462671921,2000,0.005727465111262669,0.03235372877679765,-0.0009657904543018958,5526.7205810546875,146220.83267634496
1918,5,368448000,9.265299797058105,0.4563593978206579,38.51129206301024,2000,0.0061847852041925465,0.03090635675471276,-0.000814058421383379,4839.098052978516,145108.79472910272
1919,5,368640000,9.232461929321289,0.4550208598320751,38.57450725262364,2000,0.006735831783366545,0.02911000302992761,-0.0001521346425761294,5318.981643676758,146978.54516811093
1920,5,368832000,9.278656005859375,0.457119812009599,38.5222842390649,2000,0.005740805136369697,0.029871914302930236,-0.00034268385957147984,5168.507720947266,145421.01676504663
1921,5,369024000,9.287528991699219,0.45760939902053605,38.50318960224589,2000,0.005618456292402698,0.03244015167001635,-0.0012890865000372287,5554.379653930664,146848.59844687584
1922,5,369216000,9.275703430175781,0.45707814908382716,38.525610122829676,2000,0.007092721721652197,0.03182154870592058,-7.494200599467149e-05,4636.693466186523,144499.69562439015
1923,5,369408000,9.272124290466309,0.4568437733711714,38.56325967051089,2000,0.006829022357900006,0.03159991605207324,-0.0004508881042966095,4860.660690307617,145822.59162085078
1924,5,369600000,9.320239067077637,0.4593021020561234,38.474301984223224,2000,0.007792714177941282,0.03025710937799886,-0.0002781878697533102,4796.397247314453,145622.73541362214
1925,5,369792000,9.353455543518066,0.4608854401091473,38.520196252812944,2000,0.005536695876391605,0.029401238833088428,-0.00034020457678707317,5062.516555786133,146342.41575695184
1926,5,369984000,9.279358863830566,0.4571198172543518,38.55157185780505,2000,0.005408059971644737,0.026734631857834756,-0.001050775596013409,4208.1057205200195,147021.3568448473
1927,5,370176000,9.249265670776367,0.45563022882803733,38.54164999164641,2000,0.007147978986603751,0.027398560021538287,-0.0002115553239825374,4839.825668334961,146274.48051468292
1928,5,370368000,9.364362716674805,0.461333348987561,38.51695951834942,2000,0.006884079689868183,0.027496352675370872,-0.000878181758480423,4361.388023376465,146240.6888676548
1929,5,370560000,9.339530944824219,0.4601458607849054,38.573122683912516,2000,0.006518739106395515,0.026699557376559824,-0.0007159830861382943,4532.022010803223,145526.73310849446
1930,5,370752000,9.382744789123535,0.4624583482715631,38.488476874520224,2000,0.006978039510683933,0.024187497852835804,-5.4375602303480264e-05,5005.130813598633,145742.87764090791
1931,5,370944000,9.304269790649414,0.4584896016276616,38.551036978606135,2000,0.0063323972900883145,0.024322803947143257,-0.000595395462369197,4709.643493652344,144537.96212809705
1932,5,371136000,9.222434997558594,0.45435939410162973,38.51356165856123,2000,0.006347130349235765,0.02194570383289829,-0.00017377362928527873,5157.672790527344,146353.06635800304
1933,5,371328000,9.37167739868164,0.4617864806605212,38.47983623699596,2000,0.006291730626971305,0.020106475800275803,-0.0008689288988534827,4634.781707763672,144545.00020175538
1934,5,371520000,9.300189018249512,0.45809897807460703,38.543421283985175,2000,0.0065812792362024385,0.017199460417032242,-0.0006823717552606468,5108.162887573242,146279.72578703507
1935,5,371712000,9.314343452453613,0.4588594018756946,38.5693179021279,2000,0.006417342883224288,0.01613081991672516,-0.0003867242025989981,4755.056976318359,143826.29451074422
1936,5,371904000,9.276107788085938,0.45704168715201376,38.48947957577184,2000,0.005669618726455761,0.013772561971563846,-0.0010812804825945932,4972.917587280273,146107.0283400201
1937,5,372096000,9.239471435546875,0.45528127432953625,38.53474913661679,2000,0.0073900065844257675,0.00892350819776766,-0.0008500825006194646,5419.684921264648,143699.82170657683
1938,5,372288000,9.354973793029785,0.4609583558703889,38.5413835584186,2000,0.007043049458229992,0.006203703582286835,-0.0007482835981136304,4293.059623718262,145332.27102859906
1939,5,372480000,9.191413879394531,0.4529114739677122,38.55516119409973,2000,0.006922356499426921,0.006494905726867728,4.098846147826407e-05,5414.795364379883,144104.23668401162
1940,5,372672000,9.328701972961426,0.4598021058645827,38.624598775058985,2000,0.00546135698685733,0.007763795496430248,-0.0009346590341010597,4834.796417236328,144445.66644897294
1941,5,372864000,9.288054466247559,0.45767710764630465,38.53588686169436,2000,0.005755813120738215,0.006564229784999043,-0.0010364778440816735,4880.020233154297,144799.5575977233
1942,5,373056000,9.354039192199707,0.4608750296647486,38.545436351560056,2000,0.0047046095736489706,0.004879120664554648,-0.0007539367041999867,4973.183700561523,143563.3738183511
1943,5,373248000,9.32016658782959,0.45923439503470337,38.46626667616268,2000,0.006420574281713925,0.001217372715473175,-0.0015193970509415067,4871.934463500977,145339.2984359439
1944,5,373440000,9.306075096130371,0.4585677315796299,38.50470445871664,2000,0.006378459346635888,-0.004134178161621094,-0.0010861093961977986,4657.314453125,144477.6169239216
1945,5,373632000,9.403894424438477,0.4634791900480195,38.52269320003688,2000,0.00876328074025999,-0.008609332158812322,7.588921835122164e-05,4838.279830932617,144364.61600620093
1946,5,373824000,9.288347244262695,0.45785939684659144,38.50066684279591,2000,0.007146616610504376,-0.009077217429876328,-0.0003885823743985384,5025.047714233398,144635.00156946896
1947,5,374016000,9.286615371704102,0.45725523239282967,38.42119197671612,2000,0.006725793115290192,-0.009481612592935562,-0.0005525922688320861,4788.497283935547,143694.9823271617
1948,5,374208000,9.346207618713379,0.46060939489386027,38.51530078006908,2000,0.007172981440031435,-0.011841263709357008,-0.0010434207392790995,4440.4158935546875,145014.15975372793
1949,5,374400000,9.337688446044922,0.46023961062868085,38.57071443088353,2000,0.0073283145072831155,-0.015044644300360233,-0.0005298070732351334,4285.934623718262,143728.4525397484
1950,5,374592000,9.230334281921387,0.45470314519540506,38.558600635267794,2000,0.00611879095233356,-0.018334750086069107,-0.0005476558762893546,5061.46842956543,143690.63040707365
1951,5,374784000,9.322009086608887,0.4593698188370278,38.49624202788497,2000,0.006461976871379496,-0.022644967015367,-0.0003432042494750931,4808.356353759766,145502.95009825032
1952,5,374976000,9.239828109741211,0.4553385635669353,38.58724094182253,2000,0.005398853750899435,-0.024138618085999042,-0.001079745672086574,5221.296173095703,144686.79500829338
1953,5,375168000,9.26087474822998,0.45624481211901485,38.5157766956836,2000,0.0058199892448901665,-0.02551525051239878,-0.0011890787145603099,5028.758834838867,145118.08367821865
1954,5,375360000,9.288199424743652,0.45783856297384773,38.528539380058646,2000,0.008326549205579795,-0.029132399416994303,0.0004496376495808363,4919.337860107422,143522.02948093155
1955,5,375552000,9.370609283447266,0.4617708547818135,38.47564249454687,2000,0.006677997698095472,-0.028881113626994193,-0.0004397989705466898,4331.363494873047,144514.02268793303
1956,5,375744000,9.274703979492188,0.45706772689724556,38.553425898465015,2000,0.007050891678508682,-0.03259068331681192,-0.0008805281522654695,4817.682479858398,144500.01720215415
1957,5,375936000,9.172725677490234,0.451979183402121,38.61173987636963,2000,0.006008167846438785,-0.03546328074298799,-0.0005688963401553337,5643.683502197266,144714.7786356405
1958,5,376128000,9.305425643920898,0.45842710658992775,38.49459851176167,2000,0.005928130109765334,-0.03570477990433574,-0.000910282183781419,4617.6541748046875,144741.17977674026
1959,5,376320000,9.393501281738281,0.4629114823880324,38.49282235528032,2000,0.005971941082457003,-0.035715679987333715,-0.0006363911707012448,4936.6109619140625,145052.2394421192
1960,5,376512000,9.291619300842285,0.4578229439248389,38.485328935047924,2000,0.005762543323255765,-0.03701318020466715,-0.0008283484476123704,4934.219955444336,145446.8184846047
1961,5,376704000,9.388803482055664,0.462776067165881,38.499390334511794,2000,0.006411739239973637,-0.03996115468908101,-0.0001330202430835925,4113.549667358398,143458.8718083426
1962,5,376896000,9.389277458190918,0.46244272856408014,38.46611001478353,2000,0.006390569126437186,-0.04396324616391212,-0.0009298030854552053,4620.924514770508,144617.24665527395
1963,5,377088000,9.30078411102295,0.4583021059631089,38.47539244468013,2000,0.006571578845653373,-0.04552778450306505,-0.00036019131891862344,4765.656280517578,145338.48342803796
1964,5,377280000,9.264984130859375,0.45650001635294757,38.49341209605336,2000,0.00719940369471442,-0.04809712211135775,-0.0002981406478284043,4965.165344238281,144761.4170424934
1965,5,377472000,9.25747013092041,0.4563177309846651,38.59083613567054,2000,0.005141171177713356,-0.052605607896111906,-0.0005126009044147395,5303.821914672852,145189.93909972755
1966,5,377664000,9.270990371704102,0.4566771075787983,38.56554441961149,2000,0.005767698991306436,-0.05569534143432975,-0.0006169750140543329,4709.091949462891,144287.13410394118
1967,5,377856000,9.246353149414062,0.45540627019545354,38.43841564585455,2000,0.006902539304865059,-0.05577991285827011,-0.00022278434335021302,4425.130912780762,145338.16668541895
1968,5,378048000,9.267960548400879,0.45667709874578577,38.49351338669658,2000,0.00668840626681534,-0.05468550883233547,-0.0003797045283135958,4863.75602722168,143745.44166455712
1969,5,378240000,9.289332389831543,0.45752606482650054,38.52805459064742,2000,0.005587821398085604,-0.057069861446507275,-0.0007621412208891343,4890.406524658203,146008.53768394343
1970,5,378432000,9.358234405517578,0.46113023340634146,38.52161430660635,2000,0.005811503329624733,-0.05815284384880215,-0.0010689137279769056,4635.429992675781,145599.294868355
1971,5,378624000,9.286111831665039,0.45745314647259266,38.498737221816555,2000,0.006993357912152229,-0.05988866521511227,-0.0009090910903069016,4568.241516113281,144255.6376159561
1972,5,378816000,9.203176498413086,0.4533698176595256,38.48719305358827,2000,0.006999368011039527,-0.0615085813915357,-0.0006863444245936989,5231.800216674805,145322.72992019265
1973,5,379008000,9.331415176391602,0.45982815089034074,38.51760572257141,2000,0.007951119595498313,-0.06306163780391216,6.191879947436973e-05,4725.748321533203,143946.08114633564
1974,5,379200000,9.20671558380127,0.45344272955238313,38.50209432219466,2000,0.0060687019450706425,-0.0637914368417114,-0.0006568011231138371,5157.132080078125,145801.94642654216
1975,5,379392000,9.238591194152832,0.4552031450936435,38.453089444587626,2000,0.010398937692031419,-0.06711906078271568,0.0006451261256188445,4281.942977905273,143585.72664176798
1976,5,379584000,9.230445861816406,0.4548854389292198,38.49971833669891,2000,0.00805665061766437,-0.06731158588081598,-0.00025982783881772775,4738.480484008789,144860.129911787
1977,5,379776000,9.33245849609375,0.4599010658973081,38.464963111638404,2000,0.005913750862275871,-0.06586821679957211,-0.0010576217991911108,5005.444381713867,144834.11997423667
1978,5,379968000,9.15831470489502,0.4510625198709022,38.4631616336604,2000,0.005540334486130935,-0.06595868850126863,-0.0010938505606645776,5006.498107910156,145329.5943722248
1979,5,380160000,9.202123641967773,0.45345835630966275,38.41092264279723,2000,0.005137109911767766,-0.06647210521623492,-0.0011810191843579787,5996.066070556641,145026.7649478997
1980,5,380352000,9.269304275512695,0.4567448185104392,38.484111291977264,2000,0.005797179297864204,-0.06466391147114336,-0.0013696597272883082,4522.313690185547,144105.04450913775
1981,5,380544000,9.30113410949707,0.45825522894119786,38.54444701472918,2000,0.007889902679016814,-0.06381121394224465,-0.00019820695706584956,4282.049903869629,144470.1354733855
1982,5,380736000,9.229032516479492,0.4546927313028088,38.53858444249878,2000,0.008364033369619089,-0.0659304871223867,0.0006115409705671482,5119.654708862305,145397.63098363325
1983,5,380928000,9.292634963989258,0.4579375165243012,38.51186012822048,2000,0.005784832101082429,-0.06635539745911956,-0.00042120976104342844,4735.32600402832,144745.89619220022
1984,5,381120000,9.272178649902344,0.45700523140112637,38.61421376963457,2000,0.00570952679864907,-0.06587434117682278,-0.0008187762684883637,4752.778350830078,144999.47087513996
1985,5,381312000,9.321076393127441,0.4592760604634047,38.49582571194818,2000,0.00582373728058883,-0.06743346597068012,-0.0005718668571716989,4937.337203979492,143640.01180846887
1986,5,381504000,9.32203483581543,0.459338560567024,38.4789730651925,2000,0.005249290554789089,-0.06722851749509573,-0.001032111427775817,4786.305511474609,145010.9936258265
1987,5,381696000,9.324402809143066,0.45941147913375363,38.49836917656163,2000,0.0059015837575667925,-0.06582701648585498,-0.0007381692162198306,4790.908920288086,143493.82302558178
1988,5,381888000,9.379495620727539,0.4624739874676986,38.523411102311606,2000,0.009681472069816663,-0.0663049181457609,0.00080296237820221,4177.984428405762,145408.5835623917
1989,5,382080000,9.272564888000488,0.4569583504022982,38.496378320191674,2000,0.007169685124594253,-0.06742020859383047,-0.0004883760066149989,4877.578369140625,144251.68225664902
1990,5,382272000,9.341064453125,0.460208352825551,38.49278148946663,2000,0.008221302086632932,-0.0687743176240474,-4.9618799948802916e-05,4937.367462158203,144965.02142041558
1991,5,382464000,9.21162223815918,0.45383335816040926,38.41274356624732,2000,0.005593259499689642,-0.07063692202791572,-0.0002935280826932285,5328.118713378906,145075.80199434253
1992,5,382656000,9.314140319824219,0.4589323156402922,38.48775006644428,2000,0.0061505741506795554,-0.07081609219312668,-0.00021513472233891662,4641.851737976074,143782.82696721336
1993,5,382848000,9.27309799194336,0.45703126519765647,38.49856007254372,2000,0.007201310332786913,-0.06921817804686725,-0.0004812421734641248,4704.326515197754,145147.24871793887
1994,5,383040000,9.253929138183594,0.4560104367647,38.47833845221127,2000,0.006157643293515624,-0.07019994594156742,-0.0009007964682723468,4652.247268676758,146164.30125311954
1995,5,383232000,9.268647193908691,0.4567864755760335,38.52606108939896,2000,0.005352819912310224,-0.06782736349850893,-0.0008531466402033061,4514.4163818359375,144772.64523830818
1996,5,383424000,9.282222747802734,0.4574635623588013,38.4451523423971,2000,0.007164506158384029,-0.06617764616385102,6.239347385417204e-05,5070.247528076172,145225.9283804029
1997,5,383616000,9.274393081665039,0.4569531478434025,38.47385843501737,2000,0.006183645038613274,-0.06846011127345264,5.651686467444961e-05,5078.930252075195,142709.72954746956
1998,5,383808000,9.280779838562012,0.4573437689517353,38.53395847541591,2000,0.006038751749768078,-0.07007474871352315,-0.0006200750522111775,4810.855712890625,144955.54499692057
1999,5,384000000,9.294483184814453,0.4580520988602075,38.47253736729423,2000,0.007902360318946497,-0.06911087548360229,-0.0005145971569540109,4744.283157348633,144406.41372953137
2000,5,384192000,9.271947860717773,0.4569531481926485,38.50545948483826,2000,0.006441026025936784,-0.06646251655183733,-0.0007640624080522684,4819.560577392578,145514.85629168994
2001,5,384384000,9.274781227111816,0.4571718939926844,38.49856540708182,2000,0.005855340780496287,-0.06809898419305682,-0.000965841945799184,5282.747512817383,145203.4513974537
2002,5,384576000,9.202345848083496,0.45340105973749206,38.49850115676721,2000,0.005960269833061223,-0.07160722394473851,-0.0009197733916153084,5122.337738037109,144880.515461033
2003,5,384768000,9.221406936645508,0.4543125219764382,38.43476321299871,2000,0.00641680620178037,-0.07304808706976473,-0.00017680638120509684,5522.303329467773,145750.83680898603
2004,5,384960000,9.277945518493652,0.4572187677761879,38.50131780064354,2000,0.00599029142120465,-0.07368741906248033,-0.0010043031006716774,4817.381973266602,144421.98265463352
2005,5,385152000,9.298112869262695,0.4580364803041448,38.5351476209859,2000,0.006935941865919934,-0.0738564960192889,-0.000881943656168005,4723.612968444824,145296.7729727815
2006,5,385344000,9.263834953308105,0.45654168861013505,38.51631584763527,2000,0.006475949713688654,-0.07987745152786374,-0.0010636381466611056,5072.683731079102,144688.98921658497
2007,5,385536000,9.41610050201416,0.46411980577007245,38.42363957067331,2000,0.00688296839769464,-0.08381257206201553,-0.00021639391889038961,4394.19034576416,144917.317964432
2008,5,385728000,9.313946723937988,0.45903127125772397,38.51152474743625,2000,0.007313765017781406,-0.08456893498077989,0.000416603302483054,4530.626426696777,145791.8984090527
2009,5,385920000,9.344977378845215,0.46068231333689863,38.519555191509426,2000,0.007624175745111037,-0.08596375747583807,-0.00011494859086269571,4208.5974044799805,145032.29075136967
2010,5,386112000,9.265746116638184,0.45640106207307934,38.49976564827375,2000,0.007206036397255957,-0.08837204030714929,-0.0004994639275537338,4803.705459594727,146467.82082313878
2011,5,386304000,9.305352210998535,0.4584948095822862,38.47928309999406,2000,0.012873295242907867,-0.0901299798861146,0.001143418260198814,4948.739807128906,144831.5979777223
2012,5,386496000,9.201510429382324,0.4534010593815765,38.447156339262925,2000,0.00727609594926859,-0.09201731299981475,-0.00044136303495179163,5158.83464050293,146033.19990738248
2013,5,386688000,9.415637016296387,0.46413543669586943,38.42530973178024,2000,0.006148857171957692,-0.0918867839500308,-0.0004199687768959848,4533.7326583862305,144101.32105876703
2014,5,386880000,9.41476821899414,0.4641093988866487,38.52775200890998,2000,0.005582601833506487,-0.09448577603325248,-0.00030937357246330066,4722.445037841797,145713.6240570815
2015,5,387072000,9.195178031921387,0.4529479393446915,38.52157723841568,2000,0.006428853017239211,-0.09653007751330733,-0.0005452153673104476,4703.742294311523,143542.832872284
2016,5,387264000,9.23861312866211,0.45530210406529176,38.52828962293764,2000,0.006632270071607006,-0.09678674140013754,-0.00048472414528077934,4637.6341552734375,145476.32337247994
2017,5,387456000,9.194581031799316,0.4529010699722373,38.52720987175902,2000,0.008065262967662419,-0.09837033622898161,-0.00039792716222564195,5223.453628540039,144948.32178707706
2018,5,387648000,9.348008155822754,0.4606875224593144,38.41981900917987,2000,0.007642574660441217,-0.09783663577400148,0.0003084570180362789,4739.636459350586,145370.79645895024
2019,5,387840000,9.361272811889648,0.4612604361373087,38.428029027457036,2000,0.005718602188882263,-0.09944225032813847,-0.00047188246026053093,4761.838684082031,145304.90594857564
2020,5,388032000,9.338008880615234,0.46025002583458746,38.49287299718708,2000,0.0062335144075332215,-0.10600100131705403,-0.000779727914959949,4931.124450683594,145000.73949619266
2021,5,388224000,9.359935760498047,0.4613646023359858,38.49829474665845,2000,0.006260630074810858,-0.1070045072119683,-0.0011255842036916874,4727.318893432617,145906.98034159237
2022,5,388416000,9.393462181091309,0.462833354811058,38.48604077690592,2000,0.0059951719370534805,-0.10961320181377232,-0.0011269972546870122,4736.570129394531,145375.6117823399
2023,5,388608000,9.36933422088623,0.4618594010941403,38.48798075132072,2000,0.0063065416859850905,-0.11185659747570753,-0.0009226684396708151,4760.327972412109,145194.9452506305
2024,5,388800000,9.27949047088623,0.45719272490957036,38.52370732712249,2000,0.006515374451584649,-0.11210752674378455,-0.0009225142396758201,4867.1724853515625,144742.36815422578
2025,5,388992000,9.296137809753418,0.45813543516548333,38.54874803933004,2000,0.006952801733617283,-0.11229985766112804,-0.0004375202185542548,4449.491653442383,146132.4584661062
2026,5,389184000,9.29378890991211,0.45796876712665835,38.51057478164633,2000,0.005274037998106602,-0.11412637890316546,-0.0010744902413080126,4747.226745605469,143110.65571664317
2027,5,389376000,9.196234703063965,0.45304168772539316,38.465742986649275,2000,0.007679445863206638,-0.11504039797000587,0.00012998502234040643,5469.0318603515625,146997.44837989894
2028,5,389568000,9.336976051330566,0.4601041873884242,38.49008062699189,2000,0.0061369608318006304,-0.11509167612530291,-0.0011040845161005564,4602.404067993164,144629.85114167814
2029,5,389760000,9.301263809204102,0.45836460604914464,38.55270906289419,2000,0.007005514850607142,-0.11527761234901845,-0.0006041321917678033,4728.215896606445,146170.51677352155
2030,5,389952000,9.25001335144043,0.4557500250060305,38.47760802716948,2000,0.0072278731955642194,-0.1183481253683567,-2.6025850274891127e-05,4827.7130126953125,145152.96773030845
2031,5,390144000,9.285825729370117,0.4577343992520279,38.547413709263004,2000,0.005049860634773116,-0.1184298403095454,-0.0012582520530486363,5402.711563110352,146290.2405316249
2032,5,390336000,9.25158977508545,0.4559427309383561,38.44118413794786,2000,0.005194197790139393,-0.11941108433529735,-0.0008873860210769635,5242.436874389648,145848.49749316482
2033,5,390528000,9.2632417678833,0.45630730931407015,38.50560821096102,2000,0.006045214470417705,-0.12112591811455786,-0.0009131318880690742,4962.789459228516,146863.98150772558
2034,5,390720000,9.302290916442871,0.45834898224954185,38.48184208882352,2000,0.005199458230175272,-0.12301191175356507,-0.0010358144244264622,4925.225280761719,145376.89139553971
2035,5,390912000,9.253436088562012,0.4560000218067823,38.49004248715937,2000,0.0065346536625002045,-0.12512184027582407,-0.00017899141585075995,4507.59920501709,146097.2228218843
2036,5,391104000,9.2975492477417,0.45824481078307144,38.51099377063414,2000,0.009238432432893509,-0.12428516848012805,0.0008556916454836028,4400.190879821777,145935.1026701783
2037,5,391296000,9.277865409851074,0.4571146031679139,38.48073966397593,2000,0.00761012734049776,-0.12468725512735546,-0.0005951792168161774,4655.219512939453,146528.01591704393
2038,5,391488000,9.370238304138184,0.4618385636810369,38.44264670399328,2000,0.0074910883252353715,-0.12468292191624641,-0.0004943100129821687,4885.791122436523,144931.4161649053
2039,5,391680000,9.257926940917969,0.4562396052861004,38.54838205998143,2000,0.006677970240319458,-0.12402386916801333,-0.0007064609308145009,4699.193389892578,145791.11882930438
2040,5,391872000,9.395366668701172,0.4630573126305535,38.52471013739705,2000,0.007413377899424328,-0.1240114273969084,-0.00014778754757571733,4756.659942626953,145335.72523957037
2041,5,392064000,9.359006881713867,0.4612395992820287,38.494679565231,2000,0.00557022738175389,-0.12442974396981299,-0.0007447515927196946,4361.664764404297,145805.11308082085
2042,5,392256000,9.354146003723145,0.4609843965651332,38.44011389836669,2000,0.007904009777548102,-0.12617430929094553,0.0006096514821365417,4473.991813659668,147190.43563488647
2043,5,392448000,9.368399620056152,0.4615729340791101,38.429199187395476,2000,0.005728448191628559,-0.12680835323408246,-0.0005066935077593371,4093.692138671875,146225.30446014254
2044,5,392640000,9.271254539489746,0.4567760621139314,38.463521137833595,2000,0.005343308682039302,-0.1255513564683497,-0.0009259933331122738,5429.024139404297,146075.74995506843
2045,5,392832000,9.334357261657715,0.45993231674644147,38.385335793718696,2000,0.006111386962909212,-0.12861504964530468,-0.0004739838514069561,4614.428436279297,145137.7773051784
2046,5,393024000,9.294440269470215,0.45789065135068086,38.49402952939272,2000,0.006041811705426274,-0.13405470363795757,-0.0011958076458853384,4520.090682983398,146073.7018559851
2047,5,393216000,9.323222160339355,0.45943231345942576,38.460726992382355,2000,0.00688617564966747,-0.14042330300435424,-0.0008782766204831205,4814.852752685547,145879.02778347844
2048,5,393408000,9.136516571044922,0.4502343905793775,38.45782331454878,2000,0.006485122466401663,-0.14487583516165614,-0.001077751066077326,5430.628005981445,146437.69876557702
2049,5,393600000,9.219724655151367,0.4544531514681391,38.51555947897335,2000,0.005483578435261734,-0.14475467335432768,-0.001117831576266326,5440.187408447266,144729.11510845466
2050,5,393792000,9.357988357543945,0.46137501974226325,38.484953451901674,2000,0.006152896061685169,-0.14556406531482935,-0.0009741104313434334,5136.6396484375,146201.71886456708
2051,5,393984000,9.33813762664795,0.4602187685535076,38.57503303761283,2000,0.006545944144037397,-0.14770775940269232,-0.0006542114474541449,4862.701721191406,144075.92062550993
2052,5,394176000,9.227494239807129,0.4546562734485633,38.47610892293354,2000,0.0067304278901234894,-0.14864069921895862,-0.0005806087622772793,4911.660385131836,146291.15375321184
2053,5,394368000,9.313666343688965,0.45905731524544535,38.46535713536044,2000,0.006829427539351551,-0.15160067239776254,-0.0004245047922779577,4513.130569458008,144990.41301815453
2054,5,394560000,9.209012985229492,0.4538385578089219,38.54630893282592,2000,0.006815666708745994,-0.15366497496142983,-0.0003070243651563942,4929.834930419922,146730.29119177567
2055,5,394752000,9.438217163085938,0.4650781482438712,38.48392196954228,2000,0.008834358031007771,-0.15746198501437902,0.00041215990586351836,4513.548110961914,144705.70788701263
2056,5,394944000,9.233099937438965,0.45487502625170845,38.49167746119201,2000,0.006028545898559969,-0.1580519643612206,-0.0009534582056858198,5037.452865600586,146280.73405334193
2057,5,395136000,9.34105396270752,0.4602187638156465,38.52019448625894,2000,0.006121273878981204,-0.16051043989136815,-0.0009909913533192594,4275.788391113281,144894.4477353787
2058,5,395328000,9.311267852783203,0.45892189694495755,38.53685226881256,2000,0.006888830483367201,-0.1621040916070342,-0.0009294988619785727,4676.984405517578,146226.9119071348
2059,5,395520000,9.3921537399292,0.4629843958045967,38.47309579451879,2000,0.007233551576461953,-0.1667620660737157,-0.0002805012190947309,4273.066535949707,145192.91233655857
2060,5,395712000,9.31251335144043,0.45898960815247847,38.53048002844056,2000,0.005998211570472146,-0.1698116078041494,-0.0007597047560921055,5080.126190185547,146029.78232300637
2061,5,395904000,9.29589557647705,0.4580521038745549,38.493638297232486,2000,0.006016920294176088,-0.17245913669466972,-0.0009654223215989077,4832.418350219727,145341.7995281876
2062,5,396096000,9.243911743164062,0.45544273228006205,38.48327548087885,2000,0.007335659086743059,-0.17522568721324205,-0.0004994135838387592,4989.685791015625,146282.90342360357
2063,5,396288000,9.339581489562988,0.46033856821547187,38.46560571265096,2000,0.006331280344030044,-0.17467947117984295,-0.0008624329716440116,4706.913711547852,145042.58900756197
2064,5,396480000,9.338942527770996,0.46042710607798654,38.48675982203955,2000,0.005873407684043438,-0.17624495830386877,-0.0012831086050937301,4947.155410766602,146715.75823630847
2065,5,396672000,9.229790687561035,0.45480210420889006,38.52868141280487,2000,0.007061377229634672,-0.18056262284517288,-0.000906698830476671,4847.6182861328125,144532.9423154188
2066,5,396864000,9.26185417175293,0.4563750245670235,38.50549026035393,2000,0.006374965196950749,-0.18182157911360264,-0.0013358665546547854,4378.871650695801,146529.6682648436
2067,5,397056000,9.294120788574219,0.4579166884274552,38.466056553724535,2000,0.006756831251123609,-0.1808195961639285,-0.0003975074450863758,5121.3382568359375,145010.01724564488
2068,5,397248000,9.377519607543945,0.4621510643246438,38.46212822633485,2000,0.005206857069919352,-0.18343458278104663,-0.0010854277807084145,4791.087799072266,146233.03797029488
2069,5,397440000,9.184281349182129,0.45256251361449057,38.456195932036884,2000,0.006653460201205841,-0.18797708861529827,-0.0007629983381320926,4945.141448974609,145338.132473085
2070,5,397632000,9.347208023071289,0.4606771009178677,38.50234053687503,2000,0.006958209947721722,-0.19413715740665793,-0.000775795488152653,4668.312164306641,145809.96087843776
2071,5,397824000,9.256270408630371,0.4561823153884082,38.51183100013683,2000,0.0072191488741276165,-0.19917453732341528,-0.0004297917832012388,4974.744216918945,145955.03133973724
2072,5,398016000,9.297382354736328,0.4582604388312272,38.51811111470064,2000,0.005917353479550609,-0.19957303861156106,-0.0008081685164142982,4937.357772827148,145478.46585966146
2073,5,398208000,9.37850284576416,0.46227085365292925,38.56551013390223,2000,0.007363862973773697,-0.19948777882382274,-0.0002155700244657055,4124.240295410156,145686.931890956
2074,5,398400000,9.304951667785645,0.4584375204558455,38.44616143157085,2000,0.006095667394401971,-0.20045668305829167,-0.0005395970861172827,4910.316604614258,144648.51516374625
2075,5,398592000,9.27774715423584,0.4571614815667999,38.50480420483897,2000,0.005643865684823444,-0.20345851127058268,-0.0008601313957115053,4477.082077026367,146531.54106772432
2076,5,398784000,9.401514053344727,0.4635416829884586,38.51380858197808,2000,0.005832641653406123,-0.2068374906666577,-0.000813210926935426,4342.905090332031,144849.26416291695
2077,5,398976000,9.353684425354004,0.4610885689726274,38.50985443933556,2000,0.007973907573478451,-0.2056928025558591,-1.2143782441853546e-05,4469.5349197387695,146190.5599920524
2078,5,399168000,9.260659217834473,0.45636981301746954,38.51576743957897,2000,0.00570727968494369,-0.20591115858405828,-0.0008606059609519434,4772.979965209961,145505.79303422218
2079,5,399360000,9.400436401367188,0.4634427291578807,38.530895468468465,2000,0.005483494941261597,-0.207907740958035,-0.0005698977206520794,4543.766540527344,146243.5349747612
2080,5,399552000,9.345582962036133,0.46053127078812395,38.51328430697322,2000,0.007010966395183156,-0.21203086664900184,-0.0007908739517006325,5297.985168457031,145262.1805803427
2081,5,399744000,9.304133415222168,0.458494813959381,38.54699897704025,2000,0.008597672549658455,-0.21441765036433935,0.0002690507008082932,4925.493743896484,144908.77826686468
2082,5,399936000,9.3051118850708,0.45847397621279623,38.415949714680515,2000,0.007103891623827318,-0.215165707282722,-0.0006389877024730595,5130.72868347168,145227.83863727527
2083,5,400128000,9.257393836975098,0.45615626873768633,38.55474390027424,2000,0.007825594342682356,-0.21360122226178646,-0.0003639157803263515,4679.832229614258,145589.062689898
2084,5,400320000,9.329387664794922,0.4597760589598086,38.46667102382829,2000,0.005420106674398994,-0.21507459739223123,-0.0011920511852849813,4822.143081665039,145397.18824788902
2085,5,400512000,9.396289825439453,0.46321356338376063,38.56873498484492,2000,0.005979133885314999,-0.217191394418478,-0.000645217629084982,4417.427154541016,144265.28756202408
2086,5,400704000,9.285958290100098,0.45761981477638375,38.4902203688398,2000,0.006336226363045474,-0.2183715170249343,-0.0005648159003612818,5019.3094482421875,145711.42652969036
2087,5,400896000,9.33440113067627,0.45996355786337517,38.52438170152406,2000,0.006293164500200267,-0.21946323243901134,-0.00047660403532745477,4399.575653076172,144029.22245125115
2088,5,401088000,9.342015266418457,0.46049481183338986,38.524225649113454,2000,0.005311067757536269,-0.21844405587762594,-0.0010183513927586318,5239.2694091796875,145358.98810695542
2089,5,401280000,9.342231750488281,0.4604635684627283,38.50236186757684,2000,0.006486084237287287,-0.2198759368620813,-0.001041857786503897,4785.65966796875,144448.91237214766
2090,5,401472000,9.345065116882324,0.46053647331549047,38.37809245769555,2000,0.007200500436631652,-0.21994711039587855,-0.0004980974802037963,5254.341049194336,145000.06406389832
2091,5,401664000,9.21254825592041,0.4538958545605662,38.49836170797547,2000,0.008464507078907143,-0.21975268563255668,-0.00031736537130200304,5456.71142578125,145427.9940518696
2092,5,401856000,9.319718360900879,0.45926564539937925,38.4833003366366,2000,0.006829687096818816,-0.21923084370791912,-0.00013792370009468868,4659.665939331055,142206.6567006624
2093,5,402048000,9.272157669067383,0.45682814232228947,38.51166837150231,2000,0.006462694261727544,-0.21573397424072027,-0.0007931035943329334,4796.927398681641,143017.9637915677
2094,5,402240000,9.312468528747559,0.45877085232253495,38.48921426696082,2000,0.005874351776922897,-0.21563747059553862,-0.0006802309645763671,5017.677871704102,140225.16256591206
2095,5,402432000,9.25607967376709,0.45598439726624446,38.420432666006185,2000,0.006234738743951311,-0.21669004252180457,-0.0007682746208956814,4875.757247924805,144697.34065344892
2096,5,402624000,9.280440330505371,0.45714585481982795,38.47044948333254,2000,0.007169884881974819,-0.21782238967716694,-0.0001785887211553927,4476.75203704834,142632.67733252296
2097,5,402816000,9.26725959777832,0.45660418668982555,38.46827326187243,2000,0.006806535974765817,-0.2233129027299583,-0.0005536835965358478,4927.401107788086,144095.18618223263
2098,5,403008000,9.216028213500977,0.4540833554868489,38.48912301938981,2000,0.008158429087915768,-0.22807044070214033,5.438366588350618e-05,4837.430603027344,144521.0199190941
2099,5,403200000,9.346461296081543,0.46058335553243523,38.52008059248328,2000,0.006449054816844485,-0.23121121525764465,-0.0005646828894896316,4650.611526489258,145376.34762957838
2100,5,403392000,9.327431678771973,0.4597656448562096,38.474481806935124,2000,0.006021955548513991,-0.23270659567788243,-0.0012049096112605184,4288.137939453125,143228.98085137267
2101,5,403584000,9.280296325683594,0.457135436756289,38.493773164848484,2000,0.007162101339631287,-0.23706014780327678,-0.0005153156813548776,4577.9953689575195,130234.0987631918
2102,5,403776000,9.26634407043457,0.45655731433786667,38.492678375992305,2000,0.007368469437079814,-0.23692116839811206,7.251394799823174e-05,4490.433326721191,102899.35255692388
2103,5,403968000,9.369478225708008,0.4617500223224245,38.487290957942605,2000,0.0065942454128138095,-0.23773627448827028,-0.00029059242388029816,4937.1068115234375,140862.63030740366
2104,5,404160000,9.29974365234375,0.45832293704916083,38.5302010110269,2000,0.00668131842315779,-0.23949858779087663,-0.0004853717327932827,4652.621124267578,145354.61767805467
2105,5,404352000,9.30870532989502,0.4586406475894667,38.46743912963817,2000,0.006400982891927318,-0.2432954264804721,-0.0009200874137604842,5061.20930480957,144926.72134604419
2106,5,404544000,9.310297966003418,0.4587291844078815,38.5133308476458,2000,0.006200783046738555,-0.24886378506198525,-0.00029872228878957685,4566.725021362305,145391.59640003176
2107,5,404736000,9.370774269104004,0.46193231129109336,38.4636896638743,2000,0.004949885659909342,-0.2522225519642234,-0.0009349951540116308,4514.888885498047,144605.10548684912
2108,5,404928000,9.263822555541992,0.45655210064190516,38.525268867611885,2000,0.007232592945675909,-0.25449252407997847,-9.86424768143479e-05,4694.3723068237305,144930.24163886928
2109,5,405120000,9.30138874053955,0.45832293648769945,38.446230341369905,2000,0.005703625686699524,-0.25663304794579744,-0.0005724458214899641,4986.88069152832,143752.2654323131
2110,5,405312000,9.325790405273438,0.4597396056360594,38.552839927996196,2000,0.006151155684463447,-0.25866431556642056,-0.0005294375564517395,4699.291091918945,143825.78059454323
2111,5,405504000,9.298057556152344,0.45818231331152975,38.43831378221512,2000,0.006112333926246114,-0.25693801138550043,-0.0006089201315262471,4456.193199157715,145659.80373119816
2112,5,405696000,9.31098461151123,0.45879169396478875,38.45475021749735,2000,0.006033569328428712,-0.2546152388677001,-0.0007763285968849232,4768.265365600586,145475.4939278875
2113,5,405888000,9.346640586853027,0.46068231343087973,38.49152776586925,2000,0.006677761599363293,-0.25682752300053835,-0.001152689736954926,4792.629348754883,144411.0012552926
2114,5,406080000,9.248908042907715,0.45567710567593167,38.45792802190408,2000,0.0059129957307692774,-0.25947889406234026,-0.0007827596075458132,4488.737037658691,144683.94680588003
2115,5,406272000,9.361480712890625,0.46129689725603384,38.48722356123229,2000,0.007472944004694,-0.2592386556789279,-0.0003894979281540145,4448.198677062988,143819.51240812
2116,5,406464000,9.230657577514648,0.45482293638633564,38.45404971359918,2000,0.006554480590217281,-0.2622185265645385,-0.00042950732131430414,4841.666885375977,144815.96737804887
2117,5,406656000,9.225783348083496,0.4545625223387712,38.44121003895998,2000,0.006408879543004635,-0.2643633661791682,-0.001020519231644812,4928.940414428711,143242.69709585223
2118,5,406848000,9.29791259765625,0.4583125173727846,38.50276969062785,2000,0.00671246667066589,-0.2673798678442836,-0.00044096403507865034,4972.725738525391,145174.22820951394
2119,5,407040000,9.372127532958984,0.46194793703580217,38.42209097991387,2000,0.008618619601931034,-0.2683736141771078,0.00016222942576860078,4479.512619018555,144948.49468097521
2120,5,407232000,9.380664825439453,0.4624271032541098,38.46017194570353,2000,0.0075528048509343835,-0.2712981114163995,0.0001047673631546786,4679.722198486328,144671.15128093795
2121,5,407424000,9.238544464111328,0.4551823187678868,38.514225674172245,2000,0.006136980536626652,-0.2737566325813532,-0.0007817756295480649,4917.0816650390625,145152.4168586271
2122,5,407616000,9.517802238464355,0.469208355446123,38.46322420643022,2000,0.005791814434691333,-0.27502431720495224,-0.0008142922511069628,3569.2141036987305,143776.19204903516
2123,5,407808000,9.299241065979004,0.45817710691214114,38.46298292434464,2000,0.005956166543105307,-0.27870274893939495,-0.0005947727391628632,4673.898818969727,145224.67635603587
2124,5,408000000,9.336945533752441,0.46008856316378416,38.42992107383907,2000,0.0048961656624451275,-0.28230399265885353,-0.0011665082104741487,4550.802757263184,144808.37428607783
2125,5,408192000,9.307178497314453,0.4587187772018903,38.462271086211935,2000,0.005843714361137245,-0.28515692614018917,-0.0007077549180394271,4319.523155212402,144726.49967562422
2126,5,408384000,9.343801498413086,0.46038023126857297,38.42616244684905,2000,0.005970832958778677,-0.28439886029809713,-0.0008809381961327745,4753.768463134766,145078.13879405273
2127,5,408576000,9.375838279724121,0.46193751831015106,38.36956456924478,2000,0.005531463546794839,-0.2860779659822583,-0.0006907984355848384,4375.643531799316,143425.09438425893
2128,5,408768000,9.334648132324219,0.45994273062751745,38.44502057616288,2000,0.005207034885155735,-0.28720517084002495,-0.001137444180244529,4986.565185546875,144932.42671841665
2129,5,408960000,9.23876667022705,0.4551718961459604,38.460174295430384,2000,0.005540494604075017,-0.28798923548310995,-0.0010387921306573844,5189.005294799805,144465.6975630745
2130,5,409152000,9.278560638427734,0.4572239775103905,38.47882890266677,2000,0.006033244786007951,-0.28701364155858755,-0.0007214557999759563,4508.085006713867,145331.39185606493
2131,5,409344000,9.309332847595215,0.4587916874388611,38.446544404762484,2000,0.005192376273625995,-0.2898465087637305,-0.001179046596689659,4937.28369140625,144791.8002585193
2132,5,409536000,9.270038604736328,0.4568750193211599,38.5705464767913,2000,0.00577852181175452,-0.2940394636243582,-0.0007222060303320177,5799.004989624023,145169.5035942201
2133,5,409728000,9.404590606689453,0.46344272965870914,38.43259453668725,2000,0.005729368855012581,-0.29643434192985296,-0.001182138487124007,4598.077323913574,145314.90608662675
2134,5,409920000,9.309338569641113,0.4588750199788289,38.45215257816017,2000,0.006896400267238884,-0.2968915728852153,-0.0006189927489685942,4562.603057861328,144830.4185158827
2135,5,410112000,9.224316596984863,0.4544948130672613,38.487502574299775,2000,0.006689071790780873,-0.2994308192282915,-0.0006924564995642868,4903.7425537109375,145422.20664165783
2136,5,410304000,9.276911735534668,0.45704689523699926,38.50095598089198,2000,0.006926540626601006,-0.3025987260043621,-0.001194819898046262,4397.222793579102,144189.12844804538
2137,5,410496000,9.297138214111328,0.4582187646992679,38.523631494802736,2000,0.006600890300644096,-0.3045229706913233,-0.0010648357110767392,4922.489517211914,145667.7752657032
2138,5,410688000,9.36309814453125,0.46168230678146455,38.52987857783834,2000,0.005448053640303745,-0.3058087294921279,-0.0009106734894430701,4766.588973999023,145955.26933430554
2139,5,410880000,9.403206825256348,0.4633333553513997,38.41065818505982,2000,0.005902995020510085,-0.3091297512874007,-0.000723803407709056,4024.5397872924805,145365.78730672513
2140,5,411072000,9.326882362365723,0.4595677280273473,38.49481270182878,2000,0.007622175578163782,-0.31559025403112173,-0.000685471926090031,4155.187873840332,145858.30876586496
2141,5,411264000,9.1925048828125,0.45289585463979165,38.486381420865655,2000,0.006716546569698645,-0.31566244177520275,-0.0007270270716617233,5548.975082397461,143845.2251280592
2142,5,411456000,9.357135772705078,0.4611823124766185,38.48894912190735,2000,0.0066974962522799615,-0.31688336562365294,-0.0006267712615226628,4530.696533203125,145893.9162547188
2143,5,411648000,9.32198715209961,0.4593021024150706,38.47240641332852,2000,0.007284461098800724,-0.3200151324272156,-0.00011885564890690148,4506.07438659668,144144.5760350888
2144,5,411840000,9.298283576965332,0.45812501889668056,38.4569112562264,2000,0.006474286160664633,-0.3185776602476835,-0.0009010855108613214,5012.31672668457,144480.41819620432
2145,5,412032000,9.183828353881836,0.4525208603621043,38.51853682038685,2000,0.006472819039908548,-0.3190896222367883,-0.0007562513492302969,4791.771820068359,146261.29516884897
2146,5,412224000,9.234837532043457,0.45481252613293083,38.44539650001874,2000,0.005187203400981768,-0.3214757051318884,-0.0010567726226327068,4646.269821166992,145892.44937923303
2147,5,412416000,9.326215744018555,0.4597500285284089,38.47718941016743,2000,0.006160552740494798,-0.32319811545312405,-0.0006911792652317672,4760.084503173828,145389.85710130833
2148,5,412608000,9.280377388000488,0.4572604371575532,38.45956287905574,2000,0.006470332676797019,-0.3264533123001456,-0.0009472496676607989,4764.454010009766,145995.9887239566
2149,5,412800000,9.157254219055176,0.45114585421227577,38.567143715918064,2000,0.006821360733030209,-0.329748697578907,0.0001466089852328878,5494.493011474609,146346.96960798607
2150,5,412992000,9.321595191955566,0.4594271026538384,38.45601868776915,2000,0.006288809798298947,-0.33174652326852083,-0.0016141064725161414,4247.338729858398,145406.94913285092
2151,5,413184000,9.27743911743164,0.4572187761944709,38.519188202917576,2000,0.00860321737936465,-0.3321691919118166,-0.0003292163573860307,4141.910926818848,146711.18432250476
2152,5,413376000,9.375337600708008,0.4620573101795647,38.43384753788511,2000,0.005018227322444242,-0.3350401883944869,-0.0005284032031340757,4794.562698364258,144901.1483197831
2153,5,413568000,9.27991771697998,0.45727085431887343,38.47985794690127,2000,0.005735063776490279,-0.34007098246365786,-0.001073400279665293,4738.034286499023,145702.57937162564
2154,5,413760000,9.361601829528809,0.46125522963545035,38.44973086123355,2000,0.006279801928477052,-0.34394275676459074,-0.0008573164632252883,4449.393836975098,145661.00635986135
2155,5,413952000,9.394111633300781,0.4628958526312393,38.46800588009258,2000,0.0072588821967171195,-0.3456844575703144,8.517331025359454e-05,4692.978790283203,145676.05715487964
2156,5,414144000,9.28116512298584,0.4573385672125975,38.49349093623459,2000,0.005758597539136341,-0.3462910568341613,-0.0009107510031753918,4918.930770874023,144624.22240612333
2157,5,414336000,9.209515571594238,0.45369793877459114,38.5064896295468,2000,0.005806691509176744,-0.34516559541225433,-0.0006385958153032334,5002.173294067383,146169.61039798247
2158,5,414528000,9.30961799621582,0.45870835337882454,38.4387975204736,2000,0.0059772135064898365,-0.34508297871798277,-0.0008667970832902938,4835.860015869141,144892.51550745082
2159,5,414720000,9.275555610656738,0.45704689771264384,38.46434576211808,2000,0.0065700949339855775,-0.3467311589047313,-0.000985456878424884,4715.595169067383,146305.5417241242
2160,5,414912000,9.258688926696777,0.45617189865818847,38.51338155288249,2000,0.006802102268537662,-0.34994155541062355,-0.0003901297527590941,4469.223251342773,145527.15942665222
2161,5,415104000,9.273964881896973,0.45691148364251905,38.494620773009956,2000,0.006046110674312028,-0.3521152473986149,-0.0011702344609147985,4680.740097045898,146455.61428923564
2162,5,415296000,9.3234224319458,0.45958335885067453,38.47359252674505,2000,0.00603949572329293,-0.355166869238019,-0.00126412906411133,4926.072235107422,144628.61700274117
2163,5,415488000,9.414917945861816,0.4640729369997037,38.46100101697569,2000,0.006268481801923675,-0.35552951507270336,-0.0007846389191854541,4467.650833129883,146852.12252816642
2164,5,415680000,9.29188060760498,0.4577291850788849,38.46766010190671,2000,0.0063780356911302075,-0.3548823082819581,-0.0006226288251127698,4973.871154785156,145908.07162638567
2165,5,415872000,9.220335960388184,0.4542239748528421,38.45419082022272,2000,0.0051693243997433455,-0.35577154625207186,-0.0007019591039352235,4488.572967529297,146438.78147445116
2166,5,416064000,9.244851112365723,0.455593770146758,38.471134076205395,2000,0.006887825847855614,-0.35988408513367176,-0.0005026824418337128,4852.9560546875,146507.96055424688
2167,5,416256000,9.33465576171875,0.46010939563954406,38.491442638759814,2000,0.005287584057669543,-0.36479075718671083,-0.000682319450490354,4902.904281616211,145636.9462420605
2168,5,416448000,9.24048900604248,0.45528647782703047,38.51577043781678,2000,0.006164356507196014,-0.36907419189810753,-0.0006355786863423418,5111.92692565918,145929.15837238132
2169,5,416640000,9.383467674255371,0.46238544077459665,38.464441722094,2000,0.006834946161892731,-0.37391175515949726,-0.0008154564698941158,4510.572067260742,144517.5407964167
2170,5,416832000,9.34284496307373,0.4604531503664475,38.47798881493509,2000,0.00648625093131947,-0.37529897037893534,-0.0012694645120063797,4639.012908935547,145841.92901735264
2171,5,417024000,9.305828094482422,0.4585625290358924,38.47137219334642,2000,0.006178664465085603,-0.3751512812450528,-0.000784225648658321,4885.602096557617,145694.6095521925
2172,5,417216000,9.45800495147705,0.46626564506550494,38.47082757515212,2000,0.007213304251883528,-0.3772975280880928,-0.0005112099734105868,4136.649032592773,146200.73450993036
2173,5,417408000,9.246671676635742,0.4555989797797035,38.527824223041534,2000,0.010184326471702662,-0.38307951297611,0.0012609171571966726,4623.928283691406,145541.11617672833
2174,5,417600000,9.365132331848145,0.4615416909327905,38.50639006495476,2000,0.0063963641128502785,-0.3837029552087188,-0.00095965435684775,4351.879638671875,145161.29006622522
2175,5,417792000,9.353853225708008,0.4609896058124529,38.50417633975545,2000,0.0064565382335567845,-0.38155272230505943,-0.0009233013870471041,4045.550735473633,145523.5069529732
2176,5,417984000,9.256038665771484,0.4561406485408952,38.565068785101175,2000,0.007267287497874349,-0.3810120979323983,3.4169228456448764e-05,5052.52033996582,145992.46220027155
2177,5,418176000,9.32970142364502,0.45981772920580016,38.451629041073225,2000,0.006576577767768564,-0.3804322136566043,-0.0007648546361451736,4594.8612060546875,145210.63020957
2178,5,418368000,9.267045021057129,0.4566823129995707,38.47849900042638,2000,0.008462566696767074,-0.3807263355702162,-0.00040657875752003747,4835.512939453125,146365.346848329
2179,5,418560000,9.254502296447754,0.4559739772436539,38.542209316045046,2000,0.008358777477347758,-0.3813225282356143,-0.00023113435509003466,4878.899551391602,144670.0464790839
2180,5,418752000,9.179420471191406,0.45238543664648506,38.56095259388288,2000,0.005144401134321621,-0.3842031778767705,-0.001008283803798804,5202.395156860352,146628.41970220284
2181,5,418944000,9.274040222167969,0.4571354363627809,38.542931016224124,2000,0.005519310277600501,-0.38494954351335764,-0.0008978367131931009,4685.862014770508,144982.43530792746
2182,5,419136000,9.480974197387695,0.4675104405851016,38.48356048390269,2000,0.006451920226371537,-0.38316021859645844,-0.0007725175546511309,3832.0544815063477,146082.66350279932
2183,5,419328000,9.34293270111084,0.46045314761916717,38.47762084193528,2000,0.007008832210606973,-0.3830059142783284,-0.0008320186821038078,4742.280868530273,145579.8003305275
2184,5,419520000,9.2529878616333,0.45587501974720607,38.49542636952052,2000,0.006028442349973678,-0.38363391999155283,-0.0007885020893354522,4824.482681274414,145946.59622166702
2185,5,419712000,9.242120742797852,0.45541148430129397,38.44664479962861,2000,0.005410075272705096,-0.3827845109626651,-0.0012882694418294705,4970.431503295898,145880.08551125976
2186,5,419904000,9.15965747833252,0.4514114745561528,38.55670635340115,2000,0.007562252114352305,-0.3819516198709607,-0.00024717973087717837,5330.071426391602,147012.16901071035
2187,5,420096000,9.37325382232666,0.4617448111639533,38.4055061240991,2000,0.005358441531270122,-0.37990744039416313,-0.0008603750056863646,4506.973739624023,145154.3855418944
2188,5,420288000,9.310063362121582,0.4588698123698123,38.50154849576453,2000,0.0056827304000617,-0.38124001771211624,-0.0009926561633619713,4422.90975189209,146159.01329594236
2189,5,420480000,9.331539154052734,0.459921899165541,38.524268466979265,2000,0.005747664343604507,-0.38386505376547575,-0.0010415722645120695,4700.266212463379,144649.0827091121
2190,5,420672000,9.327136039733887,0.45977606749996386,38.4771837843582,2000,0.006726573027845006,-0.38479319866746664,-0.0004453955575627333,4745.710105895996,145576.80217486984
2191,5,420864000,9.330987930297852,0.45977606409966637,38.49229019259413,2000,0.006783171852623733,-0.38332910742610693,-0.0004447034507393255,4564.959869384766,144693.54226767115
2192,5,421056000,9.391073226928711,0.4629427312866028,38.49671817446748,2000,0.006393284328019945,-0.3839620305225253,-0.001004264868242899,4250.324401855469,145769.76860212718
2193,5,421248000,9.274696350097656,0.4571666911184972,38.50584458311399,2000,0.004752007301751291,-0.3852437399327755,-0.0011496167335280916,5045.806304931641,145384.0839557765
2194,5,421440000,9.22042465209961,0.45420835230531037,38.511532661582656,2000,0.005905674979153749,-0.3858927469700575,-0.0006384841635735938,4891.12712097168,146145.97223620574
2195,5,421632000,9.358818054199219,0.4612916919068084,38.51001668038467,2000,0.005707255564525743,-0.3867861283943057,-0.0008800496239018685,4563.946746826172,144526.70949319642
2196,5,421824000,9.348158836364746,0.46060418772443273,38.40522309796264,2000,0.006623469185753492,-0.3877816768363118,-0.000719901307093096,4906.722747802734,146038.2235036239
2197,5,422016000,9.222800254821777,0.4542760660345569,38.47092655580491,2000,0.006838214915633823,-0.38824728410691023,-0.0009252599221554192,5037.571731567383,146442.09636956407
2198,5,422208000,9.39332389831543,0.4629531454041474,38.49597915510336,2000,0.005717892751194692,-0.38717760890722275,-0.00046300850681291195,4443.9721755981445,145722.66478060914
2199,5,422400000,9.343273162841797,0.4605052350234473,38.45303751761094,2000,0.005951418150623795,-0.3847183436155319,-0.0009155836150966934,4588.409797668457,145238.01724384556
2200,5,422592000,9.359258651733398,0.46123960332988645,38.50141297529141,2000,0.0068361954602878545,-0.3828375171869993,-0.0006863093085485161,4915.653854370117,144341.065234688
2201,5,422784000,9.39311408996582,0.46302085318469227,38.43184457657238,2000,0.004863178162069138,-0.3820872027426958,-0.0015121465801257727,4367.707969665527,145623.12352468702
2202,5,422976000,9.274582862854004,0.45694793572693015,38.48331059220558,2000,0.0051921806327106124,-0.380878284573555,-0.0004109265837541898,4757.726623535156,144409.68210615203
2203,5,423168000,9.323014259338379,0.4594531459655021,38.473280181487404,2000,0.005359074032302791,-0.3805769197642803,-0.0012218428760206734,4674.528121948242,145463.34763897286
2204,5,423360000,9.3853120803833,0.462473978750495,38.44448609588047,2000,0.0063256186668198405,-0.3808420645073056,-0.0005471366694109747,4011.9365005493164,144103.53496857508
2205,5,423552000,9.28412914276123,0.45752085724416247,38.49686186667532,2000,0.007332290867343545,-0.3809123020619154,-0.0004256299557710008,4841.533767700195,146010.15590930238
2206,5,423744000,9.322391510009766,0.45938543952252076,38.486653215562306,2000,0.0056481288174642635,-0.3830247148871422,-0.0007986011116827285,4458.173370361328,144162.3033988105
2207,5,423936000,9.348182678222656,0.4606718952036317,38.46430455738058,2000,0.006729874429069848,-0.3848576042801142,-0.0006474121455539716,4659.628570556641,145538.2329141886
2208,5,424128000,9.238174438476562,0.45541669091896136,38.49442652364572,2000,0.0056426243965494605,-0.3836289728060365,-0.000402769126367275,4745.406112670898,144079.27634462173
2209,5,424320000,9.290666580200195,0.4579583497391771,38.487282132419445,2000,0.006482956237489513,-0.3817035499960184,-0.0002427950530545786,4759.003997802734,145499.9666885352
2210,5,424512000,9.381267547607422,0.4623593918707532,38.451622250742126,2000,0.007737553512056669,-0.3836818588897586,-5.443068027943809e-05,4351.5623779296875,144687.20202862468
2211,5,424704000,9.343565940856934,0.46048440167457255,38.47829875939836,2000,0.0065166197285871025,-0.3828372433781624,-0.00031024959207570646,4474.141181945801,145630.21112398835
2212,5,424896000,9.201949119567871,0.4533333544350171,38.42644215902934,2000,0.007542898061413629,-0.37961555924266577,-0.0007315815737456433,5242.829895019531,143763.7182558944
2213,5,425088000,9.380505561828613,0.4622708571350813,38.46214395047476,2000,0.00671815305047979,-0.38119776360690594,-0.0005812800300191157,4741.560806274414,145270.06853409868
2214,5,425280000,9.25479507446289,0.4559791902581007,38.5001897222052,2000,0.005428937324807824,-0.38611242081969976,-0.0009791492311705952,5208.393814086914,144501.05469757583
2215,5,425472000,9.292281150817871,0.45794272876446485,38.4961226095135,2000,0.005274405949079664,-0.38769142515957355,-0.0010128122805781459,4318.181419372559,145309.87087516184
2216,5,425664000,9.306103706359863,0.45869272738006356,38.50451804107676,2000,0.007543140026022835,-0.3866575313732028,-3.261071560700657e-05,4471.821311950684,144369.2513567763
2217,5,425856000,9.301177024841309,0.45824480881249957,38.443265474246196,2000,0.0071961842769524085,-0.38446560222655535,-0.0006048119831802978,4761.888244628906,143711.74807621192
2218,5,426048000,9.382516860961914,0.46241147653442266,38.46996050785916,2000,0.005894938876765081,-0.38331063743680716,-0.0009627675162846572,4762.976593017578,145246.7142409785
2219,5,426240000,9.30091667175293,0.45818231342309446,38.48506964867314,2000,0.0055202987958909945,-0.38389283884316683,-0.001011170848613574,4801.315841674805,144580.49992533968
2220,5,426432000,9.272549629211426,0.4570000217627239,38.559532423193254,2000,0.008034907458078427,-0.3839017152786255,-0.0007163059010650841,4814.793991088867,144184.99006475235
2221,5,426624000,9.383472442626953,0.4624427299562133,38.45679737922425,2000,0.006135688754167252,-0.384320798330009,-0.0008220464824262308,4856.318588256836,144383.27004628055
2222,5,426816000,9.196662902832031,0.45305210758548736,38.42339810418586,2000,0.006172110046589903,-0.38630913477391005,-0.0007360467106991564,4544.658386230469,145097.29864869302
2223,5,427008000,9.35844612121582,0.4614583542618978,38.542548218121134,2000,0.006250503206344244,-0.3862268002703786,-0.0006865607956569875,4704.363998413086,145231.89329976143
2224,5,427200000,9.394378662109375,0.46295314127140347,38.45649235773211,2000,0.006060250626013537,-0.38837837520986795,-0.0005719051696360111,4251.841354370117,143454.7182160854
2225,5,427392000,9.258528709411621,0.45644273222448345,38.52812775721153,2000,0.0077756304823172594,-0.38904664292931557,-0.0003368849838807364,4833.214508056641,145258.3756674704
2226,5,427584000,9.32015323638916,0.4593541856471954,38.526016845057406,2000,0.007952584051847225,-0.38758983835577965,-0.0003261847859903355,4468.811096191406,144932.82308612196
2227,5,427776000,9.301678657531738,0.4583437720933337,38.52865702907244,2000,0.007555296575980416,-0.38617103919386864,-0.0004373744732220075,4541.617828369141,145305.9091777383
2228,5,427968000,9.242841720581055,0.45530210330859217,38.54091687127948,2000,0.007726324387709611,-0.3892590878531337,-0.00037808924480486894,4875.288925170898,144646.58349846362
2229,5,428160000,9.21845817565918,0.4541614736178114,38.47139333374798,2000,0.005547603842045646,-0.3919044192880392,-0.0012719875576294726,4937.075546264648,144608.45507889768
2230,5,428352000,9.34068489074707,0.4603437703547873,38.54390115787586,2000,0.006364239903816876,-0.3950725421309471,-0.0009264225063816411,4277.881980895996,145009.88417881675
2231,5,428544000,9.392620086669922,0.4629010576870011,38.46730738862728,2000,0.006147548858697216,-0.3986187940463424,-0.0013162682407710236,4696.9140625,145725.96569802167
2232,5,428736000,9.35921859741211,0.46117190164477506,38.4441073423562,2000,0.006063146980421152,-0.40451641008257866,-0.0010116535174802266,4591.250350952148,144558.72521773734
2233,5,428928000,9.250414848327637,0.4556927277032325,38.503400874634586,2000,0.006812209597594725,-0.4124874286353588,-0.0005426500338217011,4276.2128982543945,144810.75272113888
2234,5,429120000,9.253857612609863,0.455843768731332,38.48324190670004,2000,0.0054862760756295755,-0.41738313902169466,-0.0012932240579175414,4725.355072021484,143658.7615260478
2235,5,429312000,9.355551719665527,0.4611198175546936,38.49352755475169,2000,0.007219138252772003,-0.41691397689282894,-0.0002961961288292514,4612.009979248047,144681.08214292937
2236,5,429504000,9.268345832824707,0.4566718973528623,38.48412762551258,2000,0.006569263172840389,-0.4144315170124173,-0.0003684712098674936,5261.1043701171875,143007.28646347695
2237,5,429696000,9.293292999267578,0.4579375260357968,38.46221422016,2000,0.007593757097250394,-0.4146817047148943,-0.0006042190657353785,4909.728988647461,145110.65957489566
2238,5,429888000,9.20034408569336,0.4533021064338148,38.513837268576026,2000,0.006586181822194097,-0.4159859586507082,-0.0009783835866983281,4973.623306274414,145631.25529994772
2239,5,430080000,9.32701587677002,0.45976044064142724,38.439946404347815,2000,0.009509342930376686,-0.4180902875959873,0.0003358116823619639,4665.640914916992,144673.67651911452
2240,5,430272000,9.384369850158691,0.4625156447940147,38.45698986016214,2000,0.00994665182911558,-0.41910974867641926,-0.00032356452612702924,4376.1859130859375,144517.6033441011
2241,5,430464000,9.277471542358398,0.45714064514140773,38.490768865682185,2000,0.008163880685150313,-0.42176065035164356,-6.524417676700978e-05,4643.5751953125,145082.82424609436
2242,5,430656000,9.309548377990723,0.458692733596763,38.490039718958236,2000,0.005887456308380934,-0.4232300166040659,-0.0011496201595946332,4425.115676879883,145990.97280472025
2243,5,430848000,9.366079330444336,0.46154169038406206,38.449315743055195,2000,0.006619774351774443,-0.4241578886285424,-0.000856566138281778,4720.162490844727,144575.07065471704
2244,5,431040000,9.400059700012207,0.46340105739848997,38.4110801362743,2000,0.006025051164431109,-0.42383386101573706,-0.0012124848308303626,4590.839340209961,144312.3691401753
2245,5,431232000,9.306450843811035,0.4584531551542265,38.43031446558113,2000,0.006089790545719249,-0.42487295251339674,-0.0008557191683848941,4879.04801940918,145248.68987698053
2246,5,431424000,9.389558792114258,0.4627552235433541,38.469970703125,2000,0.006285384512700451,-0.4267236581072211,-0.0011369445201125927,4595.467987060547,143305.92038129512
2247,5,431616000,9.306513786315918,0.4586510622278486,38.55332145343224,2000,0.00539095864505119,-0.4286648342385888,-0.0006619469427278091,5072.520736694336,144990.14126545016
2248,5,431808000,9.319584846496582,0.4591979400611308,38.47793095434705,2000,0.006427823663359353,-0.43218295369297266,-0.0005710139271286607,4498.5684814453125,143802.84051876466
2249,5,432000000,9.43980884552002,0.4654635616085822,38.48796557572981,2000,0.007952941121077552,-0.4350204626098275,5.416207295638742e-05,3929.320426940918,145188.27038811112
2250,5,432192000,9.143184661865234,0.4502708567609564,38.52045923207576,2000,0.007603361139035163,-0.43629550468176603,-3.141295701425406e-05,4650.805862426758,145821.95037714124
2251,5,432384000,9.231559753417969,0.454760436625899,38.552087473372616,2000,0.009684902532899286,-0.4402567371726036,9.802800821034907e-05,5155.547058105469,144087.51202073586
2252,5,432576000,9.36467170715332,0.4614114751257148,38.46447728512188,2000,0.005130685089466473,-0.44462550710886717,-0.0008171754279828747,4587.2767333984375,144903.70226264987
2253,5,432768000,9.318151473999023,0.4590573207254541,38.43106159071127,2000,0.005446078982931795,-0.44797361362725496,-0.0007854428649807232,4359.200241088867,144644.54771006116
2254,5,432960000,9.3738374710083,0.4620677302803718,38.51514580845833,2000,0.007116501015960239,-0.44903568644076586,4.44029633399623e-05,4539.36491394043,144626.52104059685
2255,5,433152000,9.303881645202637,0.45856252478794585,38.452428216386274,2000,0.006021270034572809,-0.4496617028489709,-0.001146576689734502,5028.042129516602,145023.7836171355
2256,5,433344000,9.275601387023926,0.45696877362085314,38.51527458677689,2000,0.00599058224845794,-0.4518783912062645,-0.000772726084619535,4637.064117431641,144567.33168781115
2257,5,433536000,9.196128845214844,0.4530677322976165,38.4772628719608,2000,0.0057351412161757865,-0.4530654000118375,-0.0012538409882836277,5214.328125,144702.01288128764
2258,5,433728000,9.285514831542969,0.4574166926874265,38.49637747493883,2000,0.005280307588167488,-0.45582813676446676,-0.0010035041632363573,5113.7763671875,143187.9799614603
2259,5,433920000,9.3731107711792,0.4619635603479158,38.474712405509,2000,0.006227179498469923,-0.4585816068574786,-0.0005884459000071729,4509.997039794922,145016.9817624896
2260,5,434112000,9.283917427062988,0.4574583545381756,38.52907301609715,2000,0.0052940410827189525,-0.4603716302663088,-0.000558895590074826,5560.97785949707,144968.15817663248
2261,5,434304000,9.333304405212402,0.45993231619286234,38.467832292701736,2000,0.0055750883674821426,-0.4595361379906535,-0.0009748297632086178,4434.156921386719,145222.4266583677
2262,5,434496000,9.305460929870605,0.45859377279763675,38.41531753881524,2000,0.0059526172796225485,-0.46097301319241524,-0.0006129120943114685,4145.607559204102,145043.51619382878
2263,5,434688000,9.332292556762695,0.46003127218500595,38.48973167967051,2000,0.007039552127399172,-0.4613810433074832,-0.0005599868727585999,4958.101150512695,143083.9111612592
2264,5,434880000,9.2376070022583,0.4551093954663277,38.580442152917385,2000,0.006945499332660499,-0.4616655558347702,-0.0009503674127699924,4954.531433105469,143980.75182790298
2265,5,435072000,9.353288650512695,0.46090626915550575,38.46670221133778,2000,0.006224589454815335,-0.46233475487679243,-0.0010363722685724497,4213.675872802734,145162.20241663672
2266,5,435264000,9.336104393005371,0.45994793880769674,38.5092830293191,2000,0.00801576019175506,-0.46529977954924107,-9.18791598678581e-05,4487.537712097168,144962.5536396252
2267,5,435456000,9.353554725646973,0.4608958517225498,38.463647967514895,2000,0.005509464842732996,-0.4649714771658182,-0.0005840740259372978,4208.787796020508,143421.49609242886
2268,5,435648000,9.343978881835938,0.4604791868223401,38.53965470769132,2000,0.00659407316565436,-0.46400196477770805,-0.0009698943149487604,4122.240341186523,143728.96662177407
2269,5,435840000,9.385260581970215,0.462484393550767,38.456242941785604,2000,0.00723688611407609,-0.46533854585140944,-0.0005019344189349795,4622.920913696289,144939.68018143362
2270,5,436032000,9.363269805908203,0.46139064910251665,38.50747673151394,2000,0.006050818910104378,-0.46703089494258165,-0.0009586564364099104,4772.276702880859,143222.1753666229
2271,5,436224000,9.312262535095215,0.4588333609838931,38.468640355703734,2000,0.006036562964048547,-0.46887790597975254,-0.0007527226348429394,4893.896774291992,144496.20959072097
2272,5,436416000,9.343265533447266,0.46055210931323626,38.44504784358045,2000,0.0058159147286399576,-0.4724213182926178,-0.0006071857687857118,5080.73583984375,144967.23567431833
2273,5,436608000,9.330120086669922,0.45983856276385876,38.50436637147019,2000,0.00536696593563344,-0.4750152425840497,-0.0009493966515492502,4534.090431213379,144527.6428177955
2274,5,436800000,9.382981300354004,0.46241148333623033,38.4465889375036,2000,0.006043788081345459,-0.4773100120946765,-0.0007745987732050708,4695.139892578125,144268.90403482874
2275,5,436992000,9.226073265075684,0.45458856538425607,38.51831099328896,2000,0.006326917143111738,-0.4834806649014354,-0.0010097571655478532,4957.93408203125,142741.12703186306
2276,5,437184000,9.395976066589355,0.4631823169202107,38.462364188705884,2000,0.006478196135392257,-0.48767240159213543,-0.0005164823778613936,4480.933616638184,144631.7410660487
2277,5,437376000,9.402850151062012,0.46340106444343593,38.49989896516005,2000,0.005117733317795986,-0.4911794504150748,-0.0011669262141609238,4326.197624206543,145594.71533325093
2278,5,437568000,9.40126895904541,0.46328126944354153,38.492869736005865,2000,0.006035404925612966,-0.49262113962322474,-0.0004291075688058754,4628.150619506836,144020.94579397654
2279,5,437760000,9.282981872558594,0.4574739766261094,38.54155237600207,2000,0.005917869654522899,-0.4936647694557905,-0.0006782787613701657,4679.1846923828125,145440.96479322444
2280,5,437952000,9.271369934082031,0.4568698124500467,38.562399961054325,2000,0.008279785809883228,-0.4952312419191003,-0.00022061128470340918,4930.13151550293,143365.85472466855
2281,5,438144000,9.2982177734375,0.4580416866817056,38.47547047523161,2000,0.00679510680224242,-0.4974670000374317,-0.0010595803538926418,4878.446838378906,145148.1933701383
2282,5,438336000,9.165170669555664,0.4514531413054404,38.503537897214606,2000,0.005887945219753116,-0.49926377832889557,-0.0012215836720770312,5163.315093994141,143611.0255191666
2283,5,438528000,9.416228294372559,0.4641354360519472,38.565698356057204,2000,0.006140762602803686,-0.5000408887863159,-0.0009088671044992225,4374.462074279785,145137.8644220442
2284,5,438720000,9.3909330368042,0.4626823125745432,38.51149514348557,2000,0.006300544888790076,-0.4974572667852044,-0.0005496098649473424,4407.519340515137,143752.15608316698
2285,5,438912000,9.328070640563965,0.45973960868893,38.49452647473663,2000,0.0057559916652389805,-0.49679983127862215,-0.0007697253226979228,4667.29988861084,143862.6394125831
2286,5,439104000,9.407252311706543,0.4636666818908755,38.545574055984616,2000,0.006308511575227991,-0.4979938482865691,-0.00047343117032738746,4532.642486572266,142840.26613166882
2287,5,439296000,9.336080551147461,0.45995834970138577,38.49137464594484,2000,0.00670621548849158,-0.5015682866796851,-9.00770673979423e-05,4781.205413818359,146578.3604129421
2288,5,439488000,9.286842346191406,0.4574479377006355,38.42807531232635,2000,0.007178336563714159,-0.5044242031872272,-0.00013181042891119432,4363.781837463379,146177.46833874972
2289,5,439680000,9.308161735534668,0.4587291851075861,38.528423313361905,2000,0.0077645464249071665,-0.5057116746902466,0.00010523268474571523,4503.837066650391,145677.23717041218
2290,5,439872000,9.397215843200684,0.46315627033739776,38.44668756859998,2000,0.0076680638895680504,-0.5083559844642878,-0.00028875381576654036,4037.302558898926,145214.6571088481
2291,5,440064000,9.380121231079102,0.4622968948970083,38.50007032960033,2000,0.006662812565016793,-0.509361058473587,-0.0010499085806259245,4557.738426208496,146525.02789247598
2292,5,440256000,9.495574951171875,0.4680104439351756,38.44592158430411,2000,0.007402368693292374,-0.5066843274980783,0.0002260675785237254,3879.555015563965,146119.9760468041
2293,5,440448000,9.442752838134766,0.46565106592606753,38.53452582191676,2000,0.006888524325821588,-0.5081586986780167,-0.0006699865772361591,4154.517509460449,144315.7968416322
2294,5,440640000,9.394243240356445,0.46295835443682637,38.46020618531232,2000,0.006262625089885357,-0.5087493807077408,-0.0003782285111810779,4159.614875793457,144610.78076842162
2295,5,440832000,9.365893363952637,0.46169272598126554,38.47099450152988,2000,0.006287135514382196,-0.511041508987546,-0.0008164582250174135,4544.295303344727,145711.94228838588
2296,5,441024000,9.316587448120117,0.4591250141669055,38.47288838952469,2000,0.0050223534310692534,-0.5126880146563053,-0.0011496573069962324,4733.4591064453125,145760.54133478308
2297,5,441216000,9.20228099822998,0.45332814742323535,38.53857739921659,2000,0.0044761810260679335,-0.5137573443353176,-0.0016860187261045212,4788.848388671875,145131.71677228535
2298,5,441408000,9.247580528259277,0.45558335525553656,38.49429371712419,2000,0.006085255620608222,-0.5141603723168373,-0.0008957172067312058,4615.430953979492,145882.73681424267
2299,5,441600000,9.28898811340332,0.4576041841864935,38.515741979392864,2000,0.00589461203715958,-0.5124905053526163,-0.000971477217035499,4527.01545715332,144844.54581730475
2300,5,441792000,9.365558624267578,0.46143752649974584,38.49463537335396,2000,0.005613804278487806,-0.5120500214397907,-0.0012275870751068396,5003.870269775391,146321.35727495214
2301,5,441984000,9.283321380615234,0.45736981554061157,38.52343742425243,2000,0.0066461728165547055,-0.5125315841287374,-0.0010579106856312137,4678.224746704102,145403.66936912926
2302,5,442176000,9.214213371276855,0.4539583528937025,38.517245476755,2000,0.008228214780994069,-0.5160800628364086,-0.00011045442852264387,5103.188171386719,145819.89078466507
2303,5,442368000,9.298558235168457,0.4581927245593154,38.572382137800254,2000,0.006440020032615091,-0.51889593526721,-0.001177797357286181,4606.668998718262,144910.6005706719
2304,5,442560000,9.274094581604004,0.4566510632200031,38.43401878804434,2000,0.007571276417855794,-0.519002353772521,-0.0005720452300010948,5016.077346801758,146401.512360336
2305,5,442752000,9.289002418518066,0.45784377044644015,38.53792065133651,2000,0.007355091504189962,-0.5191937442868948,-0.0003171990420014481,4952.539077758789,145018.7520215568
2306,5,442944000,9.357502937316895,0.46122919329657935,38.574028716112174,2000,0.0054737985409544,-0.5217184647917747,-0.0010703352800760513,4434.513641357422,145890.05312372206
2307,5,443136000,9.375368118286133,0.46205730643850984,38.44804190608071,2000,0.004768989831442014,-0.5280739832669497,-0.0005802614311960497,4107.745796203613,145064.17479399152
2308,5,443328000,9.36967658996582,0.4616979417836167,38.4553705334935,2000,0.005620050526495713,-0.5298647079616785,-0.0003442544939389336,4351.5473709106445,144826.14186513325
2309,5,443520000,9.398359298706055,0.4630729402451834,38.45490362557272,2000,0.005908950406883377,-0.5310951042920351,-0.00035840336749970447,4133.699310302734,144605.6829266151
2310,5,443712000,9.393360137939453,0.463052104483116,38.504012405872345,2000,0.006591044494620292,-0.5334318932145834,-0.0005506855413841549,4760.771911621094,146287.62744953315
2311,5,443904000,9.4210205078125,0.46437502341844566,38.52022623922676,2000,0.006910790585553817,-0.5359876919537783,-0.0006087137634267492,4381.636367797852,145221.66348564927
2312,5,444096000,9.429139137268066,0.4648437708104514,38.50212930895699,2000,0.0077331354436561625,-0.5397022943943739,-0.00043701336016965797,4212.55012512207,146333.4197623893
2313,5,444288000,9.288418769836426,0.4577187709831681,38.44294937886298,2000,0.005537006164803945,-0.5437629781663418,-0.0005852145907283557,4910.478454589844,143435.0368588401
2314,5,444480000,9.406702041625977,0.4635208532975715,38.47895736130886,2000,0.005691510939456445,-0.5454045105725527,-0.0011348580746926018,4311.539154052734,145122.2257802473
2315,5,444672000,9.367597579956055,0.46161981253377843,38.5216352683492,2000,0.006025734499868122,-0.5464135371148586,-0.0009323222701311806,4638.273574829102,144526.6871869712
2316,5,444864000,9.269038200378418,0.45670314748834545,38.524394585440554,2000,0.007603329767817437,-0.5497306250035763,-6.18169506196864e-05,4418.622344970703,146053.08993732114
2317,5,445056000,9.20065689086914,0.4534218913922814,38.526086069798716,2000,0.007272988557543916,-0.5510795302689075,0.0002939368778243079,5012.290481567383,144684.19604715728
2318,5,445248000,9.344157218933105,0.46033335441219,38.49015832001654,2000,0.005247519405636315,-0.5528635755181313,-0.0012123811400215345,4777.7901611328125,145324.80255320112
2319,5,445440000,9.327031135559082,0.4596979366245553,38.58131122216582,2000,0.006972547973816593,-0.5557368230074644,-0.0003813542516581947,5164.530471801758,144658.13960352517
2320,5,445632000,9.29918384552002,0.45812502568636165,38.52732174455499,2000,0.006281810515210964,-0.5564002469182014,-0.000911311132767878,4958.337600708008,146279.53666384632
2321,5,445824000,9.332305908203125,0.4598593932284227,38.486455320962705,2000,0.006283580276009161,-0.5578679218888283,-0.0004333467659307644,5136.971542358398,144371.00051972427
2322,5,446016000,9.261636734008789,0.45644793553825974,38.51657052524388,2000,0.005982755024490568,-0.5598496999591589,-0.0007555458651040681,5199.3775634765625,146260.9527786693
2323,5,446208000,9.305472373962402,0.4585312696575177,38.511993773902454,2000,0.005650684205718183,-0.5617183521389961,-0.0005494852312040166,4757.639999389648,146613.58627691653
2324,5,446400000,9.297760009765625,0.4580468977843945,38.46783380039657,2000,0.005977398505288875,-0.5646517369896173,-0.001178159363917075,4706.888595581055,145314.0657231172
2325,5,446592000,9.270403861999512,0.4567552315523547,38.515497342062496,2000,0.006001317986034944,-0.5668466500937939,-0.0010964525163217331,4924.807281494141,145535.33520903595
2326,5,446784000,9.222103118896484,0.4544375229185486,38.555562722186245,2000,0.007999548566663482,-0.5698854550719261,-0.00046696351637365296,4972.185256958008,144990.9922263711
2327,5,446976000,9.355701446533203,0.46108335754919,38.51468083883325,2000,0.006304283726407448,-0.5712798926979303,-0.00032801459201436955,4751.033248901367,145388.40881597198
2328,5,447168000,9.435413360595703,0.4650677284625999,38.516535301848,2000,0.005372132793486041,-0.5725487768650055,-0.001072041488441755,4051.1815185546875,145429.32602638428
2329,5,447360000,9.308939933776855,0.4587552312871897,38.470643972977996,2000,0.006896558723878116,-0.5730815231800079,-0.00021149270332898595,5014.087020874023,145751.2936509901
2330,5,447552000,9.30938720703125,0.45879169057116087,38.452722667095564,2000,0.006978708801480631,-0.5750574674457312,-0.0005998048479796125,4627.87109375,144740.03943070452
2331,5,447744000,9.385018348693848,0.46256251968043216,38.51951345770309,2000,0.005612081218156769,-0.576313303783536,-0.0006996998536124011,4570.117736816406,143430.75703175287
2332,5,447936000,9.371870040893555,0.4619062701506967,38.437308839832745,2000,0.006859572712002167,-0.5748910177499056,-0.0010359354191677994,4432.862503051758,144397.87592833364
2333,5,448128000,9.302265167236328,0.45833856868860795,38.47818751974652,2000,0.007582231983484235,-0.5716602746397257,-0.00022819030260734507,4740.38444519043,146274.3881328117
2334,5,448320000,9.360857009887695,0.4614687688893658,38.46534745146831,2000,0.006727063837344758,-0.5720350854098797,-0.0007982579714749249,4776.949295043945,144498.7413411005
2335,5,448512000,9.320150375366211,0.4593646060699636,38.547825619888805,2000,0.006052103025780525,-0.5746856071054935,-0.0013316154399944935,4561.599838256836,145145.52820658975
2336,5,448704000,9.31352710723877,0.45904169524086075,38.498207019641995,2000,0.004951296928581239,-0.5777470413595438,-0.00141747148200011,4768.0401611328125,145866.462952422
2337,5,448896000,9.3496675491333,0.46081773054963077,38.514335796547435,2000,0.0065011761088535425,-0.5799407567828894,-0.0009112215939239832,4495.966064453125,145187.6365738592
2338,5,449088000,9.36928939819336,0.4618281444121142,38.438588896145426,2000,0.006573462291504257,-0.5816685203462839,-0.0009662541500574662,4824.798034667969,144247.53800785003
2339,5,449280000,9.288692474365234,0.4576718896787497,38.54653023059169,2000,0.007000894800740449,-0.5844320878386497,-0.0007084130285193169,4834.232147216797,145264.5816421371
2340,5,449472000,9.381551742553711,0.46239064318857953,38.46049465394268,2000,0.006798398922857208,-0.5875292643904686,-0.0011319817658659304,4125.323524475098,144189.49347178865
2341,5,449664000,9.270764350891113,0.4567239793486806,38.44712993347397,2000,0.007807326611063521,-0.5897908043116331,-0.0006096022904671372,5006.501037597656,145887.6989612312
2342,5,449856000,9.307062149047852,0.4586719018122191,38.43060763614873,2000,0.006741686815357147,-0.5895503852516413,-0.0007252558534673881,5118.46826171875,144044.64757587345
2343,5,450048000,9.415719985961914,0.46413022516996233,38.49454400471101,2000,0.006586940073408187,-0.590022400021553,-0.0006982521385907603,4829.15983581543,145805.9116331294
2344,5,450240000,9.281705856323242,0.45714064572954766,38.42986168091496,2000,0.00695391855937972,-0.5918718948960304,-0.000644873363626175,4370.5649490356445,145518.73056898153
2345,5,450432000,9.315857887268066,0.4591510673629576,38.48735805383573,2000,0.0065640776804454315,-0.591058723628521,-0.00036652371250056603,4780.645278930664,146100.24200570807
2346,5,450624000,9.378730773925781,0.4624531458363587,38.49471207236638,2000,0.007357097301050089,-0.5881654564291239,-0.0011082246687692532,4480.397888183594,144179.38301387813
2347,5,450816000,9.301575660705566,0.4582396034541792,38.505271198538445,2000,0.006028794143494451,-0.589998509734869,-0.0005330765943654114,4718.12028503418,145942.29266534463
2348,5,451008000,9.335922241210938,0.4601146029314502,38.598697640001774,2000,0.006715513614472002,-0.5944123808294535,-0.0004225977281748783,4931.935165405273,144992.36756448558
2349,5,451200000,9.340340614318848,0.4602916915543271,38.50384742145737,2000,0.007118074505502591,-0.5953234061598778,-0.0009372832591907354,4822.172561645508,146031.87306272757
2350,5,451392000,9.363648414611816,0.46134377179987496,38.44356109698614,2000,0.005759371502082407,-0.5961507707834244,-0.0010186784996335518,4852.625396728516,145028.8210393592
2351,5,451584000,9.229108810424805,0.454661477660314,38.51895352515081,2000,0.006567067796325621,-0.5970905274152756,-0.0008991291324491613,4404.001159667969,146538.96946388547
2352,5,451776000,9.377209663391113,0.46202606475890207,38.46839354901264,2000,0.0057758654363084735,-0.597852673381567,-0.0006464747034442553,4920.651306152344,145079.72133533572
2353,5,451968000,9.296323776245117,0.4581875222599289,38.52845421185096,2000,0.005862589975023487,-0.5995463579893112,-0.0004208630700759386,4995.993835449219,146426.09390393028
2354,5,452160000,9.302827835083008,0.45823439377394,38.52536259777844,2000,0.006071260562942674,-0.5992565881460905,-0.0006925294493385081,4476.739524841309,144721.11190717143
2355,5,452352000,9.363811492919922,0.4615625208922817,38.479526580466576,2000,0.006397580539046127,-0.599725753068924,-0.0007150600813474739,4454.276420593262,146413.26003826334
2356,5,452544000,9.339903831481934,0.46026565076196374,38.505834225565195,2000,0.004981026208469606,-0.6024444103240967,-0.0008342275759787299,4839.998046875,145042.88725900266
2357,5,452736000,9.337040901184082,0.46021876644347987,38.582623075072966,2000,0.005799941422427461,-0.6062109544873238,-0.0014723039303703445,4121.645484924316,147082.42306918098
2358,5,452928000,9.283772468566895,0.45738543840828544,38.47205962333828,2000,0.0060090374809806234,-0.6090569887310266,-0.0010828263503981361,4877.178192138672,145475.09733880873
2359,5,453120000,9.412498474121094,0.46388022759310843,38.527950229744114,2000,0.00709362140239682,-0.6097862794995308,-0.0008094256118056364,4789.328277587891,146400.88085923268
2360,5,453312000,9.399502754211426,0.4631250186636559,38.49044972328314,2000,0.005670090168404082,-0.6092813275754452,-0.0008161934415511496,4163.192008972168,146386.67726170234
2361,5,453504000,9.315118789672852,0.45890627220554353,38.52054653378824,2000,0.006506662955565843,-0.6086180210113525,-0.0005533781040867325,3958.774345397949,146010.29947889477
2362,5,453696000,9.307377815246582,0.4586041868697066,38.54044514211515,2000,0.005928671366069466,-0.6091466583311558,-0.0011904386253718258,4723.4119873046875,146237.12144502235
2363,5,453888000,9.226511001586914,0.45459898003840254,38.50163683807477,2000,0.006390047241400074,-0.6087416503578424,-0.0006961661245554751,4650.844757080078,146298.3904715246
2364,5,454080000,9.210482597351074,0.45382293715798977,38.40836476464756,2000,0.006197655047648975,-0.6047016680240631,-0.0007694927905959048,5333.523773193359,146474.3804309419
2365,5,454272000,9.30447006225586,0.4585625213876483,38.59629044433435,2000,0.0062301446498022415,-0.6020121444016695,-0.0006205801064425032,5744.067794799805,144398.10040133115
2366,5,454464000,9.351705551147461,0.46088022672908363,38.540408140669264,2000,0.006013103852877975,-0.6032879073172808,-0.000932081133214524,4330.07048034668,146060.5181239997
2367,5,454656000,9.305545806884766,0.45847398189350014,38.480150717232995,2000,0.005659154560688572,-0.6042063012719154,-0.0014107438237260794,4969.566047668457,145733.48110130845
2368,5,454848000,9.314165115356445,0.4590364788182342,38.54773685398201,2000,0.007582415320464254,-0.6053574364632368,-0.0009001459778232856,4932.580993652344,146607.73781939002
2369,5,455040000,9.372698783874512,0.4619062701767689,38.53175850647191,2000,0.006542706179510182,-0.607220558449626,-0.0012007226941932458,4682.474479675293,144956.05060260944
2370,5,455232000,9.406055450439453,0.4635729401464535,38.51198949726919,2000,0.008133464298482674,-0.6062495019286871,0.0003567586873032269,4299.905456542969,145691.7330298618
2371,5,455424000,9.348440170288086,0.4607187752426398,38.44713474996388,2000,0.008006424441138128,-0.6046478282660246,-0.00015113734889382613,4509.054504394531,146389.54367512572
2372,5,455616000,9.312607765197754,0.4589375203947081,38.49334222481897,2000,0.006408552501602874,-0.603864723816514,-0.0009458581043872982,4644.461380004883,146322.2796963693
2373,5,455808000,9.449145317077637,0.4657083483507449,38.49885383162958,2000,0.005359693358162379,-0.6047232896089554,-0.0014209796499926597,4255.643028259277,145107.5283850139
2374,5,456000000,9.295679092407227,0.4581198076224003,38.521032063911356,2000,0.005995336217994918,-0.606799041852355,-0.001480969036492752,4724.044479370117,146931.27286763565
2375,5,456192000,9.312116622924805,0.4587812749729589,38.532325795541205,2000,0.005568323274841532,-0.6046442035585642,-0.0013377388603998952,5362.033996582031,145360.31596074495
2376,5,456384000,9.359298706054688,0.4611979356456383,38.48747685955217,2000,0.006321875732644306,-0.6058589536696672,-0.0007279864572069528,4992.435195922852,146822.56054666176
2377,5,456576000,9.338662147521973,0.4601614842570901,38.478937145633004,2000,0.006398734155198326,-0.6076515801250935,-0.00114805995016809,4740.384826660156,144522.55072813857
2378,5,456768000,9.294119834899902,0.4581458563303992,38.55969972411791,2000,0.006039224425068823,-0.6088763978332281,-0.0009145538393795505,4682.326400756836,146125.73772053604
2379,5,456960000,9.198549270629883,0.4532708548855832,38.53737512292961,2000,0.006183677608360692,-0.6092599332332611,-0.001077815145436034,5213.313583374023,145809.1207606466
2380,5,457152000,9.337862968444824,0.46013023542218434,38.48710102060189,2000,0.006997964253435688,-0.6125047337263823,-8.820695529720979e-05,4341.380233764648,145998.28565172918
2381,5,457344000,9.375956535339355,0.4619739807197523,38.49838001281023,2000,0.006089196115906816,-0.6143859028816223,-0.0010280157712259097,4402.197311401367,144806.09815290733
2382,5,457536000,9.300490379333496,0.4582916880238675,38.50895385319988,2000,0.006509818968673547,-0.6164188757538795,-0.0008781550932326354,4714.189010620117,146179.88495131742
2383,5,457728000,9.302425384521484,0.4584010655720097,38.52715467568487,2000,0.007375391209672671,-0.6209249533712864,-0.00048184258980654704,4329.9676513671875,145824.4156065029
2384,5,457920000,9.283951759338379,0.4575416861001334,38.52628973902514,2000,0.005294690843244704,-0.6228443942964077,-0.0010316064835933503,5292.539932250977,145781.22472064325
2385,5,458112000,9.26466178894043,0.4565885616084415,38.49133723694831,2000,0.004656902696772401,-0.6257124412804842,-0.0008514013698004419,4834.348526000977,145621.6977597215
2386,5,458304000,9.388052940368652,0.4626927285256291,38.48477546684444,2000,0.0055605930863530375,-0.6275473013520241,-0.001121529968258983,4263.288459777832,145802.39882952732
2387,5,458496000,9.362930297851562,0.46152606285189296,38.47432858765145,2000,0.006406482630583923,-0.6265432089567184,0.00024044758993113646,4818.951385498047,144811.70829137336
2388,5,458688000,9.273797988891602,0.45702085966756084,38.54229456683,2000,0.004224246384357684,-0.6307735778391361,-0.0013749542181358265,5126.554107666016,146329.37930822908
2389,5,458880000,9.318114280700684,0.4592604383566747,38.53693502830962,2000,0.0065315789103236365,-0.6356383562088013,-0.001487901431573846,4584.342330932617,145797.06129826428
2390,5,459072000,9.347168922424316,0.4606562757235224,38.45516536384821,2000,0.006771311224224822,-0.6361865736544132,-0.0007694509863540588,4680.32780456543,146579.54579985802
2391,5,459264000,9.384663581848145,0.4626302278005217,38.53436076641083,2000,0.006781741280768377,-0.635348554700613,-0.0006749581706912977,4857.410049438477,144892.20344562945
2392,5,459456000,9.336679458618164,0.46014064826764906,38.54003641443948,2000,0.006125733242709733,-0.6342900358140469,-0.0007073431473827441,4537.309455871582,145834.3639843302
2393,5,459648000,9.283745765686035,0.45751564713221643,38.605149649083614,2000,0.006596644211967942,-0.6352413017302752,-0.0007203115237643942,4866.72200012207,145131.058547976
2394,5,459840000,9.354907035827637,0.4610677319027066,38.53814140769342,2000,0.006520797522166201,-0.63733428157866,-0.000906061159184901,4656.7479248046875,145947.03432485025
2395,5,460032000,9.444862365722656,0.46546356858501287,38.51518332169993,2000,0.006761285178673764,-0.6397051904350519,-0.0006640681317549024,4049.1763229370117,144870.91235206331
2396,5,460224000,9.313021659851074,0.45890627376259846,38.513251486855246,2000,0.007057292469447324,-0.6417519729584455,-0.0005574155302383588,4391.348327636719,145859.6940705238
2397,5,460416000,9.313231468200684,0.45882293747551256,38.52768998965621,2000,0.005195872826627843,-0.6448175497353077,-0.0015802589705344872,5014.546524047852,145337.78911150098
2398,5,460608000,9.35533332824707,0.4611093938007495,38.55765455464522,2000,0.005507625208537016,-0.6474659387022257,-0.0007395508619083557,5462.310302734375,145907.95431302782
2399,5,460800000,9.287097930908203,0.45782814822147583,38.56845778568337,2000,0.006393725727160927,-0.6491407006978989,-0.0004579118667606963,4769.692886352539,144362.08341895725
2400,5,460992000,9.283598899841309,0.45759898262379767,38.57689841091633,2000,0.0059791389618767425,-0.6497784703969955,-0.0009123548370553181,4797.54337310791,146480.067165491
2401,5,461184000,9.337488174438477,0.4602396074636393,38.502629152188696,2000,0.006050583962001838,-0.6515193860977888,-0.0009991546285164077,4261.428520202637,145251.04785617875
2402,5,461376000,9.408666610717773,0.46353126986711385,38.46946672986572,2000,0.007350916970754042,-0.6540045700967312,0.00010830825760876905,4295.920051574707,145668.075762537
2403,5,461568000,9.379659652709961,0.4622396037163223,38.45741916059827,2000,0.00808741430247513,-0.6554524656385183,0.0002304039890574927,4421.3852462768555,144358.70203268857
2404,5,461760000,9.332910537719727,0.4599583568421319,38.45287717537334,2000,0.0047988575130730165,-0.6582526471465826,-0.0012596262613442377,4755.265441894531,145729.2012808715
2405,5,461952000,9.28560733795166,0.45750001912529115,38.49350290435056,2000,0.006565289724462976,-0.6615969054400921,-0.0007287721655302448,4894.549880981445,145032.84246848334
2406,5,462144000,9.295310020446777,0.45814585071335995,38.5506112643828,2000,0.0055603252271297,-0.6623411942273378,-0.0010575344458629843,4923.538146972656,145151.38655760366
2407,5,462336000,9.347342491149902,0.46064065075127775,38.508341286331415,2000,0.006632374593934703,-0.6616691071540117,-0.0006914332702763204,4755.238128662109,144524.56078148834
2408,5,462528000,9.35178279876709,0.460880233414476,38.53349216406544,2000,0.006624541642629387,-0.660556623712182,-0.0008396002103836508,4478.28751373291,146388.29695765435
2409,5,462720000,9.433218955993652,0.46493752284853446,38.47710023509959,2000,0.0053056206567562185,-0.6633126530796289,-0.0012390252613840858,4665.6552734375,144748.24082202776
2410,5,462912000,9.336346626281738,0.46015627393110964,38.446131229400635,2000,0.005649044075825562,-0.6679712869226933,-0.000698344385909877,4807.027893066406,145703.95054991567
2411,5,463104000,9.412796974182129,0.4637500228800491,38.52719841866443,2000,0.005439316239838566,-0.667454332113266,-0.0011819878782262094,4422.528289794922,144190.6481182283
2412,5,463296000,9.33154010772705,0.4598229374581327,38.498604629809655,2000,0.00656188713524413,-0.667307086288929,-0.0006296488554653479,4815.153900146484,145757.4719917126
2413,5,463488000,9.304556846618652,0.45847398372946674,38.48318419450273,2000,0.006239376698707929,-0.6692914143204689,-0.0010467656646824253,4656.831733703613,145247.4205431927
2414,5,463680000,9.370132446289062,0.4617448172357399,38.42808523774147,2000,0.0069986246058639755,-0.6690025068819523,-0.000698420284606982,4797.482849121094,144846.3906569287
2415,5,463872000,9.214117050170898,0.45369793894436344,38.39233841188252,2000,0.005904639006514723,-0.6705458462238312,-0.000952978689383599,4943.787078857422,144210.64647425382
2416,5,464064000,9.20769214630127,0.45371356336181634,38.495247508088745,2000,0.006042318388140605,-0.6681906208395958,-0.0013061244151231222,5442.127853393555,146192.75206808327
2417,5,464256000,9.175249099731445,0.45199481069054553,38.529073528945446,2000,0.006628893339531108,-0.6693210639059544,1.4163251250920439e-05,5433.82014465332,144978.48093355034
2418,5,464448000,9.275999069213867,0.45731252129492833,38.57807490415871,2000,0.006109044111333787,-0.6734998244792223,-0.0009940497347997734,4595.897109985352,145880.59603227326
2419,5,464640000,9.247804641723633,0.45559377392237366,38.523573636698224,2000,0.005681335103639867,-0.6777670457959175,-0.0006759829320799327,4730.511779785156,144280.5534995099
2420,5,464832000,9.323474884033203,0.45939064655491774,38.48352835358431,2000,0.006383552949584555,-0.6810829602181911,-0.0003515732305459096,5001.700958251953,145105.333857355
2421,5,465024000,9.51749038696289,0.4692083563392468,38.47087175383543,2000,0.005644568885875439,-0.682284627109766,-0.001074116567906458,4491.7292556762695,141919.36828532716
2422,5,465216000,9.421113014221191,0.4643333541971515,38.51330117508769,2000,0.006971982078743167,-0.6850427035242319,-0.0010282719786118832,4332.345497131348,139894.6274330741
2423,5,465408000,9.352826118469238,0.46110940372454934,38.49626680339376,2000,0.007314803843347666,-0.6866907868534327,-0.001000594550077949,4580.338638305664,77728.60058396342
2424,5,465600000,9.364768028259277,0.46141668580215384,38.51478623691946,2000,0.006888243179011625,-0.6880466137081385,-0.0007950551516842097,4709.052200317383,108064.35257176083
2425,5,465792000,9.410459518432617,0.46387501880841836,38.48097081699719,2000,0.005606006852457843,-0.6898659281432629,-0.0011638984626642923,4350.415824890137,117178.46258119747
2426,5,465984000,9.288590431213379,0.45769273151502904,38.595442452157535,2000,0.006295634539235228,-0.690012414008379,-0.0008329812317242613,4791.2432861328125,106609.62341017378
2427,5,466176000,9.330709457397461,0.4598958577832188,38.54377312337359,2000,0.005451016430951616,-0.6889099404215813,-0.0010860703005164396,4758.457870483398,136652.33276083335
2428,5,466368000,9.313950538635254,0.458911483621705,38.44403215990557,2000,0.006268194863252575,-0.689682126045227,-0.0010916462633758783,5096.712615966797,142809.59809773506
2429,5,466560000,9.262495994567871,0.45640107031977095,38.53725096102183,2000,0.006476000862176685,-0.6889176666736603,-0.0009006955037875741,4714.591041564941,144602.38094624144
2430,5,466752000,9.32148551940918,0.4592083603032127,38.44868880199889,2000,0.006441053364154262,-0.6904747392982244,-0.0007089692242061574,4701.276542663574,145753.99869954368
2431,5,466944000,9.488248825073242,0.46769793964510126,38.4829973106583,2000,0.0053042991142574466,-0.6927871126681566,-0.0009599982677173102,4098.013557434082,144372.81464032666
2432,5,467136000,9.309066772460938,0.4586093974855127,38.46389620906363,2000,0.0056116625610641985,-0.6947695966809988,-0.00087947010138123,4660.298568725586,145501.7339843841
2433,5,467328000,9.271893501281738,0.45701043481676606,38.522953876915075,2000,0.00651294146994284,-0.6963006686419249,-0.0006025310776749393,5600.332580566406,144643.1086821931
2434,5,467520000,9.297664642333984,0.4581093940638918,38.519229328880705,2000,0.008607296064893792,-0.6997592132538557,-0.0003181307868089789,4499.691696166992,145749.76956527415
2435,5,467712000,9.325323104858398,0.4596771087799425,38.54959685945263,2000,0.0064501279138300255,-0.7045765742659569,-0.001036058061345102,4525.502479553223,143911.61829767178
2436,5,467904000,9.338768005371094,0.4601718990397785,38.48257096034164,2000,0.00589053584485858,-0.7062489613890648,-0.0014644304501416627,4316.274200439453,145036.2106975445
2437,5,468096000,9.372859001159668,0.46176564413265925,38.462142003389694,2000,0.005561452074306241,-0.706354159861803,-0.0011513663375808392,4686.890029907227,145006.8780211418
2438,5,468288000,9.397884368896484,0.4631250179481867,38.43629926986372,2000,0.005343320274744959,-0.7087566182017326,-0.0012624557723484031,4238.750503540039,146290.35612160098
2439,5,468480000,9.20994758605957,0.4538281431966122,38.4724463528643,2000,0.00554819668843993,-0.7087620552629232,0.00016692341614543693,5315.013000488281,144258.76769990416
2440,5,468672000,9.406277656555176,0.4635208558283921,38.533706836402416,2000,0.006944464298062182,-0.7102004624903202,-0.0005217295242800901,4363.704193115234,145289.3339800584
2441,5,468864000,9.335785865783691,0.4601927348503523,38.52228623232804,2000,0.005950710741841855,-0.7141498923301697,-0.0011032710954168579,4489.755195617676,143517.71517477088
2442,5,469056000,9.211760520935059,0.45375002367836714,38.5608899227033,2000,0.00517641930643731,-0.7147182635962963,-0.0011835982286356739,4766.217224121094,145878.44533910303
2443,5,469248000,9.364889144897461,0.46156772908034327,38.51028745823229,2000,0.005868532719129386,-0.7164751179516315,-0.0014072792796469002,4249.73250579834,143868.4038240717
2444,5,469440000,9.359745025634766,0.4611823139536379,38.464000944048166,2000,0.005609132614762833,-0.7187478356063366,-0.0010663804127943877,4748.981254577637,143112.90776882434
2445,5,469632000,9.315080642700195,0.4591250251536015,38.549144574441016,2000,0.005574077697281609,-0.7225267589092255,-0.0007910115086815495,4496.169334411621,144142.1812332975
2446,5,469824000,9.339882850646973,0.46024481906715664,38.44723763743726,2000,0.0054858160472940655,-0.7238568421453238,-0.001520707489362394,4865.315734863281,143474.39489660287
2447,5,470016000,9.259628295898438,0.4562031424732898,38.53915648255497,2000,0.00532846037375081,-0.7251128815114498,-0.0007447788630088326,5245.041854858398,143779.8905279254
2448,5,470208000,9.242836952209473,0.4554427295018589,38.553976432885975,2000,0.009432962274469901,-0.7244258020073175,0.00026023135922059737,5236.68310546875,144974.51112573157
2449,5,470400000,9.354117393493652,0.4610156453145464,38.475439151128136,2000,0.005721398621981886,-0.72511169873178,-0.001192660474771401,4652.391311645508,146337.7500949583
2450,5,470592000,9.29957389831543,0.4582812784616787,38.46925996391413,2000,0.005799832368715821,-0.7247961368411779,-0.000792694988376752,5017.042266845703,144925.26925780243
2451,5,470784000,9.39988899230957,0.4634166879138017,38.46426758806532,2000,0.00601708153981114,-0.7252470590174198,-0.0012406424400523974,4655.334182739258,145559.06072137613
2452,5,470976000,9.31403923034668,0.45898960958705476,38.524403185894094,2000,0.0057548455317155455,-0.7278045862913132,-0.0015178956653585374,4568.960754394531,144460.67635643535
2453,5,471168000,9.23667049407959,0.455072937253135,38.52248986810446,2000,0.005279134243290173,-0.7311369869858027,-0.0008305663336614089,5257.97380065918,144366.4930404251
2454,5,471360000,9.358105659484863,0.4612396059013311,38.56809979553024,2000,0.006553901959036011,-0.7342263273894787,-0.0003002492758241715,4658.656814575195,144263.0570826407
2455,5,471552000,9.350517272949219,0.46064585666317726,38.523860821810864,2000,0.006743266963623076,-0.7373066172003746,-0.0006427459616134001,4700.247909545898,140356.59631354807
2456,5,471744000,9.464157104492188,0.46637502067278547,38.511437534044184,2000,0.006286427401636804,-0.7383995223790407,-0.0008786905544866386,4180.337142944336,142401.3138150865
2457,5,471936000,9.325812339782715,0.45967189331471064,38.5853364529709,2000,0.005668087683685978,-0.7387336939573288,-0.0012424871038092533,4484.566207885742,142320.763219326
2458,5,472128000,9.271500587463379,0.4566146013694379,38.4804395128352,2000,0.005756095041627608,-0.7409650404006243,-0.0011732259017662727,4916.607818603516,141862.36008053733
2459,5,472320000,9.368061065673828,0.46163022838967055,38.469492976708956,2000,0.006303138250252232,-0.7430160623043776,-0.001050754175594193,4655.2513427734375,140236.57403219477
2460,5,472512000,9.308573722839355,0.4586302335313424,38.463966779100396,2000,0.006411187715809017,-0.7466166969388723,-0.000777313633079757,4354.9691162109375,142936.35022502037
2461,5,472704000,9.412883758544922,0.46398960066896205,38.5582414008677,2000,0.006571686000213958,-0.7507289387285709,-0.000493770231742019,4654.857025146484,141811.9550877134
2462,5,472896000,9.333596229553223,0.46003647910401924,38.52105155168101,2000,0.007394211683985001,-0.752499433234334,-0.00017945931358553935,4948.680282592773,142657.03007152333
2463,5,473088000,9.3446044921875,0.4606041927872866,38.55210574467977,2000,0.005830174940706153,-0.754728214815259,-0.0009585161150198473,4755.770217895508,140925.61160026432
2464,5,473280000,9.365103721618652,0.4615052283188561,38.495632343304656,2000,0.00573983653044949,-0.7565505336970091,-0.0008003345446923049,4592.042556762695,141491.65125344135
2465,5,473472000,9.361705780029297,0.4614791905041784,38.497318589982264,2000,0.00672087690543655,-0.7595834843814373,-0.0002684103419596795,4756.891632080078,142001.55979424587
2466,5,473664000,9.357514381408691,0.4611093945265263,38.450379066479705,2000,0.005311528147401987,-0.7608754597604275,-0.0011333560019011202,4387.82487487793,142925.60496677874
2467,5,473856000,9.459470748901367,0.4663229385229594,38.507009896915406,2000,0.005960380238315945,-0.7627535760402679,-0.0009786549541175305,4288.304389953613,143049.10752079825
2468,5,474048000,9.292708396911621,0.4580416909563307,38.53090602803665,2000,0.0058184131947055,-0.7642292380332947,-0.0014267739879869623,4703.250549316406,142533.45278002968
2469,5,474240000,9.353174209594727,0.4610104338698875,38.50617234688252,2000,0.007057703037765654,-0.7644588127732277,-0.0007931502786959754,4514.306282043457,141322.2017307999
2470,5,474432000,9.348284721374512,0.46086460286096553,38.5569434305653,2000,0.006387106099476417,-0.7684165686368942,-0.0009124486205109861,4638.963310241699,141029.82704545945
2471,5,474624000,9.420769691467285,0.4642396018528719,38.488973210565746,2000,0.006215517345059198,-0.770793654024601,-0.0008918011940295401,4473.587875366211,143683.46410698054
2472,5,474816000,9.244572639465332,0.4554219030596869,38.52348659560084,2000,0.006752072442584904,-0.7718144059181213,-0.0005607443763437914,4874.602920532227,144315.0854717573
2473,5,475008000,9.317638397216797,0.4592291872450005,38.510352515925966,2000,0.006433816384077848,-0.7714460678398609,-0.0005367997609937447,5151.257278442383,146461.60814896325
2474,5,475200000,9.434958457946777,0.4651666814879718,38.53997028463831,2000,0.006035000608748911,-0.7705507073551416,-0.0008971473080237047,4193.608856201172,143933.4474036131
2475,5,475392000,9.31655216217041,0.45916147668746515,38.50991992590328,2000,0.005923619229501734,-0.7724600620567799,-0.0010321826521249022,4871.982498168945,145796.43754967226
2476,5,475584000,9.34577751159668,0.46060418602670933,38.537143238354474,2000,0.005602753421592449,-0.7748519536107779,-0.0006016791280671896,4898.22265625,145121.64574652392
2477,5,475776000,9.356761932373047,0.4612083537952761,38.51419011161973,2000,0.006463717637321679,-0.77431914024055,-0.0003895670788551797,5189.311386108398,146326.95663711405
2478,5,475968000,9.338788032531738,0.4601718966423505,38.5348718787233,2000,0.0063120568181329875,-0.7745705842971802,-0.0007753353329462698,4549.519866943359,145626.9691115972
2479,5,476160000,9.419360160827637,0.4642760619596326,38.49674276002528,2000,0.007043509654138082,-0.7784633301198483,-0.0005279481938487152,4068.868911743164,145938.01466046227
2480,5,476352000,9.318937301635742,0.459291684863274,38.482029324397445,2000,0.0056093815326069794,-0.7816262394189835,-0.0007788927485989916,4789.187515258789,146142.8251277773
2481,5,476544000,9.449499130249023,0.46576043651233096,38.491486486047506,2000,0.00664102384178356,-0.7816343642771244,-0.0007388490193989128,4510.770278930664,144238.78915362828
2482,5,476736000,9.379549026489258,0.46227606439242663,38.53181204261879,2000,0.004883190361360903,-0.7826347462832928,-0.0012999945083720377,4766.407958984375,145117.61895400623
2483,5,476928000,9.264862060546875,0.45643230918600847,38.5206248605003,2000,0.00554765057656914,-0.7823846656829119,-0.0013628434662678046,4248.411918640137,144764.25050652993
2484,5,477120000,9.345589637756348,0.46054689627635526,38.42861140596991,2000,0.005738941946823615,-0.7830515839159489,-0.0008036966912641219,4798.844802856445,145264.27588584536
2485,5,477312000,9.344625473022461,0.46046877421940735,38.52835240432372,2000,0.006622972139225264,-0.7836774904280901,-0.0008693217314430512,4052.0676345825195,144387.94525008425
2486,5,477504000,9.406620025634766,0.46389065411312913,38.62650712144872,2000,0.00628108309446058,-0.7847217544913292,-0.0011839044373118668,4593.244476318359,144006.35935625967
2487,5,477696000,9.281631469726562,0.457197939374358,38.444162876500435,2000,0.0052875620740621045,-0.7858041897416115,-0.0010950743417197373,4801.262283325195,144547.67055972622
2488,5,477888000,9.402749061584473,0.4634166825526336,38.50596142959936,2000,0.006051072838022567,-0.7883417662233114,-0.000624767590807096,4163.589408874512,145686.73047927098
2489,5,478080000,9.368412017822266,0.4617708514961123,38.58197042594353,2000,0.005701591263098332,-0.7898690309375525,-0.0011356831028024317,4781.225158691406,143542.1661222338
2490,5,478272000,9.40882396697998,0.46360940062489436,38.46211723533148,2000,0.006977919260030224,-0.7923279982060194,-0.0003348742211528588,4381.666091918945,143635.49806332402
2491,5,478464000,9.435321807861328,0.4650364863227878,38.482188588629164,2000,0.006134037850764192,-0.7938525080680847,-0.00018839298445527675,4443.118453979492,142116.26023458055
2492,5,478656000,9.375448226928711,0.462125022242617,38.52834194495032,2000,0.006968441386716828,-0.793306278064847,-0.0005400232457759557,4672.9351806640625,144805.94558174544
2493,5,478848000,9.311266899108887,0.4588646049081338,38.48546821437776,2000,0.006801395484382132,-0.7946800887584686,-0.0008890712005040768,4592.480133056641,144812.28672433522
2494,5,479040000,9.2870512008667,0.4576145991759404,38.49760672023209,2000,0.006120428406192029,-0.7987631130963564,-0.0010944956302409992,4882.364639282227,144654.9851867502
2495,5,479232000,9.206685066223145,0.4536041940373252,38.49482612404972,2000,0.005831042329062863,-0.8005334306508303,-0.0011126564487540236,5374.363174438477,142104.1455738473
2496,5,479424000,9.298041343688965,0.4581041888031905,38.53584255464375,2000,0.0056848386226726385,-0.8012270592153072,-0.0008454145217910991,4828.256286621094,145250.67336996947
2497,5,479616000,9.325024604797363,0.4595729416002238,38.494578081183136,2000,0.006400519908396139,-0.8002838138490915,-0.0007763562452964834,4775.7391357421875,143405.38056053044
2498,5,479808000,9.342306137084961,0.4605312689964194,38.50788128438095,2000,0.005785633376886835,-0.7993847448378801,-0.0005519076068480899,4750.381378173828,143846.15915638107
2499,5,480000000,9.246417045593262,0.45560418756455573,38.47884984997412,2000,0.005848259423073614,-0.7983617875725031,-0.0011181874031080952,4671.1798095703125,142196.4732870526
2500,5,480192000,9.327651023864746,0.45968751930740837,38.50047445980211,2000,0.006047648015153148,-0.8007224146276712,-0.0010278715326421661,4991.98078918457,141121.19320976167
2501,5,480384000,9.36288833618164,0.4614323174391757,38.512237103655934,2000,0.0060114869312189205,-0.8016168307512999,-0.000582808752199071,5005.259384155273,142551.72366976476
2502,5,480576000,9.12716007232666,0.44945835622153635,38.452182947968446,2000,0.005529174090309728,-0.8003823235630989,-0.0008465673381579109,5231.635986328125,141970.8092707476
2503,5,480768000,9.328717231750488,0.4596875277760167,38.519981337090336,2000,0.006180883652040696,-0.8034667447209358,-0.0007819521979399724,4546.014068603516,142385.01396414352
2504,5,480960000,9.350747108459473,0.46073960315394896,38.469298720670245,2000,0.007728952859023896,-0.8062416277825832,-0.00022567940777662443,4390.305130004883,142655.57265416277
2505,5,481152000,9.23324203491211,0.45492710222121485,38.463440951736025,2000,0.005983724881516536,-0.8047662395983934,-0.0008199815110856434,4816.732208251953,143142.77222468916
2506,5,481344000,9.304483413696289,0.45847398694786534,38.52301724627614,2000,0.00530497066497143,-0.8078758828341961,-0.001183146994208073,4899.846221923828,142012.75246577617
2507,5,481536000,9.338711738586426,0.460390644800403,38.5151408497865,2000,0.0053887042535449535,-0.8092595152556896,-0.0010259811745072511,4722.614959716797,142018.46202540578
2508,5,481728000,9.414820671081543,0.4639583505074067,38.46390588934688,2000,0.007562089033289037,-0.8116529174149036,-0.0003966210924772895,4230.395935058594,142444.28389216212
2509,5,481920000,9.355713844299316,0.4609271042712256,38.43765389919281,2000,0.005554822882433655,-0.8123070206493139,-0.000614408178080339,4914.487823486328,145948.3052674231
2510,5,482112000,9.350139617919922,0.46061460852494446,38.48740785972526,2000,0.0061775722777141105,-0.8139881454408169,-0.0004553582953121804,4745.056198120117,145541.77967026806
2511,5,482304000,9.242481231689453,0.4554843937348778,38.47845435204605,2000,0.006830722620439095,-0.816032225266099,-0.0004300768549114764,4607.936813354492,145143.89606402666
2512,5,482496000,9.341721534729004,0.4603594029716381,38.51375810056925,2000,0.006177329782086114,-0.818433003500104,-0.000382970677492267,4702.635147094727,145605.80981581158
2513,5,482688000,9.217482566833496,0.4542448087710606,38.586247716099024,2000,0.0064864717531309,-0.8201457783579826,-0.001089317251171451,4904.653213500977,144461.7716581308
2514,5,482880000,9.44809627532959,0.4657552338442959,38.50166117337843,2000,0.004865313405185589,-0.8229129407554865,-0.0005894708692721906,4586.881881713867,144983.56436721797
2515,5,483072000,9.349634170532227,0.4608073166673421,38.418938487147294,2000,0.005739946370459317,-0.8250472601503134,-0.0009377285159644089,4443.381118774414,144508.4473375239
2516,5,483264000,9.4429349899292,0.4654323127015232,38.4867373892727,2000,0.005987831716066769,-0.8252596333622932,-0.0006757830383321561,4520.286392211914,146528.58566964476
2517,5,483456000,9.37419319152832,0.462015650942097,38.46016883958752,2000,0.00540721681646149,-0.8254839535802603,-0.0010174090948567027,5030.716506958008,145011.30532616732
2518,5,483648000,9.449519157409668,0.46575522405692027,38.5175121553087,2000,0.0065830812334024815,-0.8261762801557779,-0.001470139647153701,3916.6011962890625,146173.38252036567
2519,5,483840000,9.241642951965332,0.45535939604451414,38.548952301343284,2000,0.005620829635678092,-0.8297999706119299,-0.0006936726331332466,5239.6639404296875,145226.23474255973
2520,5,484032000,9.253283500671387,0.45586981731260795,38.49356545911481,2000,0.005935925736839029,-0.8312840852886438,-0.0010056364353658864,5136.047317504883,146446.1039554861
2521,5,484224000,9.35532283782959,0.4611510627843624,38.47821599214027,2000,0.004549925466829639,-0.8301497437059879,-0.001249949685188767,5220.099716186523,145018.79703713552
2522,5,484416000,9.399308204650879,0.4632239837022401,38.455772063180724,2000,0.006298282541974913,-0.8309924378991127,-0.0009277451831621875,4698.763458251953,146101.26413911383
2523,5,484608000,9.330134391784668,0.45986460777142685,38.564299722279735,2000,0.007258474923699396,-0.8312536869198084,-0.00030350513111443433,4286.860794067383,144368.31377708635
2524,5,484800000,9.3950834274292,0.4630000191124661,38.45582814287627,2000,0.007166163369547576,-0.835908068343997,-0.00030590663072871394,4626.437522888184,145978.3440646382
2525,5,484992000,9.31839656829834,0.4592448150118192,38.51212972185264,2000,0.008861349734749335,-0.8411006350070238,-0.00029121595343895024,4629.244537353516,145121.14951335356
2526,5,485184000,9.377418518066406,0.4622031452806065,38.53941555476437,2000,0.0068226707546273245,-0.8427673988044262,-0.0008810759672996937,4461.789894104004,145382.37676316654
2527,5,485376000,9.23564338684082,0.45494793698041275,38.53077708681425,2000,0.005122056773368968,-0.8419616110622883,-0.0008594445143899065,5173.753341674805,144462.89968971012
2528,5,485568000,9.426067352294922,0.46475001918406633,38.456715136572406,2000,0.005596724966623393,-0.8443056978285313,-0.0009725438585519441,4364.300941467285,146586.8274172115
2529,5,485760000,9.29052448272705,0.45792711018414894,38.52963552360112,2000,0.0065142053124727685,-0.8467346001416445,-0.0005860748088366563,4851.446136474609,144531.19129705688
2530,5,485952000,9.295159339904785,0.4580833516162481,38.5715639796108,2000,0.005626903750720278,-0.8482741303741932,-0.0006603184665436856,4807.836456298828,145566.02841165004
2531,5,486144000,9.28537654876709,0.45743230911648425,38.4581371905903,2000,0.006800765516178217,-0.8509436510503292,-0.0009753007065000929,4900.076675415039,145199.22208155858
2532,5,486336000,9.337979316711426,0.46021876890699787,38.51440832639734,2000,0.006099524161919058,-0.8546551391482353,-0.0005818525989980117,4698.109237670898,146120.6452720669
2533,5,486528000,9.339518547058105,0.4602552351528478,38.52765655641755,2000,0.006818467326326451,-0.8570993728935719,-0.0008419343703280902,4401.189903259277,145581.00450411486
2534,5,486720000,9.30752944946289,0.4587135604924697,38.535729202752314,2000,0.006744123192785385,-0.8566827904433012,-0.0009386041319885408,4692.489654541016,145790.99573055736
2535,5,486912000,9.376641273498535,0.46213544151275227,38.460623774677515,2000,0.006970992444742781,-0.8585856426507235,-0.0008072911241470138,4570.376029968262,145903.65935668896
2536,5,487104000,9.301969528198242,0.45832293256171397,38.57254318582515,2000,0.005820620392061149,-0.8600175678730011,-0.0007417830825033889,5102.063629150391,144123.57418174378
2537,5,487296000,9.308526992797852,0.458869810703618,38.55751438066363,2000,0.005160625686558585,-0.8594519589096308,-0.00066630270354473,4835.993026733398,145357.93891831997
2538,5,487488000,9.28448486328125,0.45736460299546405,38.42408128331105,2000,0.00551837665362594,-0.8611190430819988,-0.0009797979919312638,4658.3614501953125,144275.93989055417
2539,5,487680000,9.329569816589355,0.4598646063720177,38.49386366518835,2000,0.005691353292786516,-0.8635956086218357,-0.0005088920679554576,4149.5090255737305,145425.65807965817
2540,5,487872000,9.311946868896484,0.4588281467767956,38.56739894362787,2000,0.006198900070448872,-0.8653431441634893,-0.0010271615165038384,5008.960678100586,144244.59751253374
2541,5,488064000,9.352721214294434,0.4607708596086013,38.467402208286025,2000,0.006052242175947565,-0.8655645735561848,-0.0009789290570552112,4944.322113037109,145511.62757193335
2542,5,488256000,9.293257713317871,0.4580156505320095,38.54944100665549,2000,0.006630512269786171,-0.8668092228472233,-0.0005301130677253241,5051.517150878906,144785.88355062722
2543,5,488448000,9.194007873535156,0.45278647843830794,38.469332953915,2000,0.006372246900942021,-0.8671109639108181,-0.0010152168456443178,4716.264694213867,145507.54117366212
2544,5,488640000,9.332521438598633,0.45965626887542993,38.48045013689747,2000,0.00534261429568384,-0.8675509933382273,-0.0012565507631734363,5167.093566894531,145019.48436578855
2545,5,488832000,9.286502838134766,0.45759897877966677,38.46568471674497,2000,0.007377726267033723,-0.8690609317272902,-0.0004891182670689886,4794.3671875,145812.93199213743
2546,5,489024000,9.33926010131836,0.46025523162158305,38.51969376532361,2000,0.007457899465788311,-0.8700251802802086,-0.0005920318762946408,4455.369453430176,144001.5682124883
2547,5,489216000,9.256361961364746,0.4561875253651427,38.58444099500775,2000,0.006267753675812855,-0.8681737370789051,-0.0007689419112466567,4862.127578735352,145478.50245754494
2548,5,489408000,9.455578804016113,0.4662604436258941,38.52829242373506,2000,0.005557711265758068,-0.8668750710785389,-0.0009339027965324931,4766.213714599609,144259.73940918283
2549,5,489600000,9.310711860656738,0.45886980771562474,38.54857295937836,2000,0.006448376677522901,-0.8690818138420582,-0.00042474047313589836,4628.082061767578,146065.49815210758
2550,5,489792000,9.358747482299805,0.46132814359771146,38.552403880244434,2000,0.006756990882587464,-0.8743956498801708,-0.0006722185344187892,4539.822700500488,145334.4507533495
2551,5,489984000,9.368731498718262,0.46178126852585893,38.50974805901448,2000,0.007265402016744095,-0.8787270653992891,-0.0003212115889255074,4298.597503662109,144380.93169210912
2552,5,490176000,9.352622032165527,0.4608958584552359,38.51984631208082,2000,0.006589423063094728,-0.8820760231465101,-0.0007042247208914887,4537.874526977539,144743.16438110697
2553,5,490368000,9.3762788772583,0.4621510633720997,38.481409467446305,2000,0.0065677776088171715,-0.8837467674165964,-0.0007597593862556096,4685.503379821777,144370.7131700597
2554,5,490560000,9.356245994567871,0.4611458558956656,38.50142995081842,2000,0.005240571212819001,-0.8856676630675793,-0.0010528477273510362,4662.679092407227,144870.42941853366
2555,5,490752000,9.43924331665039,0.46522397956565936,38.518205418251455,2000,0.006507631034114942,-0.8880943432450294,-0.0011209349441969607,4248.511001586914,144239.32358206477
2556,5,490944000,9.313532829284668,0.45866669136012206,38.43323771841824,2000,0.00555733788566431,-0.893104325979948,-0.0006995513112997287,4538.643981933594,146544.14547221395
2557,5,491136000,9.34832763671875,0.46070835505937185,38.461920059441276,2000,0.006167460749430271,-0.8937440160661936,-0.0007716009035902971,5264.512756347656,145338.8590235661
2558,5,491328000,9.245295524597168,0.45547398501670006,38.53841248961786,2000,0.005554669257573551,-0.8930038847029209,-0.0013025647476752056,5051.109817504883,145771.09755204327
2559,5,491520000,9.359564781188965,0.4613802336940959,38.5225957557559,2000,0.0067940040001994925,-0.8931528367102146,-0.0008208049857785227,4854.918670654297,143427.65634938932
2560,5,491712000,9.320881843566895,0.45942710470869014,38.575327799345054,2000,0.006382107105959827,-0.8971073497086763,-0.0009573653537700011,5006.197540283203,143527.07395091033
2561,5,491904000,9.348376274108887,0.4607812741523958,38.498056028969586,2000,0.006819733487820485,-0.8982219006866217,-0.0008452222109553986,5395.035751342773,140012.27010787348
2562,5,492096000,9.313591003417969,0.4588906495907092,38.5369174250712,2000,0.007055895560013596,-0.9011860862374306,-0.0004400517009344185,4898.026458740234,96530.8823019063
2563,5,492288000,9.334814071655273,0.46009377126332157,38.50527579003634,2000,0.0063011965754364305,-0.9023017585277557,-0.0008271333681335591,4569.476142883301,100291.75577003384
2564,5,492480000,9.29331111907959,0.4577968975954718,38.455145754075296,2000,0.006968362266973903,-0.8988671433180571,-0.0002831018296092225,4958.525009155273,108533.0344939908
2565,5,492672000,9.312070846557617,0.4588125268922643,38.508147611282766,2000,0.005863912582795213,-0.8965619802474976,-0.0009160766380773566,4448.167869567871,120408.20949266422
2566,5,492864000,9.2937593460083,0.4579010630944443,38.53756322339177,2000,0.005719729211996309,-0.8972930796444416,-0.0008479438988615584,5073.578125,120740.82639634171
2567,5,493056000,9.431442260742188,0.46495835719179013,38.536289079114795,2000,0.005523150291546092,-0.8983892537653446,-0.0008027015292100259,4034.831855773926,142014.30150289845
2568,5,493248000,9.388646125793457,0.46272918844806554,38.429369194743536,2000,0.004885333384338689,-0.8983176946640015,-0.0014599560881833895,4465.610214233398,145076.4183861275
2569,5,493440000,9.36273193359375,0.4613229354084372,38.482960681430995,2000,0.005639670660661068,-0.8993065226823092,-0.000770673442275438,4477.7010498046875,144602.788474349
2570,5,493632000,9.329364776611328,0.45945835243825667,38.46641063783318,2000,0.006224470247330222,-0.8994032796472311,-0.0009179146638871316,4770.455535888672,145358.07185282247
2571,5,493824000,9.289888381958008,0.4576406427416562,38.52790359749148,2000,0.005607209803298853,-0.8984703831374645,-0.0012962722465772458,4696.777694702148,145017.5236116809
2572,5,494016000,9.293987274169922,0.45804689692704414,38.51726783501605,2000,0.005745868914624831,-0.8956133034080267,-0.0007310341779884766,5127.466339111328,146452.2119821013
2573,5,494208000,9.26395320892334,0.4564010604851016,38.56908458843827,2000,0.005568651853784103,-0.8930213879793882,-0.0012466856211403865,5058.494934082031,144959.79307091434
2574,5,494400000,9.38839054107666,0.46267710288763436,38.53203281473058,2000,0.0058301692726260325,-0.8935824651271105,-0.0010136528981092852,3780.8157272338867,146574.84475262684
2575,5,494592000,9.280049324035645,0.4572396032557056,38.48809421093514,2000,0.005729256370667523,-0.8960131239145994,-0.0011903068034371245,4722.098937988281,143917.26365661592
2576,5,494784000,9.350318908691406,0.4608854367506865,38.51620926319932,2000,0.005684479788731551,-0.8962478656321764,-0.0006313075131174628,4327.864418029785,145021.48909669733
2577,5,494976000,9.308361053466797,0.45860419122861157,38.58000765989224,2000,0.0059127287203057976,-0.894834266975522,-0.0013566043562605046,4779.901901245117,144003.88133439975
2578,5,495168000,9.349656105041504,0.46085418954741425,38.55174225196242,2000,0.007223983113809178,-0.8964919559657574,-0.0006918774633959401,4705.674713134766,145120.50707195472
2579,5,495360000,9.331584930419922,0.45988544079470256,38.559029307216406,2000,0.007827339005617735,-0.8991793990135193,-0.0006141249079973932,4405.281875610352,143889.62802051747
2580,5,495552000,9.30657958984375,0.4585364835620567,38.4266440110902,2000,0.0053269951613813945,-0.9010136034339666,-0.0010781233877423801,4820.239898681641,145547.1021643751
2581,5,495744000,9.324441909790039,0.459531270199174,38.54331284264723,2000,0.005116366026864853,-0.9026441667228937,-0.0011256455799752985,5172.651397705078,144124.17710228832
2582,5,495936000,9.334477424621582,0.4599583537995689,38.45487874684235,2000,0.005628088268286471,-0.9050183687359095,-0.0009302786949092479,4509.334663391113,145848.5972054808
2583,5,496128000,9.315126419067383,0.4590521043489086,38.553594053412475,2000,0.004867309792500843,-0.9093156177550554,-0.0010962193728119018,5016.349655151367,144371.1038647816
2584,5,496320000,9.279693603515625,0.45723960470907815,38.484893095990024,2000,0.006590573270795479,-0.9115958921611309,-0.000817806933355314,4696.296783447266,146569.30092553352
2585,5,496512000,9.206389427185059,0.4535364800261353,38.49138070813691,2000,0.0068747858026763425,-0.910734573379159,-0.0006126605308054422,5222.842712402344,144863.52750362264
2586,5,496704000,9.402243614196777,0.46348960760406044,38.47995247722914,2000,0.006689188156645589,-0.9089411627501249,-0.0005510004148163716,4404.750152587891,145988.88612415717
2587,5,496896000,9.314715385437012,0.45890627564767783,38.49903219783058,2000,0.005797586696203022,-0.9113412126898766,-0.0015797454268522415,4933.269729614258,144727.19688568663
2588,5,497088000,9.335177421569824,0.4600052253966472,38.511966462945566,2000,0.0065808890262997015,-0.9136393424123526,-0.0007542457515228307,4415.904159545898,146124.65207815284
2589,5,497280000,9.30452823638916,0.45859898179090425,38.54103236629938,2000,0.006542816991102882,-0.9149408675730228,-0.0006122510412751581,4444.26277923584,145127.04220607455
2590,5,497472000,9.332624435424805,0.45989585212798073,38.49108788867792,2000,0.0066609159237511146,-0.9142125900834799,-0.0004868024811912619,4578.597442626953,145665.4713734667
2591,5,497664000,9.319812774658203,0.45920835387793585,38.502910205473505,2000,0.004953223143995274,-0.9132030718028545,-0.0013779590763078886,5176.564926147461,145070.99905617404
2592,5,497856000,9.33927059173584,0.4602916804215056,38.54614087752998,2000,0.006130063461159201,-0.916197320446372,-0.000630421496452982,5149.030914306641,145257.54629154463
2593,5,498048000,9.347396850585938,0.4607500247069159,38.49343818115691,2000,0.004900606457114918,-0.9167867656797171,-0.0009418958815388123,4738.23713684082,144817.92246614865
2594,5,498240000,9.29052734375,0.45778127525166684,38.52560649625957,2000,0.004862922653420052,-0.9197556190192699,-0.0012187834900032612,5312.442474365234,145426.6368720788
2595,5,498432000,9.366562843322754,0.461546899083866,38.41438410462191,2000,0.008301613832076934,-0.9193192012608051,-0.00033020701107489003,4585.697692871094,144485.6612771443
2596,5,498624000,9.334077835083008,0.4599375186783921,38.504124609869905,2000,0.005891080922233716,-0.9170394446700811,-0.0007301142795768101,4736.424850463867,145807.3155393475
2597,5,498816000,9.303535461425781,0.4582760658001159,38.562031033448875,2000,0.004899589383853405,-0.9183660019189119,-0.0013758639479419799,4568.264465332031,144494.87638324714
2598,5,499008000,9.382325172424316,0.46235418880617846,38.52853715023957,2000,0.0057301982259911404,-0.9214619845151901,-0.0013875338822799677,4549.774566650391,144877.37747257788
2599,5,499200000,9.356596946716309,0.4611718935836204,38.50099220103584,2000,0.00556107950010725,-0.9210815541446209,-0.0011158777906530304,4711.040756225586,144196.193772355
2600,5,499392000,9.367520332336426,0.46159377243263106,38.4939415641129,2000,0.005523920611594804,-0.9203263092786074,-0.0011864043725609008,4983.650924682617,145373.04326947083
2601,5,499584000,9.375388145446777,0.46221877319658233,38.54058573084573,2000,0.005416149605851388,-0.9202615022659302,-0.0009258556303848309,4508.931213378906,143434.74882569016
2602,5,499776000,9.419007301330566,0.4641198139906919,38.38959096201385,2000,0.005744405593761864,-0.9190622419118881,-0.0008507746451869025,4846.952178955078,143571.02424329688
2603,5,499968000,9.372255325317383,0.46177606714263675,38.4508409605672,2000,0.0070595854654675345,-0.9181343112140894,-0.0008984836380250272,4498.68635559082,145356.60021231722
2604,5,500160000,9.350723266601562,0.46088543551923067,38.591378536075354,2000,0.006608000820832482,-0.9191238954663277,-0.0005194252779858743,4646.966506958008,139500.54124042141
2605,5,500352000,9.257956504821777,0.4560260608044094,38.464464866245784,2000,0.005398036751692416,-0.9218488782644272,-0.0008864801566232927,4987.884140014648,142072.52818453123
2606,5,500544000,9.345043182373047,0.46049480908974755,38.55484480162462,2000,0.0050703603826308,-0.9251133892685175,-0.0012793916066584643,4846.738265991211,140766.67210178814
2607,5,500736000,9.272730827331543,0.45696877182854223,38.4977206500868,2000,0.006012589274721298,-0.927861325442791,-0.0007440823383149109,5460.415054321289,142276.0027607916
2608,5,500928000,9.443638801574707,0.4654166939859958,38.52528169595947,2000,0.00518922728447554,-0.9291539713740349,-0.0009428925587258163,4542.350982666016,141069.75183931735
2609,5,501120000,9.36865520477295,0.4617916890250247,38.52257529770335,2000,0.006027453006167586,-0.93189837038517,-4.748492364115009e-05,4977.831085205078,142227.13854217864
2610,5,501312000,9.256926536560059,0.45613023333862657,38.551551600918174,2000,0.0068798309496487485,-0.9336364697664976,0.00025684022693894804,5218.296630859375,142388.51650565764
2611,5,501504000,9.377883911132812,0.4622291894362813,38.61766700198253,2000,0.006991480773198418,-0.9329117611050606,-0.0008696792648379414,4648.054794311523,140300.18688092654
2612,5,501696000,9.403306007385254,0.46350001887428033,38.46832450188231,2000,0.007409701520150217,-0.9324685130268335,-3.145782375213457e-05,4608.453201293945,142052.99081269756
2613,5,501888000,9.315286636352539,0.45893230998141615,38.54120404894153,2000,0.006697013845667243,-0.9351037256419659,-0.0003647107423603302,4382.458625793457,138280.25102627143
2614,5,502080000,9.317733764648438,0.45921356782127987,38.497597857688866,2000,0.00533176835156822,-0.9359590820968151,-0.0006849802443866793,4947.08203125,141703.21279116132
2615,5,502272000,9.308810234069824,0.4587604379133457,38.51252603689985,2000,0.005599720144232075,-0.9343069475144148,-0.00033545026872161543,4812.123397827148,140947.99130425014
2616,5,502464000,9.320799827575684,0.45953647537620174,38.56270326022059,2000,0.007534041757695377,-0.9339138716459274,-0.000605753509717033,5188.622573852539,142642.90987139143
2617,5,502656000,9.353835105895996,0.46110419542189146,38.53108176740352,2000,0.005812473693707337,-0.9355420656502247,-0.0012012390689051244,4919.680252075195,142240.45449817338
2618,5,502848000,9.401456832885742,0.46340627667268564,38.445293975547735,2000,0.005594805981963873,-0.9383858814835548,-0.000971186634615151,4957.519943237305,145203.60206206518
2619,5,503040000,9.306680679321289,0.45871356292870286,38.572914553185306,2000,0.004462182595258734,-0.9413934368640184,-0.00136057758163588,5017.777740478516,146072.38972242636
2620,5,503232000,9.349152565002441,0.46079169014835014,38.51806838593135,2000,0.004717136659790413,-0.9460178278386593,-0.0011341527788317762,4651.542572021484,144545.4284041683
2621,5,503424000,9.410502433776855,0.4636302295063312,38.5259061018005,2000,0.004942172012277297,-0.9488075878471136,-0.000539332506377832,4788.444915771484,145685.5807095351
2622,5,503616000,9.276236534118652,0.4571718950828654,38.544562208776675,2000,0.005128362080819594,-0.9466009698808193,-0.0008357606775462045,5374.04328918457,144370.2633082113
2623,5,503808000,9.319254875183105,0.4591979393608199,38.500707782804966,2000,0.005156672464863126,-0.9452052880078554,-0.00109378253819159,4788.522811889648,145584.85261205505
2624,5,504000000,9.327821731567383,0.4596666851302871,38.53560405224562,2000,0.005882613123869911,-0.9471662826836109,-0.0008533602613169933,4733.446426391602,145068.14479903472
2625,5,504192000,9.296106338500977,0.4581510625442509,38.545889948960394,2000,0.005252137329468193,-0.9487096667289734,-0.0016320642571372446,4800.142349243164,146080.91340780724
2626,5,504384000,9.274113655090332,0.4570000217233125,38.500879639294,2000,0.005346705447513766,-0.9477142877876759,-0.0010334418689126323,5286.349380493164,145568.96685420067
2627,5,504576000,9.312288284301758,0.45894272695598676,38.513035556922354,2000,0.005830277825123631,-0.9448463879525661,-0.0008790103083811118,5025.551544189453,143317.35632234922
2628,5,504768000,9.320037841796875,0.45922398311631696,38.4829770407329,2000,0.006720422911030861,-0.9437655881047249,-0.0007276672305351894,5160.971008300781,140800.49774802852
2629,5,504960000,9.314493179321289,0.4591510561112955,38.59153229991595,2000,0.0057841459264988465,-0.944927241653204,-0.0010047168457276712,5052.2923583984375,141463.5989418842
2630,5,505152000,9.374269485473633,0.46206251927894,38.57332529872656,2000,0.006420332764091048,-0.9455784410238266,-0.0003801383554673521,4291.1982421875,143050.84413116373
2631,5,505344000,9.363245010375977,0.46159377707833,38.55327708274126,2000,0.006954191574516396,-0.9453306179493666,-2.087966277031228e-05,4546.855712890625,140717.43789009115
2632,5,505536000,9.326650619506836,0.4595885596275669,38.508342326929174,2000,0.006663696441275534,-0.9468028899282217,-0.001193460791000689,4925.2406005859375,141990.70774125855
2633,5,505728000,9.320558547973633,0.4591458521348007,38.517151849654816,2000,0.006179358812184849,-0.9503157548606396,-0.0012372565364557886,5085.012023925781,142861.68286360888
2634,5,505920000,9.313935279846191,0.4589791870639601,38.58907698405286,2000,0.005410113549461433,-0.9532759170979261,-0.0007178653750088415,5228.350250244141,142586.73644942418
2635,5,506112000,9.26137638092041,0.4563333589255005,38.548331098010145,2000,0.006089191909365278,-0.9553500879555941,-0.0012479384222388035,5000.291168212891,143672.931985081
2636,5,506304000,9.357766151428223,0.46110419273645675,38.4666823404065,2000,0.006222322931687813,-0.9568722508847713,-0.0006625152418564539,4474.644561767578,144588.30127907827
2637,5,506496000,9.426094055175781,0.4643229419501343,38.47849203359025,2000,0.005509687360104484,-0.9611739907413721,-0.0009924980058713118,4453.23299407959,144904.59136437648
2638,5,506688000,9.358542442321777,0.4611718987422743,38.46007515272746,2000,0.006961410563768974,-0.9631361868232489,-0.00027809365246866946,4995.740005493164,144370.12272774844
2639,5,506880000,9.272672653198242,0.4568802304675046,38.482661926808454,2000,0.008038046257259946,-0.9651591908186674,-0.0003261155907239299,5354.160995483398,143514.92236374557
2640,5,507072000,9.360669136047363,0.46114064928830584,38.47215636710947,2000,0.005878511848267711,-0.9669595696032047,-0.0011365846257831436,4393.186264038086,143260.85557275164
2641,5,507264000,9.263289451599121,0.4565052298930823,38.462093946523964,2000,0.005917161781748291,-0.9692896921187639,-0.0009334965563994047,4862.340881347656,145014.19688340888
2642,5,507456000,9.400985717773438,0.46344272523795854,38.47510291589424,2000,0.007592550353826178,-0.9695549663156271,-2.8261772513360484e-05,4825.548797607422,143235.44236818113
2643,5,507648000,9.361536026000977,0.46132293703582644,38.50720494318133,2000,0.006881196283347284,-0.9711642693728209,-0.0009304817685915623,4450.243988037109,144759.76612995824
2644,5,507840000,9.340070724487305,0.4604010613808593,38.573025713674724,2000,0.006417759771856557,-0.9741921629756689,-0.0009316293767369643,3867.656707763672,143839.02151436656
2645,5,508032000,9.336349487304688,0.46016148572319554,38.52385433972813,2000,0.006450529515820866,-0.9804960694164038,-0.0007689710990916865,4707.117858886719,144870.67995807366
2646,5,508224000,9.416823387145996,0.46421877205769607,38.48137132202586,2000,0.006294953986226271,-0.9831002205610275,-0.000996082592791936,4199.491943359375,141321.82632216855
2647,5,508416000,9.334453582763672,0.46004169433035713,38.46273007880276,2000,0.006418922367243795,-0.9844643659889698,-0.0008680028283833963,4673.817291259766,144198.18511937067
2648,5,508608000,9.283927917480469,0.45743231498818204,38.50271469370151,2000,0.00755155439376055,-0.9860981795936823,-0.00024786328549453174,4997.571701049805,141673.01293539064
2649,5,508800000,9.339920043945312,0.46039064408675284,38.59367887489498,2000,0.007299901294803324,-0.9905662145465612,-0.0005245587244644412,4836.99040222168,137909.86026826096
2650,5,508992000,9.337067604064941,0.4600677320583297,38.49476162196758,2000,0.005332623648049775,-0.9952365159988403,-0.001075500882052438,4338.34561920166,141467.89320236276
2651,5,509184000,9.391915321350098,0.4627031422727062,38.41101890181502,2000,0.005821439502042874,-0.9987868219614029,-0.0006907735387358116,4384.6671142578125,144441.7492353611
2652,5,509376000,9.275639533996582,0.45710938960534503,38.501803772630716,2000,0.005433227637375239,-1.0009122174233198,-0.0010610936642478919,4549.7055740356445,142383.27099372455
2653,5,509568000,9.383085250854492,0.46243231638921617,38.52570600807667,2000,0.0065763373879017305,-1.0031711868941784,-0.0007989390860529966,4601.3918533325195,142829.090330282
2654,5,509760000,9.417986869812012,0.46413543786790495,38.545947657587625,2000,0.009125695695169269,-1.004775371402502,0.00020380096202643472,4557.208831787109,144540.64158726367
2655,5,509952000,9.365406036376953,0.4616041881114749,38.54788438882679,2000,0.007229837986679437,-1.0062190927565098,-0.00022412032012653071,4709.721176147461,143454.17351156063
2656,5,510144000,9.321895599365234,0.45940627180304244,38.5028614156569,2000,0.007026228211121634,-1.0081482119858265,-0.00046784598862359417,4723.921325683594,144737.18476537868
2657,5,510336000,9.39286994934082,0.4630937735194796,38.5923917517066,2000,0.005987911481895329,-1.0096185728907585,-0.00095209995379264,4509.735305786133,140205.48779199316
2658,5,510528000,9.445819854736328,0.4654739769424244,38.473922145863376,2000,0.005924759835761506,-1.012632817029953,-0.0008581315214541974,4157.516761779785,141422.66884022558
2659,5,510720000,9.229630470275879,0.4548646019896599,38.506942613981664,2000,0.006360140027109689,-1.0173771865665913,-0.0005947293029748835,4973.176010131836,139824.7163742739
2660,5,510912000,9.365050315856934,0.46141668526737095,38.41100566647947,2000,0.007464176523470087,-1.0193434022367,-0.0001967089585264148,4758.507247924805,141487.4598152977
2661,5,511104000,9.286360740661621,0.4575677254421559,38.488493633146085,2000,0.007318031178709741,-1.0198379755020142,-0.00013966003825771622,5258.393112182617,140622.20383067618
2662,5,511296000,9.330010414123535,0.4599635592021514,38.62854793481529,2000,0.005773598065425176,-1.0193187221884727,-0.001342256821999399,4961.851821899414,139653.8391543221
2663,5,511488000,9.225062370300293,0.4546510648948849,38.64402192334334,2000,0.006349633805725413,-1.01871532574296,-0.0006848463497135526,5096.532516479492,140035.68920271785
2664,5,511680000,9.294490814208984,0.457869816863725,38.48706838845586,2000,0.0059947594688565,-1.0202993229031563,-0.0007229381999422912,5494.134811401367,139095.84859804888
2665,5,511872000,9.360299110412598,0.4613541893158981,38.50948723747084,2000,0.006529657253364955,-1.021191317588091,-0.0004707815278379712,5000.65495300293,140309.72777497047
2666,5,512064000,9.411601066589355,0.4638958611194539,38.55695523302226,2000,0.006826666523023353,-1.0221945233643055,-0.0009755216747180384,4535.806411743164,140416.10858512667
2667,5,512256000,9.334455490112305,0.45998440477039065,38.494225866782166,2000,0.006274828014541223,-1.027938336133957,-0.001202707406719128,4385.864059448242,141692.4083829031
2668,5,512448000,9.367003440856934,0.46170314571221144,38.47944322321564,2000,0.0063312697595101775,-1.0313297025859356,-0.0005313562742230715,4775.294204711914,142897.78324384367
2669,5,512640000,9.29893970489502,0.4582864790293873,38.5165323500211,2000,0.006292346590819458,-1.0273179933428764,-0.001026513114993577,5248.574432373047,141087.21497660902
2670,5,512832000,9.333369255065918,0.4600260629576951,38.51654745995378,2000,0.006078788507050679,-1.025563981384039,-0.0010613848971843254,4414.303649902344,144581.29665693024
2671,5,513024000,9.408147811889648,0.463729185684618,38.4797447383365,2000,0.005118204125324459,-1.02577755600214,-0.0005973480338070658,4759.520568847656,142951.62824571278
2672,5,513216000,9.414765357971191,0.4641198096427009,38.54465285191933,2000,0.006343403458410952,-1.0246614664793015,-0.0010308325627192971,4300.002700805664,141475.77903365865
2673,5,513408000,9.30280590057373,0.45824481102742237,38.48083854559809,2000,0.004766903140892585,-1.0254265666007996,-0.0012583952166096424,4844.507186889648,142325.55341901997
2674,5,513600000,9.369040489196777,0.46165106400076183,38.460546254490815,2000,0.006142423444088005,-1.024744387716055,-0.001196886315028678,4158.95524597168,143477.78666313677
2675,5,513792000,9.281709671020508,0.45739064375447924,38.48897637686847,2000,0.005425692213107443,-1.0237436331808567,-0.0012870506716353702,4960.100631713867,142377.54726528516
2676,5,513984000,9.29904842376709,0.45821356086707965,38.54515399659673,2000,0.005129330109028767,-1.0231778509914875,-0.0010420216660804726,5101.606521606445,143779.80278057602
2677,5,514176000,9.461309432983398,0.4664323091067975,38.52097487760087,2000,0.005702497325165799,-1.0255031026899815,-0.0013054133032710524,4444.621803283691,144371.7759493234
2678,5,514368000,9.282614707946777,0.45751043653823825,38.50645932663853,2000,0.005768408381132758,-1.0277016051113605,-0.0012368089921892533,4981.690414428711,143812.82035031318
2679,5,514560000,9.416699409484863,0.4642604392853779,38.539710099653654,2000,0.005438043887348613,-1.032062578946352,-0.0010646152131812414,4540.680953979492,143348.92652050138
2680,5,514752000,9.359743118286133,0.4612708514293142,38.48694631891946,2000,0.00523653705023753,-1.0341648757457733,-0.0012338394408288877,4696.668121337891,142045.1464279095
2681,5,514944000,9.341351509094238,0.4603385655985524,38.52987119245032,2000,0.007525981402029478,-1.031857393682003,-0.00021578922597598194,4858.037567138672,141129.07052084824
2682,5,515136000,9.355752944946289,0.46116147327302315,38.5558653222397,2000,0.0072251086447310325,-1.0320426896214485,-0.0006113170602475293,4640.910125732422,142158.47477894704
2683,5,515328000,9.396175384521484,0.46301564460797334,38.495287515843906,2000,0.005524036776487871,-1.0306777842342854,-0.0009779452193470206,5010.943664550781,143378.35507469004
2684,5,515520000,9.379992485046387,0.4621875186397422,38.48639844249313,2000,0.005455161927762674,-1.034054420888424,-0.000992417191810091,4710.912414550781,143469.10327399694
2685,5,515712000,9.337868690490723,0.4602448111497021,38.49261203656594,2000,0.005070195757551119,-1.03633451461792,-0.001519057321274886,4507.916549682617,144711.047284017
2686,5,515904000,9.356427192687988,0.4611146024908521,38.52037472339968,2000,0.005102851720148464,-1.03919767588377,-0.0009241134198418877,4637.39973449707,143046.77498844036
2687,5,516096000,9.231407165527344,0.45508335264639754,38.55197615611056,2000,0.005707520192818871,-1.0448407270014286,-0.0005027460720157251,5054.712799072266,141607.92536173406
2688,5,516288000,9.34996223449707,0.46077606547745137,38.46475633730491,2000,0.006767595404574726,-1.0459786131978035,-0.00038250016541496734,4996.180358886719,140105.27490081315
2689,5,516480000,9.41302490234375,0.4641406514698853,38.56843433342874,2000,0.00518494265723469,-1.046444296836853,-0.0009992093604296315,5096.836532592773,142345.0789926673
2690,5,516672000,9.345342636108398,0.46058335273725487,38.5230551045388,2000,0.005293527315739387,-1.0473933555185795,-0.001260153144812648,4984.987609863281,144235.05467648958
2691,5,516864000,9.276042938232422,0.4570052312877427,38.5000978782773,2000,0.006095295318431454,-1.0491137728095055,-0.0010105976707563968,5112.189376831055,143319.8920780673
2692,5,517056000,9.307646751403809,0.4586927286060624,38.587592717434745,2000,0.007585043511809393,-1.0510490462183952,-0.00037667832384613575,4752.191589355469,144308.5028636504
2693,5,517248000,9.374113082885742,0.4621354402376407,38.53122531746825,2000,0.0064357503125017194,-1.0554852820932865,-0.0003559272613529174,5168.220352172852,142221.06074996703
2694,5,517440000,9.325353622436523,0.4595468993866234,38.57648122558991,2000,0.006001237492727038,-1.056797068566084,-0.0009634248785914679,4664.624588012695,143939.3528084704
2695,5,517632000,9.309629440307617,0.4586979367807847,38.50854044727748,2000,0.0056900089988242445,-1.0564765147864819,-0.0007846251305636542,4815.173782348633,143441.19602414948
2696,5,517824000,9.316498756408691,0.45911459936299553,38.53054249597093,2000,0.005190193473807691,-1.0570409260690212,-0.0011009952249878552,4861.607421875,144215.45143069737
2697,5,518016000,9.414592742919922,0.4641458504568921,38.52711643713216,2000,0.005599082888943182,-1.0592211857438087,-0.0005669573706654774,4779.764709472656,143180.38055505682
2698,5,518208000,9.322269439697266,0.4593906506494629,38.49051198848368,2000,0.0056854407653639406,-1.0590034909546375,-0.0010669294497347437,5190.290283203125,144901.2678453197
2699,5,518400000,9.280679702758789,0.45732814396554505,38.45042175349469,2000,0.006106851770853003,-1.0582277290523052,-0.0008848173520163982,5275.156555175781,141847.19630773854
2700,5,518592000,9.367919921875,0.4615833598278793,38.556478925049305,2000,0.0055282917901737765,-1.0595090053975582,-0.0006948502013983671,4578.8719482421875,143684.67733012614
2701,5,518784000,9.335119247436523,0.4600781449498754,38.48483623905728,2000,0.005846858375802792,-1.0610217936336994,-0.0003173907016389421,4546.255859375,142994.3842709132
2702,5,518976000,9.425522804260254,0.4646458567391771,38.53790716889004,2000,0.0055851761956970825,-1.0639550164341927,-0.000584727728494272,4771.431121826172,144551.60364344626
2703,5,519168000,9.340509414672852,0.4603489791825268,38.53842098327974,2000,0.005513446535391268,-1.0663578025996685,-0.0008098366524791345,4507.5928955078125,143762.12436321998
2704,5,519360000,9.224847793579102,0.4543593968883215,38.60252100105087,2000,0.005470858387144593,-1.0696441307663918,-0.0011533318502188195,4932.004913330078,144622.5517433502
2705,5,519552000,9.389388084411621,0.46280731373371964,38.55459673516452,2000,0.004772762747268037,-1.0716924741864204,-0.0010092199881910346,4676.101898193359,142742.52124856235
2706,5,519744000,9.34514331817627,0.46044794139440154,38.512240746989846,2000,0.006184254722126449,-1.0745667591691017,-0.001195954538729893,4968.677093505859,144131.03362976594
2707,5,519936000,9.275728225708008,0.45698439252373646,38.52215458173305,2000,0.005654234457023752,-1.0765599496662617,-0.0009667030403761601,5102.26301574707,143383.68069858046
2708,5,520128000,9.377525329589844,0.4622604363764064,38.46966984355822,2000,0.005173725255997852,-1.0782633125782013,-0.0008091414338196046,4568.889686584473,144663.91137111877
2709,5,520320000,9.371543884277344,0.461942733295776,38.52090100121374,2000,0.006733815822818239,-1.0807351619005203,-0.0009202632641063246,4650.316741943359,143205.8795439226
2710,5,520512000,9.318816184997559,0.45925002240195073,38.551453445106745,2000,0.004923494467540876,-1.082246970385313,-0.0009102773606173287,4830.251052856445,144161.77462866544
2711,5,520704000,9.301390647888184,0.4584635618630273,38.50531743528942,2000,0.005864142343736603,-1.08247634395957,-0.001130376383116527,5087.822052001953,143548.03635151923
2712,5,520896000,9.317630767822266,0.459072940442032,38.53677145461552,2000,0.005232008501809711,-1.0831076465547085,-0.001162649448360753,4882.655746459961,144387.6210202697
2713,5,521088000,9.3955078125,0.4629062720402241,38.549164314443864,2000,0.005377465753185485,-1.0840469524264336,-0.0007613877751282416,5049.185897827148,142972.0692084204
2714,5,521280000,9.329530715942383,0.4598489829216608,38.5828616352131,2000,0.0054918014579889134,-1.0882643088698387,-0.0014894469691171253,4980.499710083008,144839.71272416852
2715,5,521472000,9.400408744812012,0.4632396054403216,38.53137879880766,2000,0.007990150640844755,-1.088357888162136,0.00010531172210903605,4861.618118286133,143345.08387069523
2716,5,521664000,9.338948249816895,0.46026044571105257,38.55339841529106,2000,0.009841583023119407,-1.0868761502206326,0.0006888732305014855,4835.951599121094,144373.1602978956
2717,5,521856000,9.316339492797852,0.45918752263908874,38.54053600388579,2000,0.005541685599309858,-1.0883188806474209,-0.0009627203507989179,4915.8382568359375,144159.90757636982
2718,5,522048000,9.448354721069336,0.46552085288264305,38.48849550789843,2000,0.00619469732195527,-1.0903157070279121,-0.001274669079123214,4211.978569030762,144099.02048967002
2719,5,522240000,9.36199951171875,0.4613698124291356,38.481200681378446,2000,0.006070397068368039,-1.0909825153648853,-0.0012846119018377067,4642.749801635742,143194.71416853977
2720,5,522432000,9.329594612121582,0.4596562730621372,38.51318061724305,2000,0.006009201557375491,-1.094461902976036,-0.0010690022360506646,4573.363502502441,144037.5975220165
2721,5,522624000,9.310681343078613,0.45861981049529277,38.49788283149246,2000,0.007215274152035514,-1.0969451144337654,-0.00042301926305299276,4984.601989746094,144088.21184609918
2722,5,522816000,9.38247299194336,0.4623333587696834,38.461058692385755,2000,0.0063280043238773944,-1.100153386592865,-0.0007227997523386875,4690.786834716797,144382.7328158176
2723,5,523008000,9.248291969299316,0.4554948104578216,38.458005757129285,2000,0.0061163139106744585,-1.1022773832082748,-0.0003175585250687618,5443.919662475586,144698.43496394184
2724,5,523200000,9.318370819091797,0.4591510618962881,38.52075180310445,2000,0.0062643038840906225,-1.105035625398159,-0.0005882272553208168,4625.595565795898,144007.7149996521
2725,5,523392000,9.337259292602539,0.4600364746723547,38.48789919633418,2000,0.006820053711145495,-1.1068234406411648,-0.0006267845756156021,4477.697227478027,144519.5175345738
2726,5,523584000,9.348488807678223,0.46082294088713144,38.52580813318491,2000,0.006529696740947354,-1.1054524779319763,-0.0005771774494860438,4847.237747192383,143298.27540412472
2727,5,523776000,9.23709774017334,0.4552343947798363,38.50456681350867,2000,0.005411916204330434,-1.1055769100785255,-0.0008339902606167016,5425.275039672852,145186.71380357578
2728,5,523968000,9.377212524414062,0.4620625221214141,38.53328523466674,2000,0.00496721792963217,-1.1087923310697079,-0.0009563041266460459,4580.720458984375,143951.03566900743
2729,5,524160000,9.305703163146973,0.45849481017770205,38.5623529329896,2000,0.0055335371344505495,-1.1102196648716927,-0.0009125201982556064,4946.274810791016,144546.84786398438
2730,5,524352000,9.400127410888672,0.4631302239049546,38.49641618039459,2000,0.0062239832036818064,-1.110645905137062,-0.001404916054525529,4308.617332458496,143862.60696432428
2731,5,524544000,9.410881042480469,0.4639114757186083,38.5270521864295,2000,0.0070857031334502,-1.1164187267422676,-0.0007082810011524998,4325.735778808594,144375.05242342886
2732,5,524736000,9.427887916564941,0.46480731083102,38.51097524600724,2000,0.006662658543636402,-1.1181740798056126,-0.0010513604871675852,4454.8154220581055,143824.85868017492
2733,5,524928000,9.370060920715332,0.4617708629515012,38.52482437505387,2000,0.007607268496843365,-1.1168853044509888,-6.420785916816385e-05,4534.642929077148,144341.1286087255
2734,5,525120000,9.431276321411133,0.4650104350021138,38.56040680967271,2000,0.005835748648562003,-1.1170062460005283,-0.0007949050736897334,4720.143356323242,145160.76041999247
2735,5,525312000,9.265711784362793,0.45648960388522636,38.49349446594715,2000,0.005332215256028576,-1.1174959503114223,-0.0010404383101558778,4676.817031860352,144885.23538673908
2736,5,525504000,9.293478012084961,0.4578958574135565,38.505321440907814,2000,0.0051928122477838765,-1.117836620658636,-0.0011561935962163261,5205.9534912109375,144876.92904189223
2737,5,525696000,9.374908447265625,0.46200002505975135,38.54047189594712,2000,0.005232120993353116,-1.1185915395617485,-0.0011335417066220543,4622.332069396973,143571.87226649027
2738,5,525888000,9.435029029846191,0.46513022715407715,38.58261333530148,2000,0.004680167080373697,-1.1185980923473835,-0.0010928394885922899,4525.889099121094,144195.88600125458
2739,5,526080000,9.422744750976562,0.46440106218688015,38.51420093110452,2000,0.005695450229977724,-1.1188154928386211,-0.0007849137247148974,4488.292289733887,143365.1187542974
2740,5,526272000,9.378314971923828,0.4623073192184772,38.50972264663627,2000,0.006752225140129061,-1.1224966533482075,-0.0006191336669871816,4429.353515625,144263.70301202277
2741,5,526464000,9.427759170532227,0.46475523573887284,38.52925497588391,2000,0.0055174071163831585,-1.1275135017931461,-0.0010111155220329238,4445.518615722656,143181.93936722857
2742,5,526656000,9.382302284240723,0.4624791893129441,38.57195401843637,2000,0.005868708246892008,-1.131430473178625,-0.00026953725523526373,4632.493209838867,144395.51896290886
2743,5,526848000,9.375944137573242,0.46200002173281973,38.50529645771409,2000,0.005375952101681226,-1.1328013315796852,-0.0009599161921869381,4526.333534240723,143667.0543305639
2744,5,527040000,9.400734901428223,0.46333856484973995,38.55392653557161,2000,0.005380205304245465,-1.133099488914013,-0.0006444472633120313,4552.055320739746,145203.39747825047
2745,5,527232000,9.391891479492188,0.46289064259387186,38.433284246983625,2000,0.0058414314057445155,-1.1333112753927708,-0.0005620439583253756,4474.703338623047,143456.59845735994
2746,5,527424000,9.351029396057129,0.46073439366470365,38.4658300812977,2000,0.005609175647133573,-1.1355466730892658,-0.0009110204559874546,4888.231430053711,144548.8293186459
2747,5,527616000,9.31710433959961,0.4592448146164922,38.4797651655972,2000,0.00541927822001162,-1.137233231216669,-0.00019424071228968387,4826.709579467773,142822.88991341408
2748,5,527808000,9.308728218078613,0.4587812703005814,38.50455102371052,2000,0.0071628465542938405,-1.1382105834782124,-0.0007227096066344529,4995.795700073242,144804.06420654905
2749,5,528000000,9.430656433105469,0.46485418103596504,38.46466836137309,2000,0.006036813803046243,-1.1408907994627953,-0.0009807314427234815,4512.552215576172,143180.62966166445
2750,5,528192000,9.309652328491211,0.45870314411816554,38.593447955325246,2000,0.0063611327027513955,-1.1442627273499966,-0.00070943257583167,5047.022430419922,144934.76371281134
2751,5,528384000,9.374137878417969,0.4621302286802044,38.61136623906592,2000,0.004917878117625757,-1.1454914696514606,-0.0014341385422085295,4650.614822387695,143012.4365909731
2752,5,528576000,9.291226387023926,0.45793751672439004,38.522624736341335,2000,0.0049611338053509825,-1.1482423804700375,-0.0013911628902860684,5093.803634643555,144586.30861444227
2753,5,528768000,9.370328903198242,0.462015648083252,38.61654437581698,2000,0.005709162018242447,-1.1490816958248615,-0.0010078214859277068,4733.620880126953,143382.5452567261
2754,5,528960000,9.285478591918945,0.4575260675962151,38.5147902945367,2000,0.00546558122887897,-1.1514566093683243,-0.0010693251738302934,5373.363220214844,145488.03503664373
2755,5,529152000,9.341094017028809,0.46035418792659283,38.48073427022124,2000,0.006144844101324755,-1.153285525739193,-0.000870729649363966,4891.779739379883,143446.3536662454
2756,5,529344000,9.35789680480957,0.46126564268221654,38.54873256850988,2000,0.005434275990449048,-1.1554236449301243,-0.0011445266029568302,4967.419708251953,144701.07806181855
2757,5,529536000,9.267937660217285,0.45683335329461744,38.514180794823915,2000,0.005295214934555891,-1.1558656953275204,-0.0006663768092494138,5565.747604370117,145058.1056098231
2758,5,529728000,9.261759757995605,0.4565937758828416,38.56748426705599,2000,0.004986563664890127,-1.15794051066041,-0.0008673197153257206,5489.926834106445,144051.8316880019
2759,5,529920000,9.157629013061523,0.4511093956364978,38.52776634211963,2000,0.006633731218413838,-1.1593228429555893,-0.0005920067314946209,5485.982711791992,145051.97413920157
2760,5,530112000,9.350661277770996,0.46079690203259815,38.53569065965712,2000,0.006444732449939086,-1.1600683256983757,-0.0005787520021840464,4902.6207275390625,143517.9408879288
2761,5,530304000,9.443459510803223,0.46546877269004955,38.43008497885118,2000,0.006292489052420327,-1.162854678928852,-0.0006803840087741264,4259.763336181641,144413.65243861516
2762,5,530496000,9.288519859313965,0.45757293809037947,38.54946646218499,2000,0.006856618904314625,-1.1663987375795841,-0.0003807725697697606,5314.343902587891,143605.6051215881
2763,5,530688000,9.273419380187988,0.4568646022435132,38.51722299431761,2000,0.005594347293217046,-1.1675930060446262,-0.0008285856738439179,4598.760055541992,144609.82883072973
2764,5,530880000,9.227611541748047,0.4545781441762908,38.55542806784312,2000,0.005544879119038039,-1.1688188090920448,-0.0005740552505812957,4847.531707763672,143363.56376783914
2765,5,531072000,9.286911010742188,0.4577708568952706,38.53713737831762,2000,0.006449316622010277,-1.170032549649477,-0.0005656686553265899,4234.076057434082,144360.2347278554
2766,5,531264000,9.298162460327148,0.45818752235815435,38.53474166647842,2000,0.005727315301405422,-1.170955277979374,-0.0009011864212880027,5329.36262512207,143792.81662352008
2767,5,531456000,9.43262767791748,0.4649896097659318,38.502710519979395,2000,0.004586076390609378,-1.1711622029542923,-0.0013945408254585345,4738.315155029297,145301.65619044888
2768,5,531648000,9.374999046325684,0.46181772935718374,38.503470332051315,2000,0.00519072739337571,-1.172565907239914,-0.0014020008047737065,4676.686813354492,143421.1352679349
2769,5,531840000,9.414851188659668,0.46418752258614404,38.55958871046702,2000,0.006228744538869554,-1.1755369678139687,-0.000993242799268046,4367.589736938477,144869.9789534646
2770,5,532032000,9.33775520324707,0.4601510637742952,38.544968551645674,2000,0.005722890638920944,-1.1760662160813808,-0.0005208597849559737,5146.664352416992,143860.13249124167
2771,5,532224000,9.290578842163086,0.45792710178890655,38.51845586361984,2000,0.004841816535627003,-1.1763375252485275,-0.0011077042909164447,5118.345840454102,145003.17867852372
2772,5,532416000,9.314559936523438,0.4589739769744483,38.527472273136176,2000,0.005898169451926757,-1.1747542172670364,-0.0011745590497298508,4956.488464355469,143741.50691740753
2773,5,532608000,9.388877868652344,0.4627239786465604,38.49051054070393,2000,0.006391206963356429,-1.1753695793449879,-0.0013169601709250855,4930.264450073242,144785.26634908424
2774,5,532800000,9.255505561828613,0.4558854359608328,38.50369891958932,2000,0.005985451570498602,-1.1806456670165062,-0.0006920223727320263,5737.996688842773,143384.27380146194
2775,5,532992000,9.287928581237793,0.4577656434369904,38.5205191851904,2000,0.005493085363743982,-1.183873038738966,-0.0013622601900351583,4952.874786376953,144679.7980691872
2776,5,533184000,9.287640571594238,0.4577343940139447,38.56195781131586,2000,0.004473920892836759,-1.1857412904500961,-0.0010217000226475648,5265.030654907227,143290.92286152288
2777,5,533376000,9.266862869262695,0.4565364748923457,38.426742423946656,2000,0.005687520184495952,-1.1868221014738083,-0.0014054550038054003,5272.224655151367,144893.6061050503
2778,5,533568000,9.374959945678711,0.46205731464033306,38.48972415893028,2000,0.006578159526456147,-1.1856513358652592,-0.0008327666346303886,4751.586364746094,143905.48424397258
2779,5,533760000,9.32545280456543,0.4595052274326008,38.53455288491872,2000,0.006199764624160404,-1.1833992302417755,-0.0009265525895898463,5117.196716308594,143835.9392544976
2780,5,533952000,9.3084135055542,0.45880210026128526,38.5841409265995,2000,0.00765022744043381,-1.183718889951706,-0.0005994210969220148,5178.0595703125,143505.99217676546
2781,5,534144000,9.39115047454834,0.4629062754993356,38.55724041039745,2000,0.006867672894479862,-1.186237558722496,-0.0006775939278895748,4790.150436401367,143671.32805863942
2782,5,534336000,9.408242225646973,0.46352605531683366,38.554321363568306,2000,0.005542251962023632,-1.1877027601003647,-0.0015813398244972632,4065.9059524536133,143750.94247198867
2783,5,534528000,9.53930950164795,0.47037502724318375,38.45850409319004,2000,0.006617086455187139,-1.1892892494797707,-0.0007652767394574767,4573.836845397949,145002.88114492956
2784,5,534720000,9.250652313232422,0.4556666887765459,38.52771940563495,2000,0.005235670883126053,-1.1916264332830906,-0.0010483184869372053,5171.332778930664,143702.51459858962
2785,5,534912000,9.274234771728516,0.456942731080441,38.53298007060463,2000,0.006029590278398245,-1.194099321961403,-0.0006363648299156921,4767.682800292969,143608.01316930095
2786,5,535104000,9.308768272399902,0.4586198169454292,38.54083173753073,2000,0.00667816963896621,-1.1957858093082905,-0.0008089640150501509,4686.587432861328,142863.29862766823
2787,5,535296000,9.314593315124512,0.45898960227956803,38.52965843087683,2000,0.00500391820417523,-1.1982174701988697,-0.00099968469248779,5235.404541015625,143250.32257237486
2788,5,535488000,9.370222091674805,0.46192189655509236,38.50972192206731,2000,0.0060328465513496965,-1.2007950581610203,-0.0010446964047332585,5288.672561645508,142834.76477072175
2789,5,535680000,9.320565223693848,0.45934897678004444,38.52358531866533,2000,0.005683159408780436,-1.2036047019064426,-0.0008194111005650484,5036.558670043945,143967.85507366146
2790,5,535872000,9.323189735412598,0.4594375205961114,38.52694416167409,2000,0.005594827330671251,-1.206953763961792,-0.0007362928145084879,4803.5142822265625,144142.7139728968
2791,5,536064000,9.309029579162598,0.4588802250206451,38.56239832068483,2000,0.005374881760192996,-1.2073721140623093,-0.0012196555996979441,5170.246032714844,142240.71404161278
2792,5,536256000,9.480744361877441,0.4672812718678567,38.489902004871205,2000,0.006599661871150602,-1.2099078707396984,-0.0007282673022928066,4537.487319946289,143219.8967973874
2793,5,536448000,9.429852485656738,0.4647916927509262,38.49065735501548,2000,0.00746939507262626,-1.214800152927637,-0.0007264800060511334,4383.5158767700195,142409.1858638745
2794,5,536640000,9.345447540283203,0.46050002009906166,38.509301515800566,2000,0.005850441857551535,-1.217877123504877,-0.0005093467379992944,4548.207534790039,143842.42892750577
2795,5,536832000,9.296956062316895,0.458036477921875,38.48809372628845,2000,0.0062373740857486456,-1.2190584875643253,-0.00038840880915813614,4837.02571105957,143559.3983701865
2796,5,537024000,9.30022144317627,0.45825522198053176,38.481299088026084,2000,0.0045908987989969315,-1.2208829037845135,-0.0011894046688212256,5055.319290161133,144063.12248197186
2797,5,537216000,9.458566665649414,0.4661666912816145,38.56018011582395,2000,0.0055961289821134415,-1.2230006083846092,-0.001127626641846291,4595.834014892578,143041.96105196534
2798,5,537408000,9.394004821777344,0.4628541860135253,38.51244193532815,2000,0.00531131319567794,-1.2226080037653446,-0.0009096473421621454,4346.8476638793945,142279.695000096
2799,5,537600000,9.339591979980469,0.4603958560267832,38.5754067239662,2000,0.0070036822700834216,-1.2229787893593311,-4.4672476178675424e-05,4638.880752563477,144123.91659082525
2800,5,537792000,9.388162612915039,0.4628125196880622,38.550075897326074,2000,0.006301605303577768,-1.223686832934618,-0.0010012197276410006,4652.710891723633,143520.1546054861
2801,5,537984000,9.312400817871094,0.4590052297917282,38.64472754796346,2000,0.006599967461583825,-1.2216288782656193,-0.00036071493013878353,5006.895416259766,143160.00231530567
2802,5,538176000,9.279046058654785,0.4571458511218225,38.50684357436452,2000,0.006627678677633715,-1.2219702936708927,-0.0009569687003931904,4788.164321899414,143527.64924885437
2803,5,538368000,9.388093948364258,0.46267190153654764,38.53335478156805,2000,0.006284054230180724,-1.2241937890648842,-0.0007566346903331578,5741.841094970703,142289.48403975478
2804,5,538560000,9.430663108825684,0.4648333537030946,38.51690023640791,2000,0.006351626653204827,-1.226114235818386,-0.0007774028172207181,4726.855407714844,143368.7103636147
2805,5,538752000,9.355926513671875,0.46107293933224963,38.55461834433178,2000,0.005902044424947235,-1.2293671369552612,-0.001064666540514736,5210.103988647461,142835.3350671054
2806,5,538944000,9.269524574279785,0.4568177313612978,38.55573238618672,2000,0.00602187184758562,-1.2305483892560005,-0.001119352209570934,5460.239944458008,142462.235951389
2807,5,539136000,9.282130241394043,0.4575000233465592,38.560542322695255,2000,0.005821244983545814,-1.2304427735507488,-0.001046743457663979,5043.186233520508,142779.73658595252
2808,5,539328000,9.331097602844238,0.45989585454420495,38.50513636941711,2000,0.005715260887489421,-1.2327865734696388,-0.0013325934517922633,4736.880630493164,142831.672058548
2809,5,539520000,9.33862018585205,0.46032813957936014,38.56193330635627,2000,0.005543278299757124,-1.2364347614347935,-0.0006407824075722601,5290.661895751953,142243.48266920302
2810,5,539712000,9.35302734375,0.46095835933010676,38.49545699482163,2000,0.0056513581830658945,-1.238931331783533,-0.0010727576236604364,4620.869598388672,143123.22639859575
2811,5,539904000,9.333230972290039,0.46002084859719616,38.59260058899721,2000,0.005509523459501603,-1.237840160727501,-0.0014030420916242292,4655.770599365234,142012.428525413
2812,5,540096000,9.252313613891602,0.4560000211871132,38.628245840469994,2000,0.006060365686872198,-1.2363386824727058,-0.0012326297915024043,5394.441360473633,143075.42592148998
2813,5,540288000,9.32266902923584,0.45946356582317094,38.58162736489127,2000,0.005338275562777805,-1.236589528620243,-0.0008706666468611957,4593.223526000977,143663.00627557782
2814,5,540480000,9.323470115661621,0.4595781485083232,38.56382046888272,2000,0.004783685183802542,-1.237558253109455,-0.0012075100275978912,4868.301025390625,142361.89801565008
2815,5,540672000,9.396783828735352,0.4630729325478266,38.399872064590454,2000,0.004716067368358684,-1.2391387075185776,-0.0014907930981280515,4814.137435913086,142941.72202604564
2816,5,540864000,9.280463218688965,0.45714064284038614,38.546282968716696,2000,0.0048621386340625275,-1.2406080588698387,-0.0010837003028427716,5001.051483154297,142881.29330453495
2817,5,541056000,9.262646675109863,0.4564218960404105,38.530594239632286,2000,0.006458552192285424,-1.2386924363672733,-0.000501282926506974,5856.633270263672,142820.44331682756
2818,5,541248000,9.306693077087402,0.4586823141938415,38.53051474535217,2000,0.005609544997258733,-1.2371991239488125,-0.0014314054733404191,5000.518814086914,143301.51338762
2819,5,541440000,9.3634033203125,0.4615416889282642,38.4657636427631,2000,0.0055123331761424196,-1.2387381494045258,-0.0011855691650453082,4656.796493530273,141765.93155743243
2820,5,541632000,9.406888961791992,0.46378126714989776,38.515120747188725,2000,0.0066927878856658934,-1.241161271929741,-0.0008069083551163203,4879.447937011719,142947.76918893575
2821,5,541824000,9.395943641662598,0.4631823143663496,38.564258532171756,2000,0.005743626708121155,-1.2447508201003075,-0.0010508256714274467,4473.289863586426,142499.4945722743
2822,5,542016000,9.378242492675781,0.46230731261372665,38.577377342929445,2000,0.005926222363351068,-1.2449246980249882,-0.0008067700373430853,4767.461273193359,141492.56831651193
2823,5,542208000,9.352386474609375,0.46102606153181114,38.58720871961365,2000,0.006121508846748232,-1.2445494420826435,-0.000760122602514457,4479.324020385742,142221.1376553011
2824,5,542400000,9.420022964477539,0.46442710660388303,38.515301989391446,2000,0.005409360730986615,-1.2468192242085934,-0.000820250819742796,4880.372146606445,142105.75392378424
2825,5,542592000,9.347461700439453,0.46069272864527494,38.587900115177035,2000,0.005223990802779251,-1.2496417798101902,-0.0009876403441921866,5081.330902099609,142722.92585746155
2826,5,542784000,9.38484001159668,0.4625677365602314,38.50768569655096,2000,0.005619259879749735,-1.2509150989353657,-0.0013678188367975963,4612.156837463379,143178.45074625657
2827,5,542976000,9.3407564163208,0.460166687064581,38.53397387483468,2000,0.00527590717037674,-1.251458290964365,-0.0010661297446858953,5165.837677001953,142213.10594136818
2828,5,543168000,9.321746826171875,0.4594583523479135,38.5275550376003,2000,0.0053653582140104844,-1.2536874413490295,-0.0013904014045920121,4591.547134399414,143745.31284722872
2829,5,543360000,9.253981590270996,0.4560416912487805,38.5630026118209,2000,0.006204473026155028,-1.2573364302515984,0.00035686697708570136,5106.328384399414,144641.34518474378
2830,5,543552000,9.290834426879883,0.45781772489074984,38.567560236901045,2000,0.006652809410598517,-1.260015718638897,-0.00085131258168758,4848.654205322266,144761.71861129385
2831,5,543744000,9.387755393981934,0.46271877741552697,38.538768962336086,2000,0.006542090894246939,-1.263239074498415,-0.0007456684911630873,4692.181991577148,144042.8724897026
2832,5,543936000,9.378236770629883,0.46234377032851626,38.55785839352757,2000,0.005456774438595554,-1.264707274734974,-0.0005343076736608054,4694.2713623046875,143963.89346013055
2833,5,544128000,9.32358455657959,0.45941669233009935,38.54088951585194,2000,0.005473119790103132,-1.2671474665403366,-0.0011025153376067465,5055.108901977539,144338.5597325295
2834,5,544320000,9.350239753723145,0.46081773563431244,38.51317153366593,2000,0.005699510020882977,-1.2680130675435066,-0.0010437290447953274,4537.323448181152,143597.13812134962
2835,5,544512000,9.26534366607666,0.4563489806320528,38.47513607617778,2000,0.005720830258079028,-1.271773923188448,-0.0009312814465829433,5229.3182373046875,144380.818666967
2836,5,544704000,9.224397659301758,0.4545625267868066,38.59373367888232,2000,0.005684950896441781,-1.2742851190268993,-0.0012527604574188445,5143.365570068359,143990.0204465114
2837,5,544896000,9.299456596374512,0.4584062651750476,38.595019590730466,2000,0.005615008892918316,-1.277318585664034,-0.0008497424983033852,5084.1241455078125,143923.61038298687
2838,5,545088000,9.32265853881836,0.45947918719927355,38.61878838017583,2000,0.005828145856289969,-1.2812321968376637,-0.0014927306631307147,4906.102569580078,143247.39779625213
2839,5,545280000,9.429646492004395,0.4649427286215844,38.63028131922086,2000,0.005854924194893101,-1.2851145528256893,-0.0007931719119369518,4759.192932128906,144416.36128549417
2840,5,545472000,9.39574146270752,0.46325001971672464,38.57901825631658,2000,0.005288667131632489,-1.2882024869322777,-0.001377787632009131,4810.888290405273,144061.04374310983
2841,5,545664000,9.46609878540039,0.46675002391809056,38.57769314137598,2000,0.005979381389459983,-1.2887224853038788,-0.0015174173546057546,4597.590576171875,144995.17908822937
2842,5,545856000,9.310304641723633,0.45889585493629664,38.49389425230523,2000,0.006586199520776669,-1.2916059084236622,-0.0006262889783101855,5517.5753173828125,143970.67795780595
2843,5,546048000,9.292933464050293,0.45796876958957,38.52297502647465,2000,0.006902237398375291,-1.295099601149559,-0.0002904382799897576,5120.288162231445,144821.34124180302
2844,5,546240000,9.189058303833008,0.4528437721789184,38.548807810992,2000,0.004668479497714239,-1.2952480018138885,-0.0013810384537009668,5558.685363769531,143492.01923915098
2845,5,546432000,9.31297779083252,0.45897918962388456,38.559957574121654,2000,0.006337641848173614,-1.2955194748938084,-0.0007747531594759494,4841.346328735352,144704.85536121862
2846,5,546624000,9.420196533203125,0.4642291873472762,38.51448990086404,2000,0.006105017740357046,-1.2961702793836594,-0.0007889126445661532,4587.894515991211,142949.03834756365
2847,5,546816000,9.341254234313965,0.46034376827022544,38.50670016599664,2000,0.006818633255742801,-1.2962005101144314,-6.015688541083364e-05,4873.449432373047,145286.45793944466
2848,5,547008000,9.353926658630371,0.46114585721382656,38.473614463582635,2000,0.005555730007360883,-1.2945986427366734,-0.0011019390831279452,4545.645835876465,143313.38967109073
2849,5,547200000,9.332620620727539,0.4597968930811476,38.50010002839068,2000,0.006995034391273899,-1.293279618024826,-0.00033975108544836985,4854.255966186523,144455.9999210011
2850,5,547392000,9.42158317565918,0.46463023219682026,38.58283312451871,2000,0.0048774226019935064,-1.2947922423481941,-0.0013328314159934962,4519.964218139648,143082.93859401104
2851,5,547584000,9.4285306930542,0.4648437748176851,38.50728974933736,2000,0.005912886341655394,-1.2970542646944523,-0.0011546542046971808,4756.437088012695,144724.06717339472
2852,5,547776000,9.333451271057129,0.46001564385490684,38.536980954930186,2000,0.005082267429243075,-1.2985583394765854,-0.001328194591224019,4976.711715698242,144481.9390130977
2853,5,547968000,9.288000106811523,0.45772397627721756,38.53622545688025,2000,0.006050167689356992,-1.299184761941433,-0.0010047142486655503,4499.064758300781,144212.44963481472
2854,5,548160000,9.317882537841797,0.45921877360281843,38.5439552878961,2000,0.005695541202643654,-1.3026950284838676,-0.001101224591081973,4671.275199890137,144905.6359888989
2855,5,548352000,9.304737091064453,0.45842189392897126,38.54096198268235,2000,0.005426912951224949,-1.3044369630515575,-0.0011330684601489338,4981.580307006836,144210.39268627024
2856,5,548544000,9.419204711914062,0.464239606357296,38.473767788964324,2000,0.005659531878268656,-1.3073259145021439,-0.0010462465529599285,4634.987167358398,144649.9086401058
2857,5,548736000,9.362820625305176,0.46153647624426714,38.48584633755187,2000,0.006740800828498322,-1.3090087659657001,-0.0004199067182071303,5175.899887084961,143761.66892212693
2858,5,548928000,9.399928092956543,0.46342710656972486,38.537583993515,2000,0.006318483461839302,-1.3103408962488174,-0.0004953080212999339,4479.816345214844,144250.1039699836
2859,5,549120000,9.34804916381836,0.4607083533004091,38.519898407161236,2000,0.005536020152949883,-1.3121050260961056,-0.0008349614663529792,5317.2666015625,144155.94112257936
2860,5,549312000,9.346888542175293,0.46067710535862716,38.50523150805384,2000,0.005001940819628847,-1.313575554639101,-0.0013176343936720514,5036.984390258789,144604.49134703891
2861,5,549504000,9.37850570678711,0.46245314960954903,38.45196808998784,2000,0.006056776775454636,-1.313416127115488,-0.0012211697489874496,4834.740737915039,143387.79558761872
2862,5,549696000,9.353766441345215,0.4611093964461664,38.58719870541245,2000,0.007237074205904113,-1.3136941343545914,-0.0006648566859439597,5420.564071655273,144412.64193680199
2863,5,549888000,9.307147979736328,0.458817735240397,38.552009699866176,2000,0.00564498471225185,-1.314863171428442,-0.000953369443777774,5017.10417175293,143508.82100303823
2864,5,550080000,9.332688331604004,0.4600364780411231,38.498258346381284,2000,0.0074942655166378245,-1.318763840943575,-0.0005080912182506836,4951.855117797852,144573.4827806868
2865,5,550272000,9.400259971618652,0.46334898198316904,38.51956901947657,2000,0.0058966458080103624,-1.322561141103506,-0.0008233257544816297,5053.520263671875,143538.27780210998
2866,5,550464000,9.391762733459473,0.4629010624412331,38.52526855530838,2000,0.005019540261069778,-1.3221956752240658,-0.0012459676504477102,4676.790832519531,144156.31463777355
2867,5,550656000,9.366338729858398,0.46157294262108434,38.5263157406201,2000,0.006427081448297637,-1.3229141496121883,-0.0009879169629130047,4414.978340148926,143693.75118368777
2868,5,550848000,9.368099212646484,0.4616718983622074,38.587347923467554,2000,0.004765038487976805,-1.3214870989322662,-0.0011332915278217115,4643.658432006836,144310.89983327276
2869,5,551040000,9.309922218322754,0.45877606334276305,38.54528438501681,2000,0.0050606642769901854,-1.3223382756114006,-0.0010645639192716772,5066.111114501953,143138.30600219668
2870,5,551232000,9.40130615234375,0.4634166873596162,38.426141050333776,2000,0.005165190367619895,-1.3243924491107464,-0.0010823878133123799,4657.100692749023,144129.7470770489
2871,5,551424000,9.329551696777344,0.4598750198098666,38.53360506830116,2000,0.0053708495368434035,-1.3258469142019749,-0.0011327168975014956,4864.711456298828,144151.33472032045
2872,5,551616000,9.365778923034668,0.461515653888758,38.48373705195263,2000,0.00497498700026578,-1.3287715688347816,-0.0010500348114419467,5126.94987487793,144795.11133078748
2873,5,551808000,9.238252639770508,0.45531772909574403,38.56025126390159,2000,0.005174782850537061,-1.3303832970559597,-0.0016596505752204394,5298.447799682617,143675.70729977658
2874,5,552000000,9.288605690002441,0.45778127144816,38.55512112379074,2000,0.006211745427198669,-1.333048839122057,-0.0013274462935441989,4809.926223754883,144754.98704184362
2875,5,552192000,9.353493690490723,0.46090106076614273,38.614314905678235,2000,0.004655874057498295,-1.3342588916420937,-0.0009580036239640322,4578.27766418457,143670.8881392271
2876,5,552384000,9.420090675354004,0.4641875240934799,38.495420020112455,2000,0.006690139308930762,-1.3347810581326485,-0.00017073730487027206,4694.384780883789,144814.13893420898
2877,5,552576000,9.394181251525879,0.4630989832051758,38.53109102572004,2000,0.0049404013393408,-1.335344210267067,-0.0012524474930728502,5053.022994995117,144658.95942391016
2878,5,552768000,9.451518058776855,0.4660052302072775,38.53478637496786,2000,0.006368859926510291,-1.3357160203158855,-0.0006542173427988018,4762.625411987305,144188.20890373722
2879,5,552960000,9.305408477783203,0.4585521077406156,38.50256605104854,2000,0.00685905116328892,-1.3362038284540176,-0.0003356598681421019,4721.054977416992,145288.33900782937
2880,5,553152000,9.385220527648926,0.4625416857294719,38.566022899622716,2000,0.005506838370628733,-1.3374151289463043,-0.0009305010689786286,4647.198333740234,143540.4936524726
2881,5,553344000,9.282003402709961,0.457182314127446,38.4962105210822,2000,0.0054949052678615155,-1.3383210860192776,-0.0008182502006093273,4858.010772705078,144735.3506735684
2882,5,553536000,9.24195671081543,0.4554166836041986,38.54289380072927,2000,0.006119914739470308,-1.3385200314223766,-0.0006886169153403898,5737.954116821289,143159.19138796392
2883,5,553728000,9.196523666381836,0.45302606308238563,38.53067067762216,2000,0.006146087272946412,-1.33850958943367,-0.0010346492781536654,5647.519485473633,144869.1607829322
2884,5,553920000,9.296954154968262,0.458125026266013,38.57179677362243,2000,0.0072624433307986085,-1.3380878083407879,-0.0004259544080014166,5035.857772827148,143516.60507463434
2885,5,554112000,9.408945083618164,0.46370835324038734,38.52660401134441,2000,0.005279896228690632,-1.338184181600809,-0.0010634016084623,4725.252532958984,144793.6668998313
2886,5,554304000,9.324981689453125,0.4596250242508783,38.41972007819762,2000,0.007227947968349326,-1.3382856249809265,-0.000674098740091722,5408.307647705078,143230.2333151357
2887,5,554496000,9.425707817077637,0.46478127028664556,38.528787513108306,2000,0.006038489138707519,-1.3403636664152145,-0.0012165276184532559,4998.097229003906,145027.13543335802
2888,5,554688000,9.358628273010254,0.46131772525829245,38.52011998910651,2000,0.006223021789812871,-1.3416344709694386,-0.0010193220130076952,4638.956741333008,143357.74212050973
2889,5,554880000,9.30062484741211,0.4582083560756776,38.49130111001432,2000,0.005588465476389198,-1.3435428068041801,-0.0011186311913888858,5460.192443847656,144480.44537687374
2890,5,555072000,9.409064292907715,0.4638333599644587,38.58359313632051,2000,0.005506273731138208,-1.3454333953559399,-0.0008024404614843661,4655.480766296387,143356.94811305378
2891,5,555264000,9.417601585388184,0.4642864824272692,38.56367351471757,2000,0.00585099791586011,-1.3483940586447716,-0.0006499800238088937,4544.792327880859,144588.49748798358
2892,5,555456000,9.36060905456543,0.46143231474889035,38.474120419472456,2000,0.005776673218773795,-1.350595347583294,-0.0007540778519796731,4685.363464355469,144498.411182343
2893,5,555648000,9.347926139831543,0.4607239748984284,38.50427483596528,2000,0.0073656994316940345,-1.3512306809425354,-0.00010471355335539556,5527.063079833984,144724.9206875621
2894,5,555840000,9.29287338256836,0.4578593942290657,38.517198988857366,2000,0.00627789789744808,-1.3509075045585632,-0.0005790011755379965,5158.2479248046875,145792.83652426148
2895,5,556032000,9.334756851196289,0.4600052263267571,38.55929868451009,2000,0.004710399557205771,-1.349941298365593,-0.001176087864848796,4665.951934814453,144576.0149520635
2896,5,556224000,9.442377090454102,0.4654843922987008,38.55874885587642,2000,0.004644837285629667,-1.3512308560311794,-0.001200015938593424,4783.260696411133,145094.50026800582
2897,5,556416000,9.309113502502441,0.45875523034859117,38.525973634173475,2000,0.005349146004698317,-1.354184154421091,-0.0011005734280615798,4906.380096435547,144320.85213555413
2898,5,556608000,9.385268211364746,0.4627239774399641,38.597622011477746,2000,0.005747117277487026,-1.3555152155458927,-0.0011657530044431041,5176.423522949219,144853.37628973616
2899,5,556800000,9.190789222717285,0.4526562762839603,38.52108426516255,2000,0.0057551300929044365,-1.354528546333313,-0.0010189583326791762,5197.373123168945,144341.48051297464
2900,5,556992000,9.369331359863281,0.4618854383273477,38.529179958316185,2000,0.005229304683157049,-1.3546487167477608,-0.0014708006876844593,4515.849891662598,144953.9694345965
2901,5,557184000,9.366747856140137,0.4616041851634994,38.50396330996106,2000,0.005601327121024951,-1.3556012101471424,-0.0009354332000839349,5004.793121337891,143909.3267985518
2902,5,557376000,9.356499671936035,0.4611823156022486,38.500326664187014,2000,0.006046575106971431,-1.3574557602405548,-0.00078549488716817,4640.457473754883,145043.9582069714
2903,5,557568000,9.303352355957031,0.45856772939805523,38.524112139207624,2000,0.005295981545765244,-1.359657358378172,-0.001108216882130364,5411.549560546875,143231.64159338627
2904,5,557760000,9.458186149597168,0.46628647348249314,38.52259420106808,2000,0.006067897770398607,-1.3600346557796001,-0.0007341728769461042,4580.520751953125,144362.78700390522
2905,5,557952000,9.329349517822266,0.45986981398103427,38.525806630030274,2000,0.0054884856250282605,-1.359734445810318,-0.0007851376881262695,5668.904525756836,143268.59576654222
2906,5,558144000,9.324033737182617,0.4596041938293638,38.50273436040152,2000,0.004778083981713279,-1.3597201742231846,-0.0007348895087488927,4975.733673095703,144546.26077192996
2907,5,558336000,9.428729057312012,0.4648593973349004,38.55936598839859,2000,0.0055171673259076974,-1.3601253144443035,-0.0003251154778354248,5219.503005981445,143507.43419405297
2908,5,558528000,9.420013427734375,0.46438023334424844,38.57216692188134,2000,0.005902554646425415,-1.3590265326201916,-0.001054946651265709,4000.8456268310547,144530.25704953275
2909,5,558720000,9.407271385192871,0.46367189796668146,38.5304701179266,2000,0.005974815189896617,-1.358505543321371,-0.001089772625846308,4478.332221984863,142920.27778340832
2910,5,558912000,9.367785453796387,0.4615677254253872,38.462518190965056,2000,0.00505756131359764,-1.3596069552004337,-0.001236249374869658,4565.632171630859,144314.73532203722
2911,5,559104000,9.396360397338867,0.46334898240881256,38.5278793615289,2000,0.006388905758503824,-1.3610754050314426,-0.00022844942941446789,4933.846969604492,143732.7327211505
2912,5,559296000,9.364180564880371,0.4614583517553304,38.48719193446838,2000,0.004084306201422199,-1.362352218478918,-0.0015341246748903359,4968.02360534668,144294.1065619948
2913,5,559488000,9.348711967468262,0.4608646039487212,38.54147454428797,2000,0.005531042243363723,-1.36417555809021,-0.0008637054957034707,4881.5145263671875,144184.00268578198
2914,5,559680000,9.326519012451172,0.4597239835802611,38.505785818677396,2000,0.004931251410535575,-1.366248320788145,-0.0012669418965742807,4842.111343383789,145050.28141876793
2915,5,559872000,9.333117485046387,0.45999481324664276,38.48238686285913,2000,0.006202004755696786,-1.367929257452488,-0.00108504539639398,4942.853302001953,144528.89906081575
2916,5,560064000,9.333559036254883,0.4599739826183698,38.540471625203885,2000,0.006666955111199058,-1.3685938976705074,-0.0010404149561509257,5145.550003051758,144512.26233354278
2917,5,560256000,9.383110046386719,0.4624583562896684,38.510455285121374,2000,0.005549611494124596,-1.3687504716217518,-0.0008804809667708469,4514.308654785156,144812.29710303532
2918,5,560448000,9.39008903503418,0.46296877127982344,38.540007773165904,2000,0.0064266498093299256,-1.3672259375452995,-0.0005439899045995844,4695.4834060668945,143665.62361113145
2919,5,560640000,9.3118314743042,0.4590104390645138,38.56831112255653,2000,0.006748661652576023,-1.3640287220478058,-0.0004580532058753306,5406.471878051758,143952.87929091853
2920,5,560832000,9.342555046081543,0.46056252225813904,38.507281211360045,2000,0.005770640164768944,-1.3651233166456223,-0.0013621852097003284,4582.740653991699,143661.73354267582
2921,5,561024000,9.32098388671875,0.4592552304511628,38.57518517412245,2000,0.005724298209044112,-1.3651636764407158,-0.0009475848428337486,4895.592575073242,145588.4003138196
2922,5,561216000,9.282671928405762,0.4575937693637873,38.52314043332202,2000,0.005648887935036328,-1.3652898333966732,-0.0010611157076709787,5250.35888671875,143073.49563934345
2923,5,561408000,9.481902122497559,0.46751565140766616,38.519323555131756,2000,0.005475228691197116,-1.3645949102938175,-0.0006713860187801401,3943.3297805786133,142912.40955376974
2924,5,561600000,9.38766098022461,0.4627812719427311,38.5513411029242,2000,0.005405604939422725,-1.3646292611956596,-0.0011312336137052625,4649.86092376709,142359.32131644443
2925,5,561792000,9.272034645080566,0.45686981180188013,38.572700691098966,2000,0.0050484771920697915,-1.3642047382891178,-0.0011896190292191022,4736.664291381836,144801.15579710828
2926,5,561984000,9.420096397399902,0.4643802275537989,38.61568810169896,2000,0.005522027044964488,-1.3624941781163216,-0.0010531012592309708,4500.517532348633,143414.3396856785
2927,5,562176000,9.388405799865723,0.4627135688430523,38.492418588759996,2000,0.0054889552394452035,-1.3618629164993763,-0.00112725253438839,4703.400932312012,145057.08640079942
2928,5,562368000,9.298246383666992,0.45841668169911526,38.6130689724038,2000,0.0057002430206969925,-1.3631712198257446,-0.0008713108782103518,4427.3127365112305,144077.3542298225
2929,5,562560000,9.488784790039062,0.46778648370127485,38.554791014020644,2000,0.004629440413923779,-1.362867422401905,-0.0010641636145010125,3872.5771408081055,144918.68599671518
2930,5,562752000,9.360676765441895,0.4614427286154144,38.50859529276689,2000,0.006379601638259676,-1.3621184825897217,-0.0003965521159443597,4657.466239929199,145429.37691720255
2931,5,562944000,9.340306282043457,0.46045314175413904,38.53565797706445,2000,0.0066479509271448484,-1.3626931421458721,-0.0005263059147182503,4908.752700805664,141802.8388564834
2932,5,563136000,9.321231842041016,0.45934377152358746,38.50797733866299,2000,0.0056868876091515025,-1.3644444048404694,-0.0011710049629982677,5107.364151000977,139047.87238839886
2933,5,563328000,9.437211036682129,0.4651354374454968,38.58375068878134,2000,0.00512855376828035,-1.3659200593829155,-0.0014881011247780407,4475.211837768555,137915.23496396447
2934,5,563520000,9.430915832519531,0.46487502502835315,38.53056492097676,2000,0.005570533003861783,-1.3653490394353867,-0.0010093597920786124,4872.618637084961,140039.25065590497
2935,5,563712000,9.362311363220215,0.46159897830633173,38.50086026933665,2000,0.005784956484256933,-1.3653756342828274,-0.0008894990041881101,5036.78874206543,139278.35051066516
2936,5,563904000,9.352128028869629,0.46094794034191483,38.51223470891515,2000,0.006472035364209054,-1.3683349341154099,-0.00033692398756102193,4524.073165893555,139712.57832272133
2937,5,564096000,9.323884963989258,0.45948960911725106,38.505978415369704,2000,0.0065106673075448875,-1.3699334561824799,-0.0008883558675734093,4605.306915283203,139294.23187832418
2938,5,564288000,9.35150146484375,0.46100002571862814,38.55086183082312,2000,0.006301898185503281,-1.370724607259035,-0.0006650502735965347,4889.000137329102,137722.901538149
2939,5,564480000,9.290312767028809,0.45788023274690204,38.558998063672334,2000,0.005788431392478135,-1.3718172423541546,-0.0008191543292923598,4925.833435058594,139932.50773941603
2940,5,564672000,9.302864074707031,0.4584270989986787,38.51874072089171,2000,0.005891392997592145,-1.3735517598688602,-0.0007038840936957058,5025.9615478515625,139921.7518048046
2941,5,564864000,9.421058654785156,0.46436460194975854,38.51987009278188,2000,0.005328319246434452,-1.37305124476552,-0.0007762567418012623,4168.996368408203,139269.33788068558
2942,5,565056000,9.435779571533203,0.4653073100786666,38.57074122192959,2000,0.00568510327617211,-1.3727203905582428,-0.0005558772581935045,4688.959075927734,140035.07813030097
2943,5,565248000,9.261953353881836,0.45632814476509037,38.489079796359874,2000,0.004775389965153105,-1.374206781387329,-0.0010008236777139246,5361.910232543945,139390.6772779905
2944,5,565440000,9.28728199005127,0.45772398193548725,38.594627837340035,2000,0.004763665941728201,-1.3760249316692352,-0.0009944928833647282,4680.706130981445,139687.7215775909
2945,5,565632000,9.282126426696777,0.45740106434338185,38.50114895574128,2000,0.006807204781992671,-1.3758792206645012,-0.0004944310089740611,5158.417633056641,139654.0387579539
2946,5,565824000,9.392769813537598,0.46291147877733846,38.4716974698628,2000,0.005610597309986284,-1.375796616077423,-0.0007571532473775733,4675.620513916016,138638.58466504654
2947,5,566016000,9.46293830871582,0.4664427318499899,38.45218657143414,2000,0.007567113356528959,-1.3749738037586212,-0.00033835412250482477,3965.1714630126953,139304.42651545175
2948,5,566208000,9.344318389892578,0.46048439716226613,38.53845177063098,2000,0.005724783597960292,-1.37567138671875,-0.000885485390881513,4773.477951049805,140303.44939658343
2949,5,566400000,9.307260513305664,0.4585989746568278,38.524235534481704,2000,0.0063658117351878905,-1.3757934160530567,-0.0006964989211155626,4652.672027587891,138373.55210769558
2950,5,566592000,9.279619216918945,0.45733335389377316,38.52354128534595,2000,0.006876314949981558,-1.374604508280754,-0.0004372327875330484,5078.057830810547,139739.5229090989
2951,5,566784000,9.403462409973145,0.4634271047561924,38.57184539733377,2000,0.005196969124789272,-1.374121394008398,-0.0012595075345416262,3949.435302734375,138942.35335158458
2952,5,566976000,9.25937271118164,0.456265649702497,38.53166649971778,2000,0.005386075046902988,-1.3744105957448483,-0.0006014411542309972,5582.819778442383,139495.42253260312
2953,5,567168000,9.286073684692383,0.45761460336689197,38.54873138728241,2000,0.005154930390863835,-1.3743789158761501,-0.001330793170382094,5034.648498535156,138942.4143824366
2954,5,567360000,9.468681335449219,0.46678126975105744,38.52251011794821,2000,0.005358874008282631,-1.3734429441392422,-0.0013206593398535915,4782.659805297852,138116.71941452852
2955,5,567552000,9.366020202636719,0.46156251588884817,38.54680402219916,2000,0.0057846950211387594,-1.3734451606869698,-0.0011454821037659713,4377.543037414551,139414.27143145053
2956,5,567744000,9.408966064453125,0.4637239804863687,38.57225402599821,2000,0.0053443472244349925,-1.3730966188013554,-0.0014338740970742947,4833.496536254883,138105.29170940607
2957,5,567936000,9.390138626098633,0.4629583535873583,38.61410101378957,2000,0.006028012027934892,-1.3723807819187641,-0.0008877630325514474,4905.63313293457,138877.19825171883
2958,5,568128000,9.281819343566895,0.4571719021793494,38.56539759784937,2000,0.006545472060601848,-1.3728474527597427,-0.0009212560928233415,4619.24112701416,138847.39356741152
2959,5,568320000,9.367512702941895,0.4616979386682942,38.49686441120381,2000,0.004865506228690113,-1.3735040053725243,-0.0009613698239263613,4807.422271728516,139220.28836457187
2960,5,568512000,9.362028121948242,0.4614583592356212,38.55807412555441,2000,0.005304269614634298,-1.372680850327015,-0.001405289145623101,4795.353591918945,139394.69469954938
2961,5,568704000,9.393258094787598,0.4631354367860088,38.553025821223855,2000,0.005362518768253115,-1.374997828155756,-0.0012157174714957364,4668.113510131836,137284.17796554134
2962,5,568896000,9.379928588867188,0.4621823168624057,38.53272946400102,2000,0.006439086121351768,-1.3784372843801975,-0.0005029193380323704,4486.246475219727,139417.99986592747
2963,5,569088000,9.303133964538574,0.4586302332384851,38.58305515162647,2000,0.006959669911962313,-1.3792702071368694,-0.0004990522497223537,5009.408447265625,139342.58356204987
2964,5,569280000,9.310405731201172,0.45872398447014956,38.5498448399206,2000,0.007822604631461824,-1.3776018433272839,7.877031748648733e-05,4885.779510498047,138155.16145705277
2965,5,569472000,9.412688255310059,0.4639479416497731,38.495436723499246,2000,0.007892738488231164,-1.3785098642110825,-3.627890237112297e-05,4810.733901977539,139622.33864666527
2966,5,569664000,9.342761993408203,0.4604739857337942,38.51254550282223,2000,0.0056070377734334514,-1.3808156996965408,-0.0004614236413544859,4771.695114135742,139549.66797317355
2967,5,569856000,9.45663833618164,0.4661198182645118,38.50095312530175,2000,0.006134842184677836,-1.3810108117759228,-0.0008748158797970973,4348.622970581055,138604.73054101053
2968,5,570048000,9.307820320129395,0.4586875205938365,38.51742976717651,2000,0.005497894333578491,-1.3812135122716427,-0.0006535102502311929,5366.866912841797,139775.97320179667
2969,5,570240000,9.361668586730957,0.4615364766589967,38.58481394685805,2000,0.005652738597399245,-1.3817913234233856,-0.0011309395586067694,4841.940521240234,138320.29641430243
2970,5,570432000,9.283061027526855,0.4574271080903903,38.516834584375225,2000,0.006362799882229107,-1.381262756884098,-0.0010692464802559698,5290.781509399414,139491.38288624134
2971,5,570624000,9.391201972961426,0.463010445473022,38.57813944667578,2000,0.005957412132770211,-1.3813278749585152,-0.0010916711166828463,4724.684799194336,139701.04288191395
2972,5,570816000,9.285481452941895,0.457750024953081,38.624682522689305,2000,0.005027737550747891,-1.3834215328097343,-0.0012609109012373665,4994.463104248047,139740.80794786473
2973,5,571008000,9.325873374938965,0.45928127143270103,38.44400940462947,2000,0.006036576138692908,-1.384513258934021,-0.0008803555219856207,4918.775299072266,139812.5455438405
2974,5,571200000,9.265788078308105,0.45658856094572303,38.57758510578424,2000,0.006273373751784675,-1.3844482153654099,-0.0006974737084419758,4738.431457519531,138231.41163759737
2975,5,571392000,9.336761474609375,0.4600156482186624,38.56797195288042,2000,0.005405522247980116,-1.3861656747758389,-0.0017015181666515389,4659.572570800781,139574.11063923404
2976,5,571584000,9.2783842086792,0.45722398460808716,38.54191024353107,2000,0.00515946990227773,-1.3868393525481224,-0.0013391915881584282,5352.527359008789,140163.6259646282
2977,5,571776000,9.370413780212402,0.4617760621634564,38.48633166588843,2000,0.005895706532833477,-1.384628839790821,-0.0007798753272254544,4946.720573425293,139024.95322591372
2978,5,571968000,9.300579071044922,0.45833335471737274,38.525814928735294,2000,0.006718596860994391,-1.383275143802166,-0.0009600464431969158,4936.498596191406,140245.31798863993
2979,5,572160000,9.417276382446289,0.46410940034669085,38.52375258567432,2000,0.005958635699566609,-1.3811344839632511,-0.0005360977156669833,4646.656547546387,140051.58449973766
2980,5,572352000,9.359817504882812,0.4612291884950537,38.54384780240556,2000,0.0053492987779415364,-1.3807911612093449,-0.0011173371167387813,4472.29638671875,139225.80405365696
2981,5,572544000,9.32485294342041,0.4594843997541223,38.57652846785883,2000,0.004272075771766443,-1.381378173828125,-0.001176504176328308,5266.782516479492,139395.77170393724
2982,5,572736000,9.381482124328613,0.462333352084291,38.54819303005934,2000,0.004899944518362948,-1.3828854113817215,-0.0012172687784186564,4918.313293457031,138763.17059983357
2983,5,572928000,9.370072364807129,0.46180731611093506,38.529883580592774,2000,0.005477038308376602,-1.383734967559576,-0.0013503540476449416,4775.672088623047,140081.57906280036
2984,5,573120000,9.331645965576172,0.45978647610415163,38.528068917803466,2000,0.005476723511140638,-1.3831351660192013,-0.0016157812051460496,5049.229644775391,140133.30742841863
2985,5,573312000,9.401674270629883,0.4633437706888799,38.556518403192364,2000,0.005472791110951221,-1.3824337497353554,-0.0008405699891227414,4614.538314819336,139067.12195502265
2986,5,573504000,9.401519775390625,0.4632239808864445,38.50077844038606,2000,0.005345664161810418,-1.3811274245381355,-0.0014258277615226689,4978.248336791992,140021.50464873685
2987,5,573696000,9.315583229064941,0.4590260635504819,38.54969185373435,2000,0.006406526948509661,-1.3805841729044914,-0.0005509863703991869,4934.545349121094,138358.39144853532
2988,5,573888000,9.230437278747559,0.4548802319053114,38.64265906934937,2000,0.0057740838957737045,-1.3801415041089058,-0.0009525190693011609,5557.980331420898,140301.89234732193
2989,5,574080000,9.39600658416748,0.46297918852784886,38.44266809895635,2000,0.006400176792774194,-1.3806624487042427,-0.0009867733074315765,4515.088218688965,139484.00581643826
2990,5,574272000,9.374165534973145,0.46193230843528,38.4375545384828,2000,0.0054619156286935325,-1.3794884718954563,-0.0011024631980944832,5421.177963256836,139111.18048378508
2991,5,574464000,9.291939735412598,0.45791668796300655,38.53676143102348,2000,0.005855080414893261,-1.3789328895509243,-0.0009264586988138035,5339.935623168945,139027.41899268675
2992,5,574656000,9.44298267364502,0.4652812774105162,38.48236631803835,2000,0.006063249092384163,-1.3783783577382565,-0.0006466803927196452,4239.802024841309,138838.2699659887
2993,5,574848000,9.453295707702637,0.4660521020687156,38.48568489371488,2000,0.005261647640106578,-1.377492517232895,-0.001036935872889444,4539.428970336914,139061.41175151427
2994,5,575040000,9.380291938781738,0.4623073131588171,38.53173850545621,2000,0.005573767209377062,-1.3768862783908844,-0.0011131232249681489,4755.834899902344,139082.60669463823
2995,5,575232000,9.37308120727539,0.4619896016495962,38.5107052315337,2000,0.006184835123325077,-1.3755370676517487,-0.0014814644732723536,4791.177215576172,138530.9372329219
2996,5,575424000,9.381842613220215,0.4623177278341852,38.49867988874515,2000,0.0060478059812642945,-1.3729872591793537,-0.0005342563727026572,4945.801162719727,139551.47229192482
2997,5,575616000,9.315400123596191,0.4590260692166339,38.521944767174624,2000,0.005089166655336157,-1.3732587583363056,-0.0015322637805184058,4991.945083618164,138190.86497644056
2998,5,575808000,9.3401460647583,0.4602135665172682,38.47274940375549,2000,0.005029737517218261,-1.374103982001543,-0.0012391306581776007,4682.855255126953,139330.1565860092
2999,5,576000000,9.443750381469727,0.4654375243814381,38.51209735190787,2000,0.005595758055589007,-1.3743243888020515,-0.0006675725780951325,4678.306213378906,138791.2670441067
3000,5,576192000,9.420258522033691,0.4644010620249901,38.50117369710157,2000,0.004746310665873655,-1.3753246329724789,-0.0017820309603848727,4657.504951477051,138543.2303433665
3001,5,576384000,9.304876327514648,0.4584791810448223,38.44518216513097,2000,0.005245654604019364,-1.3750287145376205,-0.001013092491120915,4371.391395568848,138911.0058245761
3002,5,576576000,9.349608421325684,0.46079690097697795,38.5304495949919,2000,0.005267298430553638,-1.375056553632021,-0.0012183334092696896,4817.927185058594,138016.2215233083
3003,5,576768000,9.420515060424805,0.46435418323502137,38.55664145674867,2000,0.00622423731853875,-1.375536311417818,-0.0008176391456800047,4660.935653686523,139171.80975314908
3004,5,576960000,9.413153648376465,0.46394793753400637,38.536608586398266,2000,0.005606191012639707,-1.3775968179106712,-0.0014711551248183241,4329.730644226074,139959.988589385
3005,5,577152000,9.402081489562988,0.46333856172835414,38.549682234724365,2000,0.004449015744205098,-1.3791386112570763,-0.001871645686321699,4554.281845092773,138622.64616845179
3006,5,577344000,9.4856538772583,0.4676875290188036,38.52424426563084,2000,0.005581159800979852,-1.3795575238764286,-0.0013629686345666414,4908.470291137695,139161.92036821414
3007,5,577536000,9.316970825195312,0.45919273462156224,38.52716492613157,2000,0.006366465849646678,-1.3808953128755093,-0.0006076585430037085,5517.515167236328,138347.439800933
3008,5,577728000,9.4912748336792,0.4677552318814075,38.48258244385943,2000,0.006012719156957853,-1.382052980363369,-0.0006641432288745364,4407.57585144043,139558.98554022572
3009,5,577920000,9.39187240600586,0.46291148378077196,38.51926078367978,2000,0.006138270101354768,-1.3840510733425617,-0.0012476887114871715,4283.8525466918945,139666.4461643812
3010,5,578112000,9.396869659423828,0.4631718970200988,38.48061081301421,2000,0.006822248823184054,-1.385535079985857,-0.000786193765520693,4132.252624511719,139316.57747979398
3011,5,578304000,9.320099830627441,0.45920835087175266,38.5268622568498,2000,0.005896203054406215,-1.3878431618213654,-0.0005318123503457173,4476.595458984375,142874.83828937836
3012,5,578496000,9.458049774169922,0.4662552255231276,38.545897241060935,2000,0.007641527712422733,-1.3895010203123093,0.000970017257714062,4004.581741333008,144881.8221242567
3013,5,578688000,9.365129470825195,0.4614010625488542,38.49873172150304,2000,0.0066311949627124705,-1.389024917036295,-5.18619042395585e-05,4369.809135437012,146174.9333990457
3014,5,578880000,9.373260498046875,0.4619635678573104,38.5277577896292,2000,0.0042525201661434645,-1.388556893914938,-0.0014709706052258298,5040.476150512695,146136.0306832631
3015,5,579072000,9.404309272766113,0.4635260608047247,38.478476432462536,2000,0.006348616944480454,-1.3879446499049664,-0.0005223791411594902,4737.960388183594,145884.05884681403
3016,5,579264000,9.457075119018555,0.46619793776699225,38.54638113945839,2000,0.0053149464692154045,-1.3894951865077019,-0.0017336831290890586,4399.885688781738,146298.76435813805
3017,5,579456000,9.380583763122559,0.46243752056276816,38.51468054278909,2000,0.0062504596776658825,-1.3907120265066624,-0.0007486196758463848,4949.142272949219,145836.94660999952
3018,5,579648000,9.430453300476074,0.46485418949608476,38.51719184344014,2000,0.005588468860572902,-1.3913275301456451,-0.0009232183165295282,4729.23713684082,146375.29741910295
3019,5,579840000,9.43344497680664,0.46495835292322835,38.500119748835765,2000,0.005760833259642823,-1.392766498029232,-0.0010659327690518694,4502.723030090332,144441.52049954896
3020,5,580032000,9.387481689453125,0.46280210522551596,38.53851267167678,2000,0.006408473240638462,-1.3922613523900509,-0.0004966603173670592,4373.1096267700195,146394.98093272705
3021,5,580224000,9.327248573303223,0.4596562737709367,38.52686544445654,2000,0.005122909549466082,-1.3925794288516045,-0.0014628457373646597,4633.635971069336,145466.08400294083
3022,5,580416000,9.478322982788086,0.46727085790068185,38.48733163252473,2000,0.004928717636498429,-1.3938539326190948,-0.0011728548408882489,4619.140625,146018.0938826983
3023,5,580608000,9.286961555480957,0.4577291871755733,38.602737142393984,2000,0.00477896649382698,-1.3954240307211876,-0.0011573502033570549,5553.650085449219,144052.98196661536
3024,5,580800000,9.408060073852539,0.4637604399607274,38.49588312224174,2000,0.004908830716609373,-1.3979620821774006,-0.0012784751334038447,5006.004150390625,146022.12882267285
3025,5,580992000,9.31777572631836,0.4590312732628566,38.48859404198205,2000,0.005964852858858649,-1.397958803921938,-0.0009338864618939624,4960.2421875,144715.44486686774
3026,5,581184000,9.34909725189209,0.4609166938789713,38.52660236026471,2000,0.0060160225943351785,-1.3985930532217026,-0.0008295281695609447,5087.907867431641,145898.84446281465
3027,5,581376000,9.362506866455078,0.46146876882085053,38.520725250127725,2000,0.006880696240754333,-1.398854821920395,-0.0005844316929710658,4715.011383056641,145076.02638505216
3028,5,581568000,9.32808780670166,0.4598021068498686,38.591322790520884,2000,0.005739571762756289,-1.4002895802259445,-0.000798498766926059,5079.54541015625,145735.7504243832
3029,5,581760000,9.370294570922852,0.46182293879671005,38.590507784858346,2000,0.00517503851512932,-1.4008246771991253,-0.001013528075418435,4636.951721191406,144970.19914063934
3030,5,581952000,9.349411010742188,0.4607343982115708,38.528620951537356,2000,0.004286358515712588,-1.400512732565403,-0.001225659142164659,4578.766189575195,145946.09078236012
3031,5,582144000,9.481657028198242,0.4674323171123736,38.4632521190991,2000,0.006656175086677346,-1.400257907807827,-0.0011117922758785426,3941.1264724731445,144425.30616971763
3032,5,582336000,9.353323936462402,0.460927102313993,38.48262276756577,2000,0.00574899879169728,-1.400619562715292,-0.001082786650840717,4725.272048950195,145636.62223646493
3033,5,582528000,9.34421443939209,0.4605469017854678,38.46436616964638,2000,0.0052109720138444875,-1.402772679924965,-0.0013416371002676897,4392.998985290527,144644.3379498142
3034,5,582720000,9.389837265014648,0.4627968950359597,38.61714832608899,2000,0.006377000273001613,-1.405269917100668,-0.0006041311371518532,4695.197128295898,145372.13740615794
3035,5,582912000,9.398947715759277,0.46319272936610406,38.462784540218614,2000,0.005026751879001192,-1.406360574066639,-0.0013486853467838955,4838.872634887695,144448.40377631903
3036,5,583104000,9.294732093811035,0.45792189643301145,38.46854125867443,2000,0.00544318810365318,-1.4081592187285423,-0.0012173369474126616,5055.967544555664,146385.482041533
3037,5,583296000,9.513909339904785,0.4689271090125355,38.51326580345631,2000,0.0063855878151953226,-1.409018624573946,-0.0008613143769480303,3920.5717849731445,144340.32768145556
3038,5,583488000,9.43249225616455,0.46501043712911877,38.56621548011026,2000,0.006868212242785375,-1.4092070311307907,-0.0006611204644286772,4284.688339233398,146190.9931046205
3039,5,583680000,9.375795364379883,0.4619323074669713,38.50425958495665,2000,0.006253036148516306,-1.4070000387728214,-0.001227778420911818,4623.589569091797,144149.12832772522
3040,5,583872000,9.307151794433594,0.45848439256042184,38.54860942872862,2000,0.006365774486718389,-1.405496921390295,-0.0006431112187783583,5168.739852905273,146324.72027718113
3041,5,584064000,9.235483169555664,0.4551823121758692,38.50959847766595,2000,0.005250751281288103,-1.4058830067515373,-0.0014316932065412402,5303.789123535156,144687.49554861741
3042,5,584256000,9.399497032165527,0.46320835100414115,38.52479358358929,2000,0.00465601055911975,-1.4061048664152622,-0.001479198940387505,4586.171493530273,145377.75185831895
3043,5,584448000,9.413566589355469,0.4640364812712505,38.54342395020649,2000,0.005238110437882521,-1.4062117971479893,-0.0011403269932088733,4555.394798278809,144941.4505248855
3044,5,584640000,9.36782169342041,0.46174481574538123,38.5443661036746,2000,0.006105180806946009,-1.40699053555727,-0.0005341404903447255,4731.662841796875,145341.58938344434
3045,5,584832000,9.248270988464355,0.45564585169631755,38.48567539313808,2000,0.0052568939244762684,-1.4079414457082748,-0.0013147185526634075,5160.705001831055,144543.80461818253
3046,5,585024000,9.457157135009766,0.4661146098727234,38.47741791481773,2000,0.006625181594853832,-1.4084831327199936,-0.000398761280052895,4326.136978149414,139660.09285166347
3047,5,585216000,9.393651962280273,0.46304168760495185,38.52402121666819,2000,0.005466534858336671,-1.4080493748188019,-0.0009357559288218908,4435.0185623168945,139521.28931871592
3048,5,585408000,9.403216361999512,0.4633229355962006,38.50516745091105,2000,0.005889273381229335,-1.4091457538306713,-0.000908639516637777,4476.081260681152,139423.86220119643
3049,5,585600000,9.362948417663574,0.46151043997512414,38.55415925445656,2000,0.005457205807450616,-1.410819061100483,-0.0014993749889633534,4544.842445373535,138677.3147961602
3050,5,585792000,9.277460098266602,0.45717709896113473,38.58617007484039,2000,0.005018621784906524,-1.412718776613474,-0.0015785172317919205,5379.871871948242,138376.0336134722
3051,5,585984000,9.308697700500488,0.4586771035125518,38.52421512718623,2000,0.0048267776564413604,-1.4140623398125172,-0.0014532333085526261,4859.504348754883,139588.4396247655
3052,5,586176000,9.37866497039795,0.46236460509620275,38.51794830492387,2000,0.006116041245501643,-1.415215764194727,-0.0011940313393097313,5051.827850341797,139923.66345143536
3053,5,586368000,9.376835823059082,0.46219793991682917,38.572663520773254,2000,0.005611284866463393,-1.4154451936483383,-0.0014713530017615994,4561.405296325684,138925.97973298177
3054,5,586560000,9.358752250671387,0.4612448117823078,38.52341216864685,2000,0.006063992306560977,-1.4137899987399578,-0.0008960503746493487,4590.458389282227,139942.18320711082
3055,5,586752000,9.332869529724121,0.45988544223291683,38.50119954068214,2000,0.005474082641808006,-1.4127900674939156,-0.0012731627675748314,4735.095916748047,137902.8449440425
3056,5,586944000,9.377386093139648,0.4621354414860737,38.460122976762555,2000,0.005282499785224597,-1.4125628136098385,-0.0011296339516775333,5386.887741088867,139571.44717837643
3057,5,587136000,9.318756103515625,0.4591875194485813,38.50251112909367,2000,0.005218127713674524,-1.4137514978647232,-0.0013837877922924235,4739.03596496582,139416.93547300363
3058,5,587328000,9.322202682495117,0.4594010612351364,38.52609640484055,2000,0.006518534379041133,-1.4156012907624245,-0.0004752035624733253,4973.664199829102,139174.99337061003
3059,5,587520000,9.286025047302246,0.4574739782274264,38.52556994184852,2000,0.0058544442106115945,-1.4177074134349823,-0.0007859218303565285,5300.80322265625,139996.51071981245
3060,5,587712000,9.437253952026367,0.46511981653808715,38.47770685582267,2000,0.005118827253589794,-1.4163052700459957,-0.0008691609500601771,4321.086624145508,138644.21434519827
3061,5,587904000,9.4197359085083,0.4643229368448374,38.576260125264525,2000,0.0053394620472390665,-1.4147339910268784,-0.0011412905300858256,4901.9805908203125,139142.96037322909
3062,5,588096000,9.406061172485352,0.4636146098843407,38.50020140983785,2000,0.005412824139057193,-1.4157062247395515,-0.000945937606957159,4828.922317504883,140126.52233908005
3063,5,588288000,9.363818168640137,0.46151043796756613,38.51793856546283,2000,0.005198823231631346,-1.4164131358265877,-0.0010291341429820022,4772.883255004883,139404.26263850683
3064,5,588480000,9.31457805633545,0.45907814499150845,38.56775431583325,2000,0.0048054814565305914,-1.4162320792675018,-0.0013521046178084362,5049.310760498047,139469.7807275193
3065,5,588672000,9.33563232421875,0.4598593998925935,38.48265134341394,2000,0.005340290179519798,-1.4183789193630219,-0.0012516192291514017,5204.795333862305,138711.73071104466
3066,5,588864000,9.353657722473145,0.4610781444213596,38.49032616149634,2000,0.005634320868450838,-1.4185954667627811,-0.0009959628878277726,4788.07649230957,140024.12209915128
3067,5,589056000,9.285550117492676,0.4574427253064641,38.42564664874226,2000,0.005460074021975743,-1.4194105677306652,-0.001448024393880587,5153.96501159668,139715.21921080202
3068,5,589248000,9.394285202026367,0.4630989786898378,38.508514935461186,2000,0.006000586121333374,-1.4188705533742905,-0.000659454341075616,4506.527320861816,139069.56705452822
3069,5,589440000,9.394732475280762,0.46320314826819714,38.521763862110674,2000,0.005451856231404236,-1.417583305388689,-0.000854376348797814,4456.234344482422,139534.12155683033
3070,5,589632000,9.414006233215332,0.4641979407697363,38.55444754008204,2000,0.006671299857320264,-1.4187190905213356,-0.0005604200678135385,4652.655624389648,138654.43991753543
3071,5,589824000,9.42445182800293,0.4646718999526153,38.51170530496165,2000,0.00633060974823699,-1.4202293381094933,-0.0009229462036728364,4435.399551391602,138830.61206852083
3072,5,590016000,9.413464546203613,0.4641406438119399,38.56548331382995,2000,0.005619344704076259,-1.4214105531573296,-0.000683398653848144,4738.150299072266,139079.1283929101
3073,5,590208000,9.256034851074219,0.45591668762790505,38.46264239402808,2000,0.004539704145805444,-1.4223136603832245,-0.0010326511646781,5154.168899536133,139957.67459650827
3074,5,590400000,9.448896408081055,0.46564064934621757,38.51700793827573,2000,0.005079679640378648,-1.4244859591126442,-0.0008077350407802442,4237.228088378906,139819.52436704878
3075,5,590592000,9.321995735168457,0.45948439212043013,38.52096060011536,2000,0.004585281063104048,-1.4264893680810928,-0.0010352678832532547,4820.981658935547,138122.7790643645
3076,5,590784000,9.363727569580078,0.46159377315295086,38.61377433873713,2000,0.006086912744746466,-1.4272272251546383,-0.000820195300548221,4610.542465209961,140017.09782117806
3077,5,590976000,9.436450004577637,0.4651718960758444,38.531753823161125,2000,0.0054110603603476195,-1.4259886965155602,-0.0009954431561709498,4515.766136169434,139138.5845726326
3078,5,591168000,9.30902099609375,0.45876564516038343,38.457968425937,2000,0.0048344134510164925,-1.4262215308845043,-0.0012298061428737128,5211.193878173828,139378.933279459
3079,5,591360000,9.371007919311523,0.4618646033062153,38.60066770824293,2000,0.005177951419173041,-1.4269367195665836,-0.0008336752894138044,4750.179244995117,139498.80959067974
3080,5,591552000,9.408025741577148,0.4637187727288013,38.553561228637896,2000,0.007125265121586077,-1.4281216897070408,-0.0001400764472236915,4802.124923706055,139191.1412845248
3081,5,591744000,9.32366943359375,0.4595833573166601,38.48177508171648,2000,0.005561169125547167,-1.4310838915407658,-0.0013809723185431722,4856.295867919922,139960.1878427878
3082,5,591936000,9.339651107788086,0.4604271077575201,38.583150566245116,2000,0.005845857833938983,-1.4318146966397762,-0.0006607948548662534,4711.713088989258,139521.31141970813
3083,5,592128000,9.36817741394043,0.4616562778161703,38.473294800768294,2000,0.005606553807869204,-1.4332864470779896,-0.0015355266205006046,4878.6834716796875,137976.65727554407
3084,5,592320000,9.390446662902832,0.46277606696700485,38.54921182586501,2000,0.005325414626519583,-1.4342169612646103,-0.0009449607354099498,4481.873588562012,140056.4987064907
3085,5,592512000,9.353222846984863,0.4609010636340827,38.57208913502594,2000,0.005183784866812251,-1.4353325068950653,-0.0010356654947827337,4695.257019042969,139601.4822509906
3086,5,592704000,9.2572603225708,0.4561718917654313,38.52355927221166,2000,0.004282857368474651,-1.4360086768865585,-0.0013312361288626562,5246.157257080078,139381.23201746412
3087,5,592896000,9.268660545349121,0.4565781441694223,38.534932774413996,2000,0.0053735724382762175,-1.4350023977458477,-0.0007889417670412513,5215.326431274414,139838.97393627802
3088,5,593088000,9.290860176086426,0.4579427308393254,38.54638060244421,2000,0.004860891473246738,-1.4349605739116669,-0.001097906209906796,4610.253921508789,138471.82455341372
3089,5,593280000,9.36812973022461,0.46172918892625603,38.47485823580064,2000,0.005155065785540501,-1.4369549080729485,-0.0006022103807481471,5305.5909423828125,139487.89525707613
3090,5,593472000,9.47795581817627,0.4672552313331835,38.52401887982463,2000,0.005435747994585351,-1.4384550750255585,-0.00022911831638339208,4864.323791503906,139943.79236169328
3091,5,593664000,9.341093063354492,0.46027084933060297,38.546397442619,2000,0.005717192015086766,-1.4390828646719456,-0.0015316066226205294,4549.723678588867,138943.79802324274
3092,5,593856000,9.346814155578613,0.4606093961374427,38.51918986051654,2000,0.00628070665463747,-1.4394377768039703,-0.001037256944073306,4406.596832275391,139592.53138071156
3093,5,594048000,9.390298843383789,0.46292710605242365,38.530835914735995,2000,0.005194787295147156,-1.4397737197577953,-0.000958891509071691,4419.075050354004,138458.41312769218
3094,5,594240000,9.422351837158203,0.4643750236233852,38.5010483895118,2000,0.006018335470245802,-1.4382051303982735,-0.0007819925613148371,4797.921966552734,139267.2168883419
3095,5,594432000,9.376665115356445,0.4620833573001922,38.54365366014341,2000,0.005034782185059157,-1.437114890664816,-0.001419816690827247,5241.302719116211,139573.14725206132
3096,5,594624000,9.275799751281738,0.4572135600216522,38.4851696312738,2000,0.005287866071538398,-1.4363524205982685,-0.0013308270738434658,5355.395797729492,138521.83188483046
3097,5,594816000,9.328874588012695,0.4597552368237909,38.51853944174945,2000,0.005356631951367793,-1.4369019232690334,-0.0007376034122899,5202.57991027832,139322.17349121
3098,5,595008000,9.307878494262695,0.4587604337745385,38.59666462801397,2000,0.005066671845008386,-1.4374269992113113,-0.0012582392450894986,4984.743728637695,139369.46634440628
3099,5,595200000,9.397998809814453,0.46316668992100557,38.54405474786957,2000,0.005106832574024642,-1.4383444599807262,-0.0010699801143800869,4677.97981262207,140004.00427667383
3100,5,595392000,9.466317176818848,0.466744809372661,38.55855736757318,2000,0.005272088413650636,-1.4386058524250984,-0.0007739576540188864,4355.259407043457,140095.97205787123
3101,5,595584000,9.446260452270508,0.4656354426339628,38.52881736781759,2000,0.0059899769258336165,-1.4385120868682861,-0.0010806733480421826,4201.154251098633,138221.53105979267
3102,5,595776000,9.326883316040039,0.4597396011710468,38.46463815153887,2000,0.006463406170359424,-1.4380990229547024,-0.0010408382319155862,4991.729751586914,139581.9921350954
3103,5,595968000,9.303482055664062,0.45842189416301454,38.5435654806594,2000,0.005922221769908598,-1.4380699135363102,-0.0008662024365548859,4644.221878051758,139066.1870096754
3104,5,596160000,9.35827350616455,0.46105731909180275,38.500171599288784,2000,0.005854393211736654,-1.4399117454886436,-0.0010638257085702207,4774.450607299805,138076.34803679146
3105,5,596352000,9.379429817199707,0.4623646085413687,38.51859451504424,2000,0.006705026117308686,-1.4431874863803387,-0.00022324185556499287,4604.689376831055,139500.95913586972
3106,5,596544000,9.434392929077148,0.46501565035274933,38.51626188090692,2000,0.004497861740548008,-1.4456334821879864,-0.001532067974039819,4864.073486328125,139944.5666591264
3107,5,596736000,9.3613920211792,0.461473976742127,38.56278523492316,2000,0.004896773444090892,-1.4465978778898716,-0.0013449340934243992,4668.238861083984,139513.28623375477
3108,5,596928000,9.305275917053223,0.45868752253409184,38.54748203108708,2000,0.005475246954980927,-1.4477430060505867,-0.0008884089411367313,5512.544738769531,139963.95767655774
3109,5,597120000,9.420352935791016,0.46423960449283186,38.46413745948424,2000,0.005662553494039457,-1.4501734897494316,-0.0016606215599495044,4699.076812744141,138252.38636187764
3110,5,597312000,9.333935737609863,0.46004689611072536,38.44292508345097,2000,0.0056385397297902574,-1.451331403106451,-0.0009890864521366893,4965.682067871094,139432.48343150388
3111,5,597504000,9.343154907226562,0.46046876855022373,38.60915645584464,2000,0.004344424206724701,-1.450914390385151,-0.0012500815064413473,5258.789367675781,139120.14473102064
3112,5,597696000,9.47636604309082,0.46723960300005274,38.595564656580486,2000,0.005108038943862387,-1.452083870768547,-0.0011902772694156738,4502.809387207031,138908.42670510284
3113,5,597888000,9.391915321350098,0.4630468959397452,38.585008811205626,2000,0.005820627880806569,-1.4534845612943172,-0.000622915592884965,5071.093734741211,139032.4977737281
3114,5,598080000,9.418657302856445,0.4642864806022165,38.468340925872326,2000,0.006092217629106017,-1.455627452582121,-0.0007675311171624344,4710.965530395508,140190.22810729427
3115,5,598272000,9.475112915039062,0.4672500219088154,38.529184077866375,2000,0.005560468264583809,-1.4564330540597439,-0.0012220795365465165,4508.255096435547,138359.0163924618
3116,5,598464000,9.424983024597168,0.46466148161683424,38.612997442794345,2000,0.005146639783110004,-1.4574638344347477,-0.0011158118786624982,4091.2265853881836,139862.1599546026
3117,5,598656000,9.278820037841797,0.45724481452270993,38.50987947794298,2000,0.007017862874733207,-1.45804263651371,-0.0011795813261414878,4893.192230224609,137705.33030145866
3118,5,598848000,9.3847017288208,0.46251043735477043,38.55634456283102,2000,0.005496078962338894,-1.4591247029602528,-0.001318277213613328,4743.961196899414,139867.61454445985
3119,5,599040000,9.357091903686523,0.46110939769156783,38.469514254791044,2000,0.00534436426316582,-1.4587807729840279,-0.0009093125304389105,5121.448287963867,139244.04268525486
3120,5,599232000,9.34050178527832,0.4602812743269169,38.54200947026644,2000,0.00538106319681295,-1.458883497864008,-0.0011965594826506276,4409.482231140137,140312.56222085012
3121,5,599424000,9.331877708435059,0.4598333573394484,38.51016455562785,2000,0.004880116484613003,-1.4572208598256111,-0.0009304491759394296,4696.138916015625,139386.7473142722
3122,5,599616000,9.471551895141602,0.4668802339025812,38.51889075540627,2000,0.005458101507955386,-1.4557439051568508,-0.0011024333025488886,3980.885643005371,138828.34169355553
3123,5,599808000,9.354814529418945,0.46115627206260495,38.59542574609319,2000,0.004262384936441473,-1.4553875625133514,-0.0009814182897116552,5033.240905761719,139568.58091293497
3124,5,600000000,9.46335506439209,0.4664166888305772,38.54901169488827,2000,0.004560240534789045,-1.4551228806376457,-0.0012121156451030402,4593.777976989746,139635.3397789278
3125,5,600192000,9.293597221374512,0.45789064658129064,38.467031307828925,2000,0.0045693053964932905,-1.4545630477368832,-0.0013328308511972864,5139.3634033203125,139369.77075185833
3126,5,600384000,9.303475379943848,0.4583177333540031,38.554999187330395,2000,0.005572451805475187,-1.4547198787331581,-0.001550414296616509,4401.318695068359,140016.84541080368
3127,5,600576000,9.425661087036133,0.4644791885621089,38.47948027797975,2000,0.005866692209752122,-1.4552475288510323,-0.0012607292283064453,4652.381530761719,137831.6668599366
3128,5,600768000,9.461894989013672,0.46647918534169247,38.542790208011866,2000,0.004812395988827727,-1.4557691924273968,-0.0013589928339570179,4480.910682678223,139045.85097644714
3129,5,600960000,9.336688995361328,0.46007294374794583,38.518989787087776,2000,0.00627107977111397,-1.4560414105653763,-0.0010583390339888865,4980.432434082031,139091.27121580706
3130,5,601152000,9.499975204467773,0.46820835972600133,38.54117926148077,2000,0.005752450096498554,-1.4574937298893929,-0.0012065387545590056,4413.630073547363,139843.9108133263
3131,5,601344000,9.4197416305542,0.46414064455530024,38.51743890965978,2000,0.004715193900211792,-1.4582341313362122,-0.0013418775948821349,4744.685531616211,138683.29682140343
3132,5,601536000,9.292658805847168,0.4579531410126947,38.592416842778526,2000,0.004102325494372053,-1.4573153145611286,-0.0013646149118358153,4912.660736083984,138565.1350192515
3133,5,601728000,9.385713577270508,0.4624896074631882,38.50179990722487,2000,0.005447082886705175,-1.4561732709407806,-0.001150523942669679,4534.629783630371,139310.59790830073
3134,5,601920000,9.34185791015625,0.46045314574257645,38.51646206869433,2000,0.004957450465027553,-1.4575112350285053,-0.000975390401436016,4793.801773071289,140058.3449655123
3135,5,602112000,9.368392944335938,0.4617343983718456,38.51750251340369,2000,0.0046380030252767025,-1.4586717672646046,-0.0006771030971322034,5420.454010009766,138666.51440228464
3136,5,602304000,9.304774284362793,0.45844793380941457,38.54129544335107,2000,0.004794322894114885,-1.4603896401822567,-0.0012171812979886454,5027.939712524414,140328.56597749772
3137,5,602496000,9.25645923614502,0.45603127169852087,38.46436374510328,2000,0.005503802880872778,-1.4627204202115536,-0.0010956745054500061,4418.799011230469,138014.28743576704
3138,5,602688000,9.387170791625977,0.4626771015276366,38.4889943607462,2000,0.005394787896191701,-1.4647105932235718,-0.0006794243290642044,5098.267135620117,140198.50468373348
3139,5,602880000,9.35545825958252,0.4608854412351017,38.523356199885406,2000,0.006083322923533463,-1.466620746999979,-0.0010997602778388682,5090.979537963867,140276.86597022915
3140,5,603072000,9.380573272705078,0.4623333585095679,38.54329235199839,2000,0.005497835276337961,-1.4665737226605415,-0.001274275978175865,4409.1586837768555,139240.93659219038
3141,5,603264000,9.398619651794434,0.46345835944642505,38.54835735525315,2000,0.006385514081387858,-1.4656296968460083,-0.0011149174597449019,4406.2534255981445,139329.5900774276
3142,5,603456000,9.292613983154297,0.4578333526921294,38.47491737951835,2000,0.005122849630589675,-1.4653017148375511,-0.0012497216466726968,4921.853240966797,138419.26059479904
3143,5,603648000,9.33165454864502,0.4598698064443549,38.52268977339069,2000,0.004757164428042112,-1.466951698064804,-0.0016258253832575065,4691.523529052734,139460.15324715135
3144,5,603840000,9.49194622039795,0.467854192695692,38.49367602022054,2000,0.00506940527059487,-1.4690487571060658,-0.0012321604272074183,4416.565322875977,139897.25115137224
3145,5,604032000,9.373258590698242,0.46206772753430414,38.48830944125075,2000,0.00441059850625849,-1.4689638055860996,-0.0010352508379583014,4571.661087036133,138105.12025327876
3146,5,604224000,9.3822021484375,0.46252085921757197,38.547297473376,2000,0.004356556954199429,-1.4693788662552834,-0.0017582647644758254,4496.206001281738,139838.9960372487
3147,5,604416000,9.377554893493652,0.4622760638321779,38.48967774227882,2000,0.006787706035402758,-1.4700393676757812,-0.0009928563586072414,4500.94140625,138240.5952991133
3148,5,604608000,9.43644905090332,0.4649479401602245,38.502001306042075,2000,0.005911581783594253,-1.4698994234204292,-0.0010706796010708786,4564.574813842773,139557.19167595738
3149,5,604800000,9.403668403625488,0.4635885678386937,38.49885771299402,2000,0.0068805607865409305,-1.4715371057391167,-0.0007424855402859976,4239.701370239258,138286.4715448332
3150,5,604992000,9.444665908813477,0.4655260680707822,38.403626995782055,2000,0.005764022670065363,-1.4741404429078102,-0.0009584166980403097,4041.569046020508,140549.36145337386
3151,5,605184000,9.371627807617188,0.4618385621985605,38.53597774977485,2000,0.004903668098403917,-1.4747645892202854,-0.0014363103850882908,4437.428596496582,139101.77255752677
3152,5,605376000,9.350133895874023,0.4607500273723417,38.46003295636425,2000,0.005878481436491711,-1.4756861478090286,-0.0006887668280342041,4821.345962524414,138344.7538733947
3153,5,605568000,9.3501615524292,0.46084898010121833,38.49807509128004,2000,0.005010568467647924,-1.4748021587729454,-0.001413696396866726,5052.49089050293,139442.33950820038
3154,5,605760000,9.355012893676758,0.46102085349775734,38.50287002480278,2000,0.004778008862587739,-1.4754494838416576,-0.0010975615698498586,4824.400039672852,138032.2380934785
3155,5,605952000,9.392477989196777,0.4627656456765787,38.46030531032011,2000,0.004636758581138566,-1.4780630804598331,-0.0013311497382346715,4686.038055419922,139223.14519014393
3156,5,606144000,9.358165740966797,0.461145856624474,38.575805977607764,2000,0.0051570616464111175,-1.4804883375763893,-0.0018499148518458242,4794.388656616211,139890.58817693187
3157,5,606336000,9.31249713897705,0.4589218957044068,38.534502871644996,2000,0.005213606831782575,-1.4812364391982555,-0.0010785509036850272,4700.71614074707,139467.90871539546
3158,5,606528000,9.434760093688965,0.46498959884775104,38.50358271878213,2000,0.005122050535166636,-1.4818336069583893,-0.0009001316730063991,4380.308883666992,139822.14852582247
3159,5,606720000,9.436819076538086,0.46518751650910417,38.51248536776984,2000,0.006030282983211994,-1.4813467971980572,-0.0011689696907524194,4497.060371398926,139237.77823089418
3160,5,606912000,9.353815078735352,0.4609583532340669,38.571948021650314,2000,0.005071256147925548,-1.4810723178088665,-0.0009051883857864595,4858.6353759765625,138679.64434014092
3161,5,607104000,9.368995666503906,0.46185418831676844,38.55675810389221,2000,0.004900547028713238,-1.4784444123506546,-0.0011952284248764045,4775.878372192383,138721.53827321107
3162,5,607296000,9.354008674621582,0.4610208562923314,38.540233624478184,2000,0.0046856567059003285,-1.4765090011060238,-0.001315847955083882,5245.988342285156,138913.0466333749
3163,5,607488000,9.397346496582031,0.46309376711906225,38.589646688352026,2000,0.004700184199570989,-1.4766171053051949,-0.001610554563740152,4645.857284545898,138791.5825759348
3164,5,607680000,9.415153503417969,0.46390106316478824,38.45778283725182,2000,0.0046889850239046306,-1.4778825603425503,-0.0009360452554574294,4999.47412109375,138489.3401308541
3165,5,607872000,9.345004081726074,0.46050522861999826,38.48779825136686,2000,0.005258872256104951,-1.4799065627157688,-0.00152307750795444,4719.426193237305,140547.3085974363
3166,5,608064000,9.417893409729004,0.4641406493216588,38.54996231881281,2000,0.005589326553366846,-1.4811197966337204,-0.0011183556031255648,4241.9355392456055,139236.14599311672
3167,5,608256000,9.403464317321777,0.46347919303783175,38.48467733586828,2000,0.004631446575154162,-1.4821147210896015,-0.001381778895847674,4650.122169494629,138947.54356809123
3168,5,608448000,9.377801895141602,0.46235940002225107,38.57718656491488,2000,0.0052481726703893705,-1.4834844768047333,-0.0011623230716395483,4298.539161682129,140106.9006894672
3169,5,608640000,9.39621639251709,0.462869814521279,38.49754263305416,2000,0.006977117585639158,-1.48455261439085,-0.0007648509169939643,4362.37313079834,137863.54908567926
3170,5,608832000,9.233037948608398,0.4549114818734476,38.53564735874534,2000,0.004999839717197271,-1.485676284879446,-0.001146933142990747,5480.781433105469,139673.0792723003
3171,5,609024000,9.427654266357422,0.46478648064051714,38.51459121052176,2000,0.005139119865222407,-1.4868497215211391,-0.001186805982797523,4528.173149108887,139153.23382887302
3172,5,609216000,9.48246955871582,0.46740107266790193,38.484955740937345,2000,0.006327985331532545,-1.487606916576624,-0.0009269224037780077,4096.754127502441,139617.5834965974
3173,5,609408000,9.406786918640137,0.4635573112973361,38.52637236316999,2000,0.005941326919729666,-1.4885223768651485,-0.000999540606244409,4569.016555786133,139101.69193779625
3174,5,609600000,9.378357887268066,0.46211981390479195,38.55034840106964,2000,0.004911628552431163,-1.4899349994957447,-0.0012687349385487323,4570.581970214844,138204.16294361447
3175,5,609792000,9.288525581359863,0.45758335525230603,38.55508430053791,2000,0.004601247635733064,-1.4904807321727276,-0.0014914287453393626,5052.724060058594,139481.98497490727
3176,5,609984000,9.41009521484375,0.46372397738377913,38.542977418129645,2000,0.005167473269985446,-1.4905346594750881,-0.0013795845552522223,4157.283042907715,140148.59093952956
3177,5,610176000,9.413498878479004,0.46400002141793567,38.59650146154066,2000,0.005000155450397869,-1.490030463784933,-0.0015703217181908258,4620.518363952637,139573.52114082954
3178,5,610368000,9.368279457092285,0.4617448093013081,38.54035965601603,2000,0.005151391519893271,-1.4907382279634476,-0.0008568702214688528,4608.919876098633,139810.31654838825
3179,5,610560000,9.366487503051758,0.4616823181665192,38.58969319052994,2000,0.005558794466215962,-1.49074662104249,-0.001315452665949124,4471.769111633301,138107.24831810215
3180,5,610752000,9.349837303161621,0.4605885582592843,38.531816190729536,2000,0.005399984186311485,-1.4927286431193352,-0.0008631317855360976,4469.7673263549805,139921.11062518164
3181,5,610944000,9.300681114196777,0.4581562688830066,38.51746134584149,2000,0.0047655895495990995,-1.4935954734683037,-0.0012325970574238454,4543.232376098633,139636.72212227728
3182,5,611136000,9.43681526184082,0.4650677261931075,38.49750277865678,2000,0.005553339439541257,-1.4926789812743664,-0.0010190922346282605,4161.120254516602,138330.7567075117
3183,5,611328000,9.342723846435547,0.46035940188630775,38.560103029788785,2000,0.004855532733422782,-1.4920357018709183,-0.0012925392502438626,4177.970664978027,140271.91292493092
3184,5,611520000,9.362308502197266,0.461385431837698,38.50473261213241,2000,0.005010513563494896,-1.4929902255535126,-0.0014351809286381467,5144.66357421875,139422.86818892116
3185,5,611712000,9.296867370605469,0.4580677319402942,38.50182775547728,2000,0.005777863741862044,-1.4934842959046364,-0.0012989887791263754,4982.877746582031,139098.13609556033
3186,5,611904000,9.48781967163086,0.4676458605924078,38.51628441580882,2000,0.006324740612452539,-1.4935724139213562,-0.0008145814003910345,4080.5838775634766,139428.637781783
3187,5,612096000,9.45363712310791,0.4661406509864416,38.56669040645162,2000,0.005765953492475091,-1.4942111298441887,-0.0011586477510263649,4257.608551025391,137485.57184769522
3188,5,612288000,9.313545227050781,0.45888022683842183,38.54747493875524,2000,0.0042682749654583555,-1.493123222142458,-0.0013444740675367939,4615.752746582031,139652.52788111588
3189,5,612480000,9.352163314819336,0.4608073182231844,38.53821240691468,2000,0.005386987757233631,-1.4933666065335274,-0.0012244506206116057,4440.274551391602,137826.1669887565
3190,5,612672000,9.353139877319336,0.4609375192133787,38.54485825325052,2000,0.005851074588902217,-1.4946809485554695,-0.0010297439057467273,5118.1016845703125,140214.64503298703
3191,5,612864000,9.422009468078613,0.46439585900952807,38.54595791432075,2000,0.0048865790390700565,-1.4961645007133484,-0.0015311178804040537,4342.632881164551,138689.43965054554
3192,5,613056000,9.40611457824707,0.46364064844662306,38.49921590896944,2000,0.005366345639146554,-1.4976531565189362,-0.0014430308010560111,4404.321914672852,139670.6828040561
3193,5,613248000,9.397040367126465,0.4632031502042082,38.51104385607565,2000,0.0044883235911402156,-1.4983756206929684,-0.0016215732948694495,4762.012802124023,139130.25835043137
3194,5,613440000,9.477866172790527,0.4671458578086458,38.522925993427634,2000,0.005366442932373805,-1.4995375089347363,-0.001232825183251407,4310.468994140625,138958.55302188534
3195,5,613632000,9.286820411682129,0.45763543710988114,38.505050887508936,2000,0.0061110065817289675,-1.4990901947021484,-0.0008767271319811698,4843.08935546875,139816.94408287568
3196,5,613824000,9.39852237701416,0.46305210250163026,38.50605246859292,2000,0.005387343955502729,-1.499773696064949,-0.0017078657672300324,4607.472854614258,139593.45007000066
3197,5,614016000,9.44287109375,0.4653281448299822,38.59434852593889,2000,0.0057461787932358375,-1.5003488510847092,-0.0014700609924602759,4250.424667358398,138862.4885432728
3198,5,614208000,9.461024284362793,0.46632293523665186,38.5328375371173,2000,0.006036476732998078,-1.4980421662330627,-0.0008705202581040794,4735.258010864258,140002.46172521627
3199,5,614400000,9.247994422912598,0.45552085541748966,38.494574876036495,2000,0.004886956145618266,-1.4947951175272465,-0.001459843084376189,5048.237442016602,137992.00821203666
3200,5,614592000,9.383796691894531,0.46258856532404025,38.45835517036418,2000,0.005159474382351618,-1.4927585646510124,-0.0005645724559144583,4626.5000076293945,139575.89874890464
3201,5,614784000,9.36799144744873,0.4616146069571793,38.54794127307832,2000,0.004755106652456258,-1.4929615147411823,-0.0010912890006693488,4217.296501159668,138816.4566015676
3202,5,614976000,9.316954612731934,0.45904168451852456,38.5033227201396,2000,0.006029633939353516,-1.492526963353157,-0.000612251613006265,4928.816329956055,139202.21864320475
3203,5,615168000,9.347527503967285,0.46067189877673326,38.527677816494055,2000,0.006628072961543997,-1.4924653358757496,-0.0007962757415498345,5093.380935668945,138606.16399797102
3204,5,615360000,9.493927955627441,0.46793752524778637,38.46830983987699,2000,0.005898974353748296,-1.4926642961800098,-0.0013423354307633417,4704.808334350586,137780.10825198115
3205,5,615552000,9.389842987060547,0.46282293966396537,38.57363774549837,2000,0.005078830796293914,-1.49373160302639,-0.001671061132583418,4173.283103942871,139317.44159472175
3206,5,615744000,9.28857421875,0.45774481474776013,38.55779669030259,2000,0.00616318614805156,-1.49347835034132,-0.0011336771390801914,5062.64501953125,140938.64946582215
3207,5,615936000,9.448278427124023,0.4657448148154799,38.51849558080236,2000,0.004720376404817216,-1.4939898401498795,-0.0010826202727685086,4595.450653076172,139321.8076209836
3208,5,616128000,9.373019218444824,0.4618229397625934,38.5287113590166,2000,0.005960311785553737,-1.4949848279356956,-0.0013878135791856039,4568.722930908203,139940.1717112828
3209,5,616320000,9.431782722473145,0.4648541902109476,38.487863639757656,2000,0.005157568467441403,-1.4951751753687859,-0.0011909108907275368,3932.271255493164,139684.21630080734
3210,5,616512000,9.346294403076172,0.46065626886108174,38.61490465886891,2000,0.005436588402624087,-1.494951669126749,-0.0010581640399323078,5193.304153442383,139341.79538618025
3211,5,616704000,9.381648063659668,0.46226564603360504,38.509229280791864,2000,0.005530403398433312,-1.495119959115982,-0.0008737196403671987,4701.768264770508,138822.92972051882
3212,5,616896000,9.426443099975586,0.4647135670359906,38.53098391275853,2000,0.0046975093355285935,-1.496560025960207,-0.0013395804952338608,4882.648132324219,137867.6371584724
3213,5,617088000,9.372528076171875,0.4618021007839464,38.625764025996126,2000,0.004635795358534475,-1.4964334294199944,-0.0009465031553190784,5077.946884155273,138510.59165353916
3214,5,617280000,9.414830207824707,0.4641302270174492,38.611240087387465,2000,0.004345926898725641,-1.4974893294274807,-0.0014073674647079315,4334.182563781738,138396.75836551285
3215,5,617472000,9.303753852844238,0.45848960774431663,38.459641881015465,2000,0.004285463067664144,-1.4987644217908382,-0.0009392479746566096,4661.972869873047,139902.48206992346
3216,5,617664000,9.406347274780273,0.46364585536563635,38.578404896582164,2000,0.006020813165712752,-1.4977299869060516,-0.0012096344239580503,4613.605567932129,139987.94891984857
3217,5,617856000,9.42684268951416,0.46468230953178136,38.54313715298971,2000,0.005913751681374075,-1.4968902841210365,-0.0009475288170506246,4763.637351989746,138518.76322466045
3218,5,618048000,9.411057472229004,0.46400523683648015,38.60897145668665,2000,0.005119894645938378,-1.4986323714256287,-0.0012006056799691578,4598.074882507324,139737.24549135767
3219,5,618240000,9.367141723632812,0.46170314773795934,38.52556838219365,2000,0.005215289484457268,-1.4999606311321259,-0.0008665591664112071,4910.054489135742,138000.71473234502
3220,5,618432000,9.258615493774414,0.4561979450936633,38.50967684434727,2000,0.004955361742080034,-1.4994095675647259,-0.0015316983153752517,5217.1734619140625,139399.4347821067
3221,5,618624000,9.354111671447754,0.46100002183872374,38.473562887636945,2000,0.007317842330075412,-1.4986015632748604,-0.0003261942424614972,5043.548248291016,138723.57963577958
3222,5,618816000,9.301374435424805,0.458505228073894,38.576019749355815,2000,0.004450589459273032,-1.4985923022031784,-0.0014559945120709017,5274.906463623047,138504.1914941003
3223,5,619008000,9.374287605285645,0.461973984611177,38.47173009502391,2000,0.006132098366647066,-1.4999504052102566,-0.0005998727310725371,4662.266464233398,140233.0903174776
3224,5,619200000,9.379037857055664,0.46226043700638303,38.56849984421084,2000,0.005286248755156217,-1.4998642839491367,-0.0005926185099269787,4552.509567260742,138199.76292949295
3225,5,619392000,9.277571678161621,0.4570833584887926,38.52366844999293,2000,0.005067022909041649,-1.5010947361588478,-0.0011206576937183854,5290.286911010742,139354.69111786364
3226,5,619584000,9.323723793029785,0.4594948084619925,38.51500773336738,2000,0.004504780357994604,-1.5017200633883476,-0.000826732788254958,4425.61856842041,140317.87244104236
3227,5,619776000,9.415138244628906,0.46414064424607204,38.53572012235721,2000,0.004550899727308812,-1.5030680522322655,-0.001261196539417142,4451.892906188965,139376.28819273663
3228,5,619968000,9.415778160095215,0.46425523320006806,38.46546199064081,2000,0.004491361710863809,-1.504551775753498,-0.0014236629376682686,5039.347106933594,139954.57484118047
3229,5,620160000,9.221458435058594,0.45444273695344845,38.57254861791929,2000,0.004672009660988503,-1.5046314150094986,-0.0011571259201446082,5226.4976806640625,138490.01110878077
3230,5,620352000,9.283768653869629,0.45744273490648385,38.54200452876588,2000,0.0049031418431162216,-1.5054234340786934,-0.0011751613428714336,5082.566314697266,140423.00144390354
3231,5,620544000,9.3799467086792,0.4623177297313911,38.55956522375345,2000,0.0055353893486414256,-1.5061853677034378,-0.0008967669195953931,5249.974334716797,139185.0106375722
3232,5,620736000,9.306354522705078,0.4583854399121871,38.52160385095825,2000,0.005707194112697228,-1.5061117224395275,-0.0008845018123793125,4448.174766540527,138879.728895166
3233,5,620928000,9.452512741088867,0.46590627407143376,38.539427909534425,2000,0.004918740234466289,-1.5066471211612225,-0.0013506205468729604,4595.184814453125,139034.0296936331
3234,5,621120000,9.416305541992188,0.46413023323051067,38.55335412888477,2000,0.006016164779430255,-1.5077369436621666,-0.0009991334936785279,4486.768524169922,138095.14627777037
3235,5,621312000,9.35631275177002,0.461145855936896,38.581098107621074,2000,0.006184246928178861,-1.5092126987874508,-0.0006425834744732128,4924.161102294922,139297.5162994256
3236,5,621504000,9.288691520690918,0.4575781416879181,38.50049655061836,2000,0.005016397777061987,-1.5091949626803398,-0.0018179790768044768,4481.2148361206055,139120.32849797633
3237,5,621696000,9.32048511505127,0.45926564806116704,38.48104505528075,2000,0.005746485560773484,-1.509765837341547,-0.0011530105662131973,4931.610565185547,139320.61388372435
3238,5,621888000,9.348386764526367,0.4607812711061949,38.55731526886424,2000,0.00500978960624343,-1.5122718028724194,-0.0009811380668907077,4986.242218017578,139577.50141924678
3239,5,622080000,9.316973686218262,0.4592500190253001,38.596906040484704,2000,0.005127780456619803,-1.5124476440250874,-0.0008644705173992406,4992.1871337890625,138436.1429176385
3240,5,622272000,9.362649917602539,0.46152085361063655,38.533208124650024,2000,0.005049528440712795,-1.5123486779630184,-0.0009171756773866946,4993.987991333008,139341.06283523986
3241,5,622464000,9.451143264770508,0.46585939483823796,38.49471599732836,2000,0.005340322257116592,-1.5131278149783611,-0.0006782706454941945,4365.536148071289,137735.51328343785
3242,5,622656000,9.359973907470703,0.46133856216025987,38.587768922249474,2000,0.005808594196326643,-1.5159334763884544,-0.0007123251975826861,4583.7314453125,139239.36456141368
3243,5,622848000,9.36197280883789,0.4613489799588327,38.51979647487557,2000,0.0057368274231606245,-1.517319168895483,-0.0010094204244524008,4524.13932800293,138944.04426781254
3244,5,623040000,9.439233779907227,0.46526564764159656,38.59035014423231,2000,0.005505343567014886,-1.5186400637030602,-0.0015499427499889862,4494.928329467773,139482.66327622748
3245,5,623232000,9.45710563659668,0.4661094019823698,38.5082675270581,2000,0.006196194013318745,-1.5185707435011864,-0.0006769023257220397,4152.6915283203125,139278.4893302003
3246,5,623424000,9.377588272094727,0.46219794062259706,38.52206297715505,2000,0.005219726858510209,-1.5164178870618343,-0.0014068338550714543,4693.897438049316,137498.65967254015
3247,5,623616000,9.31024169921875,0.45859897979911085,38.543022737527885,2000,0.0060835169825635,-1.516570832580328,-0.0012071900600858498,4910.710647583008,139144.95153407994
3248,5,623808000,9.272293090820312,0.4569687760194938,38.55690940376371,2000,0.0044930696523612515,-1.5185898430645466,-0.0012151663200938856,5296.100524902344,139588.0126840237
3249,5,624000000,9.468710899353027,0.4668125214532968,38.51308882593488,2000,0.004841521082790375,-1.5201040916144848,-0.0012189777072535435,4203.124221801758,137202.34651335352
3250,5,624192000,9.422096252441406,0.46446356410888257,38.57061337400228,2000,0.00470365528826854,-1.5208638198673725,-0.0013058588147032424,4557.064064025879,139580.00650848317
3251,5,624384000,9.447070121765137,0.46560939646709204,38.5267426436767,2000,0.005643390415294562,-1.5197660960257053,-0.0014404845769604435,4253.954406738281,138821.89387014593
3252,5,624576000,9.429387092590332,0.46468752491091436,38.52869580158343,2000,0.005999946273281239,-1.5201467722654343,-0.0008217696577048628,4517.309349060059,138193.47073134096
3253,5,624768000,9.410224914550781,0.4637187769912998,38.46377304755151,2000,0.005522992826416157,-1.520113181322813,-0.0014020268390595447,4638.138275146484,139229.40822792673
3254,5,624960000,9.313495635986328,0.4589375234772888,38.54130421144267,2000,0.004197164422497735,-1.5205586925148964,-0.0019489491838839967,5151.275527954102,138781.8250951236
3255,5,625152000,9.343052864074707,0.46053127270473243,38.606399503846966,2000,0.004474433832176146,-1.521182592958212,-0.001266718787519494,5126.6959228515625,138091.2271533066
3256,5,625344000,9.458702087402344,0.46616668855313037,38.5371064748615,2000,0.004086762495275858,-1.521106492727995,-0.0013747273676187888,4420.874664306641,138882.35235518927
3257,5,625536000,9.458709716796875,0.46627085673571855,38.49123295241346,2000,0.0055276653430482835,-1.5226263478398323,-0.001026945859848638,4510.1433029174805,137208.98844603356
3258,5,625728000,9.290080070495605,0.45780730842913425,38.58363161298136,2000,0.0053235389936307905,-1.5227722711861134,-0.0008737177877264912,4949.87939453125,139539.9679039415
3259,5,625920000,9.421440124511719,0.46445834829440474,38.506547576126955,2000,0.005423127972026123,-1.522313915193081,-0.0011276342218025093,4851.766021728516,139283.53100157817
3260,5,626112000,9.484270095825195,0.46742710692403006,38.45476481566826,2000,0.005349657865173261,-1.5208546333014965,-0.0012368459974823054,4172.682769775391,139352.070717629
3261,5,626304000,9.447190284729004,0.4655521020716454,38.53306362529596,2000,0.006122856909127828,-1.5197033509612083,-0.0012064640600328858,4784.377548217773,138609.09794236635
3262,5,626496000,9.392961502075195,0.46302086024055217,38.542690175275006,2000,0.004937914784580546,-1.519541759043932,-0.0014692383956571575,4833.052963256836,138360.35403698566
3263,5,626688000,9.29886245727539,0.45812502331803745,38.48702018917538,2000,0.00479318825463027,-1.5197402127087116,-0.001088155957404524,4860.096786499023,139807.1039026807
3264,5,626880000,9.381279945373535,0.4623646038823305,38.51986215015253,2000,0.005141932148636745,-1.5186604522168636,-0.0010280565319931156,4710.13459777832,140038.8838695024
3265,5,627072000,9.29788875579834,0.45822918866239587,38.53665985632688,2000,0.00510255402251884,-1.5179149322211742,-0.0010867912221783627,4761.482894897461,138700.02829398934
3266,5,627264000,9.391891479492188,0.4628333543205372,38.50971962232143,2000,0.0048187316527570755,-1.5168015025556087,-0.0014399363125221498,4696.34765625,139404.0783209899
3267,5,627456000,9.422178268432617,0.4644010592055565,38.53766870809098,2000,0.004935089860062969,-1.5163331292569637,-0.0013771606757018162,4699.636672973633,138476.07002731878
3268,5,627648000,9.365778923034668,0.4616614779036657,38.60236322445174,2000,0.0048282840418736065,-1.516090776771307,-0.0008588023119955324,4616.363220214844,139779.2468959584
3269,5,627840000,9.448763847351074,0.46574481442318455,38.51779146003779,2000,0.005329927631285197,-1.5158922486007214,-0.0010615049093303242,4562.730438232422,139487.27041094116
3270,5,628032000,9.318870544433594,0.459093768954214,38.536291644365214,2000,0.005980547835060861,-1.5163738951086998,-0.0009766757561919803,5053.722473144531,139461.6806312605
3271,5,628224000,9.373069763183594,0.46202086099159106,38.502464169558756,2000,0.00550714850712878,-1.5181827880442142,-0.0014850509877533113,4749.170196533203,139059.74194912575
3272,5,628416000,9.378889083862305,0.4622864798590551,38.59845896437764,2000,0.008006270812901978,-1.5192698501050472,-0.0008149607019731775,4796.262260437012,137963.60856189684
3273,5,628608000,9.271737098693848,0.45675523070046137,38.50801672128728,2000,0.00540439924589009,-1.5193392299115658,-0.0010235843469672545,4665.798080444336,139477.6356502461
3274,5,628800000,9.447385787963867,0.4656875209542098,38.52654321542165,2000,0.005193773493161037,-1.5193578340113163,-0.0011437911167604398,4478.364448547363,137535.09012750827
3275,5,628992000,9.496087074279785,0.46824481276356283,38.50454669833804,2000,0.005935703484462768,-1.5201875120401382,-0.0005477823387991521,4714.597686767578,138293.7729881951
3276,5,629184000,9.451539993286133,0.46591668976240425,38.57835659881433,2000,0.00577632132708095,-1.5200325064361095,-0.0013728272570006084,4773.367324829102,137539.01538654906
3277,5,629376000,9.351947784423828,0.4608750224506366,38.48820615272658,2000,0.004289974934212902,-1.5199948139488697,-0.0011325537350330706,4755.97297668457,138555.09819233525
3278,5,629568000,9.298094749450684,0.45821356389872864,38.49491821586465,2000,0.004112361346757097,-1.519184123724699,-0.0010468096379554481,5350.50260925293,139533.4466063152
3279,5,629760000,9.34700870513916,0.46064064862427284,38.522154052120946,2000,0.004483849301599548,-1.5180083997547626,-0.0012195686954328266,5184.436660766602,138543.9381342434
3280,5,629952000,9.303354263305664,0.45853126940710354,38.54387951657797,2000,0.004730624975432874,-1.5193788297474384,-0.0011108219182460743,4812.727096557617,139653.99985534843
3281,5,630144000,9.5018310546875,0.46846356199481914,38.45996158306176,2000,0.004735233096735706,-1.5206332691013813,-0.001283706496906234,4440.002960205078,137921.2726907315
3282,5,630336000,9.437590599060059,0.4653021097031645,38.53673051328709,2000,0.004630098668203572,-1.5216370224952698,-0.001320291506999638,4676.278129577637,139266.2579329805
3283,5,630528000,9.405491828918457,0.4637291919413353,38.521629962449275,2000,0.004624371422760305,-1.5236390642821789,-0.0015350372632383369,5017.41471862793,137589.05372769825
3284,5,630720000,9.4034423828125,0.46355210970371746,38.54134038990984,2000,0.004600139949000246,-1.5246544033288956,-0.0012571281122291111,4147.578994750977,139767.27668181798
3285,5,630912000,9.45018196105957,0.46600002778419974,38.50585926013688,2000,0.0059496146614546885,-1.5258267372846603,-0.0012450735342781627,4422.031867980957,139283.39934430874
3286,5,631104000,9.358370780944824,0.46113023082398286,38.50791837864866,2000,0.005326951906220833,-1.5270550549030304,-0.0011044013817809173,4941.262771606445,138955.52210254234
3287,5,631296000,9.36786937713623,0.4618489824703526,38.541262664832175,2000,0.005987146520463284,-1.5267288126051426,-0.001067598775193801,4422.819091796875,138445.74283464887
3288,5,631488000,9.466569900512695,0.46675002395628934,38.5535559784621,2000,0.004415154625326977,-1.5261263623833656,-0.0011966472620770219,4573.871795654297,137984.92383893646
3289,5,631680000,9.325169563293457,0.45960418912606354,38.546675320559494,2000,0.005578074933146126,-1.527456670999527,-0.001124353003433498,4801.139694213867,139391.56902872125
3290,5,631872000,9.379308700561523,0.46232814517194737,38.524222855921835,2000,0.005502938762869841,-1.5272971019148827,-0.0011240707506203762,4533.170585632324,138376.09614473736
3291,5,632064000,9.362235069274902,0.4615833531061071,38.53888896728555,2000,0.005260252572096457,-1.5287805832922459,-0.0016663579353917157,5090.662948608398,138923.18886903377
3292,5,632256000,9.42564868927002,0.4646354388344965,38.539624969785415,2000,0.005650027703712112,-1.5299094058573246,-0.0011508736979521927,4629.202911376953,139895.6058629453
3293,5,632448000,9.329601287841797,0.459776057520988,38.505330607450254,2000,0.005922869754149966,-1.5306312218308449,-0.0015969249070622027,5148.727981567383,138572.03757116967
3294,5,632640000,9.393754959106445,0.4629948115616571,38.53114345048865,2000,0.005375151924934471,-1.5308906398713589,-0.001455791770695214,4767.012359619141,138874.90324873902
3295,5,632832000,9.365469932556152,0.46148960940566514,38.51473503621916,2000,0.004810294910130324,-1.5303552448749542,-0.0015728618709545117,4983.210479736328,138593.57499476578
3296,5,633024000,9.449960708618164,0.46588543743382616,38.47792037576437,2000,0.00486760933571107,-1.5296170189976692,-0.0012552794420912505,4550.157196044922,138904.51936540136
3297,5,633216000,9.439538955688477,0.46533856175544014,38.54882194350163,2000,0.005347268440498737,-1.5296625159680843,-0.0016755967629933366,4749.20622253418,137630.27160364704
3298,5,633408000,9.41431999206543,0.46394793660147116,38.532048120473824,2000,0.004570039933802036,-1.5301846265792847,-0.0014408711790565576,4433.31591796875,139045.87252557138
3299,5,633600000,9.409358024597168,0.4638177258069239,38.51924376748502,2000,0.004531420113926287,-1.5316134989261627,-0.0009311963724485395,4618.075332641602,137712.3206050701
3300,5,633792000,9.425692558288574,0.46474481623711955,38.47982304279382,2000,0.004322350008723636,-1.5328502096235752,-0.0008758944532019086,4958.686370849609,139667.3931605557
3301,5,633984000,9.352119445800781,0.46099481760938943,38.498156094302736,2000,0.005716705476981587,-1.5321465022861958,-0.0009112132010287155,4952.728973388672,140185.75640731739
3302,5,634176000,9.34968376159668,0.46059377407740004,38.48599239982044,2000,0.00467959883127575,-1.5310851149260998,-0.001517136723123258,4985.014663696289,139028.60086361624
3303,5,634368000,9.36031436920166,0.4613437749667355,38.510532828358315,2000,0.005478730277095262,-1.5330240726470947,-0.0014464879295701394,4481.156936645508,138845.1686302454
3304,5,634560000,9.412140846252441,0.46386460579014965,38.488949714538954,2000,0.005491547104427202,-1.5341667719185352,-0.0010871810482058208,4259.599906921387,137885.813779954
3305,5,634752000,9.42330551147461,0.46445835999778257,38.56615947249035,2000,0.005781949970609276,-1.534325946122408,-0.0015660759042930295,4774.2384033203125,139102.7884058153
3306,5,634944000,9.306142807006836,0.4586250188597963,38.45452994232377,2000,0.006136574198394858,-1.5348966680467129,-0.0014574787846868276,5186.823394775391,138296.9713466206
3307,5,635136000,9.413122177124023,0.46414585065879993,38.55287764438739,2000,0.004087807274258618,-1.5349053852260113,-0.0011152224833494984,4087.2279739379883,139261.07822417282
3308,5,635328000,9.355037689208984,0.461156268497992,38.55177949151645,2000,0.003917499492842277,-1.535410437732935,-0.0018129414361283125,4872.960662841797,140060.78009037592
3309,5,635520000,9.434530258178711,0.4650416840577236,38.49984152428806,2000,0.004265319574442402,-1.5350357815623283,-0.0014062796722100757,5007.772659301758,138643.02928620417
3310,5,635712000,9.37830638885498,0.4622656446493541,38.51479271706194,2000,0.004616005981501075,-1.5349891930818558,-0.0017914406998897903,5074.140869140625,140054.99228684395
3311,5,635904000,9.384503364562988,0.4624583552637584,38.47604108788073,2000,0.005420738790203662,-1.5366307199001312,-0.00145127858104388,4593.591461181641,138968.58693007883
3312,5,636096000,9.364091873168945,0.4615937697975217,38.5545297494779,2000,0.006714001562747095,-1.536624737083912,-0.001066171298930385,4708.987350463867,139857.82947484928
3313,5,636288000,9.470932006835938,0.4670416875499844,38.50644120294601,2000,0.005744732403797873,-1.5375984236598015,-0.0007381128839369921,4359.121002197266,139461.7130468592
3314,5,636480000,9.368514060974121,0.46186459977616323,38.55817132629454,2000,0.005712155423806204,-1.5390140153467655,-0.0006990009323999402,4486.528472900391,139352.66198812993
3315,5,636672000,9.31296157836914,0.4591041858645137,38.53978690939645,2000,0.004480176324325536,-1.5398748740553856,-0.0012850003032269797,5293.116363525391,139014.12790736224
3316,5,636864000,9.371317863464355,0.46180210863955534,38.475310783833265,2000,0.004259796686829456,-1.5404177568852901,-0.001339369814559177,4458.698196411133,138548.22072487557
3317,5,637056000,9.395270347595215,0.4632135620565047,38.53739648063978,2000,0.00518370133615584,-1.5401343926787376,-0.0009031616755237337,5672.412338256836,138787.05860204902
3318,5,637248000,9.381818771362305,0.46229689611694386,38.450936695871256,2000,0.005278005309073099,-1.537085946649313,-0.0015003804592197412,4572.698593139648,138233.1523708817
3319,5,637440000,9.462740898132324,0.4665156496891238,38.51713575360676,2000,0.0048640312404556124,-1.5359115712344646,-0.0014545308217748243,4235.287696838379,138521.52966935805
3320,5,637632000,9.284870147705078,0.4575156472098267,38.55577220364163,2000,0.005315098054192883,-1.5362844355404377,-0.0013278488331707194,4634.079849243164,138291.56317245786
3321,5,637824000,9.326077461242676,0.4597396063733565,38.56366322942389,2000,0.005650809721410042,-1.5368535816669464,-0.001379586090479279,4895.287933349609,139434.45372611497
3322,5,638016000,9.378375053405762,0.46228648312777904,38.56818486750126,2000,0.00503602191072423,-1.5360954739153385,-0.001121336832511588,4799.704437255859,139791.36654015616
3323,5,638208000,9.399886131286621,0.4633125236165749,38.506579504503556,2000,0.00520938482733618,-1.5363688990473747,-0.0011037109193239303,4821.242462158203,138248.95404188806
3324,5,638400000,9.362483024597168,0.46154689425081113,38.51248677043865,2000,0.005424530651352446,-1.5389602780342102,-0.0008897374855223461,4820.3337478637695,139276.52132081846
3325,5,638592000,9.474263191223145,0.467078149443599,38.58479509626826,2000,0.004555642115842299,-1.5403352454304695,-0.0014928540297205473,4370.357421875,137320.49935594693
3326,5,638784000,9.401046752929688,0.4634010604022478,38.52401623067757,2000,0.005524709226670287,-1.5414418578147888,-0.0006606501392525388,4651.966567993164,139409.25743993127
3327,5,638976000,9.349203109741211,0.46081772870153753,38.5407427418977,2000,0.006011168038181495,-1.5431227833032608,-0.0008172768648364581,4745.755523681641,137707.07391301607
3328,5,639168000,9.427488327026367,0.4647500237351778,38.504372855337955,2000,0.004818626191656222,-1.5436146967113018,-0.0014720291210323921,4559.423797607422,139611.86475163297
3329,5,639360000,9.385675430297852,0.46264064820267475,38.51116213823358,2000,0.00614114652518765,-1.5422601029276848,-0.0010325189959985437,4267.079116821289,138924.83428277797
3330,5,639552000,9.378586769104004,0.4623177262965328,38.42507644183934,2000,0.005286198160164834,-1.541923824697733,-0.0013868696671579528,4563.679870605469,139046.3451954078
3331,5,639744000,9.37374210357666,0.46193752079852857,38.45972919898728,2000,0.005092998813430313,-1.5427608340978622,-0.0012239775387570262,5001.618576049805,139037.03131631762
3332,5,639936000,9.40019416809082,0.4633646067753337,38.519148711736,2000,0.005959202366929579,-1.5428887605667114,-0.0005215813457652985,4580.6097412109375,139017.98384294842
3333,5,640128000,9.410916328430176,0.4637031444229554,38.50416434496098,2000,0.0053271567913276766,-1.5435895472764969,-0.0013267687037341602,4386.108001708984,138883.36891908766
3334,5,640320000,9.378451347351074,0.4622864866366096,38.519284135351576,2000,0.005781212558712771,-1.5434951670467854,-0.0010531600559033905,4279.0622482299805,138166.678148754
3335,5,640512000,9.332989692687988,0.4602291889447467,38.521157067889966,2000,0.005093349072247899,-1.543784473091364,-0.0011069762595070642,5074.763824462891,139019.07335236025
3336,5,640704000,9.475054740905762,0.4670208554707642,38.51732493781795,2000,0.005356245499831857,-1.5434929430484772,-0.0015264933608847286,4586.569900512695,138454.84706517466
3337,5,640896000,9.387630462646484,0.4626458557067963,38.48945500841364,2000,0.004376952476634566,-1.544452853500843,-0.001413669072690027,4508.840950012207,139400.00408568067
3338,5,641088000,9.390215873718262,0.46294794210552936,38.48805967607768,2000,0.0050034864569897764,-1.5442221984267235,-0.0013657595707172732,4794.765693664551,139526.5572513844
3339,5,641280000,9.53610897064209,0.4701614840869297,38.477557734275855,2000,0.004680587682950621,-1.544924758374691,-0.0009597847324585018,4239.590187072754,139554.2599568626
3340,5,641472000,9.465638160705566,0.4666302266020163,38.53652584180236,2000,0.0051460029175893094,-1.5477554388344288,-0.0010937133965853718,4559.342658996582,139278.1806725003
3341,5,641664000,9.426648139953613,0.46458335365484044,38.47773834550753,2000,0.0055180140751181165,-1.5502707920968533,-0.001074402608537639,4125.550430297852,137762.43622095947
3342,5,641856000,9.535317420959473,0.47008335450118466,38.408233115604766,2000,0.005495988301098501,-1.5530270710587502,-0.0009739216411617235,4405.921714782715,138920.57491809013
3343,5,642048000,9.325044631958008,0.4597291891229058,38.48913408226023,2000,0.0050109463805953665,-1.5548468567430973,-0.0013461142534652026,4909.712997436523,137877.52364039762
3344,5,642240000,9.385988235473633,0.4627448147572674,38.535575034717716,2000,0.005009765499950542,-1.5546474270522594,-0.0017187480043503456,4641.959548950195,139089.89148958342
3345,5,642432000,9.424090385437012,0.46468231279989897,38.53862613501648,2000,0.004813701096655374,-1.5543967112898827,-0.0012110216557630338,4569.749008178711,137983.10318063412
3346,5,642624000,9.42126178741455,0.46444272847171914,38.50553172174841,2000,0.004647845029976451,-1.5542415641248226,-0.0010998156678851956,4528.180213928223,139475.8122683699
3347,5,642816000,9.444939613342285,0.4657083558965193,38.581518286528684,2000,0.004793867613848609,-1.5560722015798092,-0.0009880506459012395,3949.3278198242188,138855.49958429893
3348,5,643008000,9.384530067443848,0.46244273133985797,38.456562888498105,2000,0.003969162390848699,-1.5592964515089989,-0.0016612927211099304,4311.187355041504,139213.7371583764
3349,5,643200000,9.473748207092285,0.4669375216860014,38.482794965306915,2000,0.00475163590820739,-1.5614275522530079,-0.0013933794070908334,4368.986068725586,139361.9793578114
3350,5,643392000,9.490169525146484,0.46792190029312525,38.453317318266876,2000,0.004660332374992625,-1.5625236108899117,-0.0014302579687637262,4230.335395812988,138779.3640238192
3351,5,643584000,9.43492603302002,0.4649479409630051,38.490015923045576,2000,0.00525170009866027,-1.5631504580378532,-0.0011142328603455098,4368.398551940918,138798.8079205743
3352,5,643776000,9.399482727050781,0.4633281469062543,38.497478905832395,2000,0.005981630218292897,-1.5637738779187202,-0.0009451622553342531,4743.614608764648,138511.46198595216
3353,5,643968000,9.384347915649414,0.4626406445701529,38.54465647088364,2000,0.005678143275787685,-1.5642107725143433,-0.0008703594467078801,4767.367950439453,138573.364236734
3354,5,644160000,9.47947883605957,0.467296899119295,38.47864933901777,2000,0.006030006209058532,-1.5656278170645237,-0.0005869104697922012,4667.6202392578125,139115.56000267033
3355,5,644352000,9.426554679870605,0.4646927286842886,38.50758735214671,2000,0.005172566193398476,-1.5677163675427437,-0.0015133281804082799,4693.574905395508,138678.9085169826
3356,5,644544000,9.438370704650879,0.46519793581258756,38.534703862542905,2000,0.005312000509991776,-1.5680581852793694,-0.001075611251508235,4363.724151611328,139333.922990442
3357,5,644736000,9.307267189025879,0.45864065040162433,38.51391590433195,2000,0.005713405522469354,-1.5666590295732021,-0.0012366940732135845,4887.19075012207,137616.69077224718
3358,5,644928000,9.440201759338379,0.46508856519479497,38.48601769376546,2000,0.004085306615777275,-1.5669692233204842,-0.0013329027171948837,4068.4784622192383,138631.52153286544
3359,5,645120000,9.406108856201172,0.463515646756908,38.46689736253271,2000,0.005391932643639545,-1.5657635293900967,-0.0007118671115904363,4544.7316818237305,138001.40409552987
3360,5,645312000,9.318483352661133,0.45904168795095757,38.49319855015104,2000,0.004650046564396082,-1.5652689523994923,-0.0011770573078138113,4427.822807312012,139822.13814181648
3361,5,645504000,9.487468719482422,0.46783856057542533,38.54783991103371,2000,0.00499739083800038,-1.5647233240306377,-0.0012018307277230633,4510.941665649414,139046.72260912324
3362,5,645696000,9.364205360412598,0.46163023115210916,38.516441725194454,2000,0.005168386810080847,-1.565133772790432,-0.0010257340703674345,4991.576171875,139692.4138191352
3363,5,645888000,9.347552299499512,0.4605729362926165,38.45768164905409,2000,0.004413192140113096,-1.565736573189497,-0.001531057550892001,5078.848358154297,139859.23222329063
3364,5,646080000,9.487430572509766,0.4677760650914327,38.49233029937992,2000,0.004785317899176637,-1.5671675503253937,-0.0014640164417869528,5033.589065551758,138513.71900984357
3365,5,646272000,9.375641822814941,0.4620052329792088,38.477777966763824,2000,0.0061190796503409126,-1.5678693912923336,-0.0010893338940149988,4883.681243896484,138464.0012240006
3366,5,646464000,9.406982421875,0.4636354358560008,38.47596785488228,2000,0.004847065219578023,-1.566000834107399,-0.0014881147203595901,5215.505508422852,138233.162919931
3367,5,646656000,9.373458862304688,0.4619843983418832,38.489303140357755,2000,0.004734800249774707,-1.564845908433199,-0.0013152474284652271,4601.9937744140625,139348.33084123748
3368,5,646848000,9.433074951171875,0.4649218981036635,38.52956730872393,2000,0.00568028464752327,-1.56408466771245,-0.001207097438054916,4687.023818969727,139378.01761177526
3369,5,647040000,9.419183731079102,0.46424481052660366,38.44719498076787,2000,0.004878224470875769,-1.5625395327806473,-0.0016035037269830354,4355.832366943359,138016.150192648
3370,5,647232000,9.35789680480957,0.4610937724852799,38.52740678392971,2000,0.005312232725390155,-1.5611735843122005,-0.0010570909471425693,4363.352577209473,139412.69629454653
3371,5,647424000,9.410616874694824,0.4637864736687334,38.53857194414983,2000,0.005271300335841563,-1.5608396418392658,-0.0010794919217005372,4750.169845581055,137422.90991699966
3372,5,647616000,9.42665958404541,0.4647604396620106,38.50321836490184,2000,0.004920269932001247,-1.5607720650732517,-0.001179391805180785,4881.332748413086,139343.3687153277
3373,5,647808000,9.43678092956543,0.4652031492654108,38.45170668497061,2000,0.00436875303966129,-1.5617130659520626,-0.0014026044887032185,5153.349380493164,137674.3338608353
3374,5,648000000,9.385371208190918,0.4625052304951775,38.46087778933967,2000,0.004822060055991945,-1.561687670648098,-0.0012031255087094905,4778.3043212890625,138989.91054443616
3375,5,648192000,9.453378677368164,0.46599481593329983,38.40210759205123,2000,0.00478584109651274,-1.5629034712910652,-0.001486325341261363,4690.400436401367,137694.59792228913
3376,5,648384000,9.472156524658203,0.46699481130902615,38.456904435530305,2000,0.005437170487159164,-1.5631709471344948,-0.0008759526972426102,4740.532028198242,139775.75676275167
3377,5,648576000,9.436308860778809,0.46521356622179155,38.52905320640033,2000,0.0037994808909643327,-1.5620343871414661,-0.001537379346700618,4363.417152404785,139669.02495959267
3378,5,648768000,9.446575164794922,0.4656146112750624,38.501096605944134,2000,0.00460444669072361,-1.5627961158752441,-0.0013717535116484214,4129.693946838379,138917.15688169835
3379,5,648960000,9.328131675720215,0.45975522423577786,38.5075611329327,2000,0.005782280214363709,-1.5631455816328526,-0.0006114441403042292,4960.724395751953,139074.48118921873
3380,5,649152000,9.403369903564453,0.4634271051951752,38.45826339644069,2000,0.004728164805196381,-1.5630083344876766,-0.0010866162397178414,4956.867126464844,138078.43440214286
3381,5,649344000,9.384638786315918,0.46259376877424074,38.53243689083805,2000,0.0054079066875856365,-1.564752884209156,-0.001114089907559901,4467.528297424316,138980.3908472264
3382,5,649536000,9.51839828491211,0.4693802328183665,38.501380207482725,2000,0.005409181836342517,-1.5672040991485119,-0.0012853690350311808,4014.2021255493164,138229.28780517666
3383,5,649728000,9.376038551330566,0.46221356784675055,38.42346857363979,2000,0.005963299395380697,-1.5680405385792255,-0.0007234747079110093,4911.917266845703,139259.06303150987
3384,5,649920000,9.439078330993652,0.46524481329227757,38.46220994833857,2000,0.005088209600391564,-1.5684301368892193,-0.0016870939134605578,4553.327774047852,137852.11671961652
3385,5,650112000,9.409918785095215,0.4639427258747067,38.55015474542355,2000,0.005042630541846544,-1.5693178810179234,-0.0011849956185869814,4486.545799255371,138804.70540192703
3386,5,650304000,9.446528434753418,0.4658073187062352,38.49858578263471,2000,0.005301525033408931,-1.5703509822487831,-0.00087984496349236,4985.885452270508,138621.33257252688
3387,5,650496000,9.379905700683594,0.4623385590851588,38.520114148656525,2000,0.0043532601942085115,-1.5717603489756584,-0.001915806208671711,4876.020965576172,137469.46278872743
3388,5,650688000,9.49789047241211,0.4681614784543247,38.49445492657833,2000,0.005619074239172429,-1.5722845382988453,-0.0008449888987343002,3656.274185180664,138859.3633935394
3389,5,650880000,9.4154634475708,0.4641354367273986,38.491605328240745,2000,0.005512056544326091,-1.5743403807282448,-0.001334006459273951,4359.795188903809,139083.57822943616
3390,5,651072000,9.40332317352295,0.46354689617328404,38.46895942646855,2000,0.005368984993668467,-1.5739880613982677,-0.000693937209575779,4973.908538818359,138247.9054340036
3391,5,651264000,9.476306915283203,0.46718231083165546,38.53932495601475,2000,0.0047652316308522125,-1.573470275849104,-0.0012578957403093227,3970.8566513061523,137862.74260645444
3392,5,651456000,9.326178550720215,0.4596093932650547,38.43769884505309,2000,0.005851449520763708,-1.5733101032674313,-0.0007072810840327293,5173.125915527344,137738.67342223437
3393,5,651648000,9.249924659729004,0.45585418762311747,38.4306788748363,2000,0.00432848550696508,-1.5732025280594826,-0.001000559674366741,5556.699600219727,138710.26079469267
3394,5,651840000,9.443764686584473,0.46552606052258244,38.454478231607936,2000,0.004643624411857066,-1.5741477012634277,-0.001505196501454975,4183.563591003418,138843.87320318754
3395,5,652032000,9.351713180541992,0.46075001805305266,38.546306234163545,2000,0.005155380466235026,-1.5752131566405296,-0.001568523406604072,4261.722053527832,138563.96371284738
3396,5,652224000,9.436790466308594,0.46528127251986007,38.52056126886358,2000,0.004708020678978452,-1.575362741947174,-0.001514129267889075,4096.142181396484,138972.59685905688
3397,5,652416000,9.38552474975586,0.46265106541735196,38.42565877673527,2000,0.0048943134929819885,-1.5748621448874474,-0.0012950991358593456,4330.017471313477,137292.00038228382
3398,5,652608000,9.433042526245117,0.46498439711770817,38.49426471193632,2000,0.005485300948300088,-1.5766290612518787,-0.0009376679572596913,4361.329032897949,137474.21438504205
3399,5,652800000,9.491974830627441,0.46805730738681933,38.517054278946794,2000,0.00491086804322064,-1.5780085250735283,-0.0008734581444969081,4064.7586364746094,137678.2443701875
3400,5,652992000,9.498076438903809,0.4682760619258867,38.46262887624713,2000,0.005112253800102432,-1.5774449370801449,-0.0012796739988516492,4471.921783447266,137604.9622255723
3401,5,653184000,9.423468589782715,0.4643646031709068,38.43182825886955,2000,0.007471671729562028,-1.5772641524672508,-0.00046402549241975066,4295.173904418945,137047.62910798998
3402,5,653376000,9.340336799621582,0.4604114823002116,38.55949892476201,2000,0.006851049084740225,-1.5765986517071724,-0.0008016163256456821,5210.0255126953125,138816.69617323816
3403,5,653568000,9.313231468200684,0.45898439600023266,38.4638963653706,2000,0.004111589931848963,-1.5774880275130272,-0.001139080221491895,5096.016708374023,138755.09561267772
3404,5,653760000,9.425375938415527,0.4645781456486778,38.52243646917244,2000,0.005632187817565863,-1.5792179964482784,-0.0012975097238268063,4646.435028076172,137657.60336597546
3405,5,653952000,9.373824119567871,0.4620521068997429,38.51111067008848,2000,0.005180956559149005,-1.580280315130949,-0.0017509177772581097,4623.414024353027,138491.78603045043
3406,5,654144000,9.553096771240234,0.47091147865103267,38.43303123333802,2000,0.004544370408863567,-1.5809326730668545,-0.0011805037429439835,4151.566299438477,138911.01698043363
3407,5,654336000,9.414856910705566,0.4640885642268889,38.48867960941667,2000,0.00526876644763009,-1.5812050253152847,-0.0015312520243924155,4158.052261352539,138034.1968985537
3408,5,654528000,9.35388469696045,0.4610104392365126,38.48822935468828,2000,0.004632889596725969,-1.5808285549283028,-0.001057686808053404,4654.374755859375,139104.63933938745
3409,5,654720000,9.311238288879395,0.4590885659678558,38.49234939475233,2000,0.004838134184382701,-1.581847220659256,-0.001515786915206263,4711.821334838867,138841.4450683693
3410,5,654912000,9.348760604858398,0.46063543737606477,38.41130515187979,2000,0.004483562139779678,-1.5824392586946487,-0.0014536146459249721,4823.771011352539,138758.1441696196
3411,5,655104000,9.333380699157715,0.4601927249138195,38.47862598610421,2000,0.004167827346692017,-1.5832976065576077,-0.0012977451918914085,5521.589859008789,138921.13097333797
3412,5,655296000,9.31208610534668,0.4588333499001844,38.429084921410926,2000,0.004551693070626546,-1.5850234739482403,-0.0012429813123162603,4792.751708984375,138460.53661967965
3413,5,655488000,9.532814979553223,0.4699583537312719,38.43424255462984,2000,0.0036251081039178337,-1.5855161920189857,-0.0011555865057744086,4170.074966430664,137423.92755407622
3414,5,655680000,9.302687644958496,0.4585468951202832,38.524910466745496,2000,0.004758795985811351,-1.5847923532128334,-0.0012925382823141263,5150.4500732421875,138630.9605892888
3415,5,655872000,9.401556015014648,0.46323960528449487,38.48883079830557,2000,0.004297619716953098,-1.5863780453801155,-0.001598369225447982,4713.197074890137,138633.16915753452
3416,5,656064000,9.221426010131836,0.45434898490445147,38.54235027792553,2000,0.004877563043060945,-1.5883713364601135,-0.001160038421403442,4963.1505126953125,139114.88204014985
3417,5,656256000,9.507655143737793,0.4686458528952547,38.46068035330003,2000,0.005635347516440864,-1.58889190107584,-0.0008975483719950716,4171.535087585449,138350.65220728234
3418,5,656448000,9.48929500579834,0.4679114782011311,38.562501015762486,2000,0.0058928703959487995,-1.586148627102375,-0.0007259889339366055,4356.8276443481445,138787.1083635035
3419,5,656640000,9.398534774780273,0.46306252224591543,38.41880809769888,2000,0.006558642902469728,-1.5863660834729671,-0.00017600243427295936,4702.889495849609,138312.69435074902
3420,5,656832000,9.394774436950684,0.46293752017785056,38.452379638018705,2000,0.0044784154930312065,-1.5858800634741783,-0.0019399021102799452,4243.910293579102,138693.46023274362
3421,5,657024000,9.333236694335938,0.4598177327892093,38.46089272433892,2000,0.005234270538392594,-1.5852152667939663,-0.0008304144412250025,4273.626441955566,138006.76421008055
3422,5,657216000,9.397287368774414,0.46321877204718476,38.536486270837486,2000,0.005666280217793731,-1.5839593261480331,-0.0015231252941703133,4271.497779846191,138538.6623687179
3423,5,657408000,9.199481964111328,0.45346877072430897,38.56264057631294,2000,0.003984738698491128,-1.58324521407485,-0.001453124835734343,5226.675979614258,138557.2470471365
3424,5,657600000,9.395904541015625,0.46325002143203164,38.54111768553654,2000,0.0055787584658392,-1.5849193893373013,-0.0010559657348494511,4443.844123840332,139525.59725605452
3425,5,657792000,9.362354278564453,0.4614739804352818,38.46611133749442,2000,0.005166275627872286,-1.5857589542865753,-0.0011209454019081022,4826.146240234375,138098.8663738143
3426,5,657984000,9.238969802856445,0.455151061981572,38.415195586159825,2000,0.005234023871792791,-1.5856800004839897,-0.0009543591349938652,5128.307846069336,139672.60222836764
3427,5,658176000,9.391369819641113,0.46305731369587494,38.42978191453343,2000,0.0049122750751363735,-1.5860479846596718,-0.0011943431229610724,5199.125106811523,138617.1829653399
3428,5,658368000,9.395279884338379,0.4632708526442002,38.4947911639465,2000,0.004369177678924946,-1.5866691954433918,-0.0019042383810301544,4320.767921447754,138199.02831054316
3429,5,658560000,9.417928695678711,0.46427606737355137,38.504534436389804,2000,0.004976434003493826,-1.5875934138894081,-0.000897245131454838,4870.202087402344,139097.98009976873
3430,5,658752000,9.451217651367188,0.4660156453804423,38.52318329177797,2000,0.005830624494905351,-1.5882856622338295,-0.0014278166362373668,4345.591590881348,138169.49378663645
3431,5,658944000,9.476576805114746,0.46725523181521567,38.54122914684316,2000,0.005111039600053724,-1.5890777558088303,-0.0015565752732982219,4056.0445556640625,137947.75153244377
3432,5,659136000,9.296703338623047,0.4579635628694329,38.49121120898053,2000,0.005046838790702168,-1.5891759917140007,-0.0008784094170550816,5103.100570678711,138802.47852089707
3433,5,659328000,9.411624908447266,0.4637916907486215,38.450706222094595,2000,0.00583812972123269,-1.5899465046823025,-0.0010942246017293655,4787.379348754883,137260.07322779298
3434,5,659520000,9.451187133789062,0.4659635582781145,38.49200469441712,2000,0.005235445421984574,-1.5909912884235382,-0.0008175979941711375,4447.226028442383,138972.91844456852
3435,5,659712000,9.447518348693848,0.4656771055876258,38.46964709476257,2000,0.006058692123585691,-1.5918969102203846,-0.0010853411541518199,4169.075904846191,137869.47209893254
3436,5,659904000,9.335332870483398,0.46005210664164525,38.54640817952653,2000,0.006015925972023979,-1.594117660075426,-0.0012382178351799666,4582.538818359375,137692.9532762308
3437,5,660096000,9.298113822937012,0.4581458517380573,38.462184581711576,2000,0.0052424720860629655,-1.5946693196892738,-0.0013427674261947686,4695.077499389648,138846.7984412093
3438,5,660288000,9.38426399230957,0.46256773184601724,38.565112502624594,2000,0.004079568325270277,-1.5950897186994553,-0.0013203712960603298,4261.263359069824,138717.9074271881
3439,5,660480000,9.379148483276367,0.4621354415867245,38.52432729738454,2000,0.005357229425266268,-1.596072617918253,-0.0010871162253920374,4405.038154602051,138301.3578314406
3440,5,660672000,9.447575569152832,0.46565106869214407,38.413080203502126,2000,0.00480670525636621,-1.5966181457042694,-0.0010281085756105313,4518.3460693359375,139073.21180044694
3441,5,660864000,9.375473022460938,0.46214065059333126,38.44611921006193,2000,0.003957913339358735,-1.5969298407435417,-0.001497308552643517,4789.124038696289,138725.15968269925
3442,5,661056000,9.436300277709961,0.4652500258174162,38.493515949541084,2000,0.004575438151111787,-1.5973368771374226,-0.0012425153629465058,4632.452651977539,138701.68656133726
3443,5,661248000,9.352422714233398,0.46082814665229915,38.46361408755183,2000,0.004310079722563386,-1.5983989536762238,-0.0012683708341683086,4992.875137329102,138741.37300854115
3444,5,661440000,9.410685539245605,0.4639635668293825,38.549493561809264,2000,0.00529688602409927,-1.6000214852392673,-0.0006760859496353078,4152.011451721191,138533.02576620478
3445,5,661632000,9.401627540588379,0.46339064174511196,38.499559003549315,2000,0.004538420359890248,-1.6021828167140484,-0.0011585318388824817,4841.38215637207,138499.4630456012
3446,5,661824000,9.407797813415527,0.46370835849666037,38.45510693949958,2000,0.00422276416834211,-1.6026247516274452,-0.0016160984441739856,4355.054290771484,139435.14067762534
3447,5,662016000,9.444219589233398,0.4654479373251282,38.51654152416935,2000,0.0045622325415267066,-1.6031347252428532,-0.0013908817560377429,4228.920333862305,138672.75550305095
3448,5,662208000,9.503510475158691,0.4687031473179862,38.46443341889729,2000,0.005301353169682746,-1.6046057529747486,-0.0011305638149821107,4052.6029891967773,137615.13577423268
3449,5,662400000,9.480998992919922,0.4673229399286356,38.44884468630577,2000,0.0052957238418603085,-1.6076387092471123,-0.0014618980625300537,3916.4110412597656,137333.88445557922
3450,5,662592000,9.477972984313965,0.46715105983760924,38.456801534319915,2000,0.004522482859504332,-1.6099635399878025,-0.0013646933675772743,4762.5059814453125,138929.72733367674
3451,5,662784000,9.477250099182129,0.46722398061501735,38.45539610662187,2000,0.004860023026325507,-1.609606433659792,-0.0009226079005202337,4609.970062255859,138216.21415197392
3452,5,662976000,9.267094612121582,0.456755229100357,38.530013436451554,2000,0.004109837945565232,-1.6096802838146687,-0.0011955508066421316,5236.972518920898,138312.0987217911
3453,5,663168000,9.336183547973633,0.46020834986241727,38.55826962040737,2000,0.00473159114176815,-1.610082034021616,-0.0018786700629789266,4612.913604736328,137824.70262486988
3454,5,663360000,9.409957885742188,0.46382294153530285,38.45322545055145,2000,0.0050672607908103,-1.610867589712143,-0.001711324131974834,4562.831329345703,138112.6007609717
3455,5,663552000,9.406167030334473,0.4636146066477522,38.513835271820426,2000,0.0038586935262283073,-1.6113387942314148,-0.0015664669040234003,4808.262191772461,138643.8733526793
3456,5,663744000,9.277400016784668,0.45714064784321334,38.501655193045735,2000,0.004654363899515981,-1.6103956773877144,-0.001574922210238583,5158.259460449219,138380.91521307887
3457,5,663936000,9.388633728027344,0.4628802283793145,38.51278332915778,2000,0.005005100635724374,-1.611018780618906,-0.001487840347635938,4539.591201782227,138639.22365412273
3458,5,664128000,9.384150505065918,0.4626406448484583,38.55923985565702,2000,0.005268931316924863,-1.6112134791910648,-0.0012917706069401902,4555.535736083984,138679.76614190356
3459,5,664320000,9.434013366699219,0.46509377138499985,38.470629754165806,2000,0.0050283044157501235,-1.6106352768838406,-0.001561056910759362,4911.338790893555,137392.81166477033
3460,5,664512000,9.35378360748291,0.4610208570981437,38.48117058351636,2000,0.004566876110409793,-1.609905369579792,-0.0015301981299558065,4825.2947998046875,137791.71923395363
3461,5,664704000,9.348567008972168,0.46088543577146385,38.461381330154836,2000,0.005573215386645946,-1.6107736825942993,-0.001329096605218183,4379.713333129883,138170.9220346273
3462,5,664896000,9.457513809204102,0.4661302323935767,38.41272827858726,2000,0.004012985349982045,-1.6119129285216331,-0.0013462761014579883,4360.8207931518555,138369.46948014095
3463,5,665088000,9.387552261352539,0.46270835629547946,38.485162664204836,2000,0.004460929562507469,-1.6134205795824528,-0.0018192175045896875,4568.612380981445,138428.1224123026
3464,5,665280000,9.3401460647583,0.46017710499775905,38.48115378835549,2000,0.004227915150489328,-1.6138782016932964,-0.0015684240718201181,4658.429794311523,138249.68949012225
3465,5,665472000,9.338300704956055,0.4600312729404929,38.450176899476595,2000,0.004604262730048504,-1.6140080839395523,-0.0016224811263327865,4400.825057983398,137842.58153182134
3466,5,665664000,9.370722770690918,0.46196356228938384,38.49234614901555,2000,0.004679260257272593,-1.6138747669756413,-0.0012378558512864402,4871.452407836914,138322.89609261873
3467,5,665856000,9.312276840209961,0.45886981498976337,38.52076330012642,2000,0.005172790160060685,-1.613540418446064,-0.0013590372950602614,4563.126220703125,138024.75348679078
3468,5,666048000,9.368083953857422,0.46186460115798883,38.53042425292855,2000,0.005763482679341299,-1.6128730550408363,-0.0010059650285256794,4546.788681030273,138950.04972807193
3469,5,666240000,9.376895904541016,0.46225002045018,38.47591076686513,2000,0.0055332104600189875,-1.6120148189365864,-0.001101422060855839,5098.427871704102,137823.40084287839
3470,5,666432000,9.505002975463867,0.46870836045369896,38.49105958919972,2000,0.004596763981489251,-1.612225066870451,-0.001537041615392809,4041.8693313598633,138921.18203332202
3471,5,666624000,9.310453414916992,0.4588750234846278,38.53022087365389,2000,0.005030088862341169,-1.613380629569292,-0.0013484236460499233,4833.084030151367,137802.27736114376
3472,5,666816000,9.334908485412598,0.46019794042270706,38.51550541950079,2000,0.004301362096596374,-1.6138939633965492,-0.0017806764685701637,4854.066833496094,138610.2831203268
3473,5,667008000,9.401915550231934,0.4634062750265002,38.523961949783065,2000,0.004056755005831898,-1.6142378970980644,-0.0013066458077446441,4434.915504455566,138136.2734266959
3474,5,667200000,9.545409202575684,0.47067190139568993,38.5050145490095,2000,0.00443199701270108,-1.6149309314787388,-0.0016851895998115651,3856.575912475586,137935.03241653327
3475,5,667392000,9.333724975585938,0.4600156444606303,38.53517917046944,2000,0.005282088198524434,-1.6157370284199715,-0.0013021188760831137,4884.680068969727,137477.28674789853
3476,5,667584000,9.404141426086426,0.46338022582676786,38.51686125411652,2000,0.0045208972818121165,-1.6157750263810158,-0.0013116683015823583,3850.5476608276367,138009.76439346076
3477,5,667776000,9.348186492919922,0.4607916899124878,38.52566469181329,2000,0.004896715510432841,-1.6159295961260796,-0.0010072471236526326,4531.155654907227,138368.4480591695
3478,5,667968000,9.322049140930176,0.4593906448553753,38.472370054883264,2000,0.005051096176112576,-1.618185132741928,-0.001357949159682903,5007.979141235352,138160.30774086138
3479,5,668160000,9.382854461669922,0.462442728983054,38.50804681206743,2000,0.004416941006236205,-1.6193277761340141,-0.001668467703893839,4361.006790161133,138034.82675578576
3480,5,668352000,9.271665573120117,0.4567916853338829,38.5225658894827,2000,0.005069647772848839,-1.6201606951653957,-0.0013273806998768123,4647.566177368164,138384.21096148522
3481,5,668544000,9.441855430603027,0.4653854359548859,38.43858996165606,2000,0.0035336297568380054,-1.6204442381858826,-0.0016775549893282005,4633.029922485352,137444.18752132947
3482,5,668736000,9.354207992553711,0.46100522821143386,38.5192343906189,2000,0.004947551027532124,-1.62068447843194,-0.0014717731019118219,4601.267272949219,138701.91421521228
3483,5,668928000,9.4128999710083,0.46396356139121053,38.496384392802916,2000,0.004512802497224281,-1.6217460371553898,-0.0015598626341670752,4718.592208862305,137248.74739549917
3484,5,669120000,9.370952606201172,0.4619687706120506,38.5564716955026,2000,0.005499538967410142,-1.6231967248022556,-0.0012045308812957956,4737.353759765625,137165.56676340697
3485,5,669312000,9.305274963378906,0.4585052280569168,38.47689524828456,2000,0.0048863091248204,-1.6230911500751972,-0.001567921188325272,4504.91569519043,137083.74712142214
3486,5,669504000,9.40921688079834,0.4638229425211951,38.522179022508986,2000,0.004020010021699515,-1.6228671483695507,-0.0016175110467884224,4467.710861206055,137981.17835002916
3487,5,669696000,9.38607120513916,0.4627083560747754,38.56068979141613,2000,0.0043731767127319476,-1.623425342142582,-0.0013875212370066947,5047.735855102539,136691.5330428802
3488,5,669888000,9.34892749786377,0.46085418930609495,38.59674712394675,2000,0.003983093561208079,-1.623449057340622,-0.0013941298457211815,4878.927703857422,138479.28331440256
3489,5,670080000,9.3657865524292,0.4614479369908319,38.47207380101705,2000,0.004941888916640892,-1.6233296990394592,-0.0014553325531778682,4946.729461669922,137877.48364071912
3490,5,670272000,9.382357597351074,0.462390646417892,38.519811995637916,2000,0.004652108776594104,-1.623801100999117,-0.0010816700951181701,4688.742538452148,137927.97539327768
3491,5,670464000,9.34201717376709,0.46038022535140044,38.53998686466366,2000,0.0038596319340382856,-1.6251822896301746,-0.0012398811031744117,4962.681884765625,138576.19227411595
3492,5,670656000,9.433101654052734,0.4649791831525363,38.48748633013262,2000,0.005333301073808494,-1.6265159137547016,-0.001623568632567185,4207.481887817383,138027.18578728556
3493,5,670848000,9.431663513183594,0.4649427260034524,38.47587020539989,2000,0.004933006826797887,-1.6282606460154057,-0.0010461091862907779,4749.114395141602,136319.99886031487
3494,5,671040000,9.514907836914062,0.46915626742702443,38.431955818164475,2000,0.004158943811096833,-1.628467995673418,-0.0016750868353483384,4289.203125,138094.040907789
3495,5,671232000,9.309013366699219,0.45857814460396185,38.501015742251184,2000,0.00542114446903967,-1.6288248859345913,-0.0013745862688665511,4541.30606842041,137820.27668082467
3496,5,671424000,9.323887825012207,0.4591771046040473,38.44605638987074,2000,0.004361456696637712,-1.6298321187496185,-0.0014519549134774934,4726.252700805664,136881.36114190938
3497,5,671616000,9.35520076751709,0.46105210821284953,38.52069494015692,2000,0.004804354807720908,-1.6303283721208572,-0.0017022065021592425,4714.460922241211,137390.39400505726
3498,5,671808000,9.423025131225586,0.464500021567801,38.474748343074076,2000,0.004471668336967317,-1.631391555070877,-0.0017206373076987802,4534.983909606934,137973.57276463383
3499,5,672000000,9.372468948364258,0.46197397872250195,38.55209498479962,2000,0.004341576903956593,-1.6322754099965096,-0.0013379792535488377,4515.614128112793,136231.55764154025
3500,5,672192000,9.307802200317383,0.4587916914327555,38.501927106951676,2000,0.004258978319912178,-1.6324627064168453,-0.001134320122673671,5079.297836303711,137788.52047111242
3501,5,672384000,9.387614250183105,0.4627656477684165,38.455886836389254,2000,0.004862098302439942,-1.6322074867784977,-0.0011547510416676232,4814.274108886719,136557.0339053629
3502,5,672576000,9.460004806518555,0.4664948082857639,38.56853101899227,2000,0.005152401420593378,-1.6335972510278225,-0.0014115022090663842,4434.039489746094,135927.0248589392
3503,5,672768000,9.419386863708496,0.4644218985801369,38.493494124151766,2000,0.005136265907407505,-1.63477024435997,-0.0013999605268963933,4965.068130493164,137377.48218034566
3504,5,672960000,9.337224960327148,0.46012502021221735,38.45991766823378,2000,0.00428402471820785,-1.635871510952711,-0.0015018923950265162,4782.64533996582,138451.378426801
3505,5,673152000,9.443474769592285,0.4654479332851527,38.45721310765172,2000,0.005056743643154429,-1.6370687149465084,-0.0014388562226486101,3814.7474212646484,136915.40847470047
3506,5,673344000,9.391610145568848,0.4629531445583173,38.46280277120726,2000,0.005607759207244574,-1.6370039880275726,-0.0008313503635690722,4082.315460205078,137741.6757966881
3507,5,673536000,9.382299423217773,0.46239585646738607,38.507684771592416,2000,0.0043734665743104416,-1.6366662569344044,-0.0009433591785636963,5137.715560913086,137834.21050377566
3508,5,673728000,9.404438018798828,0.46350523586139997,38.43528698260585,2000,0.004873943727177296,-1.6375223882496357,-0.0019255408828939835,4326.716743469238,136448.84886333538
3509,5,673920000,9.427963256835938,0.4647291873861832,38.46765391559651,2000,0.005827122616610722,-1.6374888308346272,-0.0015582385995003278,4431.996955871582,137099.3485687107
3510,5,674112000,9.391913414001465,0.46297919213551114,38.50532481415818,2000,0.005235562895987337,-1.6375306770205498,-0.0013313162226040731,4593.134407043457,137480.7637466627
3511,5,674304000,9.279440879821777,0.4572708494561084,38.46121334393198,2000,0.0050776982113117505,-1.6368013955652714,-0.0007220421066449489,4700.51594543457,137323.4131054564
3512,5,674496000,9.406268119812012,0.4635312706153248,38.48361382757624,2000,0.0048817472409282345,-1.6373106203973293,-0.0012748950939567294,4663.720184326172,138099.21899484203
3513,5,674688000,9.578218460083008,0.47227085241380945,38.454211798496544,2000,0.0048123722352999415,-1.6379458718001842,-0.0013239634541832856,4033.323226928711,137424.1954876466
3514,5,674880000,9.417187690734863,0.46405731238883163,38.46510701067746,2000,0.004848874123233448,-1.6400789320468903,-0.0012125693664302162,4397.251853942871,137935.1985996642
3515,5,675072000,9.38317584991455,0.4624687684615007,38.45646229883035,2000,0.0038957091896239335,-1.6411110274493694,-0.0018156162350351224,4370.121421813965,137314.01720349243
3516,5,675264000,9.355900764465332,0.46119272390751576,38.52923132479191,2000,0.004665726053125885,-1.6402795165777206,-0.0012898199288429169,4438.047637939453,137010.00705468032
3517,5,675456000,9.44564151763916,0.4656458572056484,38.46237884213527,2000,0.004754436005498671,-1.6397423297166824,-0.000706432986694594,4732.180572509766,136826.22288998743
3518,5,675648000,9.326722145080566,0.45961460222436773,38.48653800645843,2000,0.004854815693145307,-1.6388739012181759,-0.0012782230248831183,5004.118362426758,138201.21209551158
3519,5,675840000,9.367257118225098,0.46164064622159157,38.44458918428669,2000,0.004425853930484057,-1.637720264494419,-0.0019412920003105683,4525.713928222656,136748.20962498107
3520,5,676032000,9.425646781921387,0.46468752159429033,38.52468520092467,2000,0.004819743303720315,-1.6365742050111294,-0.0014548718490914325,4679.463287353516,136466.21388966404
3521,5,676224000,9.38448715209961,0.4626093954721,38.51474820077419,2000,0.004001712111489419,-1.63717882335186,-0.0018883032873304728,4634.651580810547,137163.1819824678
3522,5,676416000,9.39502239227295,0.4632708528412574,38.53437751034895,2000,0.0047509565543296045,-1.639088686555624,-0.0012599053043231834,4773.518661499023,137449.11674890827
3523,5,676608000,9.42801284790039,0.46468752424940857,38.478969670521714,2000,0.0048823206092032095,-1.6411510147154331,-0.0014090170570852933,3993.4281997680664,137650.8361204943
3524,5,676800000,9.440510749816895,0.46526043507644016,38.43712637697657,2000,0.004717883590686445,-1.6425485834479332,-0.0014092229057496297,4178.067276000977,137871.8542769357
3525,5,676992000,9.304460525512695,0.4585521043300105,38.55905046251913,2000,0.004080848273081453,-1.6437740549445152,-0.0012551539666674216,4674.721939086914,137164.824090178
3526,5,677184000,9.441506385803223,0.46517189610676724,38.43447893795868,2000,0.005150640483256818,-1.6443195156753063,-0.0014058587498766428,4208.969215393066,137486.29594711258
3527,5,677376000,9.39334774017334,0.4630521102317289,38.5103731097964,2000,0.004290675906052153,-1.6455027870833874,-0.001539246517495485,4303.865455627441,137327.41518409556
3528,5,677568000,9.354321479797363,0.46115105970360065,38.52148416110625,2000,0.004774082973628538,-1.6458620950579643,-0.0016830263011797797,4497.478225708008,137767.09737660873
3529,5,677760000,9.42194938659668,0.4644948110938761,38.40834783452252,2000,0.004337387305005299,-1.6458937600255013,-0.0012554229624583968,4163.165832519531,136314.23890888173
3530,5,677952000,9.379009246826172,0.4623385635507778,38.543222197021045,2000,0.004969948805839522,-1.645407348871231,-0.0008397873158401126,5109.472015380859,137940.13427008133
3531,5,678144000,9.416068077087402,0.4640208583490069,38.431814330630004,2000,0.004892272770933535,-1.6452890001237392,-0.0014129995056464395,4384.726829528809,137516.18598849612
3532,5,678336000,9.354496002197266,0.46106251777807,38.50277440901846,2000,0.004701014240844718,-1.6459851004183292,-0.0017896848723921721,4733.906845092773,137306.56550514494
3533,5,678528000,9.376931190490723,0.4621875206200154,38.509944854925074,2000,0.0045965005813050075,-1.6484581381082535,-0.001389634536280937,4487.114875793457,138151.61716027788
3534,5,678720000,9.44287395477295,0.4654531458042281,38.41898771895967,2000,0.005614444814185845,-1.6493946425616741,-0.0009897616896523687,4695.019134521484,136943.97653569153
3535,5,678912000,9.397276878356934,0.463260435655684,38.54076397108535,2000,0.005078179477835268,-1.6489522829651833,-0.001482445090474016,4797.1075439453125,135513.78179808878
3536,5,679104000,9.419047355651855,0.4643021016612086,38.52074620562295,2000,0.004704478361061774,-1.6490113586187363,-0.0016686229873812408,4407.082130432129,139620.68113704643
3537,5,679296000,9.51130485534668,0.4687552287541621,38.44152455280224,2000,0.005690063176919163,-1.6505976431071758,-0.001094981827918673,3523.142105102539,138041.9061328714
3538,5,679488000,9.373029708862305,0.4619375257304152,38.52157127391547,2000,0.004833694897301029,-1.6513547040522099,-0.001281124331171668,4385.788604736328,139786.7806183308
3539,5,679680000,9.42793083190918,0.46460418441044266,38.42735023944018,2000,0.00409651484170657,-1.6516941264271736,-0.001752728906012635,4570.57527923584,138812.57230083915
3540,5,679872000,9.44943618774414,0.4657500213476548,38.44173713338872,2000,0.004733912770163442,-1.6519965082406998,-0.0008910644155548653,4062.263984680176,138948.74862060926
3541,5,680064000,9.330565452575684,0.4599010567702256,38.44693460074874,2000,0.005332222405976306,-1.6521011777222157,-0.0009936920505424496,5112.412200927734,140118.24342336977
3542,5,680256000,9.42641830444336,0.4645468961219497,38.43939914461225,2000,0.005453063509582232,-1.6517831459641457,-0.0010447945710438944,4442.063735961914,139571.5403203363
3543,5,680448000,9.45205307006836,0.4657760638813973,38.478794551454484,2000,0.005718954607504808,-1.651892714202404,-0.0012561115554490243,3839.8720779418945,138896.20907518952
3544,5,680640000,9.40679931640625,0.46354689146755845,38.49796577356756,2000,0.0045879221924891075,-1.6527029238641262,-0.0016616900974213422,4530.840255737305,139584.91608834194
3545,5,680832000,9.372955322265625,0.4621041879393791,38.51678930564473,2000,0.005520564973800598,-1.653919830918312,-0.0014035521442110621,4738.942626953125,137850.36152048185
3546,5,681024000,9.529842376708984,0.4698906479679863,38.470506416633725,2000,0.00431711326657387,-1.6540023125708103,-0.0018330205416532408,4243.1794509887695,139575.27676401538
3547,5,681216000,9.563220977783203,0.47178127362349187,38.57776114437729,2000,0.004574867000291609,-1.6549138277769089,-0.0012998579313716618,3716.1305389404297,137786.6729503871
3548,5,681408000,9.46219253540039,0.46652085575321206,38.478809584863484,2000,0.005482868387237735,-1.6578640565276146,-0.0009725553072712501,4133.220657348633,139478.3254631165
3549,5,681600000,9.488176345825195,0.46773439792741556,38.47719324504336,2000,0.004703676506420985,-1.6589964739978313,-0.0007643106073373929,4204.781036376953,138707.47127666458
3550,5,681792000,9.35532283782959,0.46112502125409566,38.52213250473142,2000,0.004135448608760877,-1.6590668223798275,-0.0016309845905198017,4758.693664550781,139526.47461582278
3551,5,681984000,9.332700729370117,0.46016148102535226,38.5399309763064,2000,0.00471382411790546,-1.6580111756920815,-0.0012849186905441456,4520.139984130859,138658.58644572896
3552,5,682176000,9.37668514251709,0.46227085692225955,38.53183842822909,2000,0.005875741047692524,-1.6590125188231468,-0.0010313232305634301,4708.398910522461,138087.84573007494
3553,5,682368000,9.411215782165527,0.4640208540792325,38.48555525846314,2000,0.005529760632450537,-1.6604359112679958,-0.001151321162410568,4690.576477050781,139275.46252430085
3554,5,682560000,9.416601181030273,0.46420835489395057,38.53815270215273,2000,0.00517091368673088,-1.6620043851435184,-0.0015562425260213786,4834.470001220703,140232.0100622238
3555,5,682752000,9.43895149230957,0.4654166874794707,38.534250804844,2000,0.004908079885722449,-1.6644001863896847,-0.0010287565912676655,4841.32763671875,139090.2573509634
3556,5,682944000,9.436446189880371,0.4650989743919733,38.560123320668936,2000,0.005149219049616173,-1.6652387417852879,-0.0012925906066811876,4254.430992126465,139963.32141649153
3557,5,683136000,9.352672576904297,0.460973984483644,38.4719883397532,2000,0.0047489067815768065,-1.665904976427555,-0.0014698405921080848,4572.493118286133,138030.99381078425
3558,5,683328000,9.435100555419922,0.46500523340970784,38.4947742796503,2000,0.005192866475830669,-1.6675550863146782,-0.0010172529437113553,3987.211868286133,139347.63806626888
3559,5,683520000,9.315361976623535,0.4590677249179862,38.51798192411661,2000,0.0049299828638710705,-1.6698920354247093,-0.0008163585499687542,4666.232864379883,138258.1520796539
3560,5,683712000,9.393869400024414,0.46309897904757236,38.54672751761973,2000,0.0039754174388169,-1.6708714216947556,-0.001787148214134504,4445.46208190918,139075.94956137065
3561,5,683904000,9.502218246459961,0.4682812718565401,38.36821022738392,2000,0.004903974784834039,-1.6719829179346561,-0.001264944613467378,4044.8563919067383,139313.8018294702
3562,5,684096000,9.385807037353516,0.46254689465968113,38.54596774776777,2000,0.0030824443077096166,-1.673745583742857,-0.001254757029528264,4569.975723266602,139362.40572659415
3563,5,684288000,9.374053955078125,0.46198960881398915,38.51435438853999,2000,0.004041564551337312,-1.6749203763902187,-0.0014417889424294117,4691.379287719727,139394.3338118423
3564,5,684480000,9.3780517578125,0.4623177315728147,38.4992556180805,2000,0.0048321136310187284,-1.6755003221333027,-0.0013793618156796583,4730.988754272461,139677.2003750991
3565,5,684672000,9.377740859985352,0.46206252009263454,38.454370822602264,2000,0.004790846995034371,-1.6769729144871235,-0.0012375458336464362,4464.355133056641,139773.26886059073
3566,5,684864000,9.483267784118652,0.4676406483570948,38.50141576704724,2000,0.005319793164628208,-1.6777776889503002,-0.0012335061128396774,4097.061126708984,139930.6842700086
3567,5,685056000,9.425092697143555,0.4644739791680574,38.400602122419514,2000,0.004890404532741134,-1.6789292320609093,-0.0014329523369269737,4593.830902099609,138184.36732644495
3568,5,685248000,9.285745620727539,0.45757814180251444,38.44559683371335,2000,0.004498869421603255,-1.680166032165289,-0.0013703864328817872,4638.236297607422,140399.9054970888
3569,5,685440000,9.427580833435059,0.4647448138099814,38.5304318635414,2000,0.004585333837370854,-1.6811914071440697,-0.001342017975730414,4559.348579406738,139588.4906714003
3570,5,685632000,9.436176300048828,0.46523439557313395,38.45258801484791,2000,0.004434469103721009,-1.6812357865273952,-0.0013979808645672165,4652.801254272461,139600.74493758637
3571,5,685824000,9.445050239562988,0.46559897936579847,38.46121461254855,2000,0.004424802464006158,-1.6804835870862007,-0.0013499643237082637,4274.133155822754,139248.919870517
3572,5,686016000,9.40261173248291,0.4634479397755058,38.42694561144648,2000,0.004492016317288895,-1.6802393458783627,-0.0016940099812927656,4600.185585021973,138846.48828069997
3573,5,686208000,9.27177619934082,0.45690106346773973,38.46010529393485,2000,0.004353593531724376,-1.67985874786973,-0.0013350125895215115,5321.805923461914,140088.99648377145
3574,5,686400000,9.44823169708252,0.4657760631920003,38.494609742735825,2000,0.004340048166256261,-1.6809379048645496,-0.0011954779247389524,4240.962760925293,139704.40384512948
3575,5,686592000,9.397950172424316,0.46335940093255584,38.510500442547105,2000,0.004677266041171,-1.680767472833395,-0.0014146913595141086,4536.7683181762695,139288.23937629335
3576,5,686784000,9.465923309326172,0.46666148039366817,38.507528975605965,2000,0.005065184715519233,-1.6796637699007988,-0.0014087919271332794,4237.269737243652,139947.9056898865
3577,5,686976000,9.387689590454102,0.4628906495260405,38.48596327519044,2000,0.005245387285433632,-1.680949628353119,-0.0012917558381104755,4300.116172790527,138510.72664939956
3578,5,687168000,9.46689224243164,0.46681252294911246,38.537683691208564,2000,0.0048402222856627,-1.6825714856386185,-0.001524882301055186,4062.934356689453,139993.17110423703
3579,5,687360000,9.404040336608887,0.4634270990184935,38.42354692456623,2000,0.005555475244783641,-1.6830583363771439,-0.0013259759805350768,4266.993476867676,139412.09186091984
3580,5,687552000,9.407309532165527,0.4635729360907135,38.497161109621324,2000,0.0041521450349197644,-1.6830713972449303,-0.0014905622319929535,4597.078201293945,140132.46405168553
3581,5,687744000,9.372316360473633,0.4620729382598559,38.5035242078205,2000,0.004352237045961374,-1.6832385547459126,-0.0015471359938601381,4547.550201416016,140036.859685217
3582,5,687936000,9.51559066772461,0.469093775232371,38.480079689839236,2000,0.0036816776344179136,-1.6836148835718632,-0.0014240674920529273,4150.738998413086,139417.30417063346
3583,5,688128000,9.460424423217773,0.46644793279908,38.47032434229428,2000,0.005357692565397883,-1.6835527867078781,-0.0016450471248390386,3845.011070251465,138931.15314331817
3584,5,688320000,9.373274803161621,0.4620416903041284,38.47594051373502,2000,0.005293553882831474,-1.684833861887455,-0.0015186758334948536,5137.268478393555,140042.33465268387
3585,5,688512000,9.407557487487793,0.4636875206864109,38.54217517810563,2000,0.003892333868946783,-1.6862329915165901,-0.0016057690991146956,4146.964126586914,137862.96167490567
3586,5,688704000,9.554113388061523,0.47107293977326964,38.42545313760638,2000,0.004365602537451196,-1.6865003779530525,-0.0016400251106460928,4210.397811889648,139382.75605366184
3587,5,688896000,9.369786262512207,0.46183856438074145,38.488944876628615,2000,0.004287753053271445,-1.6868051402270794,-0.0019469978997221915,4515.809700012207,138306.24750737086
3588,5,689088000,9.431525230407715,0.4648489850205806,38.44756179613372,2000,0.00478013253431224,-1.6875621490180492,-0.0013128874634276144,4052.3431396484375,139677.58132180036
3589,5,689280000,9.321086883544922,0.4593854363841577,38.47667300871884,2000,0.004897444825823185,-1.6874106712639332,-0.001094367886253167,4621.000213623047,138549.55403137713
3590,5,689472000,9.407198905944824,0.46377085749433417,38.47109517889718,2000,0.005086483983250218,-1.6877118796110153,-0.0015156809995460208,4851.750701904297,138648.28186560472
3591,5,689664000,9.38672161102295,0.46266668799459393,38.503681475917496,2000,0.004214036946568134,-1.6887230016291142,-0.001357252213438187,4777.325881958008,139518.06327746608
3592,5,689856000,9.302966117858887,0.45856772856192646,38.49643210011224,2000,0.004507019122114191,-1.689107246696949,-0.0018442169384798035,4575.282279968262,138891.73624967743
3593,5,690048000,9.366438865661621,0.4616614809086362,38.51900747821977,2000,0.004784667460204219,-1.6906113028526306,-0.0016438266557088355,4773.963485717773,138787.88476126973
3594,5,690240000,9.454684257507324,0.46609376965110033,38.429446686680116,2000,0.005410666698376493,-1.6922028884291649,-0.0011602286685956642,4123.397613525391,140135.54520169745
3595,5,690432000,9.377713203430176,0.46230210500774166,38.45624518766999,2000,0.004625597829949887,-1.6947027556598186,-0.0015191044699349732,4734.358840942383,138402.98019251673
3596,5,690624000,9.335373878479004,0.4600677283991293,38.5149870471408,2000,0.005402065581283144,-1.696019008755684,-0.0011058783832140762,4446.598861694336,139400.94919237136
3597,5,690816000,9.385059356689453,0.46263543463101087,38.457680425296225,2000,0.005005508549986795,-1.6967788189649582,-0.001265983786652214,4970.365493774414,138161.86404796087
3598,5,691008000,9.378561973571777,0.46233856845052895,38.48493130358596,2000,0.003898724398141591,-1.6976136416196823,-0.0014464947907981696,4305.846015930176,140283.1967025898
3599,5,691200000,9.429670333862305,0.4648854347002877,38.50875194494923,2000,0.004737818921474779,-1.69810800999403,-0.0012202783868815459,5080.453140258789,138959.45453702274
3600,5,691392000,9.447763442993164,0.4656614834614932,38.444221091534324,2000,0.004902139087120304,-1.6994789093732834,-0.0009136969574683462,4453.407112121582,139994.0053544796
3601,5,691584000,9.374940872192383,0.4621771006047008,38.44237439831098,2000,0.004764899074521964,-1.7014485225081444,-0.0012446228902263101,4918.452301025391,139923.63959051273
3602,5,691776000,9.439298629760742,0.46543231352128106,38.46628878087116,2000,0.003759879426087233,-1.7034968174993992,-0.0011314758976368466,4613.419448852539,140301.0010074433
3603,5,691968000,9.353119850158691,0.4610729373246916,38.53061934312185,2000,0.00404764252420379,-1.7039137780666351,-0.0014371608685905812,4573.942092895508,138568.9051796793
3604,5,692160000,9.397522926330566,0.4631250204620301,38.4625237143288,2000,0.004424702763033564,-1.7033867165446281,-0.001488059934672492,4227.088081359863,139607.35160418137
3605,5,692352000,9.285612106323242,0.4575468961277996,38.506670785446964,2000,0.004108229818458009,-1.7036418244242668,-0.0010477536318518332,4539.607666015625,138369.45621412076
3606,5,692544000,9.369504928588867,0.46179169296980643,38.5047597999995,2000,0.004644685278908582,-1.7034711576998234,-0.0014103706271271221,4706.35417175293,140183.84762822298
3607,5,692736000,9.468441009521484,0.4667448110546199,38.48314777936806,2000,0.004780837940134612,-1.7029704861342907,-0.001214641423260332,4145.199607849121,138870.7123359688
3608,5,692928000,9.367044448852539,0.4616875198789785,38.46449714961151,2000,0.004281692684220616,-1.7031700424849987,-0.0017084294067899464,4323.486122131348,140015.87947709498
3609,5,693120000,9.389450073242188,0.46282814506048453,38.43891331925988,2000,0.004998577567394628,-1.7038242146372795,-0.0013250366291686078,4810.417465209961,139394.80622352738
3610,5,693312000,9.32934856414795,0.459708353420865,38.48751945669452,2000,0.004680942746432265,-1.7036766968667507,-0.0014122730935923755,4431.018913269043,138714.2600381389
3611,5,693504000,9.414262771606445,0.46395314314031566,38.55590772939225,2000,0.004515488532109885,-1.7040463276207447,-0.001730193221646914,4349.888626098633,140223.86553070034
3612,5,693696000,9.434258460998535,0.4650364782143394,38.47963249403983,2000,0.005358062211627839,-1.7044231444597244,-0.0010203377237303357,4664.374618530273,139719.21550558327
3613,5,693888000,9.466914176940918,0.4667396047704339,38.46359904793402,2000,0.00490252305691441,-1.7028318382799625,-0.0015729709011793602,4005.4467849731445,139328.70710572845
3614,5,694080000,9.376219749450684,0.4621406499184862,38.50971241916219,2000,0.004992070182837778,-1.701531995087862,-0.0018926412446944596,4636.55143737793,139396.52810817942
3615,5,694272000,9.412467002868652,0.46397398669493367,38.51660303212702,2000,0.005198291435808642,-1.7011799030005932,-0.0011656735327960632,4121.010551452637,138622.47282238273
3616,5,694464000,9.35925579071045,0.4612552320510683,38.43275435951849,2000,0.0048664657553793705,-1.6999537386000156,-0.0013483463444572408,4772.888595581055,140003.14846446615
3617,5,694656000,9.418883323669434,0.4642396074032149,38.38958672527224,2000,0.004616429363096055,-1.7000115998089314,-0.0015068283428263385,4264.774833679199,139925.62337801149
3618,5,694848000,9.405627250671387,0.4635156482660629,38.48203233163804,2000,0.004826361801601403,-1.70028705149889,-0.0011279362902882895,4465.92911529541,139130.03574354353
3619,5,695040000,9.470322608947754,0.46696355954736646,38.5193234331285,2000,0.004450019446638179,-1.7021924257278442,-0.0015387362750516331,4043.521469116211,139904.30051713024
3620,5,695232000,9.420585632324219,0.4644218970855339,38.55272304887573,2000,0.004247264208742611,-1.7029910907149315,-0.001736518531913589,4346.7138748168945,138311.79373514178
3621,5,695424000,9.45339298248291,0.4660416881112421,38.43675618929168,2000,0.005078390121678239,-1.7038871757686138,-0.0014593601281376323,4852.364074707031,139736.9989697753
3622,5,695616000,9.422011375427246,0.4643177297857619,38.44087472961595,2000,0.005647218864934985,-1.7061044536530972,-0.001313958153104977,4187.849258422852,138689.61005896068
3623,5,695808000,9.450474739074707,0.46583855971039156,38.44938801011691,2000,0.004991370385803748,-1.7062508016824722,-0.001319594519372913,4702.793853759766,139042.0967039872
3624,5,696000000,9.314969062805176,0.4592031488724994,38.543632951254644,2000,0.004509578704901893,-1.7059455625712872,-0.0014530695225403178,5026.473342895508,139633.15522358293
3625,5,696192000,9.261177062988281,0.45618752150645986,38.50061006719867,2000,0.005204860085073354,-1.7063811868429184,-0.001093640739327384,4625.1162033081055,138383.76412408485
3626,5,696384000,9.405433654785156,0.46339064641627675,38.401434342066445,2000,0.005819630530206874,-1.7064160592854023,-0.0012430632957602938,4442.228561401367,140248.96878793393
3627,5,696576000,9.402847290039062,0.46346877779554535,38.5345140012602,2000,0.004839441817011295,-1.7059993706643581,-0.0015752877572268176,4734.538124084473,138032.5917635072
3628,5,696768000,9.331299781799316,0.45986981141019595,38.502135498449206,2000,0.004139653092449104,-1.7054333873093128,-0.00177358812015882,4867.307083129883,139515.66442486702
3629,5,696960000,9.408208847045898,0.46376564408092236,38.46643919598622,2000,0.004382148860597226,-1.7047926411032677,-0.0016546894648854504,4391.0246505737305,139974.33946839737
3630,5,697152000,9.359485626220703,0.4613125231953745,38.42626288315902,2000,0.004522449158748107,-1.705146063119173,-0.0012105656205676496,4950.201248168945,139930.6352166539
3631,5,697344000,9.463385581970215,0.4665573111633421,38.45737964277699,2000,0.005458206489522126,-1.7051653861999512,-0.001266681658307789,3806.621223449707,139770.72457215525
3632,5,697536000,9.462024688720703,0.46638022881901026,38.44892742267499,2000,0.005562176643327499,-1.7045659609138966,-0.0008769287501309009,4431.0540771484375,138283.101469347
3633,5,697728000,9.400666236877441,0.4631614809010595,38.49952050993064,2000,0.004809951971241389,-1.7053656205534935,-0.0013295964176904818,4162.783874511719,139314.05322654897
3634,5,697920000,9.43345832824707,0.46490106754875643,38.50234276956568,2000,0.004556549960495128,-1.7060754299163818,-0.0017437390524719376,4277.950263977051,139977.2747771262
3635,5,698112000,9.360732078552246,0.46130210407742805,38.46155675097058,2000,0.004653900703250353,-1.7061967886984348,-0.001687255602746518,4659.058731079102,138871.02280642005
3636,5,698304000,9.486445426940918,0.4676666830425044,38.460000503032155,2000,0.004880387598580758,-1.7063016295433044,-0.001459774241084233,4029.5790405273438,139777.33655159883
3637,5,698496000,9.420058250427246,0.46446356824890245,38.47355495470887,2000,0.004366996292597226,-1.7074197456240654,-0.0011664969233322608,4470.468505859375,138679.48467261263
3638,5,698688000,9.466450691223145,0.4665260661386128,38.47918160259724,2000,0.0037612185573040425,-1.708131406456232,-0.0015105524080354371,4158.200904846191,139615.91838210344
3639,5,698880000,9.42383098602295,0.4645312679052343,38.52493126150997,2000,0.004462049667878698,-1.7082358375191689,-0.0016258952217640399,3940.960624694824,137691.94784516192
3640,5,699072000,9.205561637878418,0.4536875152552966,38.613645972063146,2000,0.004059897021536017,-1.7097851447761059,-0.0011148520095503045,4983.194351196289,140237.41077455966
3641,5,699264000,9.403366088867188,0.46347398474063084,38.499994463985786,2000,0.003877522774622775,-1.7104298695921898,-0.0014211705320121837,4821.414627075195,139297.16672973902
3642,5,699456000,9.404158592224121,0.46356773267082946,38.46677969520291,2000,0.004061332748140557,-1.7097161896526814,-0.0015909482408460462,4697.819274902344,139708.8726409409
3643,5,699648000,9.316447257995605,0.45903127231152513,38.51746005254487,2000,0.005187218036005409,-1.709195215255022,-0.0017469581066649198,4582.730613708496,140212.3571207323
3644,5,699840000,9.43034839630127,0.46482294336177193,38.49409777050217,2000,0.004114532657821352,-1.709627989679575,-0.0012931074695359257,4516.5445556640625,138617.43185746414
3645,5,700032000,9.399773597717285,0.4633854397616233,38.543581676358976,2000,0.004036176115841954,-1.7084303125739098,-0.001499666943345801,5044.624649047852,139213.49520373167
3646,5,700224000,9.521407127380371,0.4695000238686286,38.496446278877556,2000,0.004799379883896715,-1.7071767374873161,-0.0016633654668112285,3924.415786743164,140234.49230461067
3647,5,700416000,9.387312889099121,0.4626823133239668,38.54808002555122,2000,0.005511643393149522,-1.7064969912171364,-0.0013070806364794407,4380.269577026367,139128.3473510301
3648,5,700608000,9.504758834838867,0.46850001995456597,38.54290783405304,2000,0.006840743609451844,-1.706882230937481,-0.0004985239634152094,4423.326530456543,139414.55396746856
3649,5,700800000,9.468573570251465,0.46677085110483557,38.50147932760107,2000,0.004363860607127814,-1.7072713673114777,-0.0015204518558675773,4487.896392822266,138205.94347936547
3650,5,700992000,9.419848442077637,0.46434376491561125,38.561726902922,2000,0.004232312738817806,-1.707034733146429,-0.001340675305982586,4430.898880004883,139954.16238851813
3651,5,701184000,9.327766418457031,0.4596666903501803,38.45742395838412,2000,0.003942121467017083,-1.7068746238946915,-0.0016083090795291355,4407.554145812988,139842.03730533228
3652,5,701376000,9.498798370361328,0.4682500208073179,38.49823204505568,2000,0.004303148860281604,-1.7079612500965595,-0.001628901481126377,3877.8833923339844,139414.02169363885
3653,5,701568000,9.365958213806152,0.4615989796481396,38.443966773105785,2000,0.004394932122025541,-1.7088025584816933,-0.0014981119211370242,5017.169281005859,139752.5056948942
3654,5,701760000,9.405768394470215,0.4636041906809017,38.49221245354662,2000,0.0053009966425209614,-1.7094704918563366,-0.0012007334528334468,4672.584945678711,138569.85925318248
3655,5,701952000,9.363992691040039,0.4613437700512198,38.50942075780282,2000,0.004061073571729745,-1.7086524479091167,-0.0016900792436445045,4134.632774353027,139740.2580276488
3656,5,702144000,9.385400772094727,0.4626406457876631,38.51846098154783,2000,0.0041930069939602015,-1.707614742219448,-0.0016794277069038799,4549.98405456543,140301.700214945
3657,5,702336000,9.476895332336426,0.4672864814389565,38.51968676534792,2000,0.00390736757431902,-1.7080574966967106,-0.0012543799483637486,4838.565200805664,139252.63643837892
3658,5,702528000,9.430030822753906,0.4646979351940293,38.5099486047402,2000,0.004318468224865986,-1.7081375680863857,-0.0014435810630857304,4821.182601928711,139538.76302004547
3659,5,702720000,9.449286460876465,0.4658021069208189,38.4233798161149,2000,0.004810098887731632,-1.708252016454935,-0.0015376974768059881,4384.986083984375,137349.3774328872
3660,5,702912000,9.460097312927246,0.46640626934216317,38.54796249295274,2000,0.004402019215272351,-1.7090554162859917,-0.0014889598016907257,4133.200225830078,140119.7758431218
3661,5,703104000,9.440204620361328,0.46545835617628956,38.479340548316635,2000,0.004790058758100107,-1.7092686034739017,-0.001105428201299219,4415.95751953125,139480.67692693387
3662,5,703296000,9.489368438720703,0.46776044127364,38.5749034229666,2000,0.003930307551937099,-1.709489107131958,-0.0013885850694350665,4667.000686645508,139544.9849117927
3663,5,703488000,9.415698051452637,0.4639218972594487,38.473315187109016,2000,0.004456934410756124,-1.7091822810471058,-0.0012979473908671935,4158.308395385742,138744.61977538117
3664,5,703680000,9.368401527404785,0.46167189323023194,38.504874021435775,2000,0.004505266704987056,-1.708263248205185,-0.0013558233862340785,4244.3193435668945,138881.0128375135
3665,5,703872000,9.384235382080078,0.4624791892826276,38.477437974031396,2000,0.004824876793514704,-1.7082192227244377,-0.0015538014899334485,4412.445129394531,139526.2779085817
3666,5,704064000,9.414134979248047,0.46396356211941264,38.47947227830688,2000,0.005247771344901897,-1.7090741321444511,-0.0015756877622505883,4417.708549499512,140353.0049562819
3667,5,704256000,9.395312309265137,0.46309898202828964,38.53892373107374,2000,0.0036055985813291044,-1.709496147930622,-0.0014234852037589008,4697.7320556640625,139580.07307402484
3668,5,704448000,9.396541595458984,0.4630989809532669,38.485218939992286,2000,0.004672263143669019,-1.7096308022737503,-0.0019207595037187275,4599.284072875977,139332.73035803283
3669,5,704640000,9.377735137939453,0.46227606343442557,38.54989817102129,2000,0.0034414741006694384,-1.7092779874801636,-0.0016777484158865263,4547.606025695801,138259.3395304987
3670,5,704832000,9.463116645812988,0.4665104384427347,38.46433644462377,2000,0.00502436632317161,-1.7083273194730282,-0.0020437666555608303,4372.605514526367,139744.7953341164
3671,5,705024000,9.51164722442627,0.46898440040361794,38.46874914473543,2000,0.003898840858186304,-1.7087504677474499,-0.0012026803924527485,4295.414154052734,139530.11647500755
3672,5,705216000,9.37376594543457,0.4620364773727488,38.500635023694485,2000,0.004042700650927145,-1.7091000825166702,-0.001079981490420323,4898.353454589844,139585.96893902728
3673,5,705408000,9.35203742980957,0.4608541910523248,38.463922690988205,2000,0.004318621131989251,-1.7101247683167458,-0.0016400846382111922,4419.533317565918,139380.24225268676
3674,5,705600000,9.412498474121094,0.4638750166832324,38.50184089938799,2000,0.0040232155554258495,-1.7117115147411823,-0.0015092380472196965,4664.253463745117,137974.6338740149
3675,5,705792000,9.451090812683105,0.46581772697451623,38.487615472326674,2000,0.00445389219004331,-1.7123896330595016,-0.0015910093497950584,4183.388366699219,139036.9784569225
3676,5,705984000,9.446759223937988,0.46574481751546654,38.565671814605594,2000,0.005063624096888816,-1.7148238942027092,-0.0015406995253215428,4022.9522705078125,140921.21760277505
3677,5,706176000,9.339460372924805,0.4604583496196331,38.59403798170388,2000,0.0042838058981772825,-1.7167695201933384,-0.001416986371054918,4405.2143478393555,138138.7398718782
3678,5,706368000,9.429191589355469,0.4647343995287277,38.58156400049726,2000,0.004540434953164852,-1.7178306877613068,-0.0013481475421031064,4470.365509033203,138769.77585391595
3679,5,706560000,9.458757400512695,0.4663125216363066,38.524010103816785,2000,0.004694237589760936,-1.7182210199534893,-0.0014103996836638544,4264.945465087891,137905.24719221718
3680,5,706752000,9.372586250305176,0.46209897526932764,38.53593233957266,2000,0.005090780542688056,-1.7184507511556149,-0.0011841432099686244,4447.561912536621,139605.8855911544
3681,5,706944000,9.42172908782959,0.4643593922113117,38.52198245578135,2000,0.006666069460082023,-1.7180109955370426,-0.000983273710062349,4114.352714538574,138388.20149616632
3682,5,707136000,9.449139595031738,0.46576044069479394,38.461578990798444,2000,0.0035606043011139265,-1.717302180826664,-0.0016402160733832716,4664.509216308594,139683.0153247524
3683,5,707328000,9.314244270324707,0.45895314595630526,38.520993768547974,2000,0.0046499328885790114,-1.7165630348026752,-0.0015934193506836891,4631.105911254883,139702.31074662626
3684,5,707520000,9.50144100189209,0.4683177320506123,38.472860586208604,2000,0.004281698743827292,-1.7158403620123863,-0.001506364364104229,3976.321075439453,138923.52148325666
3685,5,707712000,9.400800704956055,0.46352606655394385,38.563770870367684,2000,0.005682847392269953,-1.7179248668253422,-0.0009067149376278394,4590.029739379883,140013.4186519383
3686,5,707904000,9.444948196411133,0.46555731640667847,38.571748450398445,2000,0.005326344077446265,-1.72007866948843,-0.0011717245288309641,4705.798080444336,139179.69228998516
3687,5,708096000,9.49984073638916,0.46820835640028236,38.51040761296948,2000,0.005045603873926059,-1.7216195464134216,-0.001839306232909621,3897.888961791992,139617.8019812975
3688,5,708288000,9.395119667053223,0.4629531465373778,38.420337106101215,2000,0.004858824411785463,-1.7228809110820293,-0.001619212383957347,4744.455535888672,139876.97604272235
3689,5,708480000,9.401080131530762,0.4631666849333366,38.41709962114692,2000,0.004918057694934154,-1.72497071698308,-0.0010187342409722078,4421.807754516602,138322.77750685217
3690,5,708672000,9.40294361114502,0.46330731404001807,38.4135375370582,2000,0.005189593950873435,-1.726777620613575,-0.0007476882537957863,4407.951393127441,140243.562775917
3691,5,708864000,9.492608070373535,0.4679218954333919,38.48427353465619,2000,0.0048924466314201704,-1.7276930138468742,-0.0017548934720252873,4303.041793823242,138191.73905632863
3692,5,709056000,9.327942848205566,0.4599375262375058,38.51466025707001,2000,0.004084491463940746,-1.7287499383091927,-0.001325180408457527,5121.480239868164,140605.42893186558
3693,5,709248000,9.42798900604248,0.4648698122152079,38.44971860561054,2000,0.004524678739721518,-1.7298256158828735,-0.0015076268728080322,4523.819305419922,139469.69937399958
3694,5,709440000,9.39072036743164,0.46290627334565215,38.544569492029645,2000,0.0040970740334014405,-1.7305474914610386,-0.0015028190327939228,4576.84513092041,138894.4961100993
3695,5,709632000,9.449151039123535,0.46571356143855763,38.53314066802462,2000,0.004080249468992405,-1.7319869548082352,-0.001513381695986027,4493.406532287598,139818.92413788752
3696,5,709824000,9.55033016204834,0.47090106613116706,38.50837536032001,2000,0.004490210206776585,-1.7334351800382137,-0.001429443839697342,4109.173728942871,139437.4862294019
3697,5,710016000,9.455107688903809,0.46622918573363376,38.46732768424166,2000,0.005128074329365821,-1.7324777394533157,-0.0010692288869904587,4350.457336425781,138984.68959449953
3698,5,710208000,9.43011474609375,0.4647760620543219,38.48896273287634,2000,0.00459948490098274,-1.7320506870746613,-0.0018260659981024219,4358.012252807617,139681.2892003688
3699,5,710400000,9.2754545211792,0.4570833547162086,38.546073842172824,2000,0.003769630758271281,-1.7336825504899025,-0.0014405930360226193,4752.102951049805,139263.18438626683
3700,5,710592000,9.314347267150879,0.4588958549132561,38.40731273715695,2000,0.004459049842771492,-1.734217431396246,-0.0015711852265667403,4545.888824462891,140087.4229303433
3701,5,710784000,9.457169532775879,0.46617189894762606,38.5379959528024,2000,0.004556950143885236,-1.7337514236569405,-0.0014397806571651017,4429.0729904174805,139073.48257712592
3702,5,710976000,9.35597038269043,0.4610104376424715,38.423459032550454,2000,0.004520741779936846,-1.7330331094563007,-0.0015691923363192473,4314.839736938477,139870.9180096931
3703,5,711168000,9.46495532989502,0.4666146047256916,38.499010128589966,2000,0.004834411047350538,-1.7323464043438435,-0.0013015996173635358,4254.7906494140625,138840.31687232965
3704,5,711360000,9.36292552947998,0.4613021052039888,38.47134693975871,2000,0.004144409520556413,-1.7335801236331463,-0.0016141710875672288,4821.787948608398,138399.65002935712
3705,5,711552000,9.4719820022583,0.46694793780443433,38.5241027319183,2000,0.0035061728733514126,-1.7341744042932987,-0.0015014859936854918,4064.817138671875,139381.66093354422
3706,5,711744000,9.368377685546875,0.46166148086255515,38.51792529722055,2000,0.004133408938893505,-1.733328953385353,-0.0017964688058782485,4790.684036254883,139357.8056264705
3707,5,711936000,9.35205364227295,0.46093752017198614,38.545191689394414,2000,0.0040964654007208685,-1.7322928048670292,-0.0013040400181125733,4791.414978027344,139207.3584486221
3708,5,712128000,9.422464370727539,0.46439585146436,38.55860103915135,2000,0.00414911895704669,-1.7318110540509224,-0.0015185400029622542,4642.327407836914,139810.14805629785
3709,5,712320000,9.431591987609863,0.4649739792566834,38.508896984780826,2000,0.004344899704730778,-1.731290701776743,-0.0014942274838176672,3952.660385131836,137735.3408606654
3710,5,712512000,9.418115615844727,0.4642916925289076,38.45389856553326,2000,0.004740134744419871,-1.7296392433345318,-0.0009895590305859514,4354.46452331543,139705.32523235652
3711,5,712704000,9.47209358215332,0.466989599216807,38.507981430118285,2000,0.0040558449627108835,-1.7297183722257614,-0.001650116135351709,4473.4058837890625,138779.99759066966
3712,5,712896000,9.499119758605957,0.4682656446742233,38.468798332226775,2000,0.004913230132641426,-1.7305811159312725,-0.0012974621995454072,4132.246040344238,139263.31570252014
3713,5,713088000,9.30045223236084,0.458151063561066,38.47324406976501,2000,0.0037725586383191203,-1.7298782765865326,-0.0018381535664957482,4969.355087280273,138783.28398601303
3714,5,713280000,9.499894142150879,0.4683698138038987,38.51075667204956,2000,0.005036785673401027,-1.727488275617361,-0.0016181697228603298,4255.589454650879,137484.36723084873
3715,5,713472000,9.429499626159668,0.465067730229445,38.50873033236712,2000,0.004441312893701251,-1.7263710796833038,-0.001403895176736114,4298.439758300781,139192.93866404612
3716,5,713664000,9.385433197021484,0.46252606018363923,38.55788208420078,2000,0.004970551932269396,-1.7267734073102474,-0.001898884820548119,4247.63037109375,138899.17510447415
3717,5,713856000,9.389270782470703,0.4625104355363874,38.49070360627957,2000,0.004679684413592136,-1.7284548357129097,-0.0016873790764293517,4130.413726806641,138052.34242551302
3718,5,714048000,9.365906715393066,0.4614948139939467,38.525017178306975,2000,0.005078309447533683,-1.7308549992740154,-0.001557600675539561,4784.309257507324,140097.7728499111
3719,5,714240000,9.374978065490723,0.4620312757888314,38.561007514595985,2000,0.004284740080014065,-1.7318929210305214,-0.001167986323707737,4043.429267883301,137836.41127092697
3720,5,714432000,9.373767852783203,0.46207814895569754,38.46019748173421,2000,0.00391115988970705,-1.7307709455490112,-0.0013307876911312633,4661.276992797852,140161.03654693323
3721,5,714624000,9.395881652832031,0.463166687835231,38.55818661486652,2000,0.004555218286290862,-1.7304751053452492,-0.0014919474683665612,4326.325630187988,139135.8152060915
3722,5,714816000,9.364823341369629,0.4615468973812919,38.4914922923781,2000,0.004712505754485998,-1.7316929325461388,-0.0013096936650072166,4840.554901123047,139186.35390858096
3723,5,715008000,9.37637710571289,0.4621198193623665,38.55653610980759,2000,0.004642741257295711,-1.7323382757604122,-0.0015397749502881197,4428.2662353515625,139368.84103958766
3724,5,715200000,9.405107498168945,0.46350523202151334,38.50869138942411,2000,0.0050590876313702515,-1.7326384112238884,-0.0011996873836324085,4146.096549987793,138543.42028794138
3725,5,715392000,9.462833404541016,0.466593766201792,38.4872935764785,2000,0.004171005009333991,-1.7333289086818695,-0.0016530409409369895,4198.127243041992,138915.39214520977
3726,5,715584000,9.429631233215332,0.4646614784148066,38.462245638593835,2000,0.004568286228585445,-1.733863215893507,-0.0011606077787291724,4166.291938781738,138946.3758401174
3727,5,715776000,9.46700668334961,0.46686460753092734,38.57742795534432,2000,0.004760255179038116,-1.7337271310389042,-0.0011613814003794687,4392.041816711426,137901.52028782608
3728,5,715968000,9.418697357177734,0.4641458578134916,38.50147003338983,2000,0.004254821627885879,-1.7345893383026123,-0.0018249871227453696,4414.701171875,139385.98494650162
3729,5,716160000,9.504602432250977,0.46861980949082255,38.48716086646891,2000,0.0036800978009705427,-1.7353984415531158,-0.0013995577296554984,4260.231231689453,138496.74273540164
3730,5,716352000,9.408084869384766,0.4635625217476142,38.51934844907373,2000,0.003906627539608356,-1.7361841015517712,-0.0015650788120638026,4164.576736450195,139338.9081025852
3731,5,716544000,9.451911926269531,0.465817734164375,38.435430724173784,2000,0.004702560349998142,-1.737138208001852,-0.001591664432453399,3962.299530029297,138880.4752858031
3732,5,716736000,9.499645233154297,0.4683906478251932,38.54998710736012,2000,0.0050729766552540245,-1.7379799596965313,-0.0014364616454258794,3911.5334091186523,139018.55828752767
3733,5,716928000,9.50123119354248,0.4685000248931222,38.57480323345711,2000,0.005004455819852107,-1.7379168905317783,-0.001582119583417807,3834.3502197265625,138399.27083294516
3734,5,717120000,9.411798477172852,0.4639948141909069,38.5349696824948,2000,0.004302398856748672,-1.7381164208054543,-0.0013216387615102576,4316.41658782959,139809.74856698484
3735,5,717312000,9.367095947265625,0.4616406489403744,38.54044228574882,2000,0.004086911969037222,-1.7388945445418358,-0.0012369179303277633,4593.914169311523,138543.64452178433
3736,5,717504000,9.5026273727417,0.46860939407755114,38.58538913975159,2000,0.003950200680461421,-1.7393469847738743,-0.0015429717368533602,4407.9018630981445,139550.89130342618
3737,5,717696000,9.510285377502441,0.4687552347240853,38.407695008441806,2000,0.0041863115210629374,-1.7399470396339893,-0.0017066214459191542,4144.334182739258,139833.49428496428
3738,5,717888000,9.430704116821289,0.46497919129615184,38.5598005913198,2000,0.004625227371652727,-1.7409057095646858,-0.0013845213970853365,4442.665832519531,139943.76574198526
3739,5,718080000,9.404410362243652,0.46344272923245927,38.48574928737556,2000,0.004125691795537326,-1.7404447086155415,-0.0015707171801295772,4654.443862915039,139534.46106059707
3740,5,718272000,9.413374900817871,0.46388543990663794,38.46597593479479,2000,0.0034853554242727115,-1.7398942187428474,-0.0011810114751824585,4401.862594604492,138871.4371375182
3741,5,718464000,9.39529800415039,0.4628802270653978,38.47724693392714,2000,0.003856039351516908,-1.7402530387043953,-0.0012280814007681329,4214.892677307129,139057.40727412366
3742,5,718656000,9.360322952270508,0.46139585657025844,38.44229735232269,2000,0.004153977971577357,-1.7411136031150818,-0.0013642034718941431,4903.4578857421875,140255.0367639761
3743,5,718848000,9.464309692382812,0.4665104371470079,38.46040997064362,2000,0.0035576689123311854,-1.7407758831977844,-0.001586240813594486,4380.5715408325195,138084.0564165177
3744,5,719040000,9.414514541625977,0.4639375228737966,38.42659279657528,2000,0.0035502816767766492,-1.741404164582491,-0.0015144047108606173,4626.84903717041,139712.21649727714
3745,5,719232000,9.483898162841797,0.4674427288919105,38.503533843283854,2000,0.0050215506720608875,-1.7429388538002968,-0.0015818486831449263,3884.255630493164,137871.29322604174
3746,5,719424000,9.383986473083496,0.46254169035091763,38.55329736880958,2000,0.0036965796862253528,-1.743787743151188,-0.001640339242499067,4733.06526184082,140361.0660929567
3747,5,719616000,9.374190330505371,0.46205731107511383,38.51305941073224,2000,0.004660874078055106,-1.7444891445338726,-0.0015033624067655182,4548.016654968262,139735.0411685669
3748,5,719808000,9.384766578674316,0.46254689712986874,38.59803505490223,2000,0.0045015903244348,-1.7454588636755943,-0.0015191078715446338,4774.160675048828,139113.09846855805
3749,5,720000000,9.31885051727295,0.459052106281888,38.50292966532288,2000,0.004875304964899745,-1.745470754802227,-0.001129297299485188,4828.1556396484375,139368.01048148103
3750,5,720192000,9.403205871582031,0.46354169210462715,38.52321851222465,2000,0.003931805413759624,-1.7445281147956848,-0.001441209717086167,4931.679443359375,138466.41747387007
3751,5,720384000,9.439790725708008,0.4652604356348699,38.507680834736675,2000,0.004761547031033842,-1.7444359622895718,-0.0018215894037894031,4861.417984008789,139786.55101839115
3752,5,720576000,9.380311965942383,0.46228127476630715,38.55048054767152,2000,0.004315430825328804,-1.7442554011940956,-0.0015742497764676955,4959.959823608398,140247.80961103
3753,5,720768000,9.422811508178711,0.4645521043263822,38.55557512398809,2000,0.004708549344073011,-1.7446699067950249,-0.0013601655764432508,4555.005645751953,138468.1908927595
3754,5,720960000,9.383590698242188,0.46239585816510953,38.54946809758743,2000,0.00408511230047346,-1.7454717196524143,-0.0015498374841627083,4444.11799621582,139941.7663390425
3755,5,721152000,9.402235984802246,0.46328127627869736,38.48887968901545,2000,0.003781637685042369,-1.7456308752298355,-0.0016200570412365778,4328.711975097656,138075.02203348422
3756,5,721344000,9.450605392456055,0.46569793871337123,38.478965702621885,2000,0.003954668067080395,-1.7459061965346336,-0.0011672711689243442,4402.702476501465,139872.04060011273
3757,5,721536000,9.472611427307129,0.4669687732160431,38.58464065939188,2000,0.0038007770587137196,-1.7458103373646736,-0.0020028766739415005,4735.729072570801,137207.9285903181
3758,5,721728000,9.487165451049805,0.46748439526345464,38.51685012690723,2000,0.004362749112711754,-1.746255286037922,-0.0013622366018353205,4799.2847900390625,139338.31664860732
3759,5,721920000,9.463817596435547,0.4664843949164303,38.56287166848779,2000,0.0048217080009538525,-1.7474212795495987,-0.0013419817987596616,4111.761032104492,139115.10460148225
3760,5,722112000,9.409175872802734,0.4635989753193523,38.468592585374914,2000,0.0038392250944695354,-1.747479397803545,-0.0014552982211171184,4457.7304611206055,139182.94941768877
3761,5,722304000,9.426021575927734,0.46466147931338736,38.50475913410386,2000,0.004502627383447058,-1.7480160892009735,-0.001434614893014441,4685.347625732422,139670.09980530932
3762,5,722496000,9.391326904296875,0.46273439712482894,38.481474120325096,2000,0.003882560739890323,-1.7484032660722733,-0.0014237553668863256,4267.127159118652,137868.2200567531
3763,5,722688000,9.549442291259766,0.47083335230308876,38.49556899691621,2000,0.004350452421994608,-1.7498158365488052,-0.0016836847973991098,4098.191818237305,139522.01838958697
3764,5,722880000,9.43103313446045,0.4648385650277002,38.469716953734554,2000,0.004378797971813279,-1.7518378980457783,-0.0014286098648881307,4083.6121215820312,139735.58840461852
3765,5,723072000,9.35865592956543,0.4612812693273251,38.546851844216384,2000,0.004253361148992553,-1.7540504783391953,-0.0016213635108215385,4961.763320922852,139460.7460425213
3766,5,723264000,9.486211776733398,0.4677968952522254,38.56794808618724,2000,0.0044680279113769455,-1.7546942383050919,-0.001504008858319139,3801.122184753418,139564.17464948815
3767,5,723456000,9.504171371459961,0.4685000215134399,38.46559329610318,2000,0.0047795355943186825,-1.7558258213102818,-0.0015345404544859775,3985.6230850219727,137983.03664326028
3768,5,723648000,9.472308158874512,0.46683336013120424,38.49059338929752,2000,0.00448504457360832,-1.7578535191714764,-0.001529299976027687,3950.7227783203125,139453.69998027687
3769,5,723840000,9.418529510498047,0.464312519712621,38.54819152861213,2000,0.0041032192705073006,-1.758965689688921,-0.0016058791170507902,4061.297409057617,139296.04364788817
3770,5,724032000,9.493427276611328,0.46803127580339304,38.52617537602782,2000,0.0039153097382901856,-1.759364988654852,-0.0012164390095676936,4566.999359130859,139232.60406958283
3771,5,724224000,9.372479438781738,0.4620729365014995,38.54988629370928,2000,0.004403744867981004,-1.7579409033060074,-0.0015419822470903455,4675.5540771484375,139190.00245570933
3772,5,724416000,9.381719589233398,0.46250523098266666,38.499844822101295,2000,0.00411651459193187,-1.7581949532032013,-0.0015244742619415774,4625.999336242676,138606.84291416136
3773,5,724608000,9.435552597045898,0.4650000205080384,38.518571390770376,2000,0.004827371185364124,-1.7593640014529228,-0.0013472866239681025,4131.574729919434,138675.94116844222
3774,5,724800000,9.28921127319336,0.4575104352940495,38.49818693031557,2000,0.005647552387235919,-1.7604657784104347,-0.0010701824548959848,4683.753021240234,138377.684845022
3775,5,724992000,9.38839340209961,0.4626718987383356,38.496472956767924,2000,0.003858201364993874,-1.7613860219717026,-0.001691216386745964,4376.438934326172,139317.5799861474
3776,5,725184000,9.487661361694336,0.467635437811623,38.56260276399553,2000,0.00393427040570532,-1.7613364458084106,-0.0015771089797453897,4333.59757232666,139767.18958862434
3777,5,725376000,9.345563888549805,0.4604375186530281,38.50664844736457,2000,0.0043943366612851,-1.7613924369215965,-0.0015982480830416534,4994.830215454102,139345.72655641066
3778,5,725568000,9.370102882385254,0.46182814594794763,38.54069419601001,2000,0.0039934569304314205,-1.7624162770807743,-0.001449543104172335,4411.6137619018555,139939.4945633352
3779,5,725760000,9.35612964630127,0.4608854379924499,38.56231503405919,2000,0.004340990370226791,-1.7627767287194729,-0.0013890420395910041,4519.390701293945,140480.61216707493
3780,5,725952000,9.457454681396484,0.4661146094064558,38.435736202945314,2000,0.003812673262504783,-1.7628103829920292,-0.0014838372972008074,4551.932388305664,139098.9413701192
3781,5,726144000,9.47703742980957,0.4672395983761817,38.55069035912553,2000,0.004579258010873066,-1.7624935507774353,-0.001312935567398199,4025.3137435913086,139449.52054701687
3782,5,726336000,9.433732032775879,0.465005229258774,38.60235437750816,2000,0.004466667555088255,-1.7620479501783848,-0.001647252014663536,4392.9949951171875,138423.0538583053
3783,5,726528000,9.402091026306152,0.463432314429762,38.518242818303406,2000,0.004018565362983888,-1.7631423436105251,-0.0012871172759787441,4531.846054077148,139130.86830622613
3784,5,726720000,9.492032051086426,0.4678021082678849,38.45326255572339,2000,0.004001127385907845,-1.76400026679039,-0.0012697052179646562,4281.59529876709,138514.59547736638
3785,5,726912000,9.450909614562988,0.46582294060074975,38.48625720160393,2000,0.004656442325981819,-1.7647576928138733,-0.0014965424697948038,4486.412780761719,139447.9087614801
3786,5,727104000,9.438401222229004,0.4653906472800979,38.58265385093788,2000,0.005064077749062562,-1.7663200981914997,-0.0017620741218706826,4663.59423828125,140337.18693177166
3787,5,727296000,9.425180435180664,0.4644114802789166,38.484830681389816,2000,0.004335169497969521,-1.766430553048849,-0.0013509406799130375,4630.223785400391,139016.53400156487
3788,5,727488000,9.457231521606445,0.46619793842607277,38.56896162902316,2000,0.0038233513043038937,-1.7658033408224583,-0.0013182582952140365,5012.2081298828125,140084.1797490771
3789,5,727680000,9.329806327819824,0.459661482291267,38.53143308901539,2000,0.004859723045456728,-1.766387201845646,-0.0018961697451231885,4105.273155212402,137378.80347086096
3790,5,727872000,9.531026840209961,0.46985419196789735,38.54328552323083,2000,0.003503287071115968,-1.766231968998909,-0.0017507402917544823,3741.9440307617188,139630.80835966958
3791,5,728064000,9.334901809692383,0.45998960329961847,38.48794531729072,2000,0.003991217321434912,-1.766043845564127,-0.001537624164029694,4714.932281494141,139586.42154193725
3792,5,728256000,9.367867469787598,0.46154689873462,38.527989532488085,2000,0.004038541608679225,-1.7657982483506203,-0.0014917932799107803,4199.451690673828,139094.39461876327
3793,5,728448000,9.358392715454102,0.46116668532340555,38.5346578337873,2000,0.004812276234685366,-1.7670102901756763,-0.0020687486226051988,4540.979568481445,139982.1504974873
3794,5,728640000,9.351466178894043,0.4607239833252,38.5106128017845,2000,0.004989147193138099,-1.769021149724722,-0.0012121508853510932,4941.608535766602,138435.43752335708
3795,5,728832000,9.318408966064453,0.4590989781548463,38.551763457246125,2000,0.004550255272353146,-1.7700577899813652,-0.0019561435469768185,4867.369552612305,139216.53143250788
3796,5,729024000,9.357909202575684,0.46119272440409986,38.56602274129788,2000,0.004366083789029895,-1.7693980634212494,-0.001693143120064633,5487.950241088867,139411.2161452888
3797,5,729216000,9.44015884399414,0.465375024177168,38.56075968965888,2000,0.004053061172625652,-1.76895796880126,-0.0013546374830184504,4413.355941772461,138930.0868232279
3798,5,729408000,9.439750671386719,0.46519794058743474,38.53895416110754,2000,0.004248872412101871,-1.768040470778942,-0.0013335772429456938,4514.961776733398,139843.12979155156
3799,5,729600000,9.450950622558594,0.46576564812494325,38.54933652592202,2000,0.004210884688441486,-1.768112376332283,-0.0015363924204621071,4539.525497436523,138338.8677998867
3800,5,729792000,9.441532135009766,0.4652604387702013,38.49778068671003,2000,0.004048486080331107,-1.7691685557365417,-0.0011386811565898824,4411.727989196777,139239.670422717
3801,5,729984000,9.43308162689209,0.46491147811745276,38.53038248295585,2000,0.0043063086323672905,-1.7703991048038006,-0.001356124203255149,4672.555694580078,139013.0494426675
3802,5,730176000,9.377694129943848,0.46209897561796726,38.54371361804078,2000,0.0030705989900840606,-1.7707881778478622,-0.001247396213329921,4080.9540252685547,137753.8323874172
3803,5,730368000,9.41236686706543,0.4638333553903067,38.536944731759526,2000,0.004749305958369708,-1.7697744071483612,-0.0012735899217659608,4482.260101318359,138614.5747182994
3804,5,730560000,9.442717552185059,0.46545835521586315,38.46894465200603,2000,0.0046897686948505,-1.7698788903653622,-0.0014009727636761227,4066.123405456543,138314.91461172095
3805,5,730752000,9.308722496032715,0.45863543900365283,38.56512209928284,2000,0.004242261650962367,-1.770903941243887,-0.001591233813087456,5199.814712524414,139504.27419336166
3806,5,730944000,9.440526008605957,0.4653021053242507,38.54131771127383,2000,0.004026872918203784,-1.7722132243216038,-0.0017719279581456249,4575.38720703125,138768.8596491322
3807,5,731136000,9.299887657165527,0.4582343996171403,38.62633883828918,2000,0.0035964964896872216,-1.772970587015152,-0.0012809768991246528,4510.446929931641,138765.66730525295
3808,5,731328000,9.36364459991455,0.46151564339258283,38.65868081649145,2000,0.004268713353056228,-1.772930845618248,-0.0017364552259095944,4451.973281860352,139738.5058764338
3809,5,731520000,9.309515953063965,0.4587448097324038,38.49392035184428,2000,0.004571151631224591,-1.773526817560196,-0.0016395617149100872,4960.864929199219,137708.86378890576
3810,5,731712000,9.42010498046875,0.464187522426073,38.546315648282565,2000,0.0041607362929013715,-1.7729999460279942,-0.001800440062652342,4303.146286010742,139888.63860517644
3811,5,731904000,9.385082244873047,0.4624739771637299,38.47873169319549,2000,0.004249144109693588,-1.7720579952001572,-0.0017656278494087019,4154.74446105957,137871.78566849086
3812,5,732096000,9.414838790893555,0.46394793713625404,38.54697305367639,2000,0.004044829416944898,-1.771775245666504,-0.0015685379785281839,4414.94075012207,139493.9727530096
3813,5,732288000,9.348963737487793,0.46071877598175587,38.54900763308009,2000,0.004171725974869332,-1.7726211063563824,-0.0015064637091199984,4751.665069580078,139713.8290104288
3814,5,732480000,9.330899238586426,0.45977606121535547,38.57567532981435,2000,0.004274149845863575,-1.7744892463088036,-0.0015745406763016945,4682.4693603515625,139499.27866069655
3815,5,732672000,9.47847843170166,0.4673593967387812,38.55722826439887,2000,0.004473882804416159,-1.7775427550077438,-0.0016528840715182014,4345.841499328613,139266.6039136663
3816,5,732864000,9.398460388183594,0.46328127143654757,38.49022007749105,2000,0.003815801516391123,-1.7786464877426624,-0.001680401237535989,4193.986602783203,138328.54082235103
3817,5,733056000,9.444459915161133,0.4653645986976092,38.516688680276275,2000,0.00400163675416358,-1.7786105014383793,-0.0016870300260052318,4256.7414474487305,139474.1077770315
3818,5,733248000,9.50071907043457,0.46833335451265157,38.49523053111867,2000,0.003928201675531455,-1.7787794061005116,-0.0011895304078279878,4078.42529296875,140552.84567265125
3819,5,733440000,9.46159839630127,0.46631252021325054,38.5607786513865,2000,0.004661659195951263,-1.779290646314621,-0.0017089569375343672,4096.320991516113,138152.58299091164
3820,5,733632000,9.43115520477295,0.46489585640544345,38.56090128514916,2000,0.003606701327450234,-1.7798632457852364,-0.0018158705272526277,4326.458671569824,139933.08793245608
3821,5,733824000,9.421618461608887,0.46433856109494326,38.566441939522825,2000,0.0049656164060773635,-1.7814778499305248,-0.0017196342269016895,4188.162445068359,139719.08749753443
3822,5,734016000,9.456242561340332,0.46608335454463184,38.534760508065425,2000,0.004376784413233205,-1.7833857983350754,-0.0014871970372496435,4689.80744934082,139769.49158657214
3823,5,734208000,9.454792022705078,0.46587501899921335,38.578469124933086,2000,0.004905720976200731,-1.7845588810741901,-0.001268821515509444,4062.562484741211,138904.23216022368
3824,5,734400000,9.389182090759277,0.46257814655230806,38.48349831424033,2000,0.004616688403281538,-1.784409187734127,-0.0009957918409781996,4724.453460693359,138916.3696909128
3825,5,734592000,9.469130516052246,0.4667812684171319,38.51193866164734,2000,0.0036323155889258487,-1.7845095060765743,-0.001744305576721672,4054.8067626953125,139412.66967027244
3826,5,734784000,9.420559883117676,0.4643854365331208,38.58677021165689,2000,0.003815480651493999,-1.7842852734029293,-0.0015580495406766204,4619.9837646484375,140584.71036339074
3827,5,734976000,9.344429969787598,0.4604010672192089,38.51158957245449,2000,0.004183148564591344,-1.7836419381201267,-0.0016516355335625121,4603.347396850586,139073.05082371557
3828,5,735168000,9.480742454528809,0.46737501911108364,38.54294022048513,2000,0.0048783549708071704,-1.784171149134636,-0.0014180619967305574,4392.789405822754,139889.17878672117
3829,5,735360000,9.453267097473145,0.4659062714126776,38.50191674676413,2000,0.004442106946626154,-1.7849582731723785,-0.0012873801815658226,4303.185256958008,137544.69130589967
3830,5,735552000,9.371230125427246,0.4617968931264234,38.57337971124798,2000,0.003765898723101903,-1.7857927978038788,-0.001800075075152563,4517.895645141602,139882.1480645644
3831,5,735744000,9.416255950927734,0.46404169038699666,38.51241572915266,2000,0.003964914321972174,-1.7866720966994762,-0.001733765309836599,4409.232360839844,138029.35838616465
3832,5,735936000,9.4602632522583,0.46631252393672185,38.590566063920654,2000,0.004193368282811813,-1.7873544804751873,-0.0014088464707811,4281.532333374023,139797.4038405873
3833,5,736128000,9.405313491821289,0.4635625227050089,38.6050869996349,2000,0.0037814359035692174,-1.7859046161174774,-0.0012383916491671698,4364.2311935424805,139042.53742895107
3834,5,736320000,9.446995735168457,0.46557294013837236,38.51831793303912,2000,0.0038337280850343327,-1.7850034907460213,-0.0017066108666767832,4162.175636291504,139425.5846033853
3835,5,736512000,9.506719589233398,0.4685573156760559,38.468858772578336,2000,0.003687717118097983,-1.7855317406356335,-0.001456040642096923,4044.60506439209,138838.14125875366
3836,5,736704000,9.354475975036621,0.46094273007778,38.5310106559967,2000,0.003722514843655517,-1.7864354252815247,-0.001620919791776032,4771.971252441406,138290.03740674318
3837,5,736896000,9.501782417297363,0.4682031518132135,38.50572902453132,2000,0.00371975784451691,-1.7864439599215984,-0.0010718832618294982,4284.202903747559,139940.53675775902
3838,5,737088000,9.47083854675293,0.4669114823742954,38.51997079886496,2000,0.003750522711088706,-1.7867730036377907,-0.0018470861059540766,4272.792701721191,139670.25840582245
3839,5,737280000,9.453848838806152,0.46583335237543605,38.45594726099322,2000,0.004709192688261586,-1.7880013845860958,-0.0016588828148087487,4043.543128967285,138497.65935130743
3840,5,737472000,9.329066276550293,0.4597448192574423,38.59433339846631,2000,0.003946601901470179,-1.7887983471155167,-0.0009397383547593563,5078.314483642578,140271.94828030159
3841,5,737664000,9.342642784118652,0.4603333565058468,38.49756144763281,2000,0.0044389018133078936,-1.7878349274396896,-0.0021553819242399186,4405.273536682129,138414.91253332238
3842,5,737856000,9.529539108276367,0.4697396016842201,38.480161123055346,2000,0.003723139523116212,-1.7880395650863647,-0.0018689216374241369,4332.864074707031,140177.57109173998
3843,5,738048000,9.397860527038574,0.46315106234578707,38.61975955466429,2000,0.004777865288345008,-1.7877684645354748,-0.0013835557338097715,4177.36296081543,139821.72840155018
3844,5,738240000,9.49040699005127,0.46791148451120534,38.4714524038136,2000,0.003919324158783032,-1.7874545343220234,-0.0017299955643466092,4146.838890075684,139084.37316336113
3845,5,738432000,9.46697998046875,0.4667187711766019,38.50310755086442,2000,0.003959191157269136,-1.7875663675367832,-0.0015158938213062356,4122.466361999512,139734.48427615262
3846,5,738624000,9.40101146697998,0.46335418986564036,38.56729805318173,2000,0.004315295422908093,-1.787803616374731,-0.001648352284973953,4019.555465698242,138876.38529269226
3847,5,738816000,9.408955574035645,0.4637916903648147,38.53345236865183,2000,0.003593781024665077,-1.7870887070894241,-0.0016329792572946644,4581.840255737305,139192.07579332354
3848,5,739008000,9.424181938171387,0.4645781444457195,38.540333500131965,2000,0.004427143745405677,-1.7880086153745651,-0.0015052316939545562,4634.25422668457,139826.6322964389
3849,5,739200000,9.505931854248047,0.4686041825752909,38.5408890042454,2000,0.004686073381012344,-1.7884773761034012,-0.001751836006405938,4052.762825012207,138650.3040519948
3850,5,739392000,9.413975715637207,0.4639791888221225,38.54204811435193,2000,0.003924653857461332,-1.7896690368652344,-0.001506369380877004,4076.1694946289062,139570.707341585
3851,5,739584000,9.393269538879395,0.4630000214977675,38.509749727634095,2000,0.004383769437855032,-1.7907416559755802,-0.0015430757548529073,4673.896423339844,138369.72814917887
3852,5,739776000,9.43016529083252,0.4646927321973635,38.55281008112555,2000,0.004392577173212581,-1.79047691822052,-0.0015815403176020482,3832.691246032715,139895.299151168
3853,5,739968000,9.385517120361328,0.4626354350317949,38.51744151825551,2000,0.0039791087832563785,-1.7904598452150822,-0.0013317319633188163,4740.796646118164,137924.40340859466
3854,5,740160000,9.379775047302246,0.4621823140896595,38.51509715927144,2000,0.004405412451318019,-1.7900222167372704,-0.001575028117713373,4420.965675354004,140697.56803249603
3855,5,740352000,9.404833793640137,0.4635573178056802,38.55603140654663,2000,0.004246150584483984,-1.7900367937982082,-0.0013625697579300322,4554.73038482666,139152.29570886935
3856,5,740544000,9.391112327575684,0.46284377191053255,38.555988879563905,2000,0.003648864605485869,-1.7911554910242558,-0.0016500509373145178,4623.176651000977,139168.397095774
3857,5,740736000,9.44321060180664,0.465359400577654,38.520302443609886,2000,0.004198597385407387,-1.7925538420677185,-0.0017997868235397618,4178.7097244262695,139001.84165928667
3858,5,740928000,9.487277030944824,0.46783335489999445,38.550920349312946,2000,0.0035631487552648953,-1.7937523573637009,-0.0012232655358275224,3856.534492492676,138097.2694677488
3859,5,741120000,9.502052307128906,0.4682135661338786,38.474365750327706,2000,0.004357209494201621,-1.794350042939186,-0.0015458558382306364,3793.154365539551,139081.18361550747
3860,5,741312000,9.482439041137695,0.46732815217910684,38.408277751257025,2000,0.0049614271757309324,-1.7946770414710045,-0.0008245740596066753,3962.596366882324,140105.31927127292
3861,5,741504000,9.427233695983887,0.46466147883317416,38.46037046285346,2000,0.005350061200277802,-1.7941491045057774,-0.0012372874334687367,4500.647598266602,140023.91939740535
3862,5,741696000,9.45480728149414,0.46600002005895175,38.49418115336448,2000,0.00413917363457343,-1.793675184249878,-0.0015055577277962584,4582.327262878418,139821.69521086826
3863,5,741888000,9.322620391845703,0.4592135645919673,38.560728749881186,2000,0.004400938676738102,-1.7943043857812881,-0.0012531592228697264,4549.310348510742,138099.5529453277
3864,5,742080000,9.376426696777344,0.4619375226284319,38.52120061016952,2000,0.0040867528592910575,-1.795615240931511,-0.0017020514515024843,4549.786605834961,139668.07021775
3865,5,742272000,9.408637046813965,0.463713558555052,38.53481571562588,2000,0.0036522693166237633,-1.796058028936386,-0.0012835460529458942,5115.555236816406,138951.36443382088
3866,5,742464000,9.389573097229004,0.4626875218824959,38.52349592465907,2000,0.0034164780335001216,-1.7958474941551685,-0.001996978878196387,4501.665710449219,139236.15114169155
3867,5,742656000,9.409821510314941,0.463619810966217,38.531125074873366,2000,0.0031015577455351983,-1.7963611260056496,-0.0015521696508358218,4312.37223815918,139697.79795314273
3868,5,742848000,9.383974075317383,0.4622552372111386,38.55637048184872,2000,0.004772353985036413,-1.7964956760406494,-0.0015148382591405607,4346.4873046875,138126.00718098084
3869,5,743040000,9.274415969848633,0.45707294257469283,38.585134983062744,2000,0.004172081127335938,-1.796035423874855,-0.0012529286075277923,4947.7005615234375,139396.42609526103
3870,5,743232000,9.446107864379883,0.46559898318143195,38.521129190300904,2000,0.004092703196768221,-1.7953005023300648,-0.0016193547889997717,4108.910469055176,139429.52738379908
3871,5,743424000,9.44244384765625,0.4654635652077559,38.56354500042895,2000,0.003727809364131341,-1.7965390533208847,-0.0013490527892372484,4390.06559753418,138404.5680147794
3872,5,743616000,9.470254898071289,0.4668333520021406,38.50474669660131,2000,0.004288080823583489,-1.7976961247622967,-0.0014017315015735221,4160.7231521606445,139793.11431789413
3873,5,743808000,9.467848777770996,0.46663023362634704,38.505378395939864,2000,0.003804511596710654,-1.7975157387554646,-0.0014808452842771658,3787.7981185913086,137833.20765955755
3874,5,744000000,9.397873878479004,0.46305731567736075,38.498215074030064,2000,0.003684673871798926,-1.7976266592741013,-0.0016994790912576718,4182.922172546387,139757.7750256825
3875,5,744192000,9.485404968261719,0.46747398333961127,38.51211502216756,2000,0.00448034841731472,-1.7985275872051716,-0.0013414907170954393,3815.5817947387695,138898.55391317792
3876,5,744384000,9.470353126525879,0.4668333550641061,38.541370548307896,2000,0.004309062747464244,-1.7997293211519718,-0.0012053154914610786,4270.512542724609,139139.9790783532
3877,5,744576000,9.370135307312012,0.4616979403259999,38.53827455915356,2000,0.0038975278802123887,-1.800969161093235,-0.0015035242045087216,4260.789878845215,139260.3240976086
3878,5,744768000,9.529030799865723,0.4697031466863943,38.52513073384762,2000,0.0039007663576461106,-1.8017329908907413,-0.0015839634879739606,3967.9944381713867,138435.04954663932
3879,5,744960000,9.424383163452148,0.4644739765317354,38.5569259673357,2000,0.00454508404302275,-1.8007960133254528,-0.0010159959383599926,4481.610885620117,138470.228200519
3880,5,745152000,9.404496192932129,0.463473985915698,38.49938973489528,2000,0.004265699579923723,-1.8012157455086708,-0.0013010180989567743,4590.866394042969,138361.9229331001
3881,5,745344000,9.44697380065918,0.46555210182244383,38.52431918183962,2000,0.004555715000290851,-1.801759034395218,-0.001732631701088394,4258.204872131348,138533.52504456058
3882,5,745536000,9.306041717529297,0.45844273488728504,38.55230179863671,2000,0.004802908190108913,-1.8012440092861652,-0.001545575321870274,4294.007698059082,140019.70877976363
3883,5,745728000,9.351975440979004,0.4608177286560628,38.57148461292187,2000,0.004357125012714581,-1.8010295070707798,-0.0016870798153831856,4531.549354553223,138270.1533595316
3884,5,745920000,9.397562026977539,0.46306772970092425,38.528935590487286,2000,0.0036316722955137565,-1.8015327118337154,-0.0015316403654423993,4334.899620056152,139651.2052599139
3885,5,746112000,9.40776252746582,0.4637239824842254,38.56908183172345,2000,0.003986766398818872,-1.8019814528524876,-0.0013165025770831562,4446.376968383789,138007.55193776087
3886,5,746304000,9.483084678649902,0.4673854377094055,38.55471140642961,2000,0.004597153607707393,-1.8020199052989483,-0.001968173828572617,3945.150978088379,139691.52421368088
3887,5,746496000,9.44501781463623,0.46562501916923793,38.562015239459775,2000,0.0035875080904831215,-1.8027443438768387,-0.0015675364738854114,4705.5435791015625,138015.21682285337
3888,5,746688000,9.413360595703125,0.4639843953785506,38.50212007667869,2000,0.004201057800518659,-1.8034999929368496,-0.0018805611512107134,4191.576866149902,139226.6544229699
3889,5,746880000,9.529340744018555,0.4698021071490075,38.52881805288295,2000,0.0045104064332990666,-1.8036011047661304,-0.0010908440829098254,4192.752395629883,138873.88992512404
3890,5,747072000,9.431011199951172,0.46472918886380893,38.49630251837274,2000,0.00416116652374573,-1.803644772619009,-0.0012583110254809071,4331.818519592285,138909.86202816898
3891,5,747264000,9.470636367797852,0.46681772498353286,38.531363686624296,2000,0.004877695011983936,-1.8027799017727375,-0.0014630375098931836,4625.11181640625,139121.01074416068
3892,5,747456000,9.444025039672852,0.46532293819109327,38.571761287748814,2000,0.004425514536114254,-1.8019215799868107,-0.001065147829194757,4558.32315826416,138331.15994588542
3893,5,747648000,9.459904670715332,0.4662239791468892,38.4633074371765,2000,0.005758030823121468,-1.8024704791605473,-0.000854610125770705,4591.355339050293,139186.31465822732
3894,5,747840000,9.334390640258789,0.4599010666825052,38.54670653988918,2000,0.0031211013355568864,-1.8034154288470745,-0.001584420788276475,4490.600997924805,140089.18803105195
3895,5,748032000,9.377891540527344,0.46226044450243836,38.53713132456566,2000,0.0034939591852356294,-1.8043860904872417,-0.0012173852264822926,4835.038726806641,138742.9777261008
3896,5,748224000,9.363357543945312,0.46132814420646656,38.514200235406555,2000,0.003231809309340557,-1.8059032000601292,-0.0012090722902939888,4855.397033691406,140601.93829641608
3897,5,748416000,9.353655815124512,0.4609375220916263,38.493867944305144,2000,0.0049313101599497405,-1.8070772029459476,-0.001511810818556114,4185.348457336426,138573.1446046514
3898,5,748608000,9.356362342834473,0.4611302376106323,38.536050404421985,2000,0.004426657462545942,-1.806653443723917,-0.001471294631528508,4273.810256958008,140217.13147075626
3899,5,748800000,9.455796241760254,0.4660208540656943,38.50983329614004,2000,0.004150577888988967,-1.807248480618,-0.0014766143649467267,4262.050743103027,139353.24466530717
3900,5,748992000,9.390841484069824,0.4627291919532581,38.51615937294749,2000,0.0036513936551903804,-1.8077805414795876,-0.0014495092357265094,4410.485389709473,139377.79916723163
3901,5,749184000,9.41021728515625,0.46377085389091616,38.50565895575952,2000,0.004100867342499744,-1.8073116950690746,-0.0006871976470392838,4258.803733825684,139894.05520067876
3902,5,749376000,9.392508506774902,0.4628385602081835,38.49034600363424,2000,0.004397883458567472,-1.807393029332161,-0.0010977451784128789,4573.809532165527,139140.47739727434
3903,5,749568000,9.465400695800781,0.46649481370089535,38.53791746807595,2000,0.004028198567822983,-1.807825330644846,-0.0015446888817649551,3942.6037521362305,140080.2696556228
3904,5,749760000,9.336640357971191,0.46000522934082255,38.54960120407244,2000,0.0034089261986567487,-1.8081194572150707,-0.0012683201680374623,4610.774749755859,140511.95257678197
3905,5,749952000,9.393813133239746,0.46294793615804036,38.599567313989006,2000,0.0036230279797406792,-1.8080585561692715,-0.0013839939647368737,4474.611572265625,139130.52814039454
3906,5,750144000,9.464129447937012,0.46658335707676696,38.504442853387445,2000,0.0040662182576173414,-1.8081873804330826,-0.0015409269324777597,4436.169967651367,139692.1094234178
3907,5,750336000,9.316939353942871,0.4590052303489453,38.50807814672589,2000,0.004277888897403803,-1.8086762689054012,-0.0017283815550399595,4649.603546142578,137799.68495329696
3908,5,750528000,9.365865707397461,0.4615677337145219,38.48998758833235,2000,0.004003373501021997,-1.808663584291935,-0.0014464321902778465,4366.4500732421875,138902.26767940674
3909,5,750720000,9.531177520751953,0.4699427272413838,38.479920890337475,2000,0.003965536568318688,-1.808625239878893,-0.0015386739514724468,3702.473991394043,138620.32394503275
3910,5,750912000,9.419156074523926,0.46412502145964635,38.55481207370758,2000,0.004074251242840546,-1.8089719414710999,-0.0014824207925130395,4298.196685791016,138593.32988896506
3911,5,751104000,9.53855037689209,0.4701666866076266,38.53483978038033,2000,0.0036782574985894222,-1.8094936311244965,-0.0014518457478516211,4091.1384658813477,139628.12202407536
3912,5,751296000,9.375831604003906,0.46203127395104576,38.547815224155784,2000,0.00435552015909343,-1.8105995617806911,-0.0009426077212992823,4537.055862426758,138798.10254010255
3913,5,751488000,9.36645793914795,0.46139585375325015,38.51770286230991,2000,0.003773781381508646,-1.8108605407178402,-0.0013975921447126893,4722.420539855957,137920.81387585617
3914,5,751680000,9.41545295715332,0.4640573141211159,38.56771191582084,2000,0.0038377190754690675,-1.8107739016413689,-0.0013596731791949423,4332.952308654785,139356.1210094674
3915,5,751872000,9.48707103729248,0.4678541835316234,38.577397652591266,2000,0.0038195590980079335,-1.810542605817318,-0.0015527311891219142,4698.219253540039,139002.67067924672
3916,5,752064000,9.403793334960938,0.4634114838760676,38.50407038411746,2000,0.004444555819684563,-1.8097436912357807,-0.001499379784490884,4511.894119262695,139166.93554584667
3917,5,752256000,9.435375213623047,0.4649271032897862,38.56240615372857,2000,0.004295298105103333,-1.809369906783104,-0.00124838287683815,4270.800048828125,139730.68265998768
3918,5,752448000,9.329069137573242,0.4596041898967087,38.44279588250598,2000,0.005131315918687809,-1.8092956766486168,-0.0012133658799484692,5156.11637878418,139464.62922402445
3919,5,752640000,9.39294147491455,0.46284898286224535,38.4672516110974,2000,0.004386484015165479,-1.8092187643051147,-0.0018487372872186825,4935.086654663086,138335.07605956224
3920,5,752832000,9.38010025024414,0.4621146011353024,38.51613326805333,2000,0.004321750050728345,-1.8097966089844704,-0.0016153852811839897,4860.425399780273,139403.71252713245
3921,5,753024000,9.378107070922852,0.4620677290592236,38.52815677349766,2000,0.0029235308875019354,-1.8107145689427853,-0.0015180989791758748,4538.0419921875,137373.60397855457
3922,5,753216000,9.371731758117676,0.4617916917304683,38.51599472233405,2000,0.0036872064318013145,-1.8113929331302643,-0.0015402460467157653,4527.34016418457,139310.90954269154
3923,5,753408000,9.444156646728516,0.46552606891479326,38.53905024814109,2000,0.004329477012979623,-1.8120524175465107,-0.0016449196218673023,3896.841484069824,138470.17058031994
3924,5,753600000,9.423556327819824,0.4645000212658488,38.558419523760676,2000,0.004577116934859077,-1.8120159693062305,-0.001267268867650273,4476.841705322266,138140.86648815512
3925,5,753792000,9.383549690246582,0.46247919133929827,38.5697028717647,2000,0.003525207310086747,-1.8119016475975513,-0.0012376749877489601,4587.805999755859,138894.9054579084
3926,5,753984000,9.382089614868164,0.4623750222108356,38.567657039811216,2000,0.004099180637558068,-1.8112853690981865,-0.0016386774796046666,5010.549667358398,139088.00255995354
3927,5,754176000,9.472587585449219,0.46700523360474716,38.48792040456707,2000,0.004821862591508155,-1.8111582547426224,-0.0016658539025229402,3977.8982849121094,138077.16227682467
3928,5,754368000,9.427207946777344,0.46466668507794867,38.53001307129549,2000,0.003805467100886744,-1.8116618990898132,-0.0016240301199559326,4351.857643127441,139188.14844218208
3929,5,754560000,9.277105331420898,0.4572187735114615,38.685942428807415,2000,0.004366118075073852,-1.8126689828932285,-0.0012593061023835617,4720.743843078613,138755.9384380657
3930,5,754752000,9.433762550354004,0.4650052268619523,38.59710746879379,2000,0.0043349442394683135,-1.8132750391960144,-0.0016528086146081478,4372.496368408203,138283.2679936797
3931,5,754944000,9.414754867553711,0.46388022647928057,38.5545748884712,2000,0.0036234863320423753,-1.8137692585587502,-0.0013034157746005803,4664.930603027344,138955.2406191168
3932,5,755136000,9.44731616973877,0.46556773481218744,38.52846770050625,2000,0.0037937219334332143,-1.8135635070502758,-0.0019625264803835307,4356.544357299805,139657.65416666918
3933,5,755328000,9.399999618530273,0.46342190356093244,38.50890521798283,2000,0.004132754851530383,-1.814276184886694,-0.0014741926385113402,4274.065483093262,138322.86001918287
3934,5,755520000,9.443431854248047,0.46546877017984417,38.50761851668358,2000,0.004994402705391015,-1.8164730966091156,-0.001416479501131107,4338.062080383301,139615.63026040536
3935,5,755712000,9.406352996826172,0.4635833538820104,38.526773313138015,2000,0.004705587523145368,-1.8172829449176788,-0.0016929566295402765,4679.975311279297,139498.24778925514
3936,5,755904000,9.43768310546875,0.46515106299375475,38.52064671802024,2000,0.004088656587916678,-1.8180129490792751,-0.001842364129743146,4001.288703918457,139526.53950729044
3937,5,756096000,9.461195945739746,0.46623959947464755,38.561644971060254,2000,0.004198656004125951,-1.8183804266154766,-0.0012249463343323441,4319.308181762695,138687.28498792285
3938,5,756288000,9.341532707214355,0.4604218928852788,38.52324451087043,2000,0.003492695163433382,-1.8170517273247242,-0.001210510166856693,4596.908706665039,138533.66348005435
3939,5,756480000,9.395500183105469,0.46284898087227094,38.55519790481776,2000,0.0033728958522769963,-1.8165598325431347,-0.001496466516982764,4367.861976623535,138797.96487801804
3940,5,756672000,9.340994834899902,0.4602187692519995,38.58689112464587,2000,0.0033147580405954308,-1.8168745189905167,-0.0017723347573337378,4311.735412597656,139088.54816492074
3941,5,756864000,9.495052337646484,0.46809377657276247,38.51343934521234,2000,0.003266511596278481,-1.8167678117752075,-0.001359760362902307,4158.953254699707,137235.70493989578
3942,5,757056000,9.353282928466797,0.46083856659909844,38.51897753464679,2000,0.003758139103117476,-1.8165719509124756,-0.001589000708236199,5169.462051391602,139928.70615033314
3943,5,757248000,9.5162992477417,0.4691302281001602,38.49603567893306,2000,0.0027537005726256513,-1.8162376061081886,-0.0015436526824714747,4368.634910583496,138066.3295687301
3944,5,757440000,9.360247611999512,0.46133856733225304,38.48425385976831,2000,0.0032901348502491603,-1.8172436282038689,-0.0012047983700540499,5289.252731323242,139146.6218719912
3945,5,757632000,9.448275566101074,0.4656718968926725,38.532888299785554,2000,0.0047038090479715414,-1.8174015693366528,-0.0015959260435920442,3951.5126876831055,138844.87182850722
3946,5,757824000,9.421426773071289,0.46423440079585515,38.550010870210826,2000,0.0044126693579649625,-1.817686352878809,-0.001112111259772064,4173.357063293457,139310.72112980546
3947,5,758016000,9.399771690368652,0.4632239788091586,38.552820096102856,2000,0.004176135103948278,-1.8182324580848217,-0.0013910549378124415,4411.825416564941,138282.01480140054
3948,5,758208000,9.357355117797852,0.4610937689673544,38.51347844256088,2000,0.0038265338762309203,-1.8191936910152435,-0.0015923246344300424,4762.564910888672,139039.50808146514
3949,5,758400000,9.436307907104492,0.4648437707595197,38.50979855718712,2000,0.004244776143617249,-1.8184179589152336,-0.0019074898400504026,4177.458145141602,137769.5804109016
3950,5,758592000,9.466081619262695,0.4666354409752482,38.60455821516613,2000,0.004303580975625664,-1.8184021674096584,-0.0016370721377825248,4186.594314575195,139575.36615779734
3951,5,758784000,9.39642333984375,0.4630416852396593,38.57668434021374,2000,0.0050214557678070065,-1.819793488830328,-0.0017341539369226666,4604.411582946777,138762.9367322207
3952,5,758976000,9.366621017456055,0.4615885604119588,38.557261140706636,2000,0.004397298709275977,-1.8208395093679428,-0.0012270366855773318,4713.874084472656,138316.89848840385
3953,5,759168000,9.404053688049316,0.46344793859680067,38.55210713980099,2000,0.004092131084762514,-1.821721613407135,-0.0015609180895808095,4333.589897155762,138787.225638689
3954,5,759360000,9.443817138671875,0.4653646062203431,38.5053906988663,2000,0.003846800670794134,-1.822227519005537,-0.00178536865132628,4219.21484375,138874.56242730652
3955,5,759552000,9.425164222717285,0.4645885622109442,38.579681765288115,2000,0.004262845221885072,-1.8225368931889534,-0.0011280860558144923,4038.5549087524414,138023.43730778564
3956,5,759744000,9.370153427124023,0.4617708498171851,38.59134526364505,2000,0.004102390993963733,-1.8230806328356266,-0.0016721818371934205,4458.585235595703,139070.20498890715
3957,5,759936000,9.38895034790039,0.4624791854985233,38.58215957507491,2000,0.004259759140225166,-1.8236273191869259,-0.0013499591022991808,4800.0889892578125,139091.74893341793
3958,5,760128000,9.32789421081543,0.4594635632104958,38.57912544937184,2000,0.0038049030924424488,-1.8241497352719307,-0.001560498002731947,4324.376091003418,139175.74990286134
3959,5,760320000,9.363885879516602,0.46151564440697257,38.57792373529325,2000,0.003970073872726061,-1.8245725221931934,-0.0014344364244607277,4844.994400024414,139121.69007785097
3960,5,760512000,9.400477409362793,0.4632552316749449,38.53481367579661,2000,0.00366685609187698,-1.8252405487000942,-0.0013345250108613982,4242.429740905762,139115.43088055187
3961,5,760704000,9.441898345947266,0.4652812700484598,38.508074889580406,2000,0.0033299428598438678,-1.8259389325976372,-0.0017556924285599962,4395.4343185424805,139157.8172101079
3962,5,760896000,9.495535850524902,0.4678593911727755,38.44791995485624,2000,0.00358577014561888,-1.8268029689788818,-0.0017732091437210329,4516.450401306152,138856.72071722228
3963,5,761088000,9.382833480834961,0.46243231530873646,38.562892977769174,2000,0.0042637207129664605,-1.828559409826994,-0.0015874089408498548,3694.854751586914,138190.0097086255
3964,5,761280000,9.422891616821289,0.46439585688494844,38.51017439043304,2000,0.004486779885027015,-1.8300853110849857,-0.0014141900737740798,4718.897850036621,137540.30648257185
3965,5,761472000,9.447924613952637,0.4655208550223809,38.569588738804065,2000,0.003786872701716978,-1.830365490168333,-0.0014474052845798724,4489.128753662109,139453.59869137898
3966,5,761664000,9.456223487854004,0.46601043871608755,38.51435568012918,2000,0.0032130476384142335,-1.8297730050981045,-0.0016995007354125846,4706.619110107422,138281.52291105865
3967,5,761856000,9.367362022399902,0.46152606492250925,38.567899303510785,2000,0.003282526004287016,-1.8292903900146484,-0.0014242682973417686,4565.7596435546875,139304.99352834676
3968,5,762048000,9.516337394714355,0.46904168655176665,38.59545644993583,2000,0.004095774285931839,-1.829521007835865,-0.0016562519576837076,3517.6852111816406,140008.79568899694
3969,5,762240000,9.381555557250977,0.4622656462427888,38.56357107901325,2000,0.004134053687128471,-1.8300001434981823,-0.0013301084018166875,4050.2953186035156,139021.9918888466
3970,5,762432000,9.387956619262695,0.4625833544772225,38.58026891368596,2000,0.004284001422211683,-1.8295953832566738,-0.001671344364012839,4797.740432739258,139967.22926894206
3971,5,762624000,9.459268569946289,0.466203148665348,38.59933697370192,2000,0.0044482298436560085,-1.8302368186414242,-0.001432387230124732,4090.4315490722656,137425.61515652042
3972,5,762816000,9.424612998962402,0.46436981244733033,38.52289781269307,2000,0.0039027221204257024,-1.8298311159014702,-0.001434969084129989,4568.686660766602,139926.29784527537
3973,5,763008000,9.464705467224121,0.46657293981055165,38.585389244680606,2000,0.0040970664026584325,-1.8301910012960434,-0.0013292739934058773,4266.114768981934,137717.41735827466
3974,5,763200000,9.39533805847168,0.46296356477978406,38.580567716931306,2000,0.003745825786970575,-1.8303631879389286,-0.0016984702779154759,4647.922470092773,139680.6355920077
3975,5,763392000,9.38892650604248,0.4625208579557996,38.60402846522629,2000,0.0037820748533922595,-1.8309051916003227,-0.0017069442733372853,4594.735244750977,138870.73423425437
3976,5,763584000,9.411759376525879,0.46377606261315424,38.572355415051184,2000,0.003668470712262206,-1.8316445052623749,-0.0016573341456478374,4548.837608337402,138914.41953916516
3977,5,763776000,9.445011138916016,0.46543231045022065,38.47005807608366,2000,0.003800424550480481,-1.8325920850038528,-0.0012754784784192452,4313.830284118652,139951.01392300648
3978,5,763968000,9.415307998657227,0.4638906462508506,38.53046917232374,2000,0.0036262675266092023,-1.8337578661739826,-0.0017895951609716576,4137.470741271973,138885.6323488295
3979,5,764160000,9.425599098205566,0.46445314397897164,38.56648030101011,2000,0.004677555134602395,-1.8349020443856716,-0.0017587435668247053,4388.881988525391,138871.94518424053
3980,5,764352000,9.364194869995117,0.46130731477145065,38.58434216088305,2000,0.0031966826291488057,-1.8356980457901955,-0.001520950469057425,4850.859909057617,139909.15994211077
3981,5,764544000,9.504801750183105,0.46848439707779715,38.569311042238645,2000,0.0037670962723592915,-1.8367679975926876,-0.0018045435977001034,4074.1960067749023,138683.29832283128
3982,5,764736000,9.445717811584473,0.46545835083876835,38.50249853388717,2000,0.0031630440786381466,-1.8373527079820633,-0.0012224809015606297,4386.331230163574,139329.88561520205
3983,5,764928000,9.358025550842285,0.4611146101015038,38.627966271713376,2000,0.004511321237082787,-1.8371166475117207,-0.0014817282201420312,4770.526443481445,137705.3261536688
3984,5,765120000,9.350942611694336,0.46077085739549756,38.548372824055456,2000,0.0035731053581936675,-1.8372726291418076,-0.001557501846946252,4664.605453491211,139521.6784417883
3985,5,765312000,9.516276359558105,0.46917189884091687,38.520248516307525,2000,0.004098794798029606,-1.8379597179591656,-0.0017680438886600314,4404.999282836914,138803.552216798
3986,5,765504000,9.467036247253418,0.4665416887540535,38.54298370890319,2000,0.003631666248884964,-1.8380514346063137,-0.0014660303695563925,4548.393867492676,139591.43996497174
3987,5,765696000,9.499985694885254,0.4682187734500379,38.53256669079807,2000,0.003922942001542348,-1.8383747152984142,-0.0014664219143014634,3998.880531311035,139339.32563352239
3988,5,765888000,9.369726181030273,0.4617812740125373,38.52018323439794,2000,0.004162212036477285,-1.839390829205513,-0.0010851185961655574,4423.624526977539,138910.40121136894
3989,5,766080000,9.484898567199707,0.46731773216015426,38.581933699548244,2000,0.003957211417439491,-1.8395925089716911,-0.0015023264786577784,4788.497116088867,139158.44919414187
3990,5,766272000,9.473522186279297,0.46696356509528414,38.5391394254763,2000,0.0038248223805300466,-1.8394317626953125,-0.0015342696996185623,4435.6452560424805,139620.48538447343
3991,5,766464000,9.502042770385742,0.4684479439498925,38.538407419497766,2000,0.0040130504579671345,-1.8392770700156689,-0.001992630008288643,3667.763717651367,138895.96149118245
3992,5,766656000,9.41250991821289,0.4636406434328819,38.5871597888569,2000,0.004015454309352208,-1.839935839176178,-0.0014960391861222888,4063.359733581543,139323.9709226611
3993,5,766848000,9.471014022827148,0.4667239767301605,38.55670537240803,2000,0.004598685452821276,-1.8397472463548183,-0.0013276345014787694,4164.315971374512,137874.62246896958
3994,5,767040000,9.411221504211426,0.46388543934881454,38.545788666543864,2000,0.004256269560539901,-1.838545199483633,-0.001438869528556097,4301.5640869140625,139928.04573393072
3995,5,767232000,9.428678512573242,0.46452085626212164,38.6236825765421,2000,0.004066956326452782,-1.8386942259967327,-0.0010801694170368137,4470.7382736206055,138319.85178474386
3996,5,767424000,9.473669052124023,0.46705731261257216,38.55550300035005,2000,0.0040524532077567225,-1.8388726562261581,-0.0020414839609657065,4031.599739074707,139998.44145409096
3997,5,767616000,9.344892501831055,0.46024481025112135,38.47919853994002,2000,0.004081042539519937,-1.838908813893795,-0.0018544486429163953,4300.8831787109375,139433.3773351371
3998,5,767808000,9.412725448608398,0.4639791857437861,38.56274731930656,2000,0.0044028415087547425,-1.8388224467635155,-0.0013722838502872037,4735.001281738281,137934.36542119688
3999,5,768000000,9.378727912902832,0.4623593993067819,38.55925532855326,2000,0.004257482136131632,-1.8394449688494205,-0.0016164310004569415,4763.420318603516,138683.8758181297
4000,5,768192000,9.431435585021973,0.4647239805120383,38.570656253645815,2000,0.0037351178781536874,-1.8399807810783386,-0.001141975216995661,4532.633605957031,138602.2174136866
4001,5,768384000,9.443363189697266,0.4652239797214861,38.548486436794825,2000,0.0035144716926964366,-1.8408569023013115,-0.0015119852339466888,4231.730751037598,139106.54958196048
4002,5,768576000,9.397184371948242,0.46295314470504917,38.53431241804113,2000,0.0036492049266865553,-1.8425213173031807,-0.0015340307572841994,4051.747039794922,138454.2655856994
4003,5,768768000,9.416130065917969,0.46408856318278896,38.59124204951028,2000,0.00461087331262388,-1.8430154547095299,-0.00172715683027036,4057.361167907715,140064.22092018605
4004,5,768960000,9.416808128356934,0.4641198125888574,38.55686294784149,2000,0.0037998703219345766,-1.8437659591436386,-0.0016752916817495134,4497.607749938965,139485.41596963542
4005,5,769152000,9.5256986618042,0.4695885612763959,38.5070354261746,2000,0.0038885415970241104,-1.8440023511648178,-0.0015613242212566547,3913.429702758789,139228.22495615968
4006,5,769344000,9.424722671508789,0.46454689650454384,38.56691016008457,2000,0.004548322809430828,-1.8444098979234695,-0.001561071152536897,4816.829299926758,139968.8582877368
4007,5,769536000,9.445526123046875,0.4655937739747363,38.55142640415579,2000,0.003872536095232741,-1.843348104506731,-0.0017210052628797712,4369.805137634277,139771.59371996898
4008,5,769728000,9.3840913772583,0.46240627716967236,38.52813395516326,2000,0.004114129801714928,-1.8431652933359146,-0.001658104873058619,4179.369354248047,139362.0446027293
4009,5,769920000,9.459118843078613,0.4661979364276097,38.52714790776372,2000,0.0040561519040299265,-1.843570053577423,-0.001440173548871826,4271.212791442871,138937.18624380502
4010,5,770112000,9.5015230178833,0.4683437757988334,38.56820309325121,2000,0.0039243982884412006,-1.8442660123109818,-0.001640847185626626,3907.284767150879,138261.2656562391
4011,5,770304000,9.412027359008789,0.4637448159349636,38.55357960991872,2000,0.0035195646803040286,-1.8446122072637081,-0.001274860956982593,4171.338020324707,139858.7071455473
4012,5,770496000,9.423014640808105,0.46438023181205307,38.51377373902748,2000,0.004041816522510393,-1.8455430418252945,-0.0012960557205587975,4403.783615112305,139902.42488039675
4013,5,770688000,9.496866226196289,0.4680989802982367,38.5389105748521,2000,0.0041535056532205385,-1.8458982668817043,-0.0012243278761161491,4548.740737915039,138463.97346416407
4014,5,770880000,9.574665069580078,0.4721041896148866,38.55449342044691,2000,0.004053354099870679,-1.8456771820783615,-0.0015735766073703417,4295.707878112793,139537.28009233446
4015,5,771072000,9.425933837890625,0.46447918653454207,38.52406895533204,2000,0.004112359620355467,-1.845201838761568,-0.001465530065161147,3911.1279830932617,137856.5489666756
4016,5,771264000,9.45212459564209,0.46582814665938105,38.58010847835491,2000,0.0039888134566523755,-1.845262885093689,-0.0013084861157039995,4628.197540283203,139354.35612671872
4017,5,771456000,9.435757637023926,0.4650104411023979,38.54832588446637,2000,0.0037956191887060413,-1.8453082703053951,-0.001562114474381815,4793.882995605469,137864.5291096891
4018,5,771648000,9.400216102600098,0.4631406477407533,38.56316007232575,2000,0.0039472666044797124,-1.8450998961925507,-0.0013272973665152676,4070.141044616699,139740.96793445526
4019,5,771840000,9.426126480102539,0.4647396069897998,38.634594140574336,2000,0.004094405900369262,-1.8449163138866425,-0.0015253765905072214,4661.803253173828,139598.86880256762
4020,5,772032000,9.452388763427734,0.4660052308208833,38.61257337716719,2000,0.003770485494915192,-1.8451987355947495,-0.0015505682292769052,4371.68684387207,139532.98420645893
4021,5,772224000,9.389399528503418,0.46269793943368615,38.595942645023264,2000,0.00372827147755197,-1.8467000536620617,-0.0014146240791887976,4412.422019958496,139587.87344763783
4022,5,772416000,9.478555679321289,0.46709376853808254,38.57182123869037,2000,0.004042680597878643,-1.8475294634699821,-0.001657057450756838,3788.688835144043,138709.59509753255
4023,5,772608000,9.437219619750977,0.4650312718482989,38.527598325163126,2000,0.003552139024817734,-1.8475378304719925,-0.0019104343864455586,4730.8985595703125,139419.37061702076
4024,5,772800000,9.340415954589844,0.4602396050080036,38.63353048389157,2000,0.0038248979767959096,-1.8486140556633472,-0.001341634673963199,4738.018600463867,139580.85938207543
4025,5,772992000,9.385627746582031,0.46240106591903896,38.56921279119948,2000,0.004341645869814481,-1.8491111136972904,-0.002073248823982965,4778.899841308594,138888.0037598155
4026,5,773184000,9.484272956848145,0.46743231033178745,38.557448403754584,2000,0.003975002728773688,-1.849482499063015,-0.0017643053470237646,4237.840431213379,139282.26324866273
4027,5,773376000,9.443499565124512,0.4653958549527791,38.53852539074918,2000,0.0032984460934579445,-1.8507666513323784,-0.0015050368347147014,4488.210289001465,138160.51204455103
4028,5,773568000,9.420870780944824,0.4643698155711415,38.570749392422535,2000,0.0034816582410773355,-1.851779993623495,-0.0011708842203006498,4133.570953369141,139498.28012451285
4029,5,773760000,9.497907638549805,0.4680260656277824,38.55691701670488,2000,0.0037927939174963584,-1.852904498577118,-0.0017744330093591998,3934.768440246582,138855.87285007213
4030,5,773952000,9.433147430419922,0.465098981824364,38.59326067908356,2000,0.004213718936288691,-1.853526622056961,-0.0014764856964575301,4077.424476623535,139133.90264554025
4031,5,774144000,9.517470359802246,0.4691979422714212,38.534599798886724,2000,0.004455900189881504,-1.854506015777588,-0.001753324972014525,3894.1106338500977,138882.01179833993
4032,5,774336000,9.375167846679688,0.46201564286093344,38.58038914157078,2000,0.003775835914922936,-1.8554494082927704,-0.001449703847811179,4212.78963470459,138964.5576259027
4033,5,774528000,9.313431739807129,0.45873440003864135,38.47990300003827,2000,0.003546719644846841,-1.8561159893870354,-0.0016564560082770186,4892.978805541992,139480.27698853274
4034,5,774720000,9.433600425720215,0.46490105916079,38.56636742696477,2000,0.003051663274681535,-1.856737393885851,-0.0014077703590373858,4661.307327270508,139942.8696638644
4035,5,774912000,9.343157768249512,0.4603593981901213,38.61478408239782,2000,0.003331534810112013,-1.8568268716335297,-0.0016141961727953458,4501.551582336426,139283.87039858708
4036,5,775104000,9.434860229492188,0.46479169021707395,38.47010838768134,2000,0.003762331744968833,-1.857161458581686,-0.0012946180070798619,4474.603614807129,139926.27377867
4037,5,775296000,9.396913528442383,0.4629427298708227,38.562102514862396,2000,0.004965014422423943,-1.8580835275352001,-0.0014378877103808918,3975.2118911743164,138676.705303786
4038,5,775488000,9.436091423034668,0.46510418916659546,38.5415727160871,2000,0.003725261666797451,-1.8582541681826115,-0.0010609753326207283,4367.449913024902,139402.53813255785
4039,5,775680000,9.444234848022461,0.46541668726968055,38.58499305695295,2000,0.003718474878691874,-1.8579849489033222,-0.001803378131626232,3859.641227722168,138304.28515750234
4040,5,775872000,9.515875816345215,0.4690729415942769,38.55594893475063,2000,0.003989330721181129,-1.8585645258426666,-0.0016847255254788251,4049.7195434570312,139840.1667969517
4041,5,776064000,9.47319507598877,0.4669479395270173,38.619889322668314,2000,0.004794915794601062,-1.8592822924256325,-0.0015890652916823456,4136.380058288574,139257.9527839295
4042,5,776256000,9.383442878723145,0.4623958553268797,38.622357388337456,2000,0.0034689413915281572,-1.8589526154100895,-0.0014755831862203195,4817.272216796875,138596.48799488734
4043,5,776448000,9.437479972839355,0.46502606202314684,38.51372358590985,2000,0.003807966111225445,-1.858904279768467,-0.0016345377100606129,4399.517761230469,139513.86021762493
4044,5,776640000,9.432697296142578,0.46487502375202894,38.51038244677087,2000,0.0034763099456055595,-1.8597743697464466,-0.0013981770639475144,4112.634696960449,138866.83765253655
4045,5,776832000,9.409667015075684,0.46376564366134215,38.555875074273594,2000,0.0030265314431617294,-1.8599855974316597,-0.0015626467359197704,4710.4941482543945,138099.49860794272
4046,5,777024000,9.394293785095215,0.46288544070678955,38.57660286935667,2000,0.003940667754179837,-1.8605868704617023,-0.0012899287783056934,4343.516090393066,139732.88897920473
4047,5,777216000,9.48710823059082,0.4677083527731156,38.59210163448006,2000,0.0044925698697916225,-1.8611602410674095,-0.0013583909808403405,4139.799575805664,138888.4650117415
4048,5,777408000,9.404875755310059,0.46332814407893846,38.53468703983041,2000,0.0038173742445748457,-1.8615163080394268,-0.001246792726306012,4161.077041625977,139655.05466198098
4049,5,777600000,9.371479988098145,0.4616614791878722,38.54135890343847,2000,0.004053769352904055,-1.861486453562975,-0.0017645541292949929,4380.50212097168,138101.34091660674
4050,5,777792000,9.462279319763184,0.46631252315698174,38.54587096503625,2000,0.0044133729724853766,-1.861542958766222,-0.0012575329419632908,4026.628662109375,139196.56000721364
4051,5,777984000,9.438624382019043,0.4651614818055047,38.598870456994824,2000,0.0036443806930874416,-1.8610629886388779,-0.0015085980444382585,3943.1937561035156,139727.38968055096
4052,5,778176000,9.451539993286133,0.4657552267944993,38.59508368497094,2000,0.003967112470397599,-1.8614757619798183,-0.0016605056025582599,4159.963043212891,139450.12794050353
4053,5,778368000,9.375614166259766,0.4619375201806785,38.549700718722306,2000,0.003384539119969607,-1.8627237305045128,-0.0012684276032359776,4499.403450012207,138812.2279677699
4054,5,778560000,9.433222770690918,0.46475522669000685,38.513209485138454,2000,0.004859752805697401,-1.8630313202738762,-0.0019037281799683115,3997.6153564453125,139190.26168193913
4055,5,778752000,9.375603675842285,0.46199481088297034,38.56071499067669,2000,0.004538560294424921,-1.862512607127428,-0.0015426660768298461,3983.4860763549805,139002.06456198782
4056,5,778944000,9.446228981018066,0.46558856353294686,38.546879186139755,2000,0.004124807955483751,-1.86189703643322,-0.001345771914202487,4400.090057373047,138665.9766093985
4057,5,779136000,9.437871932983398,0.4650625237385005,38.56295881404852,2000,0.003438782984749802,-1.8624906688928604,-0.0015350693720392883,4434.340087890625,139499.41538709713
4058,5,779328000,9.50096321105957,0.46832293785579776,38.57373801696425,2000,0.004059519957966889,-1.8633454255759716,-0.0010424402353237383,4387.147003173828,140254.67919331123
4059,5,779520000,9.464397430419922,0.466453146512625,38.54138803078482,2000,0.0041197028797347835,-1.8635567426681519,-0.001608712348570407,4729.284889221191,139318.30703256934
4060,5,779712000,9.500054359436035,0.46835939923645736,38.55324051529169,2000,0.0037859659336463656,-1.863988608121872,-0.001360490522301916,4007.604667663574,140715.4741751292
4061,5,779904000,9.523909568786621,0.46953648206484405,38.58527923809985,2000,0.004365310820486532,-1.86400955170393,-0.0015779574002294794,4018.754722595215,138026.06384016093
4062,5,780096000,9.388883590698242,0.4626458561488107,38.53100298376133,2000,0.003410603448700082,-1.8643683344125748,-0.0012147716588515323,4618.321502685547,138088.16512428905
4063,5,780288000,9.47470760345459,0.4670885652509848,38.59728486960133,2000,0.0036377811666146345,-1.864542417228222,-0.0012350350643828278,4569.590637207031,139511.8398326969
4064,5,780480000,9.518343925476074,0.4691406459241989,38.56447662909826,2000,0.0034283297156895666,-1.864985354244709,-0.0013648186559294118,3861.077850341797,139495.22895692664
4065,5,780672000,9.5293550491333,0.46947398118694156,38.52107006451115,2000,0.004622743442441181,-1.8652283139526844,-0.0013784223756374558,3582.753593444824,139792.03737065542
4066,5,780864000,9.4426851272583,0.46548439756467513,38.59077371098101,2000,0.003997953784913988,-1.8664412312209606,-0.0015954404734657146,3863.365249633789,138725.40715991924
4067,5,781056000,9.47453784942627,0.4668541889338182,38.54089034721255,2000,0.003471152238694533,-1.8664783462882042,-0.0019113578217684335,4214.010559082031,139276.3558329987
4068,5,781248000,9.381653785705566,0.4622552285848845,38.6208860501647,2000,0.0038042370045247176,-1.867619100958109,-0.0015969408118508,4493.999221801758,139949.1564142446
4069,5,781440000,9.430068016052246,0.46471877377431764,38.5622445885092,2000,0.0041688499525674464,-1.8680121079087257,-0.0013228319949121214,4544.327056884766,138132.31360730392
4070,5,781632000,9.41286849975586,0.46388022654173255,38.58270446149012,2000,0.003398485980923094,-1.8676846250891685,-0.0014335870195623102,4166.350257873535,139716.89401535012
4071,5,781824000,9.462084770202637,0.466276063570452,38.57108765281737,2000,0.004657679335170542,-1.8675956837832928,-0.0009169645545981098,4178.377540588379,138343.80937537
4072,5,782016000,9.41069221496582,0.46382814467809413,38.58687161933631,2000,0.004314386439298687,-1.8670934773981571,-0.0014648414762632456,4093.093994140625,140421.87071259256
4073,5,782208000,9.415976524353027,0.4640677320761218,38.50757723363737,2000,0.00291590885467546,-1.8674533665180206,-0.0010613750891934615,4740.094589233398,139468.17495733048
4074,5,782400000,9.36807632446289,0.46155211143134994,38.57893601556619,2000,0.0032528914843145077,-1.867809433490038,-0.00167890412012639,4122.478187561035,138921.84735238226
4075,5,782592000,9.403196334838867,0.4632968965264202,38.58570704360803,2000,0.004312564145157618,-1.8686431050300598,-0.0016120737093388016,4499.428649902344,139497.52119678233
4076,5,782784000,9.463290214538574,0.4664323107444943,38.5876970756799,2000,0.004458208953074063,-1.8689601831138134,-0.0017772857354430016,4372.777481079102,138460.92374249457
4077,5,782976000,9.283934593200684,0.45745835487650766,38.57722082051138,2000,0.0033902642745767177,-1.869159173220396,-0.0013232595142653736,5197.441360473633,139112.63320648207
4078,5,783168000,9.402783393859863,0.46324481356411223,38.55989039347818,2000,0.003398175543009226,-1.8702411353588104,-0.0019153239563820534,4699.851150512695,138752.88536417845
4079,5,783360000,9.496522903442383,0.468036485178042,38.56452019481609,2000,0.0032523306416005655,-1.8708911798894405,-0.0016079661436378956,3979.789016723633,137677.7375120871
4080,5,783552000,9.419450759887695,0.4640885579950312,38.55180689834136,2000,0.0036178884243490755,-1.8714701905846596,-0.0014504893300681942,4378.7861328125,139074.57900506599
4081,5,783744000,9.38393497467041,0.46223439731329563,38.521571655136846,2000,0.0033471328698918418,-1.872000239789486,-0.0014362585867502276,4821.761077880859,138645.35807471728
4082,5,783936000,9.472970962524414,0.4666718981085675,38.581822265560426,2000,0.004308216388065679,-1.8725713267922401,-0.0017440303490730003,3922.353630065918,138136.09831569353
4083,5,784128000,9.442715644836426,0.46533335707681545,38.54473669206103,2000,0.004183052102132934,-1.8725096806883812,-0.0017524678154927642,3930.198371887207,138798.42071078226
4084,5,784320000,9.399801254272461,0.46313023207828036,38.54329203379651,2000,0.003191006051672351,-1.8726144470274448,-0.0019252338249202694,4763.682403564453,138385.8543065228
4085,5,784512000,9.414783477783203,0.4638646087745049,38.46117433719337,2000,0.003914007419785169,-1.8728189691901207,-0.001566698321767035,4306.051788330078,137606.7337675068
4086,5,784704000,9.430338859558105,0.46485939355989103,38.5315595921129,2000,0.003943732076234786,-1.87227738276124,-0.0017104516644792511,4579.937957763672,139652.34941328192
4087,5,784896000,9.332595825195312,0.4599062758261425,38.58226388258239,2000,0.0032672551776158788,-1.8720616549253464,-0.0015238505257002544,4896.5606689453125,137817.710308137
4088,5,785088000,9.42045783996582,0.46433335668128467,38.561725145632714,2000,0.003835661053954633,-1.87221135571599,-0.0015098756775842048,4389.545593261719,137513.61270066173
4089,5,785280000,9.37277889251709,0.4617969005800357,38.49868681600007,2000,0.0040409256638401225,-1.8726796545088291,-0.0013580918084699078,4902.7108154296875,137983.29030237082
4090,5,785472000,9.360819816589355,0.46143231087080494,38.59477307150761,2000,0.0035750633498003786,-1.8726355694234371,-0.0015780136089915686,4971.106918334961,139111.1255527424
4091,5,785664000,9.31360149383545,0.4587135601244275,38.60272091565033,2000,0.0031688596633017967,-1.8722145482897758,-0.0017363752701839985,5101.127822875977,138090.64991206717
4092,5,785856000,9.406311988830566,0.4635052305499509,38.54817598530402,2000,0.0038452966073430923,-1.8726971670985222,-0.0013815833840453706,5341.259628295898,138334.38056823504
4093,5,786048000,9.433578491210938,0.4648385643340589,38.597939071555935,2000,0.0037949213638651894,-1.8731533251702785,-0.0016075837847893126,4827.490432739258,138220.85611279492
4094,5,786240000,9.453109741210938,0.4658177260886684,38.56128961189339,2000,0.004321834584989119,-1.8733604177832603,-0.0015462524070244399,4373.268524169922,138340.94745616583
4095,5,786432000,9.42668342590332,0.4644948137611209,38.56602765666321,2000,0.004018420040107836,-1.8738440051674843,-0.0012324500034992525,4822.149215698242,138386.43002398356
4096,5,786624000,9.479741096496582,0.46725002472885535,38.57490860981246,2000,0.0037932808293699057,-1.8749637454748154,-0.001455264599826478,4327.2200927734375,138649.5225838572
4097,5,786816000,9.406408309936523,0.4635677279960267,38.598089386088155,2000,0.003875926448347551,-1.874896064400673,-0.0015237216584864655,4432.423492431641,138787.08890038505
4098,5,787008000,9.415189743041992,0.46392710553664074,38.595337172970176,2000,0.004122472556562571,-1.8748591467738152,-0.0014500495462925755,4303.857353210449,139727.7099921804
4099,5,787200000,9.517504692077637,0.4690989828201661,38.58453070217123,2000,0.0042405058347067094,-1.8751562908291817,-0.0009907492481033842,3922.5491485595703,137723.87383327784
4100,5,787392000,9.329310417175293,0.4596979371793471,38.569027279115595,2000,0.003464987278838331,-1.8757965192198753,-0.0011259901243079184,4519.305267333984,140783.86806367716
4101,5,787584000,9.356075286865234,0.4608489788109485,38.56921403917173,2000,0.003765359558484003,-1.8764435015618801,-0.0018327701809539576,4800.6793212890625,139747.0994422408
4102,5,787776000,9.451205253601074,0.46553647628146183,38.58568125590682,2000,0.004306618409027578,-1.8771306537091732,-0.001967696380233974,4260.566108703613,139464.7987064164
4103,5,787968000,9.44480037689209,0.4650573132548743,38.50829873032247,2000,0.0034013405759299835,-1.8776698969304562,-0.001370663495322333,4205.26579284668,139934.55623663275
4104,5,788160000,9.391183853149414,0.4627969008937119,38.573599779978395,2000,0.003573577732354655,-1.8765720091760159,-0.001336221305109575,4177.325874328613,139881.53364219153
4105,5,788352000,9.420999526977539,0.464218768933885,38.573307320165135,2000,0.0033079298216083155,-1.8762075416743755,-0.001244924504590017,4558.289260864258,138817.51304883513
4106,5,788544000,9.373065948486328,0.46168231000046944,38.55236586602405,2000,0.0035409152507794106,-1.8772064410150051,-0.0014177210543948604,4635.678085327148,139272.46646055343
4107,5,788736000,9.45065975189209,0.4657083531043706,38.59300238111367,2000,0.0036708155058319484,-1.8780064471065998,-0.0013480391371558653,4402.8802490234375,139509.70394517915
4108,5,788928000,9.41662311553955,0.4640937696446296,38.58136871332923,2000,0.004060941691420642,-1.8784244358539581,-0.0014595996522075438,4462.676956176758,138711.23285100845
4109,5,789120000,9.44814395904541,0.46574481253143557,38.55680298246443,2000,0.003965766917176855,-1.8791770972311497,-0.001228277478730888,4307.224349975586,139225.3181485298
4110,5,789312000,9.441812515258789,0.4654218957354412,38.61509354536732,2000,0.0039627000569623,-1.880199696868658,-0.0012142661616962869,4644.260437011719,139379.3559120559
4111,5,789504000,9.501860618591309,0.46837502255402796,38.58649638450394,2000,0.003700024720700943,-1.8806314691901207,-0.0016961660037395632,4299.529106140137,138845.61513854304
4112,5,789696000,9.521140098571777,0.46934898174367845,38.55635819227124,2000,0.004266076610101057,-1.8808532617986202,-0.001441361666778107,3922.020820617676,139753.96359789092
4113,5,789888000,9.349183082580566,0.4606927282596492,38.54629749991,2000,0.004868250226417634,-1.8806453980505466,-0.0015537970157311065,5045.57991027832,139197.63385221187
4114,5,790080000,9.413098335266113,0.4638385627004027,38.559881287937365,2000,0.004122330745541452,-1.8811330571770668,-0.0013767107785866983,4715.341583251953,139051.5274716984
4115,5,790272000,9.497734069824219,0.46825522834721295,38.56793100130744,2000,0.003658954194742061,-1.8815855234861374,-0.000992987724202976,4652.763885498047,139507.20441741313
4116,5,790464000,9.388941764831543,0.46257814921106427,38.53350022404144,2000,0.0033234414893304346,-1.8813551850616932,-0.0014992438229910476,4544.919364929199,138369.2505954862
4117,5,790656000,9.41828441619873,0.4641927292602001,38.5078771939734,2000,0.0037892417047817916,-1.8811781406402588,-0.0015676049392823188,4789.922210693359,139556.34436422796
4118,5,790848000,9.424184799194336,0.46448960396022204,38.58506214649727,2000,0.00346526872360361,-1.881570652127266,-0.0017312529057562642,4291.338218688965,139603.71728084932
4119,5,791040000,9.51267147064209,0.4688646099560477,38.546372902579606,2000,0.003584775162590328,-1.882388636469841,-0.0015591295368722058,3988.213203430176,138535.6948193578
4120,5,791232000,9.390442848205566,0.4627291961969604,38.52962302897746,2000,0.0038834504731494234,-1.8827536925673485,-0.0012300733039865008,4314.034683227539,140195.8420113246
4121,5,791424000,9.406564712524414,0.46355731277738715,38.52469885442406,2000,0.004088570846690951,-1.883202213793993,-0.0015083369880812825,4516.194633483887,138637.8643956083
4122,5,791616000,9.423172950744629,0.46441668863735686,38.60624408908188,2000,0.003344869122656139,-1.8843934088945389,-0.0014660461260973534,4231.065811157227,140280.12729994374
4123,5,791808000,9.394830703735352,0.4630625270801829,38.60721810503552,2000,0.0031483348112918367,-1.8850280717015266,-0.001593410891473468,4545.09992980957,139061.3287602307
4124,5,792000000,9.506621360778809,0.4684896082344494,38.55045252634833,2000,0.0030604104260625407,-1.8847852684557438,-0.00148639025724151,4171.509231567383,139125.61296940612
4125,5,792192000,9.42823600769043,0.4646406455782805,38.53703072232505,2000,0.003174324701440734,-1.885318849235773,-0.0013853770351488492,4153.869705200195,140582.55312878164
4126,5,792384000,9.405866622924805,0.46344793755088176,38.58712851566573,2000,0.0034142270026623006,-1.8857409469783306,-0.001637006236705929,4295.239105224609,139351.18190062413
4127,5,792576000,9.425220489501953,0.46475002471440047,38.65392909819881,2000,0.0038769309848794365,-1.8860772289335728,-0.0016768720815889537,4150.201705932617,139815.3087249052
4128,5,792768000,9.393843650817871,0.46277085498756304,38.502710819865264,2000,0.0034240547249537482,-1.8868608474731445,-0.0013172826361369516,3983.4513244628906,140241.50296786142
4129,5,792960000,9.442909240722656,0.46530731178912293,38.58215042762458,2000,0.004028528122595162,-1.887111533433199,-0.0014389184059382387,4307.471885681152,138405.48620438707
4130,5,793152000,9.486092567443848,0.4675000277638901,38.596308094759785,2000,0.002976918340328363,-1.8870837539434433,-0.0014875678070893628,4039.229606628418,139811.73198272387
4131,5,793344000,9.349111557006836,0.46059898352723394,38.550905412063,2000,0.003977416178141235,-1.8865883648395538,-0.0016982024321805511,4375.725273132324,138351.22604188777
4132,5,793536000,9.40662670135498,0.4635625237151544,38.58949197952946,2000,0.0033627335351920917,-1.886095829308033,-0.0014469036977970973,4189.0769119262695,140648.84011436545
4133,5,793728000,9.381288528442383,0.46227085923298245,38.52885603532195,2000,0.0044706679934170095,-1.8851625807583332,-0.0014668325588900188,4625.929000854492,139631.92648741766
4134,5,793920000,9.39672565460205,0.46306772809718194,38.57805550657213,2000,0.0038422969258366116,-1.8852264657616615,-0.0015961468964178493,4728.168411254883,139673.11188678918
4135,5,794112000,9.416529655456543,0.46407814576256595,38.5675765996178,2000,0.0028438561205888016,-1.8854685612022877,-0.0016717647767734434,4562.041954040527,140300.19138940398
4136,5,794304000,9.511707305908203,0.46872398271746835,38.578597735613585,2000,0.003449479878145212,-1.8857237622141838,-0.0012758385181541598,3845.3315048217773,139223.96069790356
4137,5,794496000,9.465360641479492,0.46669793801387033,38.649314084400736,2000,0.0035668575224432667,-1.885190300643444,-0.0012186688063593465,4468.24186706543,139619.2613420105
4138,5,794688000,9.42936897277832,0.46472918976966565,38.58403057729205,2000,0.003179761326391599,-1.8849246241152287,-0.0016419653159118752,4251.971206665039,139616.4247874124
4139,5,794880000,9.449298858642578,0.46550523157869367,38.527647901015975,2000,0.003034874739320609,-1.8845786154270172,-0.0011274322862391273,4173.039222717285,138386.20001684612
4140,5,795072000,9.501925468444824,0.4683802304789424,38.57057362950096,2000,0.0038880510273957038,-1.8835409879684448,-0.0013808686379661594,4240.190757751465,139126.63410689714
4141,5,795264000,9.471993446350098,0.4668906450988288,38.53926303354092,2000,0.00342115407303451,-1.8836481496691704,-0.00180562458717759,4018.5556411743164,138693.77321769798
4142,5,795456000,9.397589683532715,0.4629427304001486,38.55903950457772,2000,0.0031983605211935353,-1.8840375170111656,-0.0010144226732222705,4629.891189575195,139904.28002733763
4143,5,795648000,9.47983169555664,0.46736981260983157,38.58211254142225,2000,0.003340391090721823,-1.8848537392914295,-0.0011888567964035701,4344.686988830566,139917.84893955896
4144,5,795840000,9.44058609008789,0.4653125237346103,38.540732527617365,2000,0.004165235188811493,-1.8858602941036224,-0.0016266178763544303,4353.543960571289,138258.90066485328
4145,5,796032000,9.396306037902832,0.4629687741732293,38.497820843787245,2000,0.004296844059361319,-1.8857194185256958,-0.0015574088265566388,4292.304122924805,139628.63724779902
4146,5,796224000,9.364642143249512,0.4614166876908712,38.53899229321784,2000,0.0035991557127975585,-1.8857528679072857,-0.0017202433418788132,4579.545448303223,138423.06263849605
4147,5,796416000,9.557563781738281,0.4710573115286631,38.50177802580098,2000,0.003186296138161803,-1.8850464597344398,-0.0008986367215584323,4395.915283203125,140019.0346390532
4148,5,796608000,9.324182510375977,0.459343769136467,38.59068898484111,2000,0.0026647164133052383,-1.8851831369102001,-0.0010318680651835166,4723.557968139648,139962.57384718314
4149,5,796800000,9.358182907104492,0.46111981344862824,38.546331352399044,2000,0.0033862472268180377,-1.885464034974575,-0.0012862861170503948,4278.174140930176,138406.10728208203
4150,5,796992000,9.268498420715332,0.4565989806039094,38.64699218608439,2000,0.003708260496016009,-1.8852140121161938,-0.0011573392109767155,4477.3280029296875,140740.4618117165
4151,5,797184000,9.501761436462402,0.4684427319207316,38.57064003807803,2000,0.0037100680995742243,-1.8849183730781078,-0.0014301547737431974,4451.301849365234,138476.62921816896
4152,5,797376000,9.427035331726074,0.46448960533780337,38.58017213021716,2000,0.003647537212576329,-1.8842588514089584,-0.001679225812011964,4498.628280639648,140008.67378785484
4153,5,797568000,9.389264106750488,0.4625312730022415,38.487555962366365,2000,0.0032307320349257984,-1.8838687166571617,-0.0014737120935706116,4304.659530639648,139196.8605348218
4154,5,797760000,9.487088203430176,0.4677552275989001,38.55364851498356,2000,0.002954270201422332,-1.8831107132136822,-0.0014384662390511949,4157.424285888672,140237.9324542725
4155,5,797952000,9.295562744140625,0.45796356189384824,38.525758038973436,2000,0.0037450341742611875,-1.8830348998308182,-0.0016295529138687925,4674.2655029296875,140315.429084594
4156,5,798144000,9.486303329467773,0.46751564703966625,38.58125613195201,2000,0.003553698019820634,-1.883078157901764,-0.0018496231996323331,4494.0899658203125,139032.8225578412
4157,5,798336000,9.442675590515137,0.46530731223416905,38.56751960950593,2000,0.003356647859737374,-1.8829431273043156,-0.0014561490531832533,4596.77946472168,139467.6111735892
4158,5,798528000,9.445746421813965,0.4654271055539236,38.60127326613292,2000,0.0035825412058887495,-1.8832069523632526,-0.001445961060994705,4402.634292602539,139153.74918768898
4159,5,798720000,9.500630378723145,0.46818752029442595,38.543327142484486,2000,0.0036379702239501058,-1.8834492787718773,-0.001436384215594444,4336.474433898926,137785.65635998556
4160,5,798912000,9.468047142028809,0.4665364779666561,38.529470486566424,2000,0.003603812204508964,-1.883838202804327,-0.0015312421801354503,4394.006416320801,139606.99814374864
4161,5,799104000,9.451550483703613,0.4656927300863269,38.52225466646875,2000,0.003642355498333927,-1.8847305551171303,-0.0016477031801400699,3933.8205032348633,137889.26275503667
4162,5,799296000,9.420833587646484,0.46400002231105947,38.47383574644724,2000,0.0033959214620178195,-1.8850746788084507,-0.0015408359739694788,4371.6862869262695,139992.08688669532
4163,5,799488000,9.433756828308105,0.46500002406658797,38.52958364567409,2000,0.003900176920319306,-1.8847119323909283,-0.0015225960241878056,4209.133270263672,139446.54949884085
4164,5,799680000,9.379918098449707,0.4622656420257651,38.60731255045781,2000,0.003485872755241871,-1.885704193264246,-0.0013648646217916394,4412.4645919799805,139256.7692297597
4165,5,799872000,9.470793724060059,0.46683334889227507,38.56012350320816,2000,0.003220174569784528,-1.8869480788707733,-0.0014715374918523594,4663.012145996094,139232.85790066785
4166,5,800064000,9.555960655212402,0.4709687752898996,38.53036632513007,2000,0.003241227645633141,-1.8877243250608444,-0.0015231852908073051,3350.623146057129,138476.1977647371
4167,5,800256000,9.484136581420898,0.46742710114146274,38.55373854500552,2000,0.003329073153603531,-1.888407126069069,-0.001465596968500904,4315.721466064453,139168.39185239066
4168,5,800448000,9.396236419677734,0.4630416934675547,38.593741013358034,2000,0.002826253103313017,-1.8891347907483578,-0.001126417329942342,4505.670928955078,140109.50814836012
4169,5,800640000,9.497657775878906,0.4682396063120298,38.600186192741,2000,0.0036518715432260554,-1.8899515978991985,-0.0013493271678157726,4411.1330642700195,139139.0458764153
4170,5,800832000,9.381896018981934,0.4621666878774704,38.53975711436942,2000,0.0032953763617272975,-1.8910999409854412,-0.0014236247632197774,4563.759437561035,140171.17876746765
4171,5,801024000,9.473265647888184,0.46696356532326416,38.63120987266302,2000,0.003524985345412764,-1.891682930290699,-0.0015751068635836418,4416.121879577637,138432.66663248133
4172,5,801216000,9.4285249710083,0.4645052290494884,38.523663450110085,2000,0.004143400598053025,-1.8923319056630135,-0.0019535302249096276,4093.3747787475586,140234.28397040395
4173,5,801408000,9.520564079284668,0.4695208587812279,38.57715057519575,2000,0.003964132481372265,-1.893009603023529,-0.001656674448895501,3890.5341873168945,139429.76006473275
4174,5,801600000,9.381464958190918,0.46215106200785766,38.53262411151081,2000,0.004144490747906578,-1.8925672732293606,-0.0013551059728342807,4427.627281188965,139666.06466634598
4175,5,801792000,9.505776405334473,0.4684114821545033,38.54629934579134,2000,0.0032488460173080956,-1.8930867984890938,-0.0018135036040121122,4341.5495529174805,139245.89727995504
4176,5,801984000,9.456863403320312,0.4660781472521194,38.575792696637414,2000,0.003907645849217564,-1.8926202543079853,-0.0015937394059619692,4322.884010314941,137922.0920404662
4177,5,802176000,9.47633171081543,0.4667031435977454,38.44594420058032,2000,0.00250108673325182,-1.892558366060257,-0.0011856273215471447,4054.4457931518555,139346.02873508752
4178,5,802368000,9.446475982666016,0.46556252801322745,38.58520226149509,2000,0.0030367404843273105,-1.8926314041018486,-0.001136684270306887,4651.798385620117,138844.27582389495
4179,5,802560000,9.503889083862305,0.4683333539906016,38.50957688534012,2000,0.0033702244247736718,-1.8925494328141212,-0.0014566560726052558,4407.281585693359,139102.8580454372
4180,5,802752000,9.335334777832031,0.459895847385269,38.62759297092756,2000,0.0034150891225787445,-1.8927809782326221,-0.0013205863995153777,4340.69059753418,139961.50786043165
4181,5,802944000,9.353099822998047,0.4608177309388945,38.5123757973779,2000,0.0028635904280005587,-1.89259360358119,-0.001437415811324172,5110.819808959961,138409.39734546325
4182,5,803136000,9.45337200164795,0.466031273722668,38.61986017537614,2000,0.0034962714993829044,-1.8929064087569714,-0.0013180984324208112,4370.440200805664,140060.8726584893
4183,5,803328000,9.435094833374023,0.4647448122644467,38.54246244921038,2000,0.0032212639662945247,-1.8931797333061695,-0.001480881826410041,4649.686462402344,140216.4568641438
4184,5,803520000,9.467607498168945,0.46654168835812015,38.54845407574127,2000,0.003463228674935332,-1.8940429128706455,-0.0014068335894990014,4362.140625,139888.10036181056
4185,5,803712000,9.33091926574707,0.4597864874140214,38.616648943784334,2000,0.003594765860689222,-1.8956031277775764,-0.0013208047348598484,4917.13264465332,139128.4042146006
4186,5,803904000,9.449153900146484,0.465526056195813,38.57252377271652,2000,0.0029681913108821996,-1.895974151790142,-0.0016709477090444125,4526.934143066406,138167.1949737357
4187,5,804096000,9.494040489196777,0.46795835555712983,38.6210329439491,2000,0.0037153711636904816,-1.8966824859380722,-0.0015964197777975642,3786.672348022461,138910.90833813557
4188,5,804288000,9.434657096862793,0.4648593964053968,38.58667706224757,2000,0.0035492021424579434,-1.896798487752676,-0.00158917667863534,4090.9920196533203,139506.5329723974
4189,5,804480000,9.341331481933594,0.460328145032084,38.66017624984185,2000,0.004077451254797779,-1.8965139500796795,-0.001558224613290804,4878.361465454102,139083.6566172544
4190,5,804672000,9.373944282531738,0.4617656458358397,38.55555848187456,2000,0.003948681714139335,-1.8963066190481186,-0.0012451519664864463,4304.08464050293,139876.67736092987
4191,5,804864000,9.437968254089355,0.4649635634468723,38.593106255556144,2000,0.0037622732608845882,-1.89643619582057,-0.0014754685771549703,3899.887924194336,138306.22648554374
4192,5,805056000,9.360954284667969,0.46120314600981754,38.52856887411326,2000,0.003960413573140007,-1.8972859047353268,-0.0012438553912943462,4584.171493530273,139740.73319542583
4193,5,805248000,9.4890775680542,0.4675260704389075,38.543809562785704,2000,0.004078766473930348,-1.8976379930973053,-0.0012178334091004217,4136.792457580566,139335.0561886265
4194,5,805440000,9.409547805786133,0.4636510627885097,38.62254898188015,2000,0.0034114272447016746,-1.8978785276412964,-0.00157580773702648,4560.259941101074,139828.62382290093
4195,5,805632000,9.365872383117676,0.46152085649737273,38.62027607113123,2000,0.004009959340344115,-1.897934652864933,-0.0015026293085611542,4650.968017578125,139435.92494984373
4196,5,805824000,9.504047393798828,0.4684114793599292,38.578892223459356,2000,0.0037203798966220347,-1.8970582038164139,-0.0017438528334423609,3871.4410552978516,138759.9500378202
4197,5,806016000,9.367297172546387,0.4615000238093974,38.58845683311423,2000,0.0029932111632867114,-1.8974042236804962,-0.001435061500046686,4579.424224853516,139357.52706199908
4198,5,806208000,9.34746265411377,0.46046356248492276,38.5231349238505,2000,0.003632492424254451,-1.898703794926405,-0.0017370915375067852,4368.221893310547,139746.41856659367
4199,5,806400000,9.532157897949219,0.4699323185771694,38.6273050972571,2000,0.003416990192348749,-1.8998668156564236,-0.0014705779358337168,4165.530075073242,139177.3986827414
4200,5,806592000,9.485092163085938,0.46753647708464996,38.63982782326639,2000,0.003780494389907593,-1.9003454186022282,-0.0011745623396564042,4318.133277893066,139486.77872701545
4201,5,806784000,9.33950424194336,0.45994273027705884,38.517825724867485,2000,0.0035649709922290634,-1.900725569576025,-0.001490328266072538,4552.856620788574,137813.1593840554
4202,5,806976000,9.404764175415039,0.4635729390453586,38.657915452184774,2000,0.003126432967498355,-1.9004601910710335,-0.0014724418233527103,4939.164474487305,140062.05991114702
4203,5,807168000,9.464998245239258,0.46636981038621644,38.59705584527304,2000,0.0036592053315835076,-1.8999798521399498,-0.0016982900510811305,4384.868896484375,138284.55288224996
4204,5,807360000,9.436880111694336,0.4653489830543549,38.656898614019156,2000,0.003365525448056966,-1.8993768393993378,-0.001589152348060452,4129.833633422852,140253.6460427244
4205,5,807552000,9.40621566772461,0.46351044116272533,38.536791394775115,2000,0.0036795011596695987,-1.898988701403141,-0.001540639488666784,4465.053436279297,139794.3832411686
4206,5,807744000,9.449660301208496,0.4658698069512563,38.64127261222651,2000,0.003125669608409225,-1.8987824767827988,-0.0019093189492878082,4101.091354370117,139687.81182533334
4207,5,807936000,9.375863075256348,0.46202606515059114,38.5725184843565,2000,0.0038535173856847297,-1.898646716028452,-0.001534016784717096,4421.2044677734375,139961.0644498827
4208,5,808128000,9.515151023864746,0.4689271051538526,38.521692334363856,2000,0.003947906087441272,-1.8993095196783543,-0.0013750517277912877,3999.822708129883,138302.12920118315
4209,5,808320000,9.52433967590332,0.4692968996120423,38.582510326988995,2000,0.004044028448153161,-1.8996949419379234,-0.0014063904500289937,3741.020538330078,139437.166236125
4210,5,808512000,9.361394882202148,0.46127606169284263,38.57538327601893,2000,0.003291417440935522,-1.899317778646946,-0.0015733457764781633,4985.304595947266,140080.49807390381
4211,5,808704000,9.54680061340332,0.4705312765897058,38.53063946745048,2000,0.003566426454550916,-1.8988732695579529,-0.0017019604920278653,3998.036933898926,138401.44947605446
4212,5,808896000,9.380025863647461,0.46221877333118755,38.59956627447779,2000,0.0038397091523050524,-1.8979983888566494,-0.001538149254400878,4543.442199707031,139936.85916498138
4213,5,809088000,9.376118659973145,0.4619323147750644,38.57533374234723,2000,0.0033617179440310185,-1.8976722657680511,-0.0015309176696973736,5005.543212890625,138188.6647151006
4214,5,809280000,9.36146354675293,0.46127606434189755,38.55063375846172,2000,0.00345597173479958,-1.897641934454441,-0.0013701703101105522,4651.757049560547,139436.44716139542
4215,5,809472000,9.401308059692383,0.46316148091015447,38.550600103723504,2000,0.0034571998981215678,-1.8979196436703205,-0.0017159567596536363,4572.507652282715,140032.33975466844
4216,5,809664000,9.502944946289062,0.4683437705122439,38.5524617144838,2000,0.003648504358536835,-1.8984370976686478,-0.001244897216110985,4116.2525634765625,140132.3322163855
4217,5,809856000,9.53695297241211,0.4699166907030303,38.52156400897851,2000,0.0032411447748854696,-1.8991024307906628,-0.0017071436841433751,3901.8711471557617,138954.47672720414
4218,5,810048000,9.40005111694336,0.4631510635063023,38.580537804712854,2000,0.003608431281537681,-1.8990937434136868,-0.0014678440998068254,4834.629364013672,138192.8440021795
4219,5,810240000,9.269190788269043,0.45654168772671255,38.54407757660374,2000,0.002140032921724924,-1.89956371858716,-0.0008901865185180213,5185.732528686523,139645.07576423622
4220,5,810432000,9.46448040008545,0.46635939319821773,38.634637312963605,2000,0.002633198760103369,-1.8996749334037304,-0.0014876327211368334,4274.489486694336,139578.04143310883
4221,5,810624000,9.515533447265625,0.469015644668616,38.55295161809772,2000,0.0026110342430571715,-1.90010567009449,-0.0015843278247302806,4530.008979797363,139398.46823768827
4222,5,810816000,9.340873718261719,0.4600416916667503,38.566465519048506,2000,0.0034287150514598274,-1.9000082165002823,-0.0016599659775238251,4031.693244934082,139828.8961295183
4223,5,811008000,9.473817825317383,0.4668593966356032,38.59059033667048,2000,0.0035984068588513765,-1.9006852582097054,-0.001505345865552954,4212.786079406738,139153.451267743
4224,5,811200000,9.467619895935059,0.46660418818222144,38.58599749331673,2000,0.0035660235165099344,-1.9013088978827,-0.001502257550100694,4614.803756713867,138941.5581323258
4225,5,811392000,9.507414817810059,0.46846877558346023,38.58368238356585,2000,0.0038250179415190363,-1.9014452993869781,-0.0014128375960353878,3922.709213256836,139261.36822098
4226,5,811584000,9.464552879333496,0.4664114823178049,38.559102257713675,2000,0.003017744825333162,-1.9024768732488155,-0.001354113876914198,4547.4128494262695,138258.84750011427
4227,5,811776000,9.403316497802734,0.4631927304265749,38.574168008441724,2000,0.0036042488504632883,-1.9035873413085938,-0.0014363019595293736,4367.355819702148,139280.84477027663
4228,5,811968000,9.431012153625488,0.46466148398940277,38.5900162079682,2000,0.0033932252482348608,-1.904495183378458,-0.001319894408879918,4789.915252685547,138493.94770909485
4229,5,812160000,9.462052345275879,0.4663437695817265,38.565021858240165,2000,0.0036569617008669108,-1.9048484303057194,-0.0016123963541758712,4235.957183837891,139134.32358510842
4230,5,812352000,9.342610359191895,0.46016148100898135,38.61128700074429,2000,0.0027450572058805847,-1.9052880592644215,-0.0014589521852030884,4496.796432495117,139798.15045822982
4231,5,812544000,9.34819221496582,0.46052085464786313,38.554002679884434,2000,0.002773599431077552,-1.9061130285263062,-0.0016551245298614958,5080.731399536133,139404.80849753023
4232,5,812736000,9.498488426208496,0.4680729369113881,38.55143531598151,2000,0.003903098096128815,-1.906483504921198,-0.0016952856258285465,4127.194953918457,139358.12809051602
4233,5,812928000,9.421557426452637,0.464093772375539,38.57087422752132,2000,0.0035779308762697234,-1.906414482742548,-0.0016307818800669338,4454.216178894043,138560.50120237994
4234,5,813120000,9.394702911376953,0.4629739794897129,38.622685002201855,2000,0.0030599289739111557,-1.906854122877121,-0.0013934218370650342,4380.531364440918,139218.54468637196
4235,5,813312000,9.332494735717773,0.45972398290723504,38.58005417200426,2000,0.003940005910092926,-1.907650463283062,-0.0013468253036990063,4298.310401916504,138901.631986697
4236,5,813504000,9.391667366027832,0.4626718960492629,38.577607272813715,2000,0.0037409666186140385,-1.9081068933010101,-0.001509842539633155,4924.402420043945,138952.79481138452
4237,5,813696000,9.411096572875977,0.46364585556148086,38.57450961600989,2000,0.0035592771523673336,-1.9090019650757313,-0.0017344417101412546,4235.357040405273,138510.189066736
4238,5,813888000,9.307888984680176,0.45850522519443376,38.59123623021878,2000,0.003415501162341873,-1.909565545618534,-0.0012337965335973422,4613.530700683594,140020.58766313293
4239,5,814080000,9.515674591064453,0.4692812726637688,38.64958901517093,2000,0.002776450302226294,-1.9097304977476597,-0.0010348762773446651,4441.356880187988,137665.3692986095
4240,5,814272000,9.457744598388672,0.46620314457747253,38.60006650661429,2000,0.003566500103268481,-1.9103103391826153,-0.0015594602100463817,4540.592361450195,138880.16166229305
4241,5,814464000,9.409676551818848,0.4636510620293848,38.58782478251184,2000,0.0038655578035553233,-1.9106215313076973,-0.0017057766665402596,4674.984588623047,139464.46703621204
4242,5,814656000,9.455498695373535,0.4660416893269333,38.537751535885036,2000,0.004470156249165787,-1.9105457365512848,-0.0013516633857761917,4246.678558349609,138033.63035803084
4243,5,814848000,9.476045608520508,0.4670781441982399,38.59723914104203,2000,0.0032516836316402384,-1.9110440500080585,-0.001601399091669009,3968.839141845703,138795.06567416908
4244,5,815040000,9.311155319213867,0.45863543919585936,38.61906812774638,2000,0.003466665198448027,-1.9119036383926868,-0.00159355664436589,4502.821975708008,139179.9055744539
4245,5,815232000,9.441963195800781,0.4653750255056366,38.597736130158104,2000,0.0034205513422336173,-1.9114836789667606,-0.0017321899760596726,4438.3162841796875,136994.01255935698
4246,5,815424000,9.516953468322754,0.4689479356566153,38.57208892128741,2000,0.0029839932903814766,-1.911043468862772,-0.0012401453886923264,4269.746299743652,138582.30721425897
4247,5,815616000,9.377756118774414,0.4620989807978428,38.5855129143844,2000,0.0032929046862373076,-1.911529429256916,-0.0012013285054308653,4817.782974243164,138778.77088780317
4248,5,815808000,9.575568199157715,0.47197397988505446,38.55065905364851,2000,0.004438105630632586,-1.911796122789383,-0.0017555982988142205,4127.402206420898,138595.28884666206
4249,5,816000000,9.50173568725586,0.46827085684041475,38.56080086839696,2000,0.003379331021506611,-1.9121212027966976,-0.0015547715295269882,4391.670852661133,138443.35146395216
4250,5,816192000,9.537538528442383,0.470052103531998,38.541553278143205,2000,0.0031845353622926877,-1.9125895239412785,-0.0014686653466924326,4109.5307693481445,138832.01496343975
4251,5,816384000,9.423566818237305,0.4643125165148376,38.59428074645499,2000,0.0027820625051657166,-1.9130554683506489,-0.001372148876043866,4412.629081726074,138492.69908606907
4252,5,816576000,9.47371768951416,0.46698439878067194,38.596502092094546,2000,0.002919582275814415,-1.9134769588708878,-0.0012962178255975232,4233.721740722656,139277.06840580807
4253,5,816768000,9.449892044067383,0.465718775213342,38.62344742504259,2000,0.0035779866472500236,-1.9134349972009659,-0.0014774343944736756,4239.438941955566,138994.12062939463
4254,5,816960000,9.455558776855469,0.46590106309304247,38.627982875953116,2000,0.002705024375689997,-1.913067925721407,-0.0015706483616213518,4448.173698425293,138783.25399005687
4255,5,817152000,9.324475288391113,0.4594271088735695,38.594221456597246,2000,0.0023466369847580304,-1.9130242690443993,-0.0011703627451424836,5181.82861328125,139354.3729174492
4256,5,817344000,9.473713874816895,0.46688543987572,38.61495682814469,2000,0.0030384580263950432,-1.9131304323673248,-0.001670936687332869,4301.444160461426,139495.80816649544
4257,5,817536000,9.42972469329834,0.4647864819829313,38.59647986354927,2000,0.003298226664982697,-1.913088534027338,-0.0013695217688223238,4563.840576171875,138740.9027074706
4258,5,817728000,9.4451904296875,0.4654531479009165,38.58552099702259,2000,0.003416351973649095,-1.9128446578979492,-0.001725753009395703,4182.979263305664,140054.19898952346
4259,5,817920000,9.436908721923828,0.465000020803321,38.571821628177226,2000,0.004572433431887475,-1.91281908005476,-0.0017960269781269744,4321.0556640625,138279.9853179759
4260,5,818112000,9.44042682647705,0.4650989812713912,38.55592457131328,2000,0.0036225356984311173,-1.9132538810372353,-0.0015505971639413474,4367.476371765137,140058.37398086188
4261,5,818304000,9.47729778289795,0.46706252074545773,38.55619020356486,2000,0.0029855236822428806,-1.914161529392004,-0.0014576935523109569,4363.809761047363,139718.60403764163
4262,5,818496000,9.427217483520508,0.46452084991021064,38.592846002895385,2000,0.003424333955765178,-1.9142571911215782,-0.0017507574366391054,3883.7987213134766,139692.8035926491
4263,5,818688000,9.426945686340332,0.4644687736617925,38.581831329734996,2000,0.003151221695140217,-1.9146980755031109,-0.0017239766029888415,4427.001075744629,139212.27364247563
4264,5,818880000,9.311205863952637,0.4587448061217098,38.590488588165805,2000,0.0031893394655908196,-1.9153567291796207,-0.0017637374326113786,4830.449569702148,138377.14340670314
4265,5,819072000,9.497505187988281,0.46791147965511,38.54782732203603,2000,0.003292609142874426,-1.9165457412600517,-0.0015903164446058327,4197.350128173828,138731.2443719028
4266,5,819264000,9.398458480834961,0.46300002808069013,38.657115265106164,2000,0.003027616962783213,-1.9172405488789082,-0.0015469915852008853,4749.941696166992,139536.6133249552
4267,5,819456000,9.44314956665039,0.4652552318214778,38.52757809140409,2000,0.0037856235229652754,-1.917330227792263,-0.0015381276057269133,4286.738243103027,138971.25629968653
4268,5,819648000,9.403648376464844,0.46331252361233055,38.54744053569933,2000,0.0031169668067886954,-1.9173840768635273,-0.0013852446306827915,4743.694000244141,139429.17411598787
4269,5,819840000,9.379793167114258,0.4622239811111892,38.595986561228834,2000,0.0036738888915667,-1.9176771640777588,-0.0013879231646569679,3884.9919509887695,138168.63579983072
4270,5,820032000,9.36654281616211,0.461364603044179,38.6233002327693,2000,0.0037186697894818887,-1.9191155135631561,-0.0018149402603739873,4065.792282104492,139922.8822449025
4271,5,820224000,9.548653602600098,0.47077085682030884,38.59822062961757,2000,0.0032495513439365215,-1.9201041236519814,-0.0015218545948982865,3634.7286529541016,138918.46925962856
4272,5,820416000,9.467955589294434,0.46661459867209487,38.6130918841809,2000,0.0029409944338476633,-1.9210116490721703,-0.0011170032097425064,4444.328186035156,140076.83784941086
4273,5,820608000,9.43087387084961,0.4645156497438923,38.59004641634723,2000,0.0034363942043661756,-1.9214601777493954,-0.0010876689789256488,4406.433898925781,139526.20531245065
4274,5,820800000,9.557379722595215,0.4711875274297199,38.55213714532632,2000,0.003314868582056078,-1.9222164787352085,-0.0015062505322021025,4059.554542541504,139245.82971899313
4275,5,820992000,9.41069507598877,0.4637083519664884,38.529658352956176,2000,0.00324504477387624,-1.9221318885684013,-0.00131746533952537,5150.249114990234,139701.30757109344
4276,5,821184000,9.410879135131836,0.4636406446898036,38.598790757455085,2000,0.0032934913869964175,-1.9224077053368092,-0.0012898983786726603,4213.889366149902,138715.03672358923
4277,5,821376000,9.479748725891113,0.46725001857824583,38.54233956274887,2000,0.0035736612295004305,-1.9229299202561378,-0.0015146950790949631,4776.037200927734,138967.3332555949
4278,5,821568000,9.432454109191895,0.46484377161687007,38.54670314009612,2000,0.0035267477465858975,-1.9228310100734234,-0.0015654313062896108,4586.336196899414,139645.47197485078
4279,5,821760000,9.46478271484375,0.46648960121274285,38.54394386832913,2000,0.003923633874327303,-1.9233324714004993,-0.0018257670681123273,4489.929779052734,139224.07972326438
4280,5,821952000,9.637311935424805,0.47511460188252386,38.577632761870824,2000,0.003375561471360318,-1.9237278401851654,-0.001755086642333481,3677.8316192626953,139316.8132202582
4281,5,822144000,9.383700370788574,0.46232814854253473,38.679587268580995,2000,0.003547905428230781,-1.9240888431668282,-0.0016239704873441951,4662.719940185547,138072.42193122258
4282,5,822336000,9.480864524841309,0.4673385678336975,38.640176520993315,2000,0.003730353939979977,-1.9243969023227692,-0.0014898822264513,4404.087646484375,139901.75716735367
4283,5,822528000,9.40946102142334,0.46372397933737375,38.654661075522505,2000,0.0028008908217610345,-1.9243360310792923,-0.0013666476072557998,4443.08757019043,138182.80812446502
4284,5,822720000,9.507225036621094,0.4683958506187385,38.54314930876717,2000,0.002914961993341421,-1.9247963801026344,-0.001470674793154103,4289.5693283081055,140069.47730524134
4285,5,822912000,9.50058364868164,0.468244810965795,38.59168919501826,2000,0.0033835887068004618,-1.9254945330321789,-0.001297588337365596,4700.409378051758,139193.83374267607
4286,5,823104000,9.407548904418945,0.4637187744865514,38.68465364476045,2000,0.003042943598386046,-1.9263262636959553,-0.0017539047685204423,4268.589317321777,139370.94631685942
4287,5,823296000,9.38103199005127,0.46215627485435107,38.59232712599138,2000,0.0024912666644177077,-1.926758799701929,-0.0013814487629701944,4924.867416381836,140049.16542827355
4288,5,823488000,9.298809051513672,0.4581666886576083,38.612774758289255,2000,0.0035387727527122475,-1.9270511269569397,-0.0014773884095120593,4989.503112792969,138397.6653779454
4289,5,823680000,9.55709457397461,0.47105731763197883,38.604467169536896,2000,0.00391898346158996,-1.9268195368349552,-0.0015992655489753815,3785.9882049560547,139175.8816591211
4290,5,823872000,9.384856224060059,0.46243752091686474,38.57773077394813,2000,0.0028007988778905807,-1.9269351772964,-0.0013783900444650499,4650.293556213379,139743.5676842719
4291,5,824064000,9.46136474609375,0.4661823182044221,38.59515549894422,2000,0.0029908060981033487,-1.9266941361129284,-0.001228601810453256,4010.8118896484375,138896.13100087267
4292,5,824256000,9.489293098449707,0.4677343956803573,38.59421435495218,2000,0.003937056480822017,-1.926548384130001,-0.001903259246091693,4032.957061767578,139680.0498662083
4293,5,824448000,9.430931091308594,0.4646458580015557,38.53313981803755,2000,0.0039016750646915163,-1.9273307621479034,-0.0013710424263990717,4519.509559631348,137914.45948221386
4294,5,824640000,9.382189750671387,0.46241668906926253,38.642698699608445,2000,0.003305035042486755,-1.928127609193325,-0.0015377389345303527,4786.040924072266,139748.4695527447
4295,5,824832000,9.450650215148926,0.4656250164480298,38.562203647879265,2000,0.0030669519524538676,-1.9287570863962173,-0.0016768564732956293,4585.794540405273,137576.4813085577
4296,5,825024000,9.393177032470703,0.46277606001846533,38.60792484289656,2000,0.003392820542354457,-1.9290936477482319,-0.0015610168306920968,4641.485778808594,139802.3711717145
4297,5,825216000,9.466259956359863,0.46655731691013597,38.586369037007294,2000,0.0038192358559772403,-1.9295202866196632,-0.0019238027962273918,4004.310562133789,139269.21989221853
4298,5,825408000,9.397931098937988,0.4632135665342503,38.60628995547692,2000,0.0027669051238068884,-1.9288803413510323,-0.0016776012619175162,4492.383499145508,139377.9117802068
4299,5,825600000,9.485878944396973,0.46757814329066605,38.56195477163419,2000,0.002685028880240376,-1.9292407669126987,-0.0016798864621705434,5132.61247253418,138819.1274560833
4300,5,825792000,9.475879669189453,0.4669635631835263,38.596081820627056,2000,0.00329647138089058,-1.929764959961176,-0.0013569192415161524,4374.798080444336,138151.7692498101
4301,5,825984000,9.465679168701172,0.46646877580011886,38.589730801681675,2000,0.003240814399775749,-1.9300264976918697,-0.001355981235803938,4549.058151245117,139178.2918438206
4302,5,826176000,9.454090118408203,0.4659166864427486,38.58461132335166,2000,0.0029332546007135533,-1.9302508123219013,-0.0016377673985061847,4600.861541748047,138470.10386883238
4303,5,826368000,9.364057540893555,0.4612708516663891,38.53625086632868,2000,0.003587561274461526,-1.9308972619473934,-0.0018220605832084402,4446.916648864746,140050.0587771334
4304,5,826560000,9.51094913482666,0.46859377521589823,38.54839012709757,2000,0.0033908587407847027,-1.9315795488655567,-0.001899136235806509,4571.183502197266,139564.05991065176
4305,5,826752000,9.439769744873047,0.4651302306089444,38.64145055847863,2000,0.003771935628088613,-1.9323002137243748,-0.001728171851937077,4051.5995483398438,138459.86342816064
4306,5,826944000,9.473395347595215,0.4667760618255367,38.58524050202686,2000,0.0038072498905900526,-1.9334131181240082,-0.001394852901739796,4174.193290710449,139554.89575061537
4307,5,827136000,9.351906776428223,0.4607448162635895,38.57990603024761,2000,0.003525226343117538,-1.93412471935153,-0.0014520030604217027,4465.269920349121,138096.90434243807
4308,5,827328000,9.466401100158691,0.46650523246474523,38.58511142572388,2000,0.002980965374616668,-1.9341498054564,-0.0016180227573840966,4469.510963439941,139294.2445105068
4309,5,827520000,9.46595287322998,0.46643751607371087,38.529789412549384,2000,0.00248356506308725,-1.9337833039462566,-0.001490276062668272,4200.920150756836,138223.5511675696
4310,5,827712000,9.513300895690918,0.46894272260882036,38.656485718364515,2000,0.002989771087076709,-1.933344978839159,-0.001150150357716484,4287.860305786133,140091.70978095132
4311,5,827904000,9.402904510498047,0.4631718953066108,38.56712343761077,2000,0.00394628757516936,-1.9332361556589603,-0.0015788239270477789,4499.894996643066,139146.30129290206
4312,5,828096000,9.449159622192383,0.46562502453040605,38.54239054652862,2000,0.003280222085486457,-1.9339181631803513,-0.001444416526283021,4485.693099975586,139421.9445480801
4313,5,828288000,9.476926803588867,0.46717189732711023,38.65094289369881,2000,0.0025202323003080283,-1.9344547651708126,-0.0014569416089216247,4453.059867858887,139785.69939391056
4314,5,828480000,9.406858444213867,0.463375023122353,38.5710040909859,2000,0.0030895409997368306,-1.9345408491790295,-0.0013105728917253145,4091.781898498535,138575.7907031015
4315,5,828672000,9.447752952575684,0.46565627181795816,38.586066481657326,2000,0.0025022406051703003,-1.9346700981259346,-0.001342515394298971,4353.277534484863,139188.76597133372
4316,5,828864000,9.531083106994629,0.4697656463158637,38.577904834101595,2000,0.004033756522389013,-1.9348795711994171,-0.0016876352775625492,4565.9455490112305,138997.98330388608
4317,5,829056000,9.383155822753906,0.4625208526485949,38.63514470526328,2000,0.003070249325883196,-1.935051791369915,-0.0014467551818597713,4834.36181640625,138023.7477698057
4318,5,829248000,9.403117179870605,0.4632396069106714,38.60513275799652,2000,0.0036496396587572238,-1.9343956969678402,-0.0018309408646928205,4570.802993774414,139517.29156506143
4319,5,829440000,9.481616973876953,0.4673125210022893,38.61157370979587,2000,0.0033471876850114006,-1.9339312463998795,-0.0014983405053499155,4616.862159729004,139059.42408883772
4320,5,829632000,9.495515823364258,0.46800522467674455,38.607608867809176,2000,0.0034174050791558937,-1.9341250397264957,-0.0014990295981078816,4306.296363830566,139343.65763926855
4321,5,829824000,9.406031608581543,0.463385439466947,38.5805625859648,2000,0.0033867000550574936,-1.9339678585529327,-0.0013500039221980842,4233.479637145996,139577.8383936435
4322,5,830016000,9.402450561523438,0.46325522928176116,38.56774391544362,2000,0.0030310070670614853,-1.9344137199223042,-0.0015433121170644881,4444.69376373291,140206.25945755444
4323,5,830208000,9.464523315429688,0.46648960181664734,38.560781700129155,2000,0.0033809627871257057,-1.9347550384700298,-0.0016001558096832014,4129.873748779297,138308.78080030685
4324,5,830400000,9.502561569213867,0.46839064658524876,38.60137624852359,2000,0.0028911313153215205,-1.9353306107223034,-0.0011061732975576888,4460.015907287598,139561.92709172363
4325,5,830592000,9.469937324523926,0.4667343950265301,38.58272959509244,2000,0.0034344071593950497,-1.9354477673768997,-0.0016557230692342273,4305.4652099609375,139797.0272257474
4326,5,830784000,9.378257751464844,0.46218752418038395,38.64040922621886,2000,0.003602008707435744,-1.9358017593622208,-0.0012976299642559752,4601.681625366211,139404.56618462605
4327,5,830976000,9.371811866760254,0.461682315632667,38.522815416722246,2000,0.0033949529201393793,-1.9365488775074482,-0.0014767235555837033,4758.975555419922,139467.86089998716
4328,5,831168000,9.452766418457031,0.4657291890052875,38.56587095356857,2000,0.002808956643599231,-1.9371601827442646,-0.0016570763616527984,4419.230842590332,138993.2470380512
4329,5,831360000,9.470956802368164,0.46680731427416805,38.57205607493719,2000,0.003104678905017257,-1.9370682053267956,-0.0015687022355450608,4208.951042175293,138303.92172597078
4330,5,831552000,9.42975902557373,0.4646302271194145,38.55130337815111,2000,0.002755668449940761,-1.937456913292408,-0.001624629607249517,3968.786819458008,139504.6906863107
4331,5,831744000,9.436768531799316,0.46497918817719136,38.57239488326013,2000,0.002849556271933883,-1.9380167461931705,-0.0016174598752058955,4464.024833679199,137815.89454920572
4332,5,831936000,9.545536041259766,0.4704896001603629,38.56823857369212,2000,0.00320073963799526,-1.937867172062397,-0.0013504114663192013,3886.3685150146484,139241.15127229298
4333,5,832128000,9.450681686401367,0.46571356160166033,38.65684789791703,2000,0.0028189829344355526,-1.9381123594939709,-0.0016070851370386663,4576.973785400391,138487.90049850367
4334,5,832320000,9.373577117919922,0.46204169144948537,38.673646154503025,2000,0.002580066973251329,-1.9381927661597729,-0.0016658017434565409,5049.6346435546875,138305.33462084283
4335,5,832512000,9.39286994934082,0.4628541890718528,38.62437694643935,2000,0.0034588655408297198,-1.9382895305752754,-0.0015460338781849714,4560.684555053711,139154.3426069062
4336,5,832704000,9.430447578430176,0.4646614790199237,38.60468473782142,2000,0.0037740242097146007,-1.9385189414024353,-0.001661883776250761,4536.870620727539,139139.32044277058
4337,5,832896000,9.350619316101074,0.4605573143538398,38.557616396807134,2000,0.0026879112404676556,-1.9383655861020088,-0.0015329878951888531,4628.036651611328,139055.8127968821
4338,5,833088000,9.385682106018066,0.4624583566237561,38.61897405112783,2000,0.003996365514443217,-1.9385167695581913,-0.0010044084356195526,4878.253372192383,139974.78102071906
4339,5,833280000,9.567975997924805,0.47157814572710777,38.57036782253999,2000,0.003006473472203652,-1.9394679926335812,-0.0015031165060008789,3588.786033630371,138535.28159031403
4340,5,833472000,9.402010917663574,0.4633698109670756,38.55534037450949,2000,0.0028428063406997044,-1.9406777545809746,-0.0012407702761265682,5099.61116027832,138809.18626913585
4341,5,833664000,9.432482719421387,0.4648229393193712,38.62767053954303,2000,0.0034896795789682074,-1.9416259974241257,-0.0016241451549205976,4379.6154708862305,139130.78029076182
4342,5,833856000,9.478046417236328,0.46721876783461386,38.61551526809732,2000,0.0038960560142586474,-1.9424436464905739,-0.001427402205990802,4043.289710998535,138905.86024323732
4343,5,834048000,9.348812103271484,0.4605885630996151,38.60775289684534,2000,0.0023129064183073445,-1.9425711445510387,-0.0014158198407585587,4750.0174560546875,139161.4662750578
4344,5,834240000,9.385562896728516,0.4623125215700081,38.5517286004421,2000,0.0031475571054797903,-1.942614447325468,-0.0014691021051476127,4352.222732543945,139176.26815028684
4345,5,834432000,9.378381729125977,0.46197919162780937,38.57651175186038,2000,0.0035829589173154083,-1.942974966019392,-0.0014728987403032079,4281.065864562988,138375.05737667525
4346,5,834624000,9.411825180053711,0.46384377158877516,38.550863755246006,2000,0.002854638995508139,-1.9432496577501297,-0.001650190321925038,4336.526969909668,139486.6303698806
4347,5,834816000,9.429441452026367,0.46461460939462995,38.5382414230456,2000,0.0036260050973711865,-1.943650245666504,-0.0011436178574513178,4795.916229248047,138616.9598943522
4348,5,835008000,9.57876205444336,0.47219272982571664,38.53641260027265,2000,0.0036938330596664555,-1.943223174661398,-0.0012900469573651208,4028.838768005371,139671.21785272143
4349,5,835200000,9.392642974853516,0.4627604403861672,38.6264493688941,2000,0.002970201651479632,-1.9433169960975647,-0.0014621713853557594,4688.417938232422,138452.78634829327
4350,5,835392000,9.475244522094727,0.4669687653113215,38.578646102299295,2000,0.0030395895143907788,-1.9438167922198772,-0.0017350251962398033,4323.155799865723,139689.58150561433
4351,5,835584000,9.352418899536133,0.46072918747267977,38.652423794691764,2000,0.0028105409504181203,-1.9439433440566063,-0.0016444455322925933,4070.9114685058594,139573.72051493428
4352,5,835776000,9.506447792053223,0.4685573140741326,38.511004849647485,2000,0.002837865585093823,-1.9435172975063324,-0.001353519183339813,4115.2012939453125,138736.24118853133
4353,5,835968000,9.454472541809082,0.46570835385197523,38.56132362953698,2000,0.0033342280825406,-1.9434748962521553,-0.0018281052653037477,4337.089706420898,138778.28428235665
4354,5,836160000,9.45319938659668,0.46585418705581105,38.62668322275082,2000,0.003927994306058584,-1.9439932480454445,-0.001365589505439857,4097.691474914551,139246.83868163687
4355,5,836352000,9.347247123718262,0.46058335565248854,38.58203375727559,2000,0.0032759620160929138,-1.9443748891353607,-0.00150182269862853,4890.68359375,138761.96976808857
4356,5,836544000,9.412145614624023,0.4636614845373212,38.56244508984188,2000,0.0038810913783405947,-1.9444932639598846,-0.001508647088030557,4876.850448608398,139175.4902256684
4357,5,836736000,9.466060638427734,0.46641668825213856,38.552670592442155,2000,0.0035498904120880373,-1.9450157955288887,-0.0017900589532473532,4226.919059753418,138930.79475420443
4358,5,836928000,9.337997436523438,0.4599791879021116,38.56404728496758,2000,0.004079183516936609,-1.945647455751896,-0.001453531940569519,4509.05339050293,139091.26476708165
4359,5,837120000,9.477361679077148,0.46706252552515554,38.59109018587818,2000,0.003756386645666984,-1.9457057788968086,-0.001483826284584211,3938.203544616699,138545.58947656068
4360,5,837312000,9.435829162597656,0.46492710357658024,38.52037122411033,2000,0.002815310363968213,-1.945617139339447,-0.00138826130569214,4713.190765380859,138426.3709763032
4361,5,837504000,9.476175308227539,0.4671927302557985,38.6444453249375,2000,0.0028939433998954583,-1.9460389576852322,-0.0010313599752294067,4599.596878051758,139244.39199129876
4362,5,837696000,9.482489585876465,0.4673125200946136,38.52685109588007,2000,0.003563450924964854,-1.9465270824730396,-0.0015632564309271402,4339.810577392578,140286.49553598065
4363,5,837888000,9.465350151062012,0.4664010611171155,38.542007609736174,2000,0.002635578942018886,-1.9468327276408672,-0.001838872550877113,4116.5542068481445,138498.38215973158
4364,5,838080000,9.486210823059082,0.46752606214310316,38.53497450581441,2000,0.003064315961011744,-1.9476494826376438,-0.0016708000184735283,4217.766418457031,140314.55551779454
4365,5,838272000,9.375262260437012,0.46194793447405874,38.58581679159155,2000,0.00289290346533259,-1.948132161051035,-0.0011032172706109122,5063.717666625977,138430.6514895096
4366,5,838464000,9.405670166015625,0.4636718936617399,38.5773612242192,2000,0.0033551482320641896,-1.9485952369868755,-0.001627458289704009,4741.800811767578,140173.4612407784
4367,5,838656000,9.378213882446289,0.46208335766520275,38.51718636866038,2000,0.0025642413594735743,-1.9488080255687237,-0.0013765411320036947,4890.126480102539,138873.0579210176
4368,5,838848000,9.344405174255371,0.46047398193089367,38.621815883244075,2000,0.0027061556502364203,-1.9486595652997494,-0.0013216225593168929,5267.992523193359,139178.7153746066
4369,5,839040000,9.355566024780273,0.4608854370926565,38.58205725811422,2000,0.003127032698309146,-1.9485790506005287,-0.001304764246015111,4983.703552246094,140264.4898520266
4370,5,839232000,9.494732856750488,0.4680260652015325,38.55156013183296,2000,0.002074907175135498,-1.948771059513092,-0.0012904041665251498,4177.701377868652,139997.07480375038
4371,5,839424000,9.378488540649414,0.46213022981464746,38.63314052795371,2000,0.0032713366399936307,-1.9490028657019138,-0.0012670215637626825,5002.008605957031,138712.45084405696
4372,5,839616000,9.333230018615723,0.4598698102599883,38.60776176241537,2000,0.0032503286883062777,-1.9497202597558498,-0.00180925111999386,4649.22802734375,139719.4297336839
4373,5,839808000,9.472115516662598,0.4667708536932575,38.5698604270195,2000,0.0035571548916462532,-1.9500741213560104,-0.0015360194956883788,4508.84171295166,138169.36273670252
4374,5,840000000,9.502754211425781,0.46825523339975916,38.52487793269878,2000,0.0032352568533654752,-1.949682105332613,-0.0014416863041333272,3993.0070266723633,140448.6534807307
4375,5,840192000,9.48245906829834,0.4673802277181191,38.5497120100384,2000,0.004218385535092239,-1.9503434486687183,-0.0017184432011845274,4059.7357177734375,140499.1839413016
4376,5,840384000,9.459210395812988,0.46615106094517006,38.587924482223265,2000,0.0032457413929926886,-1.951254177838564,-0.001508072500655544,3990.4252319335938,139807.68773759456
4377,5,840576000,9.419076919555664,0.4640833557071649,38.552249113718666,2000,0.002569432026111826,-1.9513342306017876,-0.0013740525719185825,4502.995635986328,140013.20985081716
4378,5,840768000,9.389827728271484,0.4625937758391956,38.61949136853218,2000,0.0032458088521852904,-1.9509549029171467,-0.0017869711973617086,4494.816719055176,140543.15193795363
4379,5,840960000,9.484713554382324,0.4674218980817386,38.51336877249802,2000,0.0029367426435649878,-1.9512433893978596,-0.0016044606281866436,3996.809257507324,139104.4036124721
4380,5,841152000,9.345413208007812,0.46032814566084806,38.60207647519807,2000,0.0027849684341247974,-1.9513991214334965,-0.001550342896280199,4505.705047607422,139515.1173875568
4381,5,841344000,9.425712585449219,0.464515645682089,38.57413162228962,2000,0.0030838697505472124,-1.95139080286026,-0.001410232791386079,5272.29541015625,137609.05440650863
4382,5,841536000,9.368099212646484,0.4614896070276397,38.546929737553,2000,0.0030455071654469056,-1.9517293125391006,-0.0015004249336385556,5049.273010253906,140659.66474315868
4383,5,841728000,9.507338523864746,0.46848960032305814,38.55398010695353,2000,0.003430588571119491,-1.9524606578052044,-0.0014769716256068932,3877.420967102051,139249.51703509167
4384,5,841920000,9.465113639831543,0.466510440796507,38.54573981650174,2000,0.00320298303818466,-1.95314284786582,-0.00154088674526065,3937.0242233276367,139307.38645667784
4385,5,842112000,9.353439331054688,0.460822933811869,38.63372762439152,2000,0.0032285238089413424,-1.9535975977778435,-0.0019162572116329102,4607.151405334473,139676.23414182948
4386,5,842304000,9.422562599182129,0.4643906463910146,38.624591089008995,2000,0.003126525969964859,-1.953830897808075,-0.0013105460247970768,4369.736465454102,139004.2939270674
4387,5,842496000,9.412772178649902,0.4638698130644722,38.54688763727123,2000,0.003552765105040937,-1.9542840272188187,-0.0013207859785779874,4387.235778808594,140461.49904230147
4388,5,842688000,9.500298500061035,0.46817189842780255,38.60727359075099,2000,0.003459279588434583,-1.9545928835868835,-0.001604616660188185,4014.625831604004,139441.08729538383
4389,5,842880000,9.384549140930176,0.46245836047031236,38.582297989477716,2000,0.0023688599234183132,-1.9550713188946247,-0.0011707863150149933,4728.3292236328125,139024.8516535788
4390,5,843072000,9.415678024291992,0.464098977797524,38.59807575400919,2000,0.0029915273904092213,-1.95527932792902,-0.001418966097332941,4380.370681762695,140233.5183457231
4391,5,843264000,9.479185104370117,0.46706252413302235,38.57878589040289,2000,0.002892907573286114,-1.9555061757564545,-0.0012269008473140275,4383.786514282227,138400.7262795371
4392,5,843456000,9.349979400634766,0.4607760617727763,38.57252388757964,2000,0.00243901309167389,-1.9557172656059265,-0.0012687883533999411,5090.467926025391,139896.82303446153
4393,5,843648000,9.363161087036133,0.46127085319979716,38.55643550803264,2000,0.0030463494728040436,-1.9566619843244553,-0.001806175292131229,4377.386161804199,140099.12244935735
4394,5,843840000,9.517864227294922,0.4689271001279849,38.556443763275944,2000,0.0034607459018031177,-1.9577123932540417,-0.001463063404038678,4186.860084533691,138913.58202406275
4395,5,844032000,9.462624549865723,0.4664062730650282,38.55313548942407,2000,0.003019861056306884,-1.958188809454441,-0.001362805676762946,4982.144912719727,139692.88632477546
4396,5,844224000,9.523137092590332,0.4693593978997039,38.52232308943834,2000,0.002988588336241568,-1.9580667167901993,-0.0013540843239070455,3939.465591430664,140473.91653289646
4397,5,844416000,9.474594116210938,0.46702606696635485,38.600330495896436,2000,0.0031017691675030313,-1.957417231053114,-0.0011251493347117503,4208.053085327148,139302.32982152817
4398,5,844608000,9.447724342346191,0.46562502957446367,38.59933654063692,2000,0.003092986127548405,-1.957603745162487,-0.0014463447387242923,4436.330207824707,140072.31891563322
4399,5,844800000,9.492781639099121,0.4677552328800327,38.50361527393883,2000,0.003457804948180031,-1.9578613191843033,-0.0015236153872137947,4064.20703125,138585.89274852714
4400,5,844992000,9.469374656677246,0.46663543641201005,38.57612967801591,2000,0.0029245849714085734,-1.95823335647583,-0.0015521985296800267,4001.0266342163086,139217.4548714843
4401,5,845184000,9.368687629699707,0.46161980790202506,38.670127759998046,2000,0.0031463765796531026,-1.959452774375677,-0.0013170775482649333,4559.01806640625,138754.41263727078
4402,5,845376000,9.436807632446289,0.46518231550362543,38.621102546031274,2000,0.002826578304643287,-1.960163276642561,-0.001435937286260014,4835.521636962891,139303.85384764377
4403,5,845568000,9.413311958312988,0.46372398072526266,38.53426617368435,2000,0.0031660356933243747,-1.9607286304235458,-0.0015327981520840694,4408.759452819824,139493.42882944614
4404,5,845760000,9.325196266174316,0.4593906423366813,38.55096975310395,2000,0.0032011562324963357,-1.9618292078375816,-0.001576067722908192,5184.840042114258,139013.65062319214
4405,5,845952000,9.39499568939209,0.4629010646549432,38.577055207143225,2000,0.003177295908460413,-1.96278864890337,-0.0015513299881604325,4623.072052001953,139663.76861384304
4406,5,846144000,9.431594848632812,0.4647343925274375,38.52339252860596,2000,0.002915600950999457,-1.963183268904686,-0.0012974146548003773,4836.848831176758,139937.90712927308
4407,5,846336000,9.447517395019531,0.4656927276507001,38.547304838585355,2000,0.002575706943195352,-1.9629444256424904,-0.001575101429807546,5030.386032104492,139110.60093501644
4408,5,846528000,9.481101036071777,0.46733855875390873,38.59565857929798,2000,0.003607256995671681,-1.963053409010172,-0.0014820937159356617,4223.92391204834,140117.3511418061
4409,5,846720000,9.48242473602295,0.46736981338472106,38.63271697424352,2000,0.003230948753041351,-1.9633696749806404,-0.0017829157284836583,4330.104278564453,138460.6025198824
4410,5,846912000,9.331330299377441,0.4597500242931953,38.549601006011166,2000,0.0031306487807942172,-1.9635378159582615,-0.001535186911951314,4924.447845458984,140730.08995458487
4411,5,847104000,9.365296363830566,0.4614479408992338,38.57631102421632,2000,0.003180148858500615,-1.9642154201865196,-0.0015287501555576455,4630.89811706543,139201.15431451047
4412,5,847296000,9.459709167480469,0.4661406432975734,38.58410533890128,2000,0.003599095103483705,-1.9646254628896713,-0.0013361676283238921,4396.444152832031,139882.32702234265
4413,5,847488000,9.497629165649414,0.468062523506281,38.56458972052982,2000,0.0030766823935240006,-1.9644731245934963,-0.0012984453906028648,4292.092910766602,139278.80112088477
4414,5,847680000,9.420710563659668,0.4642396041187264,38.5291100013225,2000,0.002956402713412293,-1.9643255695700645,-0.0013137963785538886,4260.281578063965,138467.35166110532
4415,5,847872000,9.350687026977539,0.4605312679765727,38.52392942380781,2000,0.0035656515763099984,-1.963935874402523,-0.0015184114927251358,4215.346298217773,138744.75372504754
4416,5,848064000,9.394104957580566,0.4629531470382062,38.619599404123925,2000,0.0021476079468872433,-1.9643057696521282,-0.0013286396406329004,4135.979919433594,139796.39696158556
4417,5,848256000,9.40947151184082,0.46369793854622304,38.54761973489076,2000,0.0035087089300031944,-1.964733388274908,-0.001608440667951072,4612.042152404785,138910.77125363582
4418,5,848448000,9.509800910949707,0.46880210256676946,38.56449837866239,2000,0.002654442919994229,-1.964584570378065,-0.0013883368465030799,4152.103088378906,140107.5797649833
4419,5,848640000,9.439863204956055,0.46512502424532914,38.60007185054322,2000,0.003634599909746612,-1.9646769799292088,-0.0018710532785917167,4373.113700866699,138340.85126718087
4420,5,848832000,9.3987398147583,0.46305210699695937,38.58590349027266,2000,0.0030030052824574043,-1.9647628255188465,-0.0016043675445871486,4398.243873596191,140415.4176810404
4421,5,849024000,9.477492332458496,0.46706773031837656,38.598110815510154,2000,0.003378666053257499,-1.9645269811153412,-0.001739873941460246,4292.109214782715,139040.07717132062
4422,5,849216000,9.438183784484863,0.46501564799412637,38.49566712253727,2000,0.0030523341054383007,-1.9645619951188564,-0.0009153769833574188,4240.688819885254,140135.6883934961
4423,5,849408000,9.332980155944824,0.4598489789247348,38.53435394897436,2000,0.0023776460225153643,-1.9649019315838814,-0.001405628746624643,4254.97428894043,139713.31996910405
4424,5,849600000,9.513286590576172,0.46893752624600893,38.546769227832556,2000,0.002461887429862448,-1.9651215709745884,-0.0011856690798595082,4450.15397644043,139111.0461277998
4425,5,849792000,9.459365844726562,0.4660573156324972,38.563478198833764,2000,0.00398690070859872,-1.9650781899690628,-0.0012768778924510116,4465.0892333984375,139076.66048960245
4426,5,849984000,9.379721641540527,0.4622135625365142,38.59279448414842,2000,0.0032187564949187316,-1.9647871106863022,-0.0012178268998468411,4300.626937866211,140007.60250211396
4427,5,850176000,9.389481544494629,0.4625729415686995,38.599398569281526,2000,0.0025784483029013547,-1.9652972146868706,-0.0012749623110721586,4346.833847045898,138231.32933570686
4428,5,850368000,9.394763946533203,0.462937521364438,38.552797159180045,2000,0.002365862926289689,-1.965391431003809,-0.0013583358781943389,4297.571578979492,139472.64658677424
4429,5,850560000,9.533467292785645,0.4699896059288828,38.58437718140582,2000,0.003175309127343401,-1.9650808572769165,-0.001349581128124555,3934.157501220703,139116.20783174387
4430,5,850752000,9.48508358001709,0.4675156452212832,38.625826708972454,2000,0.0030109906645302545,-1.9650559350848198,-0.0012176334437299374,3901.8118896484375,139549.58581501473
4431,5,850944000,9.438873291015625,0.4649375250258648,38.572084268166996,2000,0.0034947952989192958,-1.9653227888047695,-0.0015164628350703424,4412.460563659668,138307.43329374527
4432,5,851136000,9.398994445800781,0.4631927339766359,38.576791686781995,2000,0.0032328847402714016,-1.9654979817569256,-0.0013848308262822684,4704.472961425781,139845.32530047555
4433,5,851328000,9.497875213623047,0.46789585716396687,38.555812223503985,2000,0.002855376444170058,-1.9656384885311127,-0.00148566830080199,3905.7041778564453,139630.63868043173
4434,5,851520000,9.49533462524414,0.4678125244305799,38.51635762117318,2000,0.004244347894858946,-1.9658826105296612,-0.0016866096484591253,4385.168640136719,138286.81317303434
4435,5,851712000,9.496718406677246,0.46800002312375,38.57323726367516,2000,0.0031409833448390904,-1.966016974300146,-0.0013708931414839753,4402.688743591309,139377.41367905049
4436,5,851904000,9.486626625061035,0.46747398427093384,38.58015515655279,2000,0.0036555484570611344,-1.9668012745678425,-0.0014189913599693682,4336.891952514648,138243.1596324666
4437,5,852096000,9.455829620361328,0.4659010619313146,38.58945963035027,2000,0.0032064307234704755,-1.9670931585133076,-0.0013296295733198349,4104.526779174805,139105.09124613594
4438,5,852288000,9.411554336547852,0.46369793405392556,38.57433655376857,2000,0.0030106413633317667,-1.9676609262824059,-0.0016532070139874122,4351.765968322754,139894.09138631253
4439,5,852480000,9.537320137023926,0.47020835307315184,38.577469010837376,2000,0.0031055794792816107,-1.968053549528122,-0.0014122442335064989,4478.296234130859,138985.4929557856
4440,5,852672000,9.468621253967285,0.4665312695439449,38.56744226485413,2000,0.003217039772226902,-1.9682404361665249,-0.0017942828753803042,4110.069625854492,140375.83844061824
4441,5,852864000,9.48757553100586,0.46758335504030885,38.54205294015507,2000,0.003264369639461317,-1.9685405120253563,-0.001045902400619525,4558.7098388671875,138545.94328276563
4442,5,853056000,9.445571899414062,0.46553648159169825,38.53592164410899,2000,0.0028646466363206856,-1.968690775334835,-0.0010372209681008826,4560.106018066406,140353.65656506745
4443,5,853248000,9.445942878723145,0.4653281467593236,38.550362695163734,2000,0.0031180660778160627,-1.969248402863741,-0.0014260982861742377,4399.039131164551,139286.41427026247
4444,5,853440000,9.458919525146484,0.46610939587359707,38.630278778262436,2000,0.0035129641653760084,-1.9701121747493744,-0.0013567007372330409,4449.747718811035,139380.81332540288
4445,5,853632000,9.476550102233887,0.467005230993891,38.60210443722705,2000,0.0030034574415949457,-1.9705243557691574,-0.0014893918860252597,4013.371253967285,139648.32220534305
4446,5,853824000,9.456877708435059,0.465979190763998,38.64220836572349,2000,0.0030245500105787262,-1.9705950990319252,-0.0011658906087177456,4363.577568054199,138713.02076556554
4447,5,854016000,9.418682098388672,0.4641458559550908,38.57762278763888,2000,0.003325923876810218,-1.970493733882904,-0.0015653909704269608,4418.699615478516,139375.9022093892
4448,5,854208000,9.501876831054688,0.46820314644901373,38.55217808329811,2000,0.002742328491306883,-1.9707579277455807,-0.001152304055381137,4246.012603759766,138874.08650151666
4449,5,854400000,9.434148788452148,0.4648489838242919,38.605087612910815,2000,0.0027017121596503175,-1.9708615951240063,-0.0015548431711067678,4403.216682434082,139669.66911513914
4450,5,854592000,9.455389022827148,0.4658646033106682,38.58653312238554,2000,0.0034219602162932766,-1.97061712667346,-0.0012173726247510785,4758.1298828125,139693.43780379614
4451,5,854784000,9.534088134765625,0.46984898010183923,38.584610804604985,2000,0.002537868018119601,-1.970866922289133,-0.0010649033924892137,4410.518775939941,139185.93900885424
4452,5,854976000,9.393730163574219,0.4629166892785482,38.60464562351505,2000,0.003266332564720263,-1.9710193164646626,-0.0014228988343347737,4376.171844482422,140028.4972004796
4453,5,855168000,9.389809608459473,0.46251564492498193,38.62538030246893,2000,0.002726112574387419,-1.9708479009568691,-0.0013167436986805114,5155.661224365234,139479.85466081288
4454,5,855360000,9.422137260437012,0.46433335486532695,38.595930333559714,2000,0.002944736274131477,-1.9710347391664982,-0.001224835476023145,4827.521057128906,140005.19668615898
4455,5,855552000,9.388701438903809,0.4625416895457117,38.585719908587635,2000,0.002651041504263655,-1.9716774486005306,-0.0013243369301108032,4317.268775939941,139504.26436096855
4456,5,855744000,9.46645450592041,0.4665625190676413,38.609835110022686,2000,0.0029743076381118956,-1.9725289829075336,-0.001693060952675296,3983.305000305176,139281.7764435804
4457,5,855936000,9.452361106872559,0.4658229399180224,38.60180181016525,2000,0.003150305797515709,-1.9730421788990498,-0.0012175582457985001,4333.224578857422,139429.43838595634
4458,5,856128000,9.41159725189209,0.46379689933746704,38.58935955601434,2000,0.0028589195358714875,-1.9729347974061966,-0.0017931782401774399,4313.135276794434,139902.65363581717
4459,5,856320000,9.347618103027344,0.46056252522309177,38.57229759482046,2000,0.0027207310139686644,-1.973083171993494,-0.001470124329898681,5071.991607666016,139013.03736527002
4460,5,856512000,9.444339752197266,0.4654479420417677,38.59500595368445,2000,0.0035417629623768036,-1.9731552638113499,-0.0012705321066732722,4401.077903747559,139802.95222367925
4461,5,856704000,9.463759422302246,0.46632814673951845,38.6238927009205,2000,0.003266382042319795,-1.9731462001800537,-0.001483722899138229,4467.541839599609,139052.19162769313
4462,5,856896000,9.39056396484375,0.46272398015935323,38.606916091404855,2000,0.0031500209074220038,-1.973289631307125,-0.0013658165084962093,4670.739486694336,139160.8511104905
4463,5,857088000,9.447823524475098,0.46553647901600925,38.539986570909,2000,0.002514876383024481,-1.9733114428818226,-0.0014127444858331728,4177.6596755981445,139307.09980702406
4464,5,857280000,9.470874786376953,0.46681252153636404,38.571628370011844,2000,0.0031650422792105625,-1.9736503213644028,-0.0016258597875093983,4019.269599914551,138795.0867426575
4465,5,857472000,9.481925964355469,0.46728126363389794,38.59002218271295,2000,0.002797798128460878,-1.9742072112858295,-0.0015149823666433804,4088.940742492676,140103.12366349183
4466,5,857664000,9.452370643615723,0.4657708573377022,38.57737576992562,2000,0.002945236216260431,-1.9741119630634785,-0.0013577916761278175,4637.544982910156,139725.38160842552
4467,5,857856000,9.402523040771484,0.463145852062856,38.51834404685845,2000,0.0024508610813924556,-1.9739050678908825,-0.0015814414682608913,4688.179405212402,139554.3751873528
4468,5,858048000,9.420248985290527,0.46418231325818243,38.55686157258848,2000,0.0035394910700415495,-1.9743764661252499,-0.0014985842735768529,4655.67546081543,139877.3914037981
4469,5,858240000,9.304606437683105,0.45831772931887826,38.62731042007605,2000,0.002428535294277329,-1.975054383277893,-0.0010464174069966248,4953.764495849609,138267.57398412493
4470,5,858432000,9.402241706848145,0.4632135624663836,38.593699323634304,2000,0.0030859277476956775,-1.975621771067381,-0.0013481225661422513,4531.262664794922,139499.3465681185
4471,5,858624000,9.313263893127441,0.45882813971123443,38.6387246819213,2000,0.0030240818948186633,-1.9755493812263012,-0.001470282380523713,4767.611557006836,139961.47745693056
4472,5,858816000,9.490144729614258,0.46766668775429326,38.565700501824416,2000,0.003076578250036012,-1.975207656621933,-0.0016709155811440723,3880.278045654297,139850.76044527435
4473,5,859008000,9.409393310546875,0.46342189917595533,38.525001522774495,2000,0.002923436057114183,-1.9753269702196121,-0.001358673234378216,4709.612747192383,139276.12073517576
4474,5,859200000,9.486145973205566,0.4675521034441772,38.569568284942456,2000,0.0031678315353104456,-1.975438803434372,-0.0016014664541899037,4478.699501037598,137976.4313036165
4475,5,859392000,9.453511238098145,0.4658698118970885,38.554808706355594,2000,0.002722886996994323,-1.9753294326364994,-0.0013868385622117785,4464.355804443359,139853.6165182788
4476,5,859584000,9.431538581848145,0.4646354371252528,38.53206044831313,2000,0.0029831419681504486,-1.9753951504826546,-0.0014760095236852067,4429.694778442383,139518.36914580615
4477,5,859776000,9.38524341583252,0.4625573147556376,38.55961938636998,2000,0.002966591480451219,-1.9756305813789368,-0.0016053523381742707,4367.804405212402,138364.1603266182
4478,5,859968000,9.463871955871582,0.46651043696510897,38.573208774323575,2000,0.0032503960302650136,-1.9760317578911781,-0.0016407044481638877,4231.9619140625,140330.06977167042
4479,5,860160000,9.429638862609863,0.4646458588504174,38.555428953530885,2000,0.0025152834747332233,-1.97655887901783,-0.0012251255648152437,5131.406356811523,138282.62760039288
4480,5,860352000,9.45131778717041,0.46571356356374355,38.61572567063073,2000,0.0026602789695568084,-1.97672388702631,-0.001651690092330682,4145.3061447143555,139513.33367611124
4481,5,860544000,9.261710166931152,0.4561041903228518,38.58246757866194,2000,0.0029699399745234892,-1.9771199524402618,-0.001508097157056909,4720.960372924805,139657.68555587472
4482,5,860736000,9.440122604370117,0.465213557274789,38.54300721253579,2000,0.002401668698742773,-1.9776443280279636,-0.0015212343705570675,4490.066551208496,139920.9798015664
4483,5,860928000,9.515012741088867,0.4690521022797232,38.586653435602784,2000,0.0028980523809559594,-1.9777458719909191,-0.001491607865318656,4428.078521728516,139287.55780929097
4484,5,861120000,9.398015975952148,0.4630000187177454,38.54875065231075,2000,0.003415193156205835,-1.97826237231493,-0.0015674083028329733,4576.146598815918,139626.6909100299
4485,5,861312000,9.45425796508789,0.4659323172157504,38.564605276022725,2000,0.0031804419358049917,-1.9784889407455921,-0.0011671619504340924,4720.938232421875,139699.5416613259
4486,5,861504000,9.355051040649414,0.4609948096822336,38.5942672851185,2000,0.002976459259522623,-1.9783516637980938,-0.001229435590630601,5272.747131347656,139946.77484542414
4487,5,861696000,9.419268608093262,0.46432293839037203,38.604468874943755,2000,0.0023256832409418466,-1.9781664796173573,-0.0017304351040365873,4357.653854370117,139366.84963697218
4488,5,861888000,9.4708251953125,0.4667656465141287,38.563804102130234,2000,0.0034090720818221593,-1.978271558880806,-0.0014800192088841868,4003.412223815918,139975.5466798917
4489,5,862080000,9.54813003540039,0.47050522870510275,38.541991129051894,2000,0.0023913621511019298,-1.978761799633503,-0.0015426099266733218,4210.644798278809,138387.52202910074
4490,5,862272000,9.469080924987793,0.46654689042649505,38.56806457353135,2000,0.0029845016247503128,-1.978970605880022,-0.0012873899795522448,4311.705238342285,140231.42482422089
4491,5,862464000,9.544569969177246,0.4702864824024194,38.537273549241945,2000,0.0028368139607009655,-1.978500321507454,-0.0014471622214387025,4330.044937133789,139340.9627223284
4492,5,862656000,9.443005561828613,0.4653489816434255,38.586343469874315,2000,0.0027321333530435365,-1.9785066656768322,-0.0013771751764579676,4011.863037109375,139488.64455366318
4493,5,862848000,9.413037300109863,0.4637448112207494,38.53442142903805,2000,0.0032323437507784537,-1.979359906166792,-0.0016533066650481487,4541.099716186523,139604.74696718244
4494,5,863040000,9.437801361083984,0.4651406476835594,38.58545436927428,2000,0.0027044524974407973,-1.9799286723136902,-0.0018100135995382516,4375.860290527344,138837.39230770434
4495,5,863232000,9.481985092163086,0.46716668901838904,38.49553394364193,2000,0.003420185122742017,-1.9799555502831936,-0.0014552909869962605,4113.506362915039,139715.58470906975
4496,5,863424000,9.525432586669922,0.46952085883640393,38.55864817012722,2000,0.003422427885364717,-1.9804225377738476,-0.0015374839877040358,3847.0382385253906,139502.8154094168
4497,5,863616000,9.475719451904297,0.4669375214725733,38.57800007984042,2000,0.0030069052215937215,-1.9813351221382618,-0.0014426907969209424,4236.460723876953,138879.36022280785
4498,5,863808000,9.37194538116455,0.461744810926272,38.6189099252224,2000,0.003244590171550347,-1.981589701026678,-0.001552569653711089,4054.4151916503906,139620.79454471834
4499,5,864000000,9.494532585144043,0.46796877094372274,38.55363317361722,2000,0.00319988640224013,-1.9816992916166782,-0.00141941952824709,3994.855537414551,137448.22379917535
4500,5,864192000,9.332515716552734,0.4598541896017802,38.625242087990046,2000,0.0030415691578370265,-1.9818917140364647,-0.001181751499643724,5071.254058837891,139942.38240981972
4501,5,864384000,9.37207317352295,0.4617812770920864,38.5833294292291,2000,0.0029920843106398635,-1.9824044443666935,-0.0012709596212516772,4543.011749267578,139382.32672739623
4502,5,864576000,9.493078231811523,0.46780210425761953,38.57773658478012,2000,0.0033653346362783245,-1.9828078337013721,-0.0011362859344217213,4178.2265701293945,139818.31454685694
4503,5,864768000,9.508877754211426,0.4686823156146905,38.557902704303466,2000,0.0035545055215825405,-1.9832543656229973,-0.001664656157686295,4080.2193145751953,139771.4395710845
4504,5,864960000,9.33619213104248,0.4599010671875779,38.614210980944335,2000,0.0034569315167173043,-1.9833857752382755,-0.00132915409085399,4714.383316040039,139140.37595833247
4505,5,865152000,9.49146556854248,0.4676510641281008,38.50908867176622,2000,0.0025053696469885837,-1.9833689481019974,-0.0011355870033185056,4134.134834289551,139164.35004063652
4506,5,865344000,9.505375862121582,0.46847397960361076,38.49061601919433,2000,0.00314763198529757,-1.9832167960703373,-0.001502276789494772,4324.863922119141,139764.45364076068
4507,5,865536000,9.430401802062988,0.4647656475056768,38.59045684357019,2000,0.002845340416139152,-1.9832791686058044,-0.0013360047814785503,4306.71598815918,138884.60701529053
4508,5,865728000,9.521347999572754,0.46935418757857406,38.61208561621606,2000,0.0036490772815850506,-1.9836443290114403,-0.0014749293961813237,3805.994453430176,139169.95178811028
4509,5,865920000,9.526101112365723,0.4697708600754898,38.592792178193726,2000,0.002729093268906581,-1.984060600399971,-0.0012776830371876713,4039.752655029297,137584.28501918772
4510,5,866112000,9.364437103271484,0.46131772853186703,38.58903533550134,2000,0.0031159059654831556,-1.9843647442758083,-0.0013060611963737756,4686.639938354492,139307.28062938544
4511,5,866304000,9.545750617980957,0.4705781465102821,38.596118206934385,2000,0.0027721141197725955,-1.9850266724824905,-0.0014850396069050475,3847.93416595459,139643.3798289639
4512,5,866496000,9.439876556396484,0.4652864786221471,38.60379557715108,2000,0.003268291254217426,-1.985161442309618,-0.0011853419823637523,4098.661323547363,139077.74709266893
4513,5,866688000,9.33161735534668,0.4597135639269254,38.568717757433966,2000,0.003114106036503472,-1.9856916405260563,-0.001495473607974418,5061.1630859375,140015.567747504
4514,5,866880000,9.445779800415039,0.46552085450821323,38.577959687138595,2000,0.0021691168483048383,-1.9858024530112743,-0.0012464910478229285,4170.048454284668,137915.5612900579
4515,5,867072000,9.585125923156738,0.47227606293017743,38.54473211926719,2000,0.0027822450553424763,-1.9857136979699135,-0.0015411018313216118,3968.069595336914,138926.37941581506
4516,5,867264000,9.469195365905762,0.4665937753761682,38.49896919603149,2000,0.0030640250390024447,-1.9860295318067074,-0.0014943714031687705,4091.8418350219727,139260.7641875112
4517,5,867456000,9.42581844329834,0.4644218952623002,38.57468253746629,2000,0.0031804248000941397,-1.9861493445932865,-0.001528646402675804,4665.091636657715,137648.1689789167
4518,5,867648000,9.374340057373047,0.4619635592650108,38.57784937880933,2000,0.003337103256770205,-1.9862647503614426,-0.0013036360524552038,4771.794876098633,139145.55345099387
4519,5,867840000,9.489236831665039,0.4675885665358995,38.59646598311762,2000,0.003261780456015307,-1.9867357462644577,-0.0013887123577660532,4052.164047241211,138522.35906643962
4520,5,868032000,9.426637649536133,0.4645312667186469,38.540908633731306,2000,0.003761978459966486,-1.9873663112521172,-0.0013623681152239442,4989.3922119140625,139035.29363787183
4521,5,868224000,9.368844032287598,0.4617187745746681,38.62823873075346,2000,0.0029972354079163778,-1.9876512624323368,-0.0014556490058623694,4456.854827880859,138645.00246102994
4522,5,868416000,9.475556373596191,0.46710939681058034,38.56657775338681,2000,0.0025701009001780524,-1.9877109043300152,-0.0014926340545571293,4251.771171569824,138894.4833514656
4523,5,868608000,9.458780288696289,0.4662708564125448,38.61237614788115,2000,0.0029643285909163146,-1.9883416406810284,-0.0013939784415697432,4392.452964782715,138691.57063139885
4524,5,868800000,9.38956069946289,0.4626146024669045,38.58874801608423,2000,0.0022470486182240464,-1.9886421002447605,-0.0011261314248258714,4523.147041320801,139505.37448024174
4525,5,868992000,9.402562141418457,0.4632760606006438,38.49402198692163,2000,0.002621762689278209,-1.988365862518549,-0.0016934933912580163,4359.075050354004,138731.74187088409
4526,5,869184000,9.440831184387207,0.4651979354324188,38.58636470821997,2000,0.002431859088166978,-1.9883163757622242,-0.0014090797249082243,4587.84130859375,138516.30537842636
4527,5,869376000,9.432833671569824,0.4647031463306727,38.54481579363346,2000,0.002742824211573255,-1.988372802734375,-0.0013525782849228563,4328.6025390625,139170.93311941737
4528,5,869568000,9.322206497192383,0.45935418865822913,38.57776964828372,2000,0.002777820843971616,-1.988644301891327,-0.0015427437260768784,4471.5675048828125,140272.12649502436
4529,5,869760000,9.522866249084473,0.4692344000583641,38.54111635048563,2000,0.003136385575146051,-1.9889045543968678,-0.0011651321508452384,4412.150833129883,139148.42798401357
4530,5,869952000,9.466280937194824,0.466473978506959,38.60817499086261,2000,0.003391815981788871,-1.9891024976968765,-0.0018009175910265185,4204.47233581543,139158.48278105818
4531,5,870144000,9.53584098815918,0.4700833533849315,38.60282176205268,2000,0.0032948784531114748,-1.9893830046057701,-0.0014656548742095765,4113.943389892578,138145.11465223253
4532,5,870336000,9.526345252990723,0.4693958588147022,38.51355819776654,2000,0.0029372468095522587,-1.9894888550043106,-0.0013421794992609648,3710.472702026367,139452.90476910566
4533,5,870528000,9.535335540771484,0.47013023147458927,38.59173238712052,2000,0.0033505125163295207,-1.9896703623235226,-0.001499374388004071,4128.105651855469,138919.06389168833
4534,5,870720000,9.403066635131836,0.4632708580987431,38.48433164010445,2000,0.0028376366063445554,-1.9901613742113113,-0.001325711538811447,4391.256935119629,139949.46529792924
4535,5,870912000,9.446849822998047,0.4653229381607768,38.52194936821858,2000,0.0024847753700135704,-1.990186668932438,-0.001267217534405063,3814.354393005371,138251.74824501548
4536,5,871104000,9.440679550170898,0.4651614797973404,38.53359822897861,2000,0.0027612165560652402,-1.9897897876799107,-0.0012490693028226474,4014.036262512207,139932.20882042107
4537,5,871296000,9.436898231506348,0.464911479794561,38.5775447958149,2000,0.0026919033976682835,-1.9897665157914162,-0.0014093853661734101,4203.754104614258,138579.71907899668
4538,5,871488000,9.530604362487793,0.46981251755338843,38.605173985784255,2000,0.00303960708104023,-1.99041410908103,-0.0014374399306689156,4309.581130981445,138393.4700003849
4539,5,871680000,9.510478973388672,0.4687187772542529,38.555188284721226,2000,0.002703353045654694,-1.9905808418989182,-0.0014890737405153232,4298.233558654785,138928.12885213748
4540,5,871872000,9.425969123840332,0.46435939824550587,38.5434898926566,2000,0.002873224760436036,-1.9909071810543537,-0.0014005265479681839,4400.540100097656,138426.9493284908
4541,5,872064000,9.421586990356445,0.46422397852256836,38.53227025642991,2000,0.003070677209058582,-1.9912061430513859,-0.001430440280273615,4516.033988952637,139225.25020499935
4542,5,872256000,9.358884811401367,0.46114065009290545,38.56370714671599,2000,0.0020644008619777497,-1.9910677559673786,-0.0012967114889761433,4495.92374420166,139642.32072647414
4543,5,872448000,9.470032691955566,0.46669793832249223,38.57543203731378,2000,0.0025426623273973135,-1.9907462447881699,-0.0012827227578782185,4283.623397827148,139033.62375649146
4544,5,872640000,9.519015312194824,0.4689010634040945,38.57021887910863,2000,0.0026826408222010885,-1.990614164620638,-0.0014747996847290779,4099.303489685059,139836.70448004187
4545,5,872832000,9.469809532165527,0.46668752315902867,38.58601069295158,2000,0.0032792642980894017,-1.9908930622041225,-0.001425524039859738,4480.5822677612305,138042.3884776692
4546,5,873024000,9.449016571044922,0.46556773438290594,38.60401286371052,2000,0.002527104439216903,-1.9907116331160069,-0.0014578860282199457,4037.404586791992,139337.62437639348
4547,5,873216000,9.45094108581543,0.46571356415552145,38.54433333314955,2000,0.0025406180779282295,-1.9905740916728973,-0.0010883511686188285,4311.624053955078,138209.81619083713
4548,5,873408000,9.469476699829102,0.466526059581156,38.555112487539496,2000,0.00317629581599067,-1.9909139573574066,-0.0014600276522287459,4376.118110656738,140258.0776106455
4549,5,873600000,9.394874572753906,0.4628906555899448,38.601114445986845,2000,0.0036404944198754185,-1.9910278730094433,-0.001711797407551785,4200.748863220215,139604.8686741004
4550,5,873792000,9.472051620483398,0.46664064987150294,38.54709471141299,2000,0.002298168725631815,-1.9913567565381527,-0.0012259991988230468,4121.124450683594,139238.6023914323
4551,5,873984000,9.449360847473145,0.4655937724674004,38.57062242086977,2000,0.0025765076142803683,-1.9919167831540108,-0.0014223363744179096,4578.740417480469,139915.67572326845
4552,5,874176000,9.4718017578125,0.46667189481073973,38.59505719008545,2000,0.0030884036022622843,-1.9921188317239285,-0.001255268562317724,4318.127647399902,138667.00533080637
4553,5,874368000,9.543145179748535,0.4703854414862387,38.6016737598305,2000,0.003042279786129559,-1.9915704354643822,-0.0010899457433879434,3962.507369995117,139045.76326779983
4554,5,874560000,9.40887451171875,0.46378648103564046,38.634749023864664,2000,0.0023388699754056386,-1.991833958774805,-0.0010824594683072064,4312.298965454102,140510.3179907179
4555,5,874752000,9.399999618530273,0.4631979357139547,38.631773275633655,2000,0.002364283319911009,-1.9921509474515915,-0.0013617638796858955,4887.810241699219,139105.09759348305
4556,5,874944000,9.432760238647461,0.46475002234001295,38.62795899311701,2000,0.0022406475116755857,-1.9923887699842453,-0.0013313447307155002,4176.928298950195,139981.5117225527
4557,5,875136000,9.366454124450684,0.46157814458638313,38.57269540180763,2000,0.0025260292764590605,-1.992711991071701,-0.0013663826788388178,4703.322860717773,138093.23153018483
4558,5,875328000,9.38650131225586,0.46254168923042016,38.62207360255221,2000,0.002851937629294904,-1.9927919693291187,-0.0013771688688848371,4457.256820678711,140170.53806070206
4559,5,875520000,9.462102890014648,0.4661823110958115,38.53945752869671,2000,0.0022496850668209537,-1.9925737231969833,-0.0012896617536171107,4246.442176818848,139186.9553791173
4560,5,875712000,9.353015899658203,0.46079689600325463,38.538474581825234,2000,0.002835630253288703,-1.9923898875713348,-0.001527269403027276,4648.968551635742,139682.78941943706
4561,5,875904000,9.420867919921875,0.4642135635373658,38.60246897147348,2000,0.002249280670269703,-1.9922284930944443,-0.0010529361934459303,4303.610336303711,138848.66204886913
4562,5,876096000,9.412354469299316,0.4636771073285975,38.590839028048016,2000,0.0026665528190645393,-1.9923014268279076,-0.0014762119726583478,4752.532073974609,138691.05488525255
4563,5,876288000,9.3838472366333,0.462302105929363,38.58696179340283,2000,0.0022783711092794574,-1.9922569803893566,-0.0013353275591612146,4917.598937988281,139894.86441891917
4564,5,876480000,9.445286750793457,0.46542710156184813,38.62061182844142,2000,0.0028549575708693735,-1.9923066161572933,-0.001423877251909289,4173.195953369141,140394.78658614767
4565,5,876672000,9.453248977661133,0.4658802294676813,38.579611477636114,2000,0.0033067368338446004,-1.9925531037151814,-0.0015793241618666798,4133.369682312012,138670.34386636227
4566,5,876864000,9.49605941772461,0.46802085300502466,38.622473298572004,2000,0.0025208776335645475,-1.993041954934597,-0.0013045690219541939,4096.472343444824,140294.22406892924
4567,5,877056000,9.415109634399414,0.46380731189068075,38.591747811685,2000,0.0024782981580744184,-1.9932770654559135,-0.0016574674300500192,4688.450439453125,137603.93214119595
4568,5,877248000,9.363730430603027,0.46126043887852575,38.58306073086957,2000,0.0028942841231916344,-1.9932199902832508,-0.0012695043407831008,4514.868698120117,140271.73020410206
4569,5,877440000,9.448342323303223,0.46553647972359613,38.60024311983337,2000,0.0027618817030506757,-1.9934289045631886,-0.0012867189243479515,3901.745361328125,139237.92716999672
4570,5,877632000,9.438440322875977,0.46501564535901707,38.58231940834472,2000,0.0027034792518038555,-1.9934696778655052,-0.0014667128853034228,4270.481369018555,139779.25748091048
4571,5,877824000,9.412577629089355,0.46368752773499483,38.60945101392766,2000,0.00247742654053521,-1.9935920685529709,-0.0015321761908282383,4587.676605224609,139610.13358107317
4572,5,878016000,9.455002784729004,0.4657760600700082,38.503850784152746,2000,0.0029505483450884638,-1.9938767291605473,-0.0013810876885145262,4381.589515686035,139350.38806130597
4573,5,878208000,9.521764755249023,0.4691823122357164,38.56319818715565,2000,0.0022473988457871502,-1.9942972920835018,-0.0013779786720533593,3854.4990844726562,139295.22396016069
4574,5,878400000,9.460195541381836,0.4659896063482544,38.546862337738276,2000,0.002609176898631025,-1.9943879768252373,-0.0011709092819955913,4091.9396743774414,139830.78823026665
4575,5,878592000,9.488622665405273,0.4675989793928845,38.60364971868694,2000,0.002480876473863342,-1.994399007409811,-0.0012439833080861717,4566.877853393555,139318.38214578392
4576,5,878784000,9.569317817687988,0.47160419272404397,38.56626305387666,2000,0.0033954667650032203,-1.9946975968778133,-0.001497137121873493,4052.9324111938477,139833.5755566086
4577,5,878976000,9.395833015441895,0.46293752320404263,38.53741012016932,2000,0.003304203167981844,-1.995190866291523,-0.001274626782922894,5140.437438964844,138857.0728993205
4578,5,879168000,9.5298433303833,0.4696458536357871,38.51026214193553,2000,0.0028624285518847794,-1.9953338019549847,-0.0014509166248899419,3948.5189361572266,138801.20014499495
4579,5,879360000,9.462800025939941,0.4662864815945795,38.61369934553901,2000,0.0026493766769405437,-1.9956410564482212,-0.001337615285137872,4648.556488037109,139528.53050954765
4580,5,879552000,9.457932472229004,0.4660104378648005,38.556610638586186,2000,0.0024607509904332504,-1.995916061103344,-0.0014244384210542194,4352.155517578125,139282.38035351547
4581,5,879744000,9.398924827575684,0.4632448146979489,38.50841058237711,2000,0.0021653619444508276,-1.9958889298141003,-0.0011864681288784595,4615.0927734375,139672.6013116553
4582,5,879936000,9.466423988342285,0.4663489815732949,38.598476804172,2000,0.0029816929007165528,-1.995669849216938,-0.0012602300412254408,4056.987480163574,139891.97924518486
4583,5,880128000,9.40406322479248,0.46329168460457976,38.55067646247335,2000,0.0028546501468445055,-1.9959509260952473,-0.0010814416823450301,4864.347198486328,139226.56790232746
4584,5,880320000,9.418222427368164,0.4640729394735293,38.68209445104003,2000,0.0024649917568552457,-1.9957572780549526,-0.0012862451981163758,4596.733856201172,139586.19919777714
4585,5,880512000,9.476909637451172,0.46698439560471644,38.53083181474358,2000,0.002522635033228653,-1.9953088499605656,-0.001767919433291354,3935.4099502563477,138510.30907333206
4586,5,880704000,9.46338939666748,0.46632294114472944,38.59941916229824,2000,0.0030082501591065618,-1.9953496642410755,-0.0015056706561153987,4144.381523132324,139443.61108760658
4587,5,880896000,9.393882751464844,0.462921896568029,38.63009043534597,2000,0.0034966520096159004,-1.9949244037270546,-0.0017684756799098977,4294.469970703125,139280.82486849322
4588,5,881088000,9.428450584411621,0.46448439833269123,38.58720422458524,2000,0.003534892227716531,-1.995203573256731,-0.0016495058511054594,4192.517997741699,139777.57375326904
4589,5,881280000,9.479473114013672,0.4670885658530703,38.55630518426187,2000,0.002201274111983972,-1.9957332611083984,-0.001246313000791588,4016.021469116211,138381.42107329256
4590,5,881472000,9.401166915893555,0.46301044363644905,38.59732867932568,2000,0.0027099798641199106,-1.9961767457425594,-0.0012649424204482784,4597.775680541992,139986.60166344087
4591,5,881664000,9.448822975158691,0.4654271078003755,38.586992855959885,2000,0.0028125227524888035,-1.9963979050517082,-0.001479200296671479,4482.63134765625,139309.3332045121
4592,5,881856000,9.345623970031738,0.46050002169189,38.68583506780366,2000,0.002440182657283912,-1.9963903725147247,-0.0013579406922872295,4748.292175292969,139923.96222708226
4593,5,882048000,9.459174156188965,0.46631251786917954,38.6169573298345,2000,0.0027460803637471445,-1.9965128228068352,-0.001380896040245716,4418.968353271484,138941.84307770204
4594,5,882240000,9.504968643188477,0.46835939494606765,38.58527353988029,2000,0.0025624893905329977,-1.996861893683672,-0.0015441762989212293,4312.391258239746,138096.18045150233
4595,5,882432000,9.383275032043457,0.4623646072662571,38.62485858735939,2000,0.002249845405163797,-1.9969512112438679,-0.0013058295244263718,4402.2506103515625,140005.89427953342
4596,5,882624000,9.481454849243164,0.4672864786631787,38.67243511726459,2000,0.0025372588490502803,-1.9971383288502693,-0.0015426682980432815,4179.013717651367,140700.13720392899
4597,5,882816000,9.465015411376953,0.4663906468182783,38.609553280596934,2000,0.0023794700940528244,-1.9972919337451458,-0.0014078088846929404,4166.42301940918,137722.58738793823
4598,5,883008000,9.470823287963867,0.4666198083159543,38.60024508771797,2000,0.0021481785055910523,-1.9974027574062347,-0.0014307150659078616,4157.882507324219,139103.27335631964
4599,5,883200000,9.424924850463867,0.4644010602005437,38.551337357455246,2000,0.0025517065326923025,-1.997503139078617,-0.0015385945303023618,4670.899963378906,138322.72648266825
4600,5,883392000,9.478094100952148,0.46720314943498426,38.52300215791911,2000,0.00232439979069962,-1.9978369697928429,-0.0013465733211859288,4284.2458419799805,139999.56527243822
4601,5,883584000,9.45581340789795,0.4659739830610003,38.65551642887294,2000,0.00215551815442268,-1.9981743320822716,-0.001227648353932409,4524.294998168945,138928.48451243684
4602,5,883776000,9.46553897857666,0.46649481457340397,38.572785045330725,2000,0.0033959571289997256,-1.9986976943910122,-0.0015597930250805803,4407.175254821777,138201.23696204857
4603,5,883968000,9.361076354980469,0.4612135603450345,38.623207434856646,2000,0.002546318756368237,-1.9993319176137447,-0.0014548616630918332,4218.791702270508,139204.23138325417
4604,5,884160000,9.41762924194336,0.4639375229508005,38.64051707523564,2000,0.002957815051077584,-1.9998627789318562,-0.0014463615257227502,4482.7336349487305,139280.34757144208
4605,5,884352000,9.334424018859863,0.45979689482434577,38.599709797650576,2000,0.002193178058098662,-1.9999145232141018,-0.0013953133384347893,4492.384811401367,139364.63037849168
4606,5,884544000,9.543994903564453,0.4704375234808443,38.56149863451719,2000,0.0032446932168410667,-1.9994756653904915,-0.0012303760540817166,4306.822532653809,139539.97104731348
4607,5,884736000,9.542057037353516,0.47020835713798687,38.54542887210846,2000,0.0027840471617904157,-1.9995662346482277,-0.0011372976106258648,3801.9304580688477,138003.0736733668
4608,5,884928000,9.506265640258789,0.46858856380034314,38.61692212739339,2000,0.0022523425250786508,-2.000372864305973,-0.0012961409688614367,4129.541931152344,140087.38694804648
4609,5,885120000,9.437533378601074,0.4650104365355219,38.57566068662951,2000,0.0020441980026816966,-2.0006619840860367,-0.0010321214140276425,4367.572463989258,139260.36611482245
4610,5,885312000,9.576512336730957,0.4720260652829893,38.586944680040084,2000,0.002412771456777288,-2.000655196607113,-0.0012238173349032877,3676.912666320801,138775.4765789443
4611,5,885504000,9.553772926330566,0.47085418943728047,38.653517289708056,2000,0.0018583284591319783,-2.0005239993333817,-0.0011723004156465322,3830.038749694824,139042.5136683207
4612,5,885696000,9.500605583190918,0.46814585518040985,38.582543031312525,2000,0.002895072322575288,-2.000652104616165,-0.0014339996450871695,3909.9957962036133,138139.25628828234
4613,5,885888000,9.470588684082031,0.4665573180670132,38.59425941854715,2000,0.002464246278500771,-2.000735253095627,-0.00144448838000244,4424.315872192383,139575.26702496663
4614,5,886080000,9.400644302368164,0.4630885655660677,38.54595050339898,2000,0.0028098793146273237,-2.000974252820015,-0.001294208786021045,4807.519187927246,139137.93744484455
4615,5,886272000,9.381383895874023,0.4622343951232324,38.56613198233148,2000,0.0029348996226102216,-2.0012222081422806,-0.0013671052630570557,5176.673797607422,138559.27907521228
4616,5,886464000,9.45246410369873,0.4657291860560993,38.59344207930068,2000,0.002439326557419007,-2.001505933701992,-0.0013949506073913653,4284.62971496582,138772.35153493343
4617,5,886656000,9.405318260192871,0.4634583517054125,38.559893950509526,2000,0.0027592332018422597,-2.002071626484394,-0.0013332414805518056,4734.806579589844,139085.82361079715
4618,5,886848000,9.437432289123535,0.4648958500298856,38.50494693654279,2000,0.0027383502059180193,-2.00247810035944,-0.001085816536033235,4853.7073974609375,138945.0129635056
4619,5,887040000,9.4212646484375,0.4642708549193533,38.580267614685,2000,0.0028979649075845373,-2.0027006790041924,-0.0012721291059278883,4248.882736206055,139162.4639317878
4620,5,887232000,9.4049654006958,0.46326044443048886,38.59223430262258,2000,0.002508969875267818,-2.002953454852104,-0.0015857283151490265,4544.300117492676,139839.35800684983
4621,5,887424000,9.435258865356445,0.46494793719890976,38.55624548345804,2000,0.002524361648665945,-2.0033683255314827,-0.0013049925783816807,4397.402526855469,138005.67383774242
4622,5,887616000,9.516478538513184,0.4690677252650251,38.579732752094664,2000,0.0019009361331951977,-2.0036319345235825,-0.001294852299906779,4579.3331298828125,139437.1343388503
4623,5,887808000,9.462788581848145,0.46640627204942575,38.62480060259501,2000,0.0029061248146736033,-2.0038677901029587,-0.0012340529174252879,4556.887588500977,139181.0272864562
4624,5,888000000,9.45573902130127,0.46577085402896046,38.58482980790237,2000,0.0024269909433593663,-2.0038161277770996,-0.0014194233365003583,4329.156455993652,138805.46633961055
4625,5,888192000,9.477513313293457,0.4669896042414621,38.553357872491084,2000,0.0021984363222169725,-2.004037268459797,-0.0011419168395150336,4369.737281799316,138952.7836488157
4626,5,888384000,9.520026206970215,0.46917190507580625,38.58856236624221,2000,0.00254333957221479,-2.0044765546917915,-0.0011161149359395495,4189.423110961914,139203.64106911264
4627,5,888576000,9.45935344696045,0.4661614722984571,38.56451833962152,2000,0.00335354220508998,-2.004587359726429,-0.0013449546095216647,4082.5019912719727,139191.1229178755
4628,5,888768000,9.436145782470703,0.4649896060473111,38.614501220251746,2000,0.003174172996872888,-2.0047218278050423,-0.0013845359416109204,4563.085525512695,139078.81003643514
4629,5,888960000,9.500767707824707,0.4683646113371651,38.51921092222134,2000,0.0019307850877165345,-2.004715397953987,-0.0012508738630572225,4307.632125854492,139043.62823466546
4630,5,889152000,9.444246292114258,0.46531772889284184,38.470661560694374,2000,0.0025012809530438364,-2.0047528222203255,-0.0014237330669857329,4724.148971557617,137893.1000130415
4631,5,889344000,9.433772087097168,0.46466668681023293,38.619908510396876,2000,0.002624736438559921,-2.0047908052802086,-0.0012162178882135777,4309.288360595703,138266.83426244234
4632,5,889536000,9.541994094848633,0.4701718952055671,38.58334756673624,2000,0.0019052462723288949,-2.0044395849108696,-0.0011047558941754687,4047.6343688964844,138410.8606889043
4633,5,889728000,9.462369918823242,0.46636980992237415,38.6310876638939,2000,0.0020899413286294168,-2.0041537657380104,-0.0012710400267224031,4233.264717102051,139999.4854447499
4634,5,889920000,9.499754905700684,0.4680364797053092,38.53347631668051,2000,0.002167208628914674,-2.0043561682105064,-0.001503352755207743,3943.337875366211,139481.6729816359
4635,5,890112000,9.503600120544434,0.4684010678714306,38.558445256436244,2000,0.00184608403879065,-2.004925899207592,-0.001120472955335572,3818.2170333862305,138745.42266897124
4636,5,890304000,9.387394905090332,0.4624896078312304,38.627299677580595,2000,0.002448210814030365,-2.0049794241786003,-0.0013519613894459326,4656.4661865234375,139592.76998184566
4637,5,890496000,9.459354400634766,0.4663021075436215,38.603271801645555,2000,0.0018325369110261816,-2.004849024116993,-0.0011688619879350881,4555.53157043457,138202.62696908487
4638,5,890688000,9.377388954162598,0.46220314670790685,38.618141824845225,2000,0.0033308580739105,-2.0047660917043686,-0.0016180904240172822,4630.45149230957,140179.55779092235
4639,5,890880000,9.424873352050781,0.4643646055307424,38.65263841984173,2000,0.0027835327844339492,-2.0045833364129066,-0.0014248082218841773,4193.348503112793,139613.0388170812
4640,5,891072000,9.393295288085938,0.46252085569782747,38.58347582320372,2000,0.0019787829493689065,-2.0044359043240547,-0.0010747701562650036,4322.622116088867,140027.02447221096
4641,5,891264000,9.449318885803223,0.46554168785345,38.54969345591962,2000,0.0024706120993372074,-2.004818692803383,-0.0013898349934606813,4341.406471252441,138831.45008809862
4642,5,891456000,9.462783813476562,0.46641148023445567,38.65494576220711,2000,0.002598678813983346,-2.005484454333782,-0.0010999702635672293,4581.7486572265625,137973.3021882344
4643,5,891648000,9.45872688293457,0.4660364810279134,38.59059279008458,2000,0.002513362738673702,-2.00556231290102,-0.0013846069332430488,4373.306991577148,140201.85553350896
4644,5,891840000,9.523098945617676,0.46934898207534087,38.550035492982715,2000,0.0030281942133193905,-2.0055988803505898,-0.001409316715580644,4227.383255004883,139534.07146189615
4645,5,892032000,9.51581859588623,0.4690104337842058,38.54835085694989,2000,0.002708181613282553,-2.005465507507324,-0.0014029079757165164,4037.7363357543945,139632.68616899705
4646,5,892224000,9.519847869873047,0.4692968950548675,38.58633486740291,2000,0.0023677356109322624,-2.0055510699748993,-0.0011906049385288497,4248.343528747559,139701.88127780124
4647,5,892416000,9.479759216308594,0.46718231685857364,38.59925624759247,2000,0.0023819318653956235,-2.005658894777298,-0.0014428876345391473,4108.079559326172,138340.30782528175
4648,5,892608000,9.438117027282715,0.465067735542713,38.58706569330146,2000,0.0026868229369671707,-2.005534529685974,-0.0012425357376741886,4711.76953125,140290.22054214717
4649,5,892800000,9.435348510742188,0.4650260604527527,38.58455506378474,2000,0.0024717256898215967,-2.005288317799568,-0.0012678672316042139,4143.309417724609,139804.61549185353
4650,5,892992000,9.339959144592285,0.4600885643358197,38.56042681106677,2000,0.002735228748534913,-2.0054625794291496,-0.0013672830162363425,4815.952163696289,139014.66618955432
4651,5,893184000,9.516241073608398,0.4689791926860683,38.57205162926888,2000,0.002197617943942229,-2.005646325647831,-0.0012333912459325802,4174.3699951171875,139260.01077281378
4652,5,893376000,9.530165672302246,0.46962502830562397,38.58640054349477,2000,0.0023386316571265223,-2.0058178156614304,-0.0011144076343043707,3857.1881790161133,138027.85646165966
4653,5,893568000,9.53375244140625,0.4698073161434877,38.60463977356752,2000,0.003024873108386601,-2.006238617002964,-0.0013045691007391724,4152.783668518066,138973.07918957723
4654,5,893760000,9.484122276306152,0.46738543941804284,38.59010047927344,2000,0.001942853425234716,-2.0066112726926804,-0.0013024857398704626,4028.8012313842773,140205.337082665
4655,5,893952000,9.456246376037598,0.46598960454017896,38.632830910384655,2000,0.002911619804695875,-2.006733290851116,-0.0012723345976155542,4019.155937194824,138631.37999725336
4656,5,894144000,9.410198211669922,0.46361981566345395,38.60440248375138,2000,0.0023146463957203498,-2.00674107670784,-0.0014196604373637456,4678.288726806641,140124.44244589176
4657,5,894336000,9.464818000793457,0.46625523060295865,38.61943118367344,2000,0.0024958273531107507,-2.0071243196725845,-0.0013750333707776008,3998.4516067504883,138408.32166024784
4658,5,894528000,9.412764549255371,0.46380731591186003,38.556210375080504,2000,0.002428460767806731,-2.007540963590145,-0.0011984999371179583,4718.987335205078,139671.0137288906
4659,5,894720000,9.43924617767334,0.465250026318851,38.6135431950291,2000,0.002135476104925753,-2.0077808275818825,-0.0009947999492396775,4942.327728271484,139715.93668970664
4660,5,894912000,9.461050987243652,0.46611460483715444,38.61546425148845,2000,0.0024930216393994065,-2.007541745901108,-0.0010378237511758925,4227.3719482421875,139177.02388600906
4661,5,895104000,9.483458518981934,0.46733855900250393,38.62589699526628,2000,0.0025605789294271143,-2.007630370557308,-0.0014028383084223606,4129.025749206543,139202.33046742302
4662,5,895296000,9.440736770629883,0.4651979342464377,38.65538799452285,2000,0.002077697022277637,-2.0077613294124603,-0.0012202993202663492,4193.407974243164,138567.29678502414
4663,5,895488000,9.404825210571289,0.46331773495694506,38.578998963038124,2000,0.002022533952665981,-2.008058801293373,-0.0010669250368664507,4685.421981811523,139345.12624412047
4664,5,895680000,9.410317420959473,0.4635625200601983,38.492415411397815,2000,0.0024891625859230163,-2.0081072002649307,-0.0010869119585095177,4315.081100463867,139852.4308607812
4665,5,895872000,9.46426773071289,0.4662135665639653,38.57655092095956,2000,0.002104073663513494,-2.00795616209507,-0.001385123208820005,3631.883285522461,138783.04051813946
4666,5,896064000,9.428365707397461,0.4646823129290472,38.68278769124299,2000,0.0027488892950974933,-2.00790848582983,-0.0012574764836017494,4109.635414123535,139286.48399093625
4667,5,896256000,9.387951850891113,0.4624583557670121,38.62966525088996,2000,0.0018585346009598047,-2.0079942420125008,-0.0010370026020609657,4457.444557189941,138035.25506753227
4668,5,896448000,9.421662330627441,0.464192730361295,38.600717605402075,2000,0.0022078668368315747,-2.0078565254807472,-0.0010799246615533775,4773.178329467773,140450.58797221986
4669,5,896640000,9.579201698303223,0.4722760637632746,38.58385867062801,2000,0.0032870321557479654,-2.00791098177433,-0.0015200625171019055,3647.8119583129883,138051.12477976052
4670,5,896832000,9.313957214355469,0.45880210521863773,38.66726933295528,2000,0.002103639207883437,-2.00840961933136,-0.0012209819569761748,4742.157470703125,139964.47446413612
4671,5,897024000,9.309911727905273,0.45860939515296195,38.658714286362134,2000,0.0028785645141476083,-2.0087838992476463,-0.0012771864717251447,4647.147903442383,138476.70512116115
4672,5,897216000,9.363483428955078,0.4612135590408191,38.563159566683076,2000,0.0024922679394398985,-2.008542701601982,-0.0013174159016671183,4314.731964111328,138322.85922161155
4673,5,897408000,9.404718399047852,0.4633021062976089,38.56825567890579,2000,0.003160868195622242,-2.008113093674183,-0.0011439132276791497,4400.031074523926,139057.60487455683
4674,5,897600000,9.466938972473145,0.46643752045990067,38.560322301772736,2000,0.0019375737929682758,-2.0079429149627686,-0.0011082199607699295,4167.728141784668,139069.43157400424
4675,5,897792000,9.445619583129883,0.46543231374683575,38.58461802856376,2000,0.0017414499202627661,-2.0075992420315742,-0.0011285269298610956,4367.930564880371,138455.7486468286
4676,5,897984000,9.43234920501709,0.4648437720528212,38.59178082520763,2000,0.002266916503964239,-2.007453925907612,-0.001318636153882835,4418.134536743164,138780.99961238072
4677,5,898176000,9.468945503234863,0.46645314350826084,38.52823009990001,2000,0.0018859334093663162,-2.0074089094996452,-0.001177271607957664,4674.821136474609,138673.3105760145
4678,5,898368000,9.517875671386719,0.46902085520984355,38.533519563032314,2000,0.0022924460370619872,-2.00721725076437,-0.0012186698004370555,3981.303642272949,139323.58067717386
4679,5,898560000,9.465841293334961,0.46643752221401275,38.5211679606388,2000,0.002343436201964929,-2.007427901029587,-0.0011798189254932367,4724.0775146484375,138979.44570174706
4680,5,898752000,9.413267135620117,0.46372398037662305,38.56610246313115,2000,0.0026588003669015354,-2.0076730996370316,-0.0011473162400577053,3820.4112854003906,138892.02380379522
4681,5,898944000,9.404376029968262,0.46326564574398316,38.62447636264066,2000,0.00242532168115819,-2.0077270194888115,-0.0012570430135383504,4021.0289306640625,138120.8587818574
4682,5,899136000,9.445723533630371,0.4654427295439139,38.589813662072025,2000,0.0036067820201363555,-2.0079715624451637,-0.0014245447489429353,4208.922462463379,140218.98453030837
4683,5,899328000,9.427984237670898,0.4646458561661954,38.5680461456844,2000,0.002027018449714281,-2.007954493165016,-0.0012294702928556944,4222.307746887207,138003.01485063517
4684,5,899520000,9.35842227935791,0.46111460217071,38.673297721271716,2000,0.0027455833671759435,-2.0075776278972626,-0.0013809508429858397,4789.654083251953,139776.6782769797
4685,5,899712000,9.51082706451416,0.46881251934670826,38.581697054828204,2000,0.002078482511890342,-2.0073696672916412,-0.0012596339111041743,4380.324348449707,139108.2331100597
4686,5,899904000,9.463411331176758,0.4663281503665833,38.59534872509539,2000,0.002361799555129133,-2.0072606652975082,-0.001199935446265954,4289.240295410156,139304.01596508597
4687,5,900096000,9.391677856445312,0.4626458575567085,38.58192206071302,2000,0.0027106782045129875,-2.0071373358368874,-0.0011517335010466923,4344.844665527344,139447.49746812045
4688,5,900288000,9.448019981384277,0.46559376998326724,38.569218622908615,2000,0.001764057123291119,-2.006791904568672,-0.0011593939416343346,4585.3800048828125,138492.85682356398
4689,5,900480000,9.377493858337402,0.4618750274597308,38.59282334412759,2000,0.002367123193918512,-2.0065805166959763,-0.0016068857148638926,4088.8519744873047,139397.11772951426
4690,5,900672000,9.382051467895508,0.4622916902008001,38.619577477375664,2000,0.0028643667879841815,-2.006489671766758,-0.0009612203516553564,4478.989418029785,140575.5107980585
4691,5,900864000,9.482468605041504,0.46725522948145226,38.55817694682628,2000,0.0020777927378103408,-2.006445214152336,-0.0011694460471289858,4263.871223449707,140091.8049483788
4692,5,901056000,9.417221069335938,0.4641146009671502,38.64384641312063,2000,0.0020344036305899246,-2.0062411725521088,-0.0012631315157705103,4304.700759887695,140584.03396177533
4693,5,901248000,9.38947868347168,0.46267190103329386,38.53029976288477,2000,0.002846286039704257,-2.0062122121453285,-0.0013847679729224183,4639.176422119141,139435.19272620155
4694,5,901440000,9.47885799407959,0.46715106261217443,38.55339775335354,2000,0.0026339197639717897,-2.0061750635504723,-0.0011122557365297325,4444.565361022949,139160.23836726256
4695,5,901632000,9.56434440612793,0.4714739811236844,38.59065583193054,2000,0.0024587869191554238,-2.006179742515087,-0.0013957237006252399,3936.096466064453,139638.684177342
4696,5,901824000,9.499356269836426,0.4682448165288709,38.62489537584285,2000,0.0029255272748273456,-2.006290391087532,-0.0015607635452603574,4301.452484130859,137735.21122826467
4697,5,902016000,9.474617004394531,0.46673439320511534,38.55142236060541,2000,0.0021036619439238763,-2.0065590143203735,-0.0011912298605238902,4345.667503356934,139221.1310922137
4698,5,902208000,9.457479476928711,0.466046895378895,38.58836458840718,2000,0.0020959597187784305,-2.0066026151180267,-0.0011732228629171004,3928.394142150879,138972.87016287955
4699,5,902400000,9.435114860534668,0.46483335298883804,38.57143910601735,2000,0.0021989579907834306,-2.006443776190281,-0.0012884386060250108,4734.271240234375,139804.47979306744
4700,5,902592000,9.498283386230469,0.46819273388427973,38.55644994073858,2000,0.002127336456072498,-2.00632244348526,-0.001242852502855385,4140.433166503906,139372.3430549881
4701,5,902784000,9.445961952209473,0.4654062719043092,38.589636772405356,2000,0.0022570058793133585,-2.006240203976631,-0.0010355641886690137,4488.493957519531,138207.8002688402
4702,5,902976000,9.549009323120117,0.47064064806788036,38.59674650616944,2000,0.0028110255086800555,-2.0060585662722588,-0.0016055798860179493,3723.4707565307617,139760.1764140107
4703,5,903168000,9.397013664245605,0.4632187768420408,38.609519594038524,2000,0.0023564088698015745,-2.005802720785141,-0.0013692594825442939,4615.957809448242,138179.57745366462
4704,5,903360000,9.433402061462402,0.46485419012606144,38.70171166956425,2000,0.002189475226192372,-2.00579247623682,-0.0013243535368019366,3917.656318664551,139815.11100388074
4705,5,903552000,9.4690580368042,0.4666979379459614,38.65397508318225,2000,0.002807574009018935,-2.0058933198451996,-0.0012303336116019636,4149.6445236206055,139668.41423840326
4706,5,903744000,9.375049591064453,0.4616302363210707,38.557286529801786,2000,0.0024055715466981082,-2.0058553814888,-0.0012522982501650404,4515.866149902344,139691.26850042742
4707,5,903936000,9.43308162689209,0.4647604379745947,38.635636211683355,2000,0.0020180821824701527,-2.0058441758155823,-0.0011358981980720273,4452.349937438965,139795.61453010677
4708,5,904128000,9.464385032653809,0.4663593921347153,38.580591085366905,2000,0.0017957165465574386,-2.006209284067154,-0.0011833256698992045,4247.4362869262695,139086.0871819464
4709,5,904320000,9.366646766662598,0.4613177264473052,38.578798051302634,2000,0.0011219747057545342,-2.006421238183975,-0.0007580754008813528,4549.713958740234,140211.17878865873
4710,5,904512000,9.420928001403809,0.4641666918129583,38.6065631005913,2000,0.0023316994723574375,-2.0063339695334435,-0.0014949665046515292,4543.717079162598,139885.23574957947
4711,5,904704000,9.540587425231934,0.4703698155802461,38.6156286491702,2000,0.001998680416727211,-2.0064185187220573,-0.0013079671216473798,4131.93505859375,138828.71130167713
4712,5,904896000,9.495844841003418,0.4680260639300589,38.54345915125062,2000,0.0027114421978872844,-2.006694957613945,-0.0012223911462569959,4281.853759765625,139503.89874914935
4713,5,905088000,9.395622253417969,0.4629635646524548,38.66274510758618,2000,0.0028372570410001574,-2.007063128054142,-0.001330586213953211,4803.693801879883,138125.80734914073
4714,5,905280000,9.50188159942627,0.4683437704649502,38.60288365930319,2000,0.0031673621348181765,-2.007381685078144,-0.001230580243827717,4235.079986572266,139348.87707177593
4715,5,905472000,9.477781295776367,0.46703647510973195,38.61939714290202,2000,0.001992858231178161,-2.0077741146087646,-0.001296876422202331,4371.181098937988,138375.8936961979
4716,5,905664000,9.407621383666992,0.46361460365127033,38.63323164948573,2000,0.002028633251969192,-2.008078023791313,-0.0013114356229380064,4944.931442260742,138989.74654229524
4717,5,905856000,9.337150573730469,0.4599531426550432,38.56937172372515,2000,0.002229878632786798,-2.008058041334152,-0.0009942046181095066,4939.257263183594,138892.66975731778
4718,5,906048000,9.428750991821289,0.4646354392680223,38.59999681636691,2000,0.002032263731212727,-2.0079433619976044,-0.0011236407340220467,4914.365783691406,138789.96630111244
4719,5,906240000,9.490029335021973,0.467546902237397,38.541249650957376,2000,0.0014865260484945488,-2.007930338382721,-0.0010972797999784234,4517.8372802734375,137932.3087712453
4720,5,906432000,9.46745777130127,0.4665104348229458,38.533446949596204,2000,0.002140254613631744,-2.0081323832273483,-0.0013512048840311763,4183.539512634277,139379.58265387212
4721,5,906624000,9.440689086914062,0.46497397401556856,38.537447814558014,2000,0.0018658277303375149,-2.0081934705376625,-0.0010610186063786387,4085.271324157715,138486.9244821642
4722,5,906816000,9.368146896362305,0.46169273027650587,38.57520730358859,2000,0.0025957987882772307,-2.0083012133836746,-0.0010789220258686782,4836.389663696289,138708.65583350929
4723,5,907008000,9.323622703552246,0.45921356019546994,38.55237000443352,2000,0.0019709765665055176,-2.0084586292505264,-0.0012247956960891315,4405.017433166504,138631.2254457291
4724,5,907200000,9.337571144104004,0.4600312724305695,38.54664453848576,2000,0.0018110863980928113,-2.0084705278277397,-0.0013032559619432504,4759.473648071289,139140.06539163252
4725,5,907392000,9.452744483947754,0.46573439686350565,38.583008897180356,2000,0.002688332759239225,-2.0083202943205833,-0.0010926502179700037,4249.433418273926,138388.06544139353
4726,5,907584000,9.445845603942871,0.4654218994607315,38.51241101076206,2000,0.001748982179911763,-2.008162699639797,-0.0010191763776674634,4186.211326599121,138935.84445973494
4727,5,907776000,9.439187049865723,0.465036481379381,38.60173402167857,2000,0.0022878587381489216,-2.0082041546702385,-0.001023932365114888,4245.063186645508,138781.47630173113
4728,5,907968000,9.366018295288086,0.4613854388929515,38.5894615650177,2000,0.002378871365779559,-2.00816111266613,-0.0011302369380246091,4632.115432739258,138748.49185522413
4729,5,908160000,9.4749116897583,0.46680731427538075,38.54420721779267,2000,0.002767535574685856,-2.008031912147999,-0.0013326328157177159,4096.412200927734,138780.61611334787
4730,5,908352000,9.455289840698242,0.46591668805558584,38.5662952857092,2000,0.0023419795383592826,-2.0082486644387245,-0.0010090652640428743,4253.931411743164,138550.2830818788
4731,5,908544000,9.400375366210938,0.4630156465361021,38.556075320889555,2000,0.0018831177837367544,-2.0083592981100082,-0.0009734273189678788,4683.1553955078125,139064.32310164542
4732,5,908736000,9.40361213684082,0.4634218974661053,38.58924449017892,2000,0.0022912774244339285,-2.0085413232445717,-0.0010839122342076735,5089.675735473633,139288.10306353561
4733,5,908928000,9.46908187866211,0.46650002350240055,38.54997017847685,2000,0.0019011990233296578,-2.00864364951849,-0.000985591730568558,4211.180999755859,137909.7506089605
4734,5,909120000,9.49561595916748,0.46789585711000353,38.56971738828967,2000,0.001296197514893493,-2.008663661777973,-0.0010616687377478229,3859.7797470092773,138778.08456725004
4735,5,909312000,9.378183364868164,0.461854190229739,38.521479154308814,2000,0.0013854716449041762,-2.00858736038208,-0.0009185795552184572,4637.10676574707,138455.79158345563
4736,5,909504000,9.415190696716309,0.46372918853376177,38.48683265379319,2000,0.0020585955891943963,-2.0086989998817444,-0.0010611349916871404,4383.6914138793945,138581.58672889957
4737,5,909696000,9.45812702178955,0.466041686754276,38.59118421872457,2000,0.0016428085467531063,-2.008837603032589,-0.0011881422014994314,4109.158149719238,138884.61093326824
4738,5,909888000,9.488077163696289,0.46746877104305895,38.57446124808242,2000,0.0015720358241261088,-2.0087778866291046,-0.0010541892299897881,4030.3019943237305,138551.9425717876
4739,5,910080000,9.5042142868042,0.4683593931313226,38.61968511839708,2000,0.0018748949719463327,-2.0088168010115623,-0.0012596860087796813,3957.212730407715,138019.6021192665
4740,5,910272000,9.350102424621582,0.4605625190882468,38.58662851899862,2000,0.002461126453400084,-2.008739873766899,-0.001326645121821457,4698.368728637695,138846.66550133066
4741,5,910464000,9.466532707214355,0.46649481265922077,38.55634813196957,2000,0.0020166029268480086,-2.0086022913455963,-0.0010311880769222626,4236.879943847656,139237.9344404877
4742,5,910656000,9.361242294311523,0.4611979406405832,38.588562103919685,2000,0.0016570907374422548,-2.008636862039566,-0.0011779529322666349,4602.977355957031,138512.11809341452
4743,5,910848000,9.382359504699707,0.4621718965366502,38.57604130047063,2000,0.0015353966170881294,-2.008542984724045,-0.0009768035549768683,4720.250442504883,138380.9291779432
4744,5,911040000,9.51546859741211,0.4688489771827638,38.55837660546725,2000,0.002329204390807263,-2.0083330497145653,-0.0013615886152820167,4077.657180786133,139141.398116651
4745,5,911232000,9.514847755432129,0.46899481564347906,38.509984246765576,2000,0.002405251680133157,-2.008228026330471,-0.0010646754777781098,4006.6383743286133,137938.09944836644
4746,5,911424000,9.354558944702148,0.4608229402104674,38.52933110296726,2000,0.00249694142145563,-2.0082618966698647,-0.0011661471592105954,4373.865989685059,138264.6606522233
4747,5,911616000,9.496635437011719,0.4679271034644141,38.61393575867017,2000,0.0024813897906559154,-2.0082823634147644,-0.0011598919109019334,4833.742218017578,138135.82044022347
4748,5,911808000,9.429993629455566,0.464437522560426,38.522938411061965,2000,0.0018526808308361072,-2.0083789080381393,-0.001189119820878659,3957.698860168457,137682.89341089816
4749,5,912000000,9.591150283813477,0.47275522840573103,38.618472741295896,2000,0.002265947531589518,-2.008359804749489,-0.0013527688097383361,3749.142723083496,137646.52080641963
4750,5,912192000,9.36764144897461,0.46129689274554647,38.58942935305337,2000,0.0017634625051424942,-2.0082394182682037,-0.0010286455255936744,4388.530952453613,137257.18973488375
4751,5,912384000,9.505317687988281,0.46855210226325045,38.63038317672908,2000,0.002286756093627749,-2.0080422461032867,-0.0009844374451404292,4477.4548263549805,137764.7129857428
4752,5,912576000,9.510845184326172,0.4687135628688945,38.57326268342634,2000,0.002437315363082386,-2.00797101855278,-0.001082512867128571,4296.051307678223,138262.11125283086
4753,5,912768000,9.515828132629395,0.4688333578554496,38.49225914105773,2000,0.0019041795026993585,-2.00802218914032,-0.001278170476325613,4157.393104553223,137064.4688001316
4754,5,912960000,9.43663501739502,0.46483335375827056,38.59472804206113,2000,0.0020643473274185448,-2.0082695931196213,-0.001240098101334297,4110.808364868164,137194.59273301088
4755,5,913152000,9.349498748779297,0.4607864805063097,38.67899665236473,2000,0.0027347732288174782,-2.008496180176735,-0.0010911999102063419,5002.51237487793,137669.5297284235
4756,5,913344000,9.426998138427734,0.4643541871646448,38.55071728645513,2000,0.001938468084155526,-2.0088099911808968,-0.001244495539140189,4146.056327819824,137664.87783547596
4757,5,913536000,9.420867919921875,0.46410939607327845,38.60946623111764,2000,0.002465622422724815,-2.009218394756317,-0.001089879557639506,4647.633377075195,136199.7583575512
4758,5,913728000,9.529705047607422,0.46971356914703694,38.59618033158282,2000,0.0023702416263041634,-2.009495824575424,-0.001324887557530019,4167.310829162598,136958.52358921344
4759,5,913920000,9.473767280578613,0.46705731563088193,38.501467142254114,2000,0.0019800521964666584,-2.009572021663189,-0.0008987129713204922,3947.491386413574,137354.4486284461
4760,5,914112000,9.552835464477539,0.4707760614128347,38.56830402758593,2000,0.0017153623996787248,-2.009757734835148,-0.001058713945838008,3619.5522537231445,136744.95325973656
4761,5,914304000,9.462353706359863,0.4662343986316652,38.55982009818157,2000,0.002201911378748567,-2.0096589103341103,-0.0012698385645251165,4330.616523742676,137388.81354185086
4762,5,914496000,9.37158203125,0.461578144439045,38.537192890420556,2000,0.0014611511969980407,-2.0096323266625404,-0.0005996854943077778,4652.176712036133,137888.45498351057
4763,5,914688000,9.455778121948242,0.4659010619937665,38.52542703598738,2000,0.0017366611763560136,-2.009599320590496,-0.0010479724460310536,4063.2571029663086,137218.3233002805
4764,5,914880000,9.41453742980957,0.4638854375086036,38.5165021934857,2000,0.002231785516908228,-2.0096208974719048,-0.0010519672177906614,4563.585845947266,138185.77817909885
4765,5,915072000,9.346729278564453,0.46051043500119704,38.609352645774685,2000,0.0021714790362017695,-2.0098206773400307,-0.0012405511188262608,4802.920944213867,137043.29577562129
4766,5,915264000,9.450661659240723,0.4655156484829301,38.62520593369845,2000,0.0017411154927328126,-2.0098507404327393,-0.0012559543301904341,3643.826431274414,136841.47259664605
4767,5,915456000,9.496053695678711,0.46801044128127006,38.54776686243713,2000,0.0017826654124016078,-2.0097714960575104,-0.000690845596636791,4012.8118286132812,137903.65367403667
4768,5,915648000,9.374835968017578,0.461890646446894,38.53700092543537,2000,0.0014814764592872504,-2.009628526866436,-0.0009566134435772256,4732.302185058594,138431.11898950484
4769,5,915840000,9.411989212036133,0.46388023145906726,38.638876103796065,2000,0.0017475187206810764,-2.0095081701874733,-0.0011535593675944256,4125.107879638672,137124.28806617082
4770,5,916032000,9.438055038452148,0.4650156451019332,38.549640719934054,2000,0.002047981778897338,-2.0097138732671738,-0.0011024416668306003,4663.019439697266,137781.07611205673
4771,5,916224000,9.454179763793945,0.4659583554572843,38.57736799058815,2000,0.0017751763749589977,-2.0098885372281075,-0.001128088933910476,4530.872856140137,137261.39353167787
4772,5,916416000,9.489065170288086,0.467572939767706,38.54228655216866,2000,0.002085449535041032,-2.009930819272995,-0.0013377617578953505,4043.669013977051,137946.40985731472
4773,5,916608000,9.404278755187988,0.46336981888695544,38.64237889895836,2000,0.0018920501301471788,-2.009941577911377,-0.0009995957834689762,4400.444305419922,137723.8079395785
4774,5,916800000,9.535209655761719,0.4699739828993188,38.559682002989575,2000,0.0013715518511694044,-2.009813666343689,-0.0009422309526598838,4082.9219512939453,138372.64272081913
4775,5,916992000,9.43509292602539,0.464734397363524,38.59565582871437,2000,0.0016773035647230095,-2.00993350148201,-0.0011074002395616844,4355.497184753418,137990.49391256456
4776,5,917184000,9.412272453308105,0.4635468989520935,38.53568543804189,2000,0.0019151051524429093,-2.0099851936101913,-0.0011991500718977477,4797.44660949707,137970.56116690632
4777,5,917376000,9.448742866516113,0.46552085341196897,38.61706014101704,2000,0.0019123870245994871,-2.0101961493492126,-0.0010172249581046344,4578.673736572266,137187.27544404558
4778,5,917568000,9.413719177246094,0.4640156449859205,38.608264115949474,2000,0.0018934402878088199,-2.010479047894478,-0.0010614720949888579,4508.652313232422,138163.16895318867
4779,5,917760000,9.426115989685059,0.4644687743002578,38.61819836683571,2000,0.0015258200688892127,-2.010450139641762,-0.0011762920767068863,4156.552604675293,138501.95936010496
4780,5,917952000,9.44775104522705,0.4655208549083909,38.63039854851862,2000,0.0023641211463247304,-2.0105682760477066,-0.0010724130870585213,3918.9164428710938,137520.56651335338
4781,5,918144000,9.503390312194824,0.46831252468958456,38.561331019736826,2000,0.00199643275972221,-2.010461837053299,-0.0012066448086329729,4360.495697021484,138836.70932541147
4782,5,918336000,9.446568489074707,0.4654948088094291,38.63912294246256,2000,0.002250345001115874,-2.010304033756256,-0.0013992158992550685,3944.6840438842773,138783.4151024194
4783,5,918528000,9.404622077941895,0.4632916873888462,38.490931026948,2000,0.0018561996994555258,-2.010405868291855,-0.0009562102277413942,4663.690231323242,137077.1352179623
4784,5,918720000,9.380074501037598,0.46226043727377447,38.570653380205236,2000,0.0018034040048677674,-2.0104088559746742,-0.0011866293316415977,4465.611328125,138771.54662489187
4785,5,918912000,9.458863258361816,0.4661354397952285,38.60238059734305,2000,0.0014983199669860977,-2.0102586299180984,-0.0009418134986844962,4684.96403503418,137689.3231504412
4786,5,919104000,9.45240306854248,0.46582293448530737,38.60218184441328,2000,0.0021789114504304806,-2.0104005932807922,-0.0012047189352415444,4292.689971923828,137806.87078675712
4787,5,919296000,9.508611679077148,0.4685937690586191,38.63128266731898,2000,0.002034760164019948,-2.010670743882656,-0.0009371280173127161,3950.507011413574,137754.67910341764
4788,5,919488000,9.538070678710938,0.4698854450083066,38.587999956682324,2000,0.002303867233349516,-2.01082593947649,-0.0011292613264686224,4154.430938720703,138419.20640632868
4789,5,919680000,9.547584533691406,0.4705781461076792,38.54865013823534,2000,0.00213971845384799,-2.0109649375081062,-0.0012895612126158085,3592.886734008789,137977.9511497741
4790,5,919872000,9.409381866455078,0.46354168780696153,38.54398112216344,2000,0.001997890208595891,-2.011185735464096,-0.0011019368803317775,4441.275497436523,138046.9998141727
4791,5,920064000,9.437146186828613,0.4652604402223612,38.63194783505363,2000,0.00270737192880415,-2.0114394575357437,-0.0011823546610685298,4205.779411315918,137587.7446599367
4792,5,920256000,9.488927841186523,0.46763543859500106,38.54227471910417,2000,0.0022815396403046487,-2.011848822236061,-0.0010571556833838258,3801.568733215332,138162.7164847553
4793,5,920448000,9.512216567993164,0.4686666921388678,38.63837721571326,2000,0.0018312008905149915,-2.012215182185173,-0.0007978730900504161,4483.437843322754,137382.20078468134
4794,5,920640000,9.400443077087402,0.46318752293700527,38.53910402829448,2000,0.001926631197646354,-2.0124297738075256,-0.0011483725215839513,4289.250114440918,137634.0154323424
4795,5,920832000,9.506810188293457,0.46855210699929256,38.56306550217172,2000,0.002404321681652997,-2.0126776173710823,-0.001336925514806353,3785.466522216797,136988.1658980326
4796,5,921024000,9.586494445800781,0.4723281501931827,38.53088758761684,2000,0.0028892213006743075,-2.0127604752779007,-0.001187151587146218,3845.7327423095703,137645.3041888955
4797,5,921216000,9.464136123657227,0.46641147848276887,38.57480072020553,2000,0.0014745950393628016,-2.0129954144358635,-0.0008676084214584989,4371.532844543457,138139.15272584977
4798,5,921408000,9.55170726776123,0.47079169296375767,38.49934746045619,2000,0.001517303308032865,-2.0131729394197464,-0.0010120376532540831,4399.153121948242,137092.12316709122
4799,5,921600000,9.483672142028809,0.4674479333831793,38.59978126858672,2000,0.0014981013506536935,-2.0132605209946632,-0.0008839327540499653,4480.600700378418,137044.95506487458
4800,5,921792000,9.389223098754883,0.46260419480070897,38.633963660647474,2000,0.0020696544329248355,-2.013279564678669,-0.0011570306297699062,4623.534881591797,138162.8329067462
4801,5,921984000,9.24714183807373,0.4553802279078809,38.564149102584146,2000,0.0018413296796489544,-2.0131965950131416,-0.0010283865503879497,5298.976669311523,136695.7050855671
4802,5,922176000,9.379364013671875,0.4621562710120391,38.63346632383764,2000,0.0019137630283886055,-2.0132557153701782,-0.0011294538353467942,4329.1650390625,138206.39334427996
4803,5,922368000,9.474013328552246,0.4667968960923948,38.58063910280665,2000,0.0014561396408544931,-2.0133060291409492,-0.000780939183641749,4582.498046875,137126.57825825937
4804,5,922560000,9.39501667022705,0.46302606705527677,38.64306108777722,2000,0.0020260503510382173,-2.0134527012705803,-0.0011123374042654177,4761.384033203125,137126.87617908034
4805,5,922752000,9.469554901123047,0.4664583563680935,38.57576109158496,2000,0.0014459340166077177,-2.0136438459157944,-0.000817471812297299,4169.754814147949,137451.10135165686
4806,5,922944000,9.501787185668945,0.46822398061885906,38.61049629189074,2000,0.0018541713097082104,-2.013646647334099,-0.0010846083284832275,4367.466567993164,137773.51916410253
4807,5,923136000,9.452459335327148,0.4656718964967392,38.58181125437841,2000,0.001737745929803471,-2.0136546194553375,-0.001174323859231663,4032.823455810547,137229.29964264372
4808,5,923328000,9.440569877624512,0.4650416865879379,38.559168550961964,2000,0.001545297473143743,-2.0134665742516518,-0.0009262049684366502,4811.581268310547,137400.30940025565
4809,5,923520000,9.40162181854248,0.46320835321178794,38.58883599719653,2000,0.001444179492340254,-2.0133506059646606,-0.0009005856377370947,4015.2642974853516,137830.59993721932
4810,5,923712000,9.469483375549316,0.46660939400499046,38.61599187925458,2000,0.0016561547688388979,-2.013292171061039,-0.0012456529530027183,3817.1648178100586,138016.1332291052
4811,5,923904000,9.427659034729004,0.46459377007158764,38.582430271431804,2000,0.0014168779831613843,-2.0134482830762863,-0.0007963612185903912,4224.884437561035,137086.88124021344
4812,5,924096000,9.390653610229492,0.4626771040202584,38.601322857042156,2000,0.0019605540741463867,-2.013557158410549,-0.0010143993090423464,4749.530044555664,137400.2766595356
4813,5,924288000,9.417994499206543,0.4639166908952272,38.53349714539945,2000,0.0015237110843636398,-2.013628862798214,-0.0008085539338935632,4619.04150390625,136987.59119986137
4814,5,924480000,9.55439281463623,0.471078151268254,38.579077533756696,2000,0.0017682346041516823,-2.0136827155947685,-0.0009514438243058976,3981.7244567871094,138194.07379779694
4815,5,924672000,9.474906921386719,0.4668541895098315,38.555019399772085,2000,0.0018252781257033345,-2.013762667775154,-0.000999813823000295,3773.021011352539,136458.9190927384
4816,5,924864000,9.272184371948242,0.4568906478931846,38.61807539655516,2000,0.0024890592972659914,-2.013887159526348,-0.0009933416146168383,4792.226501464844,138087.56646187115
4817,5,925056000,9.423429489135742,0.464322941140684,38.58404505594323,2000,0.0021596890188363884,-2.014092870056629,-0.000995865770981652,4096.357734680176,137146.91737769925
4818,5,925248000,9.469200134277344,0.46660419029831246,38.6002936710914,2000,0.0017307276131555988,-2.0142073929309845,-0.0009699018178253027,4478.214546203613,137053.64706459653
4819,5,925440000,9.40018367767334,0.4631979415977791,38.561304414470214,2000,0.0018556951331715182,-2.0142578035593033,-0.0009031174832898614,4764.103744506836,138932.66684950635
4820,5,925632000,9.487414360046387,0.46757293897220126,38.48767795211946,2000,0.0019318041666787546,-2.0142937004566193,-0.000848665268847526,4605.273101806641,138933.0837605094
4821,5,925824000,9.427443504333496,0.4644791912663398,38.61700427594284,2000,0.0016617704556339654,-2.0142566934227943,-0.0011596622298384318,4471.884010314941,136989.84750563517
4822,5,926016000,9.423410415649414,0.46422397696672607,38.554179797812445,2000,0.0018283243028231477,-2.0141807049512863,-0.0011071083147271565,4277.280853271484,138139.51678451366
4823,5,926208000,9.563075065612793,0.4714271056764119,38.59387669712305,2000,0.0013561341006666228,-2.0142917409539223,-0.0007158752569011995,4205.641395568848,137216.91222919576
4824,5,926400000,9.469498634338379,0.4666093993625206,38.65453322728475,2000,0.0018827682243480314,-2.014460541307926,-0.0009544310341880191,3955.7179107666016,137884.61897251493
4825,5,926592000,9.416696548461914,0.46400002242019883,38.61177476526549,2000,0.0019056818833003792,-2.0145865604281425,-0.0009948777782256002,4094.0398864746094,138177.71913314788
4826,5,926784000,9.598267555236816,0.47303648231112067,38.53805340221152,2000,0.0019364038743868456,-2.0146524310112,-0.0010509143476156169,3818.5865020751953,137759.9965429435
4827,5,926976000,9.406219482421875,0.4635260666861238,38.61664546343187,2000,0.0021504562882378574,-2.014810174703598,-0.0011833857565761718,4636.501853942871,136061.38392388093
4828,5,927168000,9.480626106262207,0.4672083507951659,38.629085053379335,2000,0.0015353995760613087,-2.015015795826912,-0.0009900149025270366,4271.462623596191,140288.31434677338
4829,5,927360000,9.463020324707031,0.4661823133125533,38.530845661802836,2000,0.002214198880438365,-2.0151114389300346,-0.001016931978313096,4275.23486328125,139647.70201358173
4830,5,927552000,9.412795066833496,0.4637760659801036,38.58988135245939,2000,0.001587971574500368,-2.0152015388011932,-0.0008795803091743437,4425.127571105957,138882.16188652173
4831,5,927744000,9.5520601272583,0.47061981425273797,38.610819349375866,2000,0.0017409956591473014,-2.01532706618309,-0.0012043388071560912,3733.586944580078,139393.53513054922
4832,5,927936000,9.543688774108887,0.47037503001411096,38.57717407836268,2000,0.0020750825283735895,-2.0153361037373543,-0.0009546459732518997,3974.2417068481445,138406.08403465225
4833,5,928128000,9.439326286315918,0.4651406485039236,38.51513141603209,2000,0.0019710765367426577,-2.015150338411331,-0.0007224406663226546,4662.508224487305,139316.83363836733
4834,5,928320000,9.308420181274414,0.45848960642009234,38.53601433113605,2000,0.0016343014457427972,-2.0151772052049637,-0.0007933703254821012,4653.629959106445,140205.99632886125
4835,5,928512000,9.338244438171387,0.46007814628137567,38.57176230242476,2000,0.0016531391744479904,-2.0152289047837257,-0.001107658226374042,4489.573577880859,139244.53750881486
4836,5,928704000,9.5368013381958,0.4700573147104781,38.595533507565655,2000,0.001829081831833188,-2.0153905898332596,-0.0010749387232635854,4077.9449005126953,139703.23454695212
4837,5,928896000,9.434196472167969,0.46476564879655297,38.598719911455795,2000,0.0018465567587636544,-2.0155381560325623,-0.0009193645637424197,4103.078269958496,137947.08708516168
4838,5,929088000,9.445890426635742,0.4655156519784214,38.607575887193285,2000,0.0019166046048313765,-2.015508711338043,-0.0008820678995107301,4750.187454223633,140049.08513075038
4839,5,929280000,9.352121353149414,0.4606458536673017,38.61079113628754,2000,0.0018150334730030401,-2.015646681189537,-0.0009116172725498473,4647.872406005859,140080.74039250464
4840,5,929472000,9.301729202270508,0.45834377051020664,38.55753768701106,2000,0.0015624870796393303,-2.015682592988014,-0.0009922120061673922,4991.247573852539,139710.43557127172
4841,5,929664000,9.458335876464844,0.46600002094904386,38.59104295571645,2000,0.0018058308335815428,-2.0154997929930687,-0.0009106126265123748,4716.722930908203,138970.5072203805
4842,5,929856000,9.417766571044922,0.46409377150121145,38.61665022838861,2000,0.002004279510289468,-2.0155123248696327,-0.0008417856965934334,4820.207763671875,138610.7658485981
4843,5,930048000,9.412087440490723,0.46380210144040274,38.63961380906403,2000,0.0014600878816500348,-2.0155856534838676,-0.0009264203758903022,4901.478546142578,138774.08806505232
4844,5,930240000,9.363515853881836,0.4614010615496227,38.510625118389726,2000,0.0013170910134405554,-2.0157923847436905,-0.0008988037625385914,4248.420585632324,139999.72186795354
4845,5,930432000,9.424680709838867,0.4644531488756911,38.60099426455175,2000,0.001765467727204964,-2.0160050988197327,-0.0010294626190443523,4191.690383911133,139930.66999357037
4846,5,930624000,9.480146408081055,0.467078143836261,38.516147785587236,2000,0.002800869299307578,-2.0159877613186836,-0.0010004353008525868,4621.674392700195,140091.67850573215
4847,5,930816000,9.469080924987793,0.46675523256271845,38.64226986964544,2000,0.0017149942286229514,-2.0160972625017166,-0.0009688123907380941,4417.728515625,138126.8884862614
4848,5,931008000,9.505660057067871,0.4684791900714724,38.55401116725989,2000,0.0017466927879449187,-2.0160917192697525,-0.000923102178148838,4365.352684020996,139787.35024068554
4849,5,931200000,9.496750831604004,0.46797918558634893,38.61211923758189,2000,0.0017856551874785584,-2.016205497086048,-0.0010944001169264084,4184.491989135742,139652.67039496647
4850,5,931392000,9.400930404663086,0.463078144947455,38.593412272476904,2000,0.0009439959972581471,-2.016177162528038,-0.0006530521113745635,4472.284477233887,139166.80461679387
4851,5,931584000,9.441293716430664,0.46524481377612875,38.58750104531646,2000,0.001700649913251558,-2.0161283910274506,-0.0009576650027156575,4314.571830749512,139662.0995532052
4852,5,931776000,9.39975357055664,0.46304689580210834,38.678804303208985,2000,0.0016644363076686658,-2.016183562576771,-0.0008810265211849355,4911.926361083984,139455.54182781305
4853,5,931968000,9.399085998535156,0.4632135616642093,38.65150045355161,2000,0.0017610327428317684,-2.0161479860544205,-0.0010091559747706924,4174.573585510254,139095.06532545775
4854,5,932160000,9.45401382446289,0.46582814418737445,38.58882419206202,2000,0.001285247322982172,-2.016110673546791,-0.0008624097172287293,4224.686218261719,139421.06830499615
4855,5,932352000,9.391317367553711,0.46288023073126777,38.62390130199492,2000,0.0015194102433964268,-2.01615097373724,-0.0009820334163350708,4379.26496887207,138421.56560738295
4856,5,932544000,9.460806846618652,0.4661562723449606,38.55649878953894,2000,0.0011444947107691322,-2.016190119087696,-0.0008130280511977617,4726.355056762695,139733.69531879394
4857,5,932736000,9.387767791748047,0.46271877123035665,38.57311947488537,2000,0.0009819731229835805,-2.016159400343895,-0.0007396447572318721,4599.798782348633,139865.6277103129
4858,5,932928000,9.525789260864258,0.4693698146402312,38.49185262310008,2000,0.0018193091798875682,-2.0161093920469284,-0.0009653026745581883,4246.012519836426,139087.57020907616
4859,5,933120000,9.359051704406738,0.46101043701370753,38.53685520465175,2000,0.0015416368390225822,-2.0160250142216682,-0.0008228219226111833,4446.207389831543,138985.68773707864
4860,5,933312000,9.441862106323242,0.4652291950630267,38.63166984977821,2000,0.0019059318345356737,-2.016000434756279,-0.0008655838064441923,4519.6633377075195,137507.40410200288
4861,5,933504000,9.436966896057129,0.46501044027415145,38.544215047266334,2000,0.0016274517305557767,-2.0159499421715736,-0.0009293300506669766,4406.829299926758,139744.2938967752
4862,5,933696000,9.495586395263672,0.46813543513053446,38.603304478650294,2000,0.0011345740340749822,-2.0158547684550285,-0.0009878049279450352,4310.519958496094,138466.06277461813
4863,5,933888000,9.484999656677246,0.4673125213084859,38.54803933319636,2000,0.001014138309846202,-2.015837647020817,-0.0006273353303640761,4213.682670593262,139166.9817459706
4864,5,934080000,9.33970832824707,0.46010419012236525,38.61112409085035,2000,0.0013637202915674608,-2.0159607008099556,-0.0007086599780450342,5058.349838256836,139840.1269754155
4865,5,934272000,9.4534273147583,0.46573960702638334,38.59812734710673,2000,0.0018956566383182384,-2.015895262360573,-0.0010817738947821454,3873.397560119629,137744.44202225818
4866,5,934464000,9.422248840332031,0.4643177300640673,38.603484891044594,2000,0.00229549604494279,-2.0157799497246742,-0.0008340557328665454,4334.410873413086,140113.90974851628
4867,5,934656000,9.391830444335938,0.46275002294229733,38.598206110298634,2000,0.0014922610143414654,-2.0157263949513435,-0.0009015681316668633,4649.858192443848,138723.0391948677
4868,5,934848000,9.371174812316895,0.4616719005074022,38.576736574682094,2000,0.0013092652364572362,-2.015828028321266,-0.0007015963619778631,4628.37907409668,140211.83092285864
4869,5,935040000,9.474977493286133,0.46678127258261765,38.558784538142696,2000,0.00165938181696966,-2.015887103974819,-0.0010927691452593535,4019.0231399536133,139250.29114047778
4870,5,935232000,9.427928924560547,0.4645312700698317,38.54511591233313,2000,0.0017706146672908287,-2.015973210334778,-0.0009196466257890279,4280.226661682129,138967.96622725035
4871,5,935424000,9.46153736114502,0.46641669055982976,38.625382060185075,2000,0.0010172747104429617,-2.016121655702591,-0.0007428773815263412,4198.661201477051,139132.9516755784
4872,5,935616000,9.446393966674805,0.4653437689303246,38.49682359583676,2000,0.0018412822028601571,-2.0162347853183746,-0.000965545441431459,4103.73957824707,138290.2411985296
4873,5,935808000,9.269702911376953,0.45645835199563106,38.5879487413913,2000,0.0006698164982172246,-2.016161561012268,-0.0006336270969313773,4867.371185302734,139259.77461896866
4874,5,936000000,9.461526870727539,0.4663437716377909,38.5451927697286,2000,0.0013001541022910033,-2.0161682218313217,-0.0008788464174358523,4647.090408325195,137838.24993063507
4875,5,936192000,9.478108406066895,0.4670521058311958,38.543348652000226,2000,0.0017421976903155686,-2.0161209031939507,-0.0008597002904480178,4178.44709777832,139507.0715286153
4876,5,936384000,9.378083229064941,0.46209897858837695,38.59329605909685,2000,0.001534973781908055,-2.016116179525852,-0.0007225381707485212,4178.755683898926,140029.16356772656
4877,5,936576000,9.4564208984375,0.4660677300107636,38.55564740222568,2000,0.0010522807072745003,-2.016084387898445,-0.0007679174198074179,4316.600059509277,139252.55937668888
4878,5,936768000,9.480644226074219,0.46723439725489396,38.59760005275408,2000,0.0018492153361666696,-2.0160685256123543,-0.0011585427182581043,4142.238067626953,138949.393190803
4879,5,936960000,9.403321266174316,0.4632031487047546,38.57134492571155,2000,0.001573314728652576,-2.01609306037426,-0.0007467209925380303,5016.30500793457,137765.9556340314
4880,5,937152000,9.418977737426758,0.46401043780497275,38.60346079353864,2000,0.0018102198405854694,-2.0161775052547455,-0.0008603308789361108,4282.788513183594,137526.83097386584
4881,5,937344000,9.391356468200684,0.46256772432692134,38.56550959249338,2000,0.002016499065597031,-2.0162919983267784,-0.0008098824137050542,4264.574897766113,138564.41561174896
4882,5,937536000,9.426206588745117,0.4643646023499362,38.52067063391829,2000,0.001026913887436933,-2.0162501111626625,-0.0006981901608469343,4276.27165222168,138441.60433453266
4883,5,937728000,9.41942310333252,0.4641875241098508,38.5987172772487,2000,0.001252338984388833,-2.0162602812051773,-0.0006434276074287482,4800.562362670898,138260.23338968275
4884,5,937920000,9.460942268371582,0.46615106133322115,38.62886675695578,2000,0.0020770103534192303,-2.0162474140524864,-0.0009663257797001279,4038.7325439453125,139535.2353977945
4885,5,938112000,9.35846996307373,0.46101564706683956,38.55695224739611,2000,0.0009923406665641515,-2.0162951797246933,-0.0005981745771350688,4207.231910705566,138802.01613733388
4886,5,938304000,9.513062477111816,0.46863022945338645,38.51044615886834,2000,0.0013216807740550202,-2.0163211300969124,-0.0007471485678252066,3976.2324752807617,139165.68575268445
4887,5,938496000,9.43635368347168,0.46496356140111555,38.54873472017547,2000,0.0010065799940456753,-2.0162829607725143,-0.0006101489816501271,4824.218826293945,139384.34599564734
4888,5,938688000,9.37954044342041,0.46214585305218253,38.55316646571737,2000,0.0015850072767070733,-2.0163704007864,-0.0006988620707488735,4721.059555053711,139278.54803086352
4889,5,938880000,9.501291275024414,0.4681927275250928,38.58497034137448,2000,0.0013910179082523653,-2.0165394246578217,-0.0009246070808330842,3985.5745010375977,137882.64163813583
4890,5,939072000,9.4653902053833,0.46648960436080716,38.58912225347012,2000,0.001290421706248139,-2.0167890563607216,-0.0007336563794524409,4340.114433288574,138931.20351139727
4891,5,939264000,9.440201759338379,0.46517189672522363,38.606225899110235,2000,0.0014760716604676344,-2.016892857849598,-0.0007518400075241516,4265.535667419434,138556.21115359248
4892,5,939456000,9.445158958435059,0.46554168735929125,38.550332926524185,2000,0.0018315671161925973,-2.0168575793504715,-0.0007665177417948144,4455.308258056641,138930.9252395543
4893,5,939648000,9.352523803710938,0.4607916874556395,38.636923752725124,2000,0.0014522322214170907,-2.0168282240629196,-0.0007065437939672847,5204.193161010742,138190.11792094563
4894,5,939840000,9.486799240112305,0.46741668879076315,38.55912680986027,2000,0.0006571257241540134,-2.016782432794571,-0.0005593040855274012,4328.684783935547,139488.80000534066
4895,5,940032000,9.450235366821289,0.46576043463998457,38.54425470282634,2000,0.0012771121188568865,-2.016737960278988,-0.0007760258301914291,4345.9417724609375,139373.0075437605
4896,5,940224000,9.45953369140625,0.46602605866307084,38.587133840968214,2000,0.0011983109545131276,-2.016689993441105,-0.000803759328846354,4312.5319747924805,140234.70668189487
4897,5,940416000,9.369297981262207,0.46150523258074827,38.566699155295886,2000,0.0016175027701271268,-2.016686290502548,-0.0007354298877544352,4401.098281860352,138305.85567316212
4898,5,940608000,9.398497581481934,0.4631146058970141,38.590918709523976,2000,0.0013804575722362721,-2.0167528092861176,-0.0006363650481944205,4347.951309204102,139482.90505264857
4899,5,940800000,9.36137580871582,0.4611823126821643,38.5564251341857,2000,0.0014703916546039853,-2.016831159591675,-0.0007209801674434857,4798.89306640625,139258.38558915653
4900,5,940992000,9.344633102416992,0.4603646041499208,38.56813356063018,2000,0.0005706804534162686,-2.016921252012253,-0.0005819827156301471,4654.897918701172,138517.6070930127
4901,5,941184000,9.393272399902344,0.46284377125084575,38.57238793093711,2000,0.0015832847968001718,-2.0169795379042625,-0.0006970306890252687,4097.504684448242,139388.85738238788
4902,5,941376000,9.420263290405273,0.46413023162858735,38.625600351486355,2000,0.001990227527249165,-2.0170101448893547,-0.000870906648287928,4387.136940002441,138004.90021977335
4903,5,941568000,9.422658920288086,0.46417189309613605,38.54509422842724,2000,0.0013584651429814206,-2.017021745443344,-0.0007026524710909143,4320.023727416992,139515.85238049604
4904,5,941760000,9.33542537689209,0.45993752135473187,38.594393687322736,2000,0.0015212145161572913,-2.0171162486076355,-0.0007461034147127066,5250.3853759765625,139393.25692981412
4905,5,941952000,9.406867980957031,0.4635104407552717,38.529458814921476,2000,0.0006682312233628335,-2.017169952392578,-0.0006304582830125582,4664.875640869141,139329.54639704322
4906,5,942144000,9.455334663391113,0.46596876951055793,38.55821005084241,2000,0.0014592978553987545,-2.0171713456511497,-0.0007481339575861057,4318.491363525391,140094.0998642181
4907,5,942336000,9.493295669555664,0.4678489780089876,38.58588228855903,2000,0.002120284523339403,-2.0171400755643845,-0.0009706401892799477,3933.579261779785,137263.44788705677
4908,5,942528000,9.406487464904785,0.4634791863051457,38.5488290572539,2000,0.0012971897483493155,-2.017111673951149,-0.0007640833919140277,4351.527770996094,139211.94498775015
4909,5,942720000,9.455829620361328,0.46599481260273024,38.50185016014924,2000,0.0013023146878477212,-2.0171548426151276,-0.000595382266510569,3960.255256652832,139476.33488194377
4910,5,942912000,9.397615432739258,0.4630833559434298,38.5930225191017,2000,0.0012494847086159857,-2.017135016620159,-0.0005633372991837859,4906.228775024414,139195.0514442513
4911,5,943104000,9.35561752319336,0.4608854367064244,38.567928866793714,2000,0.0011189418006142277,-2.0169886723160744,-0.0008121585224216687,4692.539001464844,139567.93170139703
4912,5,943296000,9.435623168945312,0.4649479373583745,38.55839519299722,2000,0.0011975735043677858,-2.0168358460068703,-0.0007194704476205516,4132.857727050781,137993.12554146413
4913,5,943488000,9.471973419189453,0.4669531436447869,38.62373572525879,2000,0.0005521314609009086,-2.0167814791202545,-0.00046777417242083175,4006.5278930664062,139118.72794217302
4914,5,943680000,9.508065223693848,0.46862502341294504,38.59506355101863,2000,0.0008316306982235344,-2.016836367547512,-0.0006095561757319956,4043.4772415161133,139389.64234744644
4915,5,943872000,9.428475379943848,0.46449481427650124,38.54815531987697,2000,0.000629888866338111,-2.016891486942768,-0.000503636411849584,4338.332557678223,138338.84975900094
4916,5,944064000,9.416035652160645,0.4637552285469913,38.59477487144371,2000,0.0007081349996849251,-2.016923353075981,-0.0006276276585595042,4225.28214263916,139791.57417063863
4917,5,944256000,9.47544002532959,0.4670573107468954,38.63790900632739,2000,0.001216463337411956,-2.016950875520706,-0.0008416352334279509,4653.985809326172,138973.58436173896
4918,5,944448000,9.351720809936523,0.46072918436160154,38.508644081031285,2000,0.0008235037633060448,-2.0170016810297966,-0.0005155741182534257,4824.1368408203125,139470.67521264573
4919,5,944640000,9.447586059570312,0.4654843934549717,38.524626304085054,2000,0.0010688878940441097,-2.016987666487694,-0.0006590213257595678,4477.256042480469,139323.83635835297
4920,5,944832000,9.405308723449707,0.46348439542695513,38.581981385902814,2000,0.0014060576413868747,-2.01701008528471,-0.0007385487660940271,4388.7778244018555,137514.05098102876
4921,5,945024000,9.419559478759766,0.4641979408491655,38.60382026992738,2000,0.0015080160119269603,-2.0170975625514984,-0.0006877840279742031,4705.396789550781,138610.3477652329
4922,5,945216000,9.329605102539062,0.4596510659011983,38.63645252694065,2000,0.0011262108266260687,-2.01714950799942,-0.0006905415894866707,4129.361602783203,139203.13765380258
4923,5,945408000,9.520774841308594,0.468979187933049,38.54605958238244,2000,0.0018460145004653818,-2.0171671137213707,-0.0007689167205171543,4300.5212478637695,139135.7546067794
4924,5,945600000,9.312307357788086,0.45870835272580734,38.605149669883154,2000,0.0010344228252644524,-2.0172258839011192,-0.00046274476562757627,4902.34211730957,139544.60377298231
4925,5,945792000,9.410134315490723,0.4635416894100975,38.54497909949472,2000,0.001674898786769177,-2.017328180372715,-0.000908728454305674,4351.788391113281,139183.22415440687
4926,5,945984000,9.528889656066895,0.4694843959217299,38.55137756909244,2000,0.0009757270630474293,-2.0174658745527267,-0.0005813009447592776,3974.3544540405273,138356.6019975288
4927,5,946176000,9.488802909851074,0.46763544094816706,38.546862742863595,2000,0.001116936217558485,-2.017542228102684,-0.0006471639462688472,4127.627143859863,138334.15631219358
4928,5,946368000,9.407381057739258,0.4634479407128917,38.54497959651053,2000,0.00067243228053015,-2.0176045820116997,-0.0004649102338589728,4556.438323974609,139474.16188048737
4929,5,946560000,9.439225196838379,0.465156270199562,38.550809671947114,2000,0.001172831167022546,-2.0176161602139473,-0.0006702138562104665,4173.242073059082,138287.1884662583
4930,5,946752000,9.485190391540527,0.46741668375458784,38.5889558698982,2000,0.0004438225695115351,-2.01763729006052,-0.0005105086280536852,4247.516143798828,139235.3039887942
4931,5,946944000,9.53380012512207,0.46981773207213945,38.510077987487115,2000,0.0011655764663954264,-2.0176858380436897,-0.0006880846221974934,4019.6483840942383,139073.51481544692
4932,5,947136000,9.425201416015625,0.46449481411703647,38.60256021221479,2000,0.0003646110938377474,-2.0177461951971054,-0.0003881834727508249,5041.1083984375,138862.80891789275
4933,5,947328000,9.34268569946289,0.4602656507577194,38.52455546334386,2000,0.000970641224365844,-2.0177516043186188,-0.0005212766855038353,4565.8237228393555,139078.11389877638
4934,5,947520000,9.428159713745117,0.4645625252366396,38.49472860340029,2000,0.0006018498218207345,-2.017746277153492,-0.0005561787816077413,4604.038330078125,139669.37385808473
4935,5,947712000,9.482796669006348,0.46745314695605583,38.53280772563691,2000,0.0009309361894847441,-2.0177741199731827,-0.0006388576512108557,3795.1400985717773,138732.21321264654
4936,5,947904000,9.542472839355469,0.4701927325155945,38.57345702312887,2000,0.0007538734542276108,-2.0177573189139366,-0.0005863594487891532,3972.4759216308594,139278.1800667658
4937,5,948096000,9.357488632202148,0.4608698166284739,38.50611512021472,2000,0.0007095012875185675,-2.0177593678236008,-0.0004673465189171111,4634.583213806152,139005.07506761717
4938,5,948288000,9.424181938171387,0.4644635665245005,38.59830982983112,2000,0.0007507354561206228,-2.0177690610289574,-0.00045481798179025645,4404.576835632324,137631.56510263565
4939,5,948480000,9.500032424926758,0.4682031402408029,38.54235476721078,2000,0.0012370274013276984,-2.0177323147654533,-0.0005861701945377717,4454.385520935059,139034.9202097296
4940,5,948672000,9.490769386291504,0.4676354391000738,38.60016027713815,2000,0.0011528998773734046,-2.017618514597416,-0.0006504812736238819,4498.177589416504,138287.93507877158
4941,5,948864000,9.41362190246582,0.4638489810380027,38.640334467714034,2000,0.0009356250062850981,-2.017614997923374,-0.0004904936427010398,4143.758369445801,137928.04069234792
4942,5,949056000,9.43001651763916,0.4645781491320425,38.58136635410483,2000,0.0004119529366562631,-2.0177228897809982,-0.00045063610923534725,3985.7789306640625,139451.38831891396
4943,5,949248000,9.510838508605957,0.46873439711695636,38.607382277958095,2000,0.000592469783853725,-2.0177702829241753,-0.0004708251735792146,3823.592185974121,138536.16862934752
4944,5,949440000,9.493465423583984,0.46782293941153813,38.58187257734971,2000,0.00041775322297447296,-2.0177728682756424,-0.0004973244103894103,4183.50505065918,138515.86188432566
4945,5,949632000,9.376606941223145,0.4619375231613958,38.60500232937435,2000,0.00042313683839760585,-2.0178027153015137,-0.0004795653485416551,4335.269241333008,138510.87773340268
4946,5,949824000,9.441704750061035,0.4652500214445657,38.581557798820235,2000,0.0005375854140352203,-2.017822727560997,-0.00043636708960548276,4402.397491455078,138863.86818119837
4947,5,950016000,9.370704650878906,0.4617448044858368,38.62756269983947,2000,0.00035884496461135486,-2.0178025886416435,-0.0003840555049237082,4871.492904663086,138545.56308061103
4948,5,950208000,9.417380332946777,0.46405731441154785,38.530600325049214,2000,0.000614460186868759,-2.017785020172596,-0.0004069072306265298,4748.632965087891,138825.25893587543
4949,5,950400000,9.428746223449707,0.46457293947302486,38.61297518076996,2000,0.0008242414650105065,-2.0177490189671516,-0.0004757840379170375,4335.382789611816,139182.6438055272
4950,5,950592000,9.392634391784668,0.4627135648764427,38.5409616137816,2000,0.0007131680068665292,-2.017706923186779,-0.0004085970244886994,4048.1496963500977,138133.74197757556
4951,5,950784000,9.33187198638916,0.459703147425292,38.604531257102884,2000,0.000281663821267604,-2.0176707431674004,-0.0003622661048439113,4950.527633666992,138438.9665537612
4952,5,950976000,9.419440269470215,0.4642135579215392,38.550251936229564,2000,0.0008011579578623869,-2.0176604986190796,-0.0005096803392916627,4444.366485595703,137286.0681827959
4953,5,951168000,9.434062957763672,0.464828145294329,38.552189190251134,2000,0.00024133698676562666,-2.0177048221230507,-0.000310698676003085,4563.888862609863,138467.52721478802
4954,5,951360000,9.461294174194336,0.46625001427552587,38.57258537163337,2000,0.0010441090046021343,-2.0177177637815475,-0.0005771030669166066,4290.795585632324,138775.6452925647
4955,5,951552000,9.525988578796387,0.4696666888188095,38.561696596676484,2000,0.0004444616900148718,-2.0177330523729324,-0.0002032063785009086,4270.7509841918945,138488.60752355502
4956,5,951744000,9.354022979736328,0.4609479418910875,38.599206597854696,2000,0.0006105499811072355,-2.0177236422896385,-0.0004232180737062663,4027.8760375976562,139915.3181478887
4957,5,951936000,9.538009643554688,0.4702083566626243,38.594311027787626,2000,0.0006968765027903596,-2.0177068188786507,-0.0004922402549709659,4087.102005004883,138618.53611533382
4958,5,952128000,9.484923362731934,0.46766669062890287,38.52772779374694,2000,0.0004598435083658682,-2.01767635345459,-0.00045813685665052617,4125.961242675781,138839.55605215134
4959,5,952320000,9.395867347717285,0.46291668964234606,38.554140453226864,2000,0.000428281610497426,-2.0176768749952316,-0.00041277943455497734,4516.188568115234,138876.31738525574
4960,5,952512000,9.475408554077148,0.46680731480652565,38.63139958741764,2000,0.00028822096905175426,-2.017727665603161,-0.0004201629544127172,4415.237327575684,139929.94021323443
4961,5,952704000,9.435193061828613,0.46484898072837194,38.539776618902884,2000,0.0002852787180239076,-2.0177656039595604,-0.00026795648227562197,4568.375900268555,138036.10931330733
4962,5,952896000,9.455987930297852,0.4658698126343855,38.56493926886469,2000,0.0005991010297617646,-2.0177790001034737,-0.0005635198597815361,4137.336204528809,139189.55423477973
4963,5,953088000,9.384337425231934,0.462317726090987,38.54208168728898,2000,0.0003383275515662556,-2.0178020745515823,-0.00032659318139849347,4845.032653808594,138812.94553447454
4964,5,953280000,9.502950668334961,0.4684218924291296,38.560408848454244,2000,0.00020397337327779895,-2.0177915021777153,-0.0002423265030984112,3965.901641845703,138241.84475410025
4965,5,953472000,9.507084846496582,0.4686614773054316,38.56017216543356,2000,0.0002735659092798527,-2.01779917627573,-0.00030735282325622393,4196.550277709961,138796.27330163235
4966,5,953664000,9.472467422485352,0.46684897890069504,38.58596248365939,2000,0.0002853981860406231,-2.017804056406021,-0.00028321141485321277,3961.2694931030273,137579.36778303815
4967,5,953856000,9.445643424987793,0.46536460435648525,38.57393356474737,2000,0.00015083265366408125,-2.0177792757749557,-0.00027710907354716596,4619.938613891602,138341.43847260103
4968,5,954048000,9.472776412963867,0.4668958566332246,38.60791274098059,2000,0.0002155669385156076,-2.0177786499261856,-0.0002837658857970382,3733.606285095215,138869.87133126674
4969,5,954240000,9.50336742401123,0.468479187219297,38.539865102929376,2000,0.0003058409142255936,-2.0177832916378975,-0.0003006003048540151,4079.417709350586,138018.3643158202
4970,5,954432000,9.3970365524292,0.46293752249888104,38.532077328457184,2000,0.00023661621572992377,-2.017798639833927,-0.0002462205884512514,4406.532562255859,140232.5507496689
4971,5,954624000,9.487777709960938,0.4676562738125843,38.5919420303156,2000,0.00018774884410602526,-2.0178039893507957,-0.000279642931275248,4472.181663513184,138350.0310294919
4972,5,954816000,9.498743057250977,0.4679375152809371,38.516290270568184,2000,0.00023528332310905793,-2.0178045704960823,-0.00026303290815121727,3770.7107162475586,140163.63589018586
4973,5,955008000,9.453060150146484,0.46580731323653407,38.57454631182676,2000,0.00013021839327526617,-2.0178004130721092,-0.00020962016424164176,4256.6455078125,138583.56535459595
4974,5,955200000,9.389444351196289,0.4625989803559302,38.537836357951164,2000,0.00016864061877197665,-2.017757423222065,-0.0003122202097074478,4217.148620605469,138728.42694320626
4975,5,955392000,9.468636512756348,0.4665625226019377,38.53291115164757,2000,0.00011833719957887907,-2.0177264139056206,-0.00018365266805631109,4254.593719482422,139846.1725586428
4976,5,955584000,9.433847427368164,0.46495314533300797,38.504895248916,2000,4.844755635428997e-05,-2.017712749540806,-0.00020633084697507798,4695.508865356445,140131.34412927544
4977,5,955776000,9.330185890197754,0.4596406460835472,38.554892517160624,2000,7.219219127299441e-05,-2.0177011266350746,-0.00016219805911532603,4354.886489868164,139887.7924608457
4978,5,955968000,9.469282150268555,0.46651043885079463,38.5527793293198,2000,6.318914570149249e-05,-2.017695128917694,-0.00017946321895578876,3972.746627807617,139367.94209535053
4979,5,956160000,9.484088897705078,0.46731772953899053,38.50573234601567,2000,0.0001435471067104451,-2.017701417207718,-0.00022870317116030492,4000.8076782226562,138425.37306981688
4980,5,956352000,9.49040412902832,0.46759898276044015,38.58386787958443,2000,4.8897201548437665e-05,-2.0177026614546776,-0.00011747769531211816,4235.515838623047,139166.32860289747
4981,5,956544000,9.413079261779785,0.46385419083586993,38.57692062171797,2000,6.410806862487163e-05,-2.017712853848934,-0.000151563755935058,4556.185928344727,139221.09788343817
4982,5,956736000,9.51279067993164,0.4689271062591918,38.57175518762475,2000,5.3388133603997356e-05,-2.0177122429013252,-0.00016017208167795616,4298.229400634766,140046.21923722298
4983,5,956928000,9.356317520141602,0.4609114797034029,38.56394661797094,2000,8.230735420063171e-05,-2.0177047550678253,-0.00016061197175076813,4391.312637329102,140045.48344686258
4984,5,957120000,9.459128379821777,0.466031270751652,38.611023555509746,2000,5.407088689352675e-05,-2.017690785229206,-0.00016665496605128283,4080.3348693847656,138436.36251364052
4985,5,957312000,9.413568496704102,0.46376564683729765,38.60491699973742,2000,8.99164230194838e-05,-2.0176710337400436,-0.00017176111896333168,4372.481307983398,139081.12417505716
4986,5,957504000,9.45943832397461,0.46620315033396764,38.584300150473915,2000,5.2675794637939075e-05,-2.0176679715514183,-0.00012352482121968933,4508.159271240234,140082.11174056405
4987,5,957696000,9.352112770080566,0.4606771002460543,38.626691181212664,2000,2.531145770092412e-05,-2.0176700428128242,-0.00010454810990268015,4690.028213500977,139355.05968946332
4988,5,957888000,9.413787841796875,0.463703147411555,38.54183433468764,2000,1.4229714535522048e-05,-2.0176639780402184,-8.914996033126954e-05,4408.531044006348,140151.77049813088
4989,5,958080000,9.507868766784668,0.4685208545961359,38.601325411970414,2000,1.9508066116470484e-05,-2.017656609416008,-8.178121515811654e-05,4265.400215148926,138035.88533010992
4990,5,958272000,9.46531867980957,0.46635939701506385,38.528583969920874,2000,1.865385514620687e-05,-2.0176550149917603,-7.79202282501501e-05,4024.066291809082,140167.08484302208
4991,5,958464000,9.442944526672363,0.46508856487283384,38.56559315261742,2000,2.7565101702139994e-05,-2.017649069428444,-0.00010426162589283194,4247.897514343262,138983.07113211055
4992,5,958656000,9.444849967956543,0.46526043577917636,38.52706513468487,2000,1.9037912338777836e-05,-2.0176419764757156,-8.266364602604881e-05,4412.093734741211,139285.68826539963
4993,5,958848000,9.427007675170898,0.4646354335266854,38.57363837895294,2000,1.1377138772305194e-05,-2.017632909119129,-6.807046406720474e-05,4385.703094482422,139632.0634769197
4994,5,959040000,9.421299934387207,0.46411460782898456,38.56612207181752,2000,1.3169593855839878e-05,-2.017620898783207,-4.743426671893758e-05,4361.401580810547,138912.01888553397
4995,5,959232000,9.4435453414917,0.46536460674118035,38.54631182923913,2000,5.340935546226805e-06,-2.0176112353801727,-4.0977106678496966e-05,4381.856147766113,138948.90357948237
4996,5,959424000,9.431809425354004,0.46457814848448226,38.56079393749436,2000,3.0636096377354566e-06,-2.0176069736480713,-3.2364067919843365e-05,4369.004707336426,140316.18022208367
4997,5,959616000,9.52144718170166,0.4692760671029343,38.55288200406358,2000,1.3503303340767214e-06,-2.0176051184535027,-2.2852378606330603e-05,4071.3761138916016,139385.06463028787
4998,5,959808000,9.413457870483398,0.46393231106230814,38.60814902186394,2000,1.5705787195681442e-06,-2.0176023840904236,-2.3855808649386745e-05,4493.415618896484,140561.08732730604
4999,5,960000000,9.505566596984863,0.4684687738699722,38.644815569743514,2000,3.4082463292763043e-07,-2.017601490020752,-8.368654675905418e-06,3883.2787551879883,137555.45926352192
