iter,stage,env_steps,mean_rew,success_rate,mean_depth_mm,ep_done,approx_kl,entropy,pol_loss,val_loss,steps_per_s
0,5,192000,6.787669658660889,0.24728126027427302,38.516961376803614,2000,0.005179437342332678,5.513327494263649,-0.0013218242864923013,5500.771667480469,107003.87362084528
1,5,384000,6.826765537261963,0.24869792971609664,38.47401017245526,2000,0.005737639685035295,5.504642650485039,-0.00014463149545917986,5273.750305175781,144396.31615705605
2,5,576000,6.875592231750488,0.24744272076228904,38.45920391070346,2000,0.0039670205306174475,5.502991408109665,-0.0010639852686153972,4309.8460693359375,143777.3096154761
3,5,768000,6.892462253570557,0.25054167840668623,38.44327243976295,2000,0.005286233771951324,5.5055045038461685,-0.0008984176056401338,4024.12931060791,142087.97865754596
4,5,960000,6.846214294433594,0.24964584368475093,38.475218086193,2000,0.005055141734919742,5.500819072127342,-0.0006524586842715507,4450.084060668945,143396.0763094094
5,5,1152000,6.884849548339844,0.2526718884825338,38.44252091227099,2000,0.004723841863936588,5.501995712518692,-0.0006142976790215471,4310.72119140625,143064.81037097756
6,5,1344000,6.929882526397705,0.2514270948486228,38.4487641005156,2000,0.004503474858477907,5.501099854707718,-0.001397888668179803,4092.7564086914062,143210.29956217113
7,5,1536000,6.853269577026367,0.24769792898344653,38.51449017661313,2000,0.005474684266000014,5.496595948934555,-0.0010732526820902422,4358.40478515625,143803.26357984229
8,5,1728000,6.877851963043213,0.24825521852411234,38.50145954762896,2000,0.004672179816504168,5.500259354710579,-0.0016292606578645064,4364.561813354492,143177.07576226606
9,5,1920000,6.892476558685303,0.2490208442529062,38.479994309445225,2000,0.004429463748771623,5.497172385454178,-0.0012409484315867303,3720.3239974975586,143802.56683940822
10,5,2112000,6.876031398773193,0.24750522184149304,38.52861921985944,2000,0.004631277361205624,5.498491108417511,-0.0010547320962359663,4111.534980773926,143157.43934083392
11,5,2304000,7.014997482299805,0.25286459471014194,38.52144012025868,2000,0.0043690034775451456,5.495532587170601,-0.0015743781832497916,3399.273910522461,144042.633557946
12,5,2496000,6.953852653503418,0.24959896986062327,38.52346099012842,2000,0.004775280691586281,5.489347189664841,-0.0013387906028015095,3418.8733520507812,142850.31750468904
13,5,2688000,6.941105365753174,0.24912501116887142,38.50917868129909,2000,0.004319400280553963,5.491622105240822,-0.0010234994292659394,3778.051628112793,142919.30041716294
14,5,2880000,7.033743381500244,0.25252605288005725,38.55923364808162,2000,0.004888540194049711,5.488409340381622,-0.0015699787622907024,3657.744186401367,142967.033550659
15,5,3072000,6.989781856536865,0.2515468883587649,38.5650240033865,2000,0.004796377439207085,5.480683088302612,-0.0021296825912031636,3777.1157760620117,144093.68063125946
16,5,3264000,7.106372356414795,0.2560625134046859,38.501139434054494,2000,0.004188806479694905,5.470796212553978,-0.0018437334392729099,3017.846321105957,142773.13255370266
17,5,3456000,7.1232523918151855,0.25544792969715974,38.47570489176238,2000,0.004270560866090817,5.459501937031746,-0.0016690011057107768,3211.513473510742,143896.34405511504
18,5,3648000,7.079135417938232,0.2553177198703149,38.51140547761073,2000,0.004587545517696225,5.449651852250099,-0.0017076619492399914,3544.396255493164,142893.54615746008
19,5,3840000,7.014521598815918,0.2511614698457076,38.53353995069241,2000,0.0040781426679119895,5.4446084052324295,-0.0017955700495804194,3680.472915649414,143070.42541079296
20,5,4032000,7.189814567565918,0.2581250122881708,38.54681582733368,2000,0.004504615940534376,5.4485709220170975,-0.0015398271995650248,3049.7269439697266,143729.3387887554
21,5,4224000,7.140522003173828,0.2573958460222154,38.58652244539311,2000,0.004559331113787875,5.443582504987717,-0.0015549582126368477,3395.577362060547,144452.54338371157
22,5,4416000,7.08440637588501,0.25459376105512393,38.519152013895415,2000,0.004524647228866037,5.4419184029102325,-0.0014787613583848724,3528.683708190918,144297.16522112148
23,5,4608000,7.070860385894775,0.2509218882496498,38.5107837424924,2000,0.004357748932253651,5.450729519128799,-0.0015990871411872831,3481.176467895508,143489.7604892042
24,5,4800000,7.138655662536621,0.2552968874006183,38.61126458955308,2000,0.0038516502523295165,5.452343285083771,-0.0016444133088953095,3320.4065551757812,143700.95314220773
25,5,4992000,7.101686000823975,0.2539375113180237,38.5596314384602,2000,0.0043863381181775685,5.452389448881149,-0.0015563090920522882,3600.689483642578,142959.18007956422
26,5,5184000,7.226947784423828,0.2579270964288298,38.48226111537466,2000,0.0042719650259435485,5.454216927289963,-0.001641133911562065,3136.1925048828125,143818.42822850216
27,5,5376000,7.141694068908691,0.2538281352553895,38.53130563224355,2000,0.0041757528109155825,5.445486053824425,-0.0015690782089450295,3650.2392959594727,142158.66298128286
28,5,5568000,7.21230936050415,0.25576563726948126,38.50736680440605,2000,0.004756411447568096,5.438438981771469,-0.001872882680231669,3214.04727935791,143657.22284313795
29,5,5760000,7.206243991851807,0.25756772000689426,38.57544608755658,2000,0.004247856919881693,5.43611404299736,-0.001881514046516486,3151.4533767700195,142779.58209935622
30,5,5952000,7.253138065338135,0.25951042797714763,38.57458436240753,2000,0.004658858097895673,5.43257212638855,-0.0016685060872987378,3288.5713424682617,142290.6310262856
31,5,6144000,7.304928302764893,0.2600937614909829,38.49530421981277,2000,0.0041937199407499695,5.427776664495468,-0.001717588888368482,2977.689407348633,142353.1050432079
32,5,6336000,7.245302200317383,0.25550001326822286,38.529196972337864,2000,0.004617073405262392,5.430036559700966,-0.0015930032664073224,2891.3727645874023,143088.8293274783
33,5,6528000,7.2719926834106445,0.2557604305075074,38.492930084466934,2000,0.005186517428587348,5.431573539972305,-0.0007095460809978249,3505.2918548583984,142467.4679372277
34,5,6720000,7.216244697570801,0.25382813536816684,38.5647364553685,2000,0.0038606458406453964,5.433017447590828,-0.0020195268725728965,3124.397659301758,144316.35201435356
35,5,6912000,7.245339870452881,0.25438542831276817,38.549965403974056,2000,0.0045356793985556615,5.428501844406128,-0.001366947484712,3234.734260559082,142887.1466084436
36,5,7104000,7.314072608947754,0.25826563804609276,38.50132555825015,2000,0.00364883205982066,5.426736012101173,-0.0017761761041583668,2901.380470275879,143148.68912901444
37,5,7296000,7.293147087097168,0.2543750128928271,38.42895223262409,2000,0.003945990892214465,5.427988827228546,-0.0016069665316535975,3102.578742980957,143673.79625987835
38,5,7488000,7.317570209503174,0.25658855367692013,38.54701776538665,2000,0.0049646695638463495,5.425858408212662,-0.002029797526120092,3383.9406509399414,143414.3827473396
39,5,7680000,7.351979732513428,0.2591718870698969,38.52872230260012,2000,0.005196552455934582,5.421348199248314,-0.001623624969397497,3108.3982849121094,143315.0652028733
40,5,7872000,7.358546733856201,0.2576250114858946,38.515503865356244,2000,0.004675337127662112,5.416509911417961,-0.0014146416419862362,3296.0532836914062,142722.2144033857
41,5,8064000,7.46230411529541,0.2609114712801481,38.500093759658434,2000,0.004546035958036862,5.4119827300310135,-0.001479652148191235,2738.842430114746,143524.16382636383
42,5,8256000,7.448541641235352,0.2638385546027469,38.53379028352598,2000,0.004799373107380232,5.411104395985603,-0.0014496732469524432,2777.9865951538086,142767.83424841907
43,5,8448000,7.398776054382324,0.25967709483302315,38.47455270433178,2000,0.004210123267859064,5.411979123950005,-0.0017084367582356208,3186.795738220215,143986.5634988073
44,5,8640000,7.4473371505737305,0.2592916808528874,38.49129666465645,2000,0.003559718943720022,5.408849745988846,-0.0018313589616809622,2882.502372741699,143504.81682538928
45,5,8832000,7.429516792297363,0.2585885536015364,38.567347357049584,2000,0.003765391724557657,5.403696537017822,-0.0019817059146163274,3106.7483978271484,141534.54455585268
46,5,9024000,7.436742782592773,0.2598645967536868,38.56313435236613,2000,0.004244023802665954,5.4001990258693695,-0.001754558661559713,3305.7762756347656,143128.13564184593
47,5,9216000,7.458714962005615,0.2594010545459848,38.61716189421713,2000,0.003653670130828686,5.397320672869682,-0.0018776522956613917,3400.440849304199,143727.3013069563
48,5,9408000,7.474591255187988,0.2601562615564035,38.552282152076565,2000,0.003842070420524882,5.395339071750641,-0.0014180936213961104,3530.500259399414,143339.29272571037
49,5,9600000,7.473498821258545,0.2595364694219218,38.5312026135313,2000,0.004282111731367576,5.391596853733063,-0.0017503361373201187,3215.8929901123047,144586.2065930171
50,5,9792000,7.499316215515137,0.26170834694433626,38.64664357776443,2000,0.003980599737478767,5.3899912387132645,-0.001596040488948347,3035.484748840332,141694.4233011057
51,5,9984000,7.489206314086914,0.258260427942029,38.45806349813938,2000,0.004788631799742385,5.387735515832901,-0.0007386896370462637,3038.8558654785156,143144.8510134525
52,5,10176000,7.508632659912109,0.2602291785072642,38.52315124279509,2000,0.004150136020589952,5.385738104581833,-0.0017940222078323131,3231.590263366699,144022.82318995008
53,5,10368000,7.529226303100586,0.2613489724578055,38.58618160461386,2000,0.004972966161672955,5.380282089114189,-0.0012464804783860473,2984.409423828125,143638.27128772685
54,5,10560000,7.591835975646973,0.26379688756666536,38.66727160910765,2000,0.004358942141931041,5.370874792337418,-0.0015109169744391693,2995.5020599365234,144418.69025325135
55,5,10752000,7.39214563369751,0.2540937625265845,38.57581734191626,2000,0.004200206303469407,5.3723262548446655,-0.0016783385444796295,3769.9649353027344,143373.15521795818
56,5,10944000,7.562342166900635,0.26150001172572956,38.62294521058599,2000,0.0046995494781440356,5.375780239701271,-0.0015565670853447955,3010.726058959961,142504.9597691319
57,5,11136000,7.563753604888916,0.2601927218905378,38.49680219947671,2000,0.0045518880103142395,5.3712087124586105,-0.00165157755054679,2931.522850036621,143454.77427269708
58,5,11328000,7.581686019897461,0.2600208452901522,38.5250240090924,2000,0.00445902719285611,5.369071930646896,-0.0017460210600290793,2695.334144592285,143893.4048103044
59,5,11520000,7.59652853012085,0.2640208448501653,38.54349566530436,2000,0.0031382805473864836,5.364103093743324,-0.0016416619237134,3289.5380783081055,141469.71546331467
60,5,11712000,7.609370231628418,0.26236980396485404,38.556242095927395,2000,0.0036069845718581448,5.362021967768669,-0.0015091257059793861,2843.595314025879,143129.03104187848
61,5,11904000,7.593898296356201,0.26191667806051555,38.51220331791168,2000,0.004180826014810013,5.354148700833321,-0.0018704811632233032,2985.487762451172,143182.98300705888
62,5,12096000,7.606188774108887,0.26206772104706033,38.55415478038291,2000,0.005027338881865337,5.3533997386693954,-0.0013479569311130035,3049.5083618164062,143477.7118221252
63,5,12288000,7.601933002471924,0.26089063714183186,38.49116841082772,2000,0.004682619949375903,5.3526584059000015,-0.0011672069231281057,3080.70906829834,143232.26261202525
64,5,12480000,7.581099987030029,0.2623854299284479,38.62764418746034,2000,0.00359383665168813,5.350834533572197,-0.0014212278538252576,3455.6203384399414,143057.19088254453
65,5,12672000,7.563086032867432,0.26065105320473475,38.45599493353317,2000,0.003998195231707843,5.351397261023521,-0.001531974428871763,3371.3897552490234,142680.35181549765
66,5,12864000,7.608704566955566,0.261677097172651,38.51279417642703,2000,0.003712549412530887,5.349775016307831,-0.0015249579232659016,3496.189765930176,144583.9262243734
67,5,13056000,7.6325883865356445,0.26426042858050397,38.53087355196476,2000,0.004012480706803517,5.34126877784729,-0.001516486955097207,2966.4729232788086,143779.25366171275
68,5,13248000,7.570002555847168,0.2606614710136152,38.57231497244599,2000,0.004159769904077015,5.336167827248573,-0.0013906423355365405,3076.6176681518555,144896.28793656483
69,5,13440000,7.607501029968262,0.26080209459299414,38.44040206105759,2000,0.004226936034276152,5.332459509372711,-0.0013809630654577632,3199.650833129883,142588.60353558473
70,5,13632000,7.706686973571777,0.264588552867887,38.49217785180857,2000,0.003577488633280154,5.323073118925095,-0.0015430889652634505,3184.165428161621,143790.552490081
71,5,13824000,7.661107540130615,0.2632395963549546,38.47763232250387,2000,0.003910623846337939,5.319898679852486,-0.0017112001005443744,3032.667236328125,142332.0019484803
72,5,14016000,7.698821544647217,0.2650833455694131,38.44728639380386,2000,0.004060306692129721,5.32060319185257,-0.0019590120271004707,3313.542526245117,143356.03433624702
73,5,14208000,7.685171127319336,0.26461459484986943,38.48813617834821,2000,0.004253113560072963,5.3197242468595505,-0.0016429626195986202,3051.0168533325195,143445.8805049253
74,5,14400000,7.689979076385498,0.26532292807617824,38.460608552675694,2000,0.004768674232191794,5.316431522369385,-0.0014442716149574153,2908.2026596069336,143454.2158453629
75,5,14592000,7.635241985321045,0.2620885542540539,38.55787501732508,2000,0.003852501569839663,5.31286346912384,-0.0015748981300021114,3191.724494934082,144205.65857524527
76,5,14784000,7.782421588897705,0.2672552221647493,38.44999005765809,2000,0.00411576828193938,5.309219866991043,-0.0019184352149750339,2642.064682006836,143548.0384973733
77,5,14976000,7.793027400970459,0.2676145969993134,38.469156167159476,2000,0.0045492888664278655,5.303345575928688,-0.0013703224744858744,2863.5641479492188,144740.3770267433
78,5,15168000,7.662091255187988,0.26234376102729584,38.47526409983402,2000,0.004702168961327212,5.303463488817215,-0.001099986207918846,3112.224983215332,142651.7226770043
79,5,15360000,7.627338409423828,0.26063022116795764,38.473880610739194,2000,0.003599345156791972,5.301015749573708,-0.0018983582733653748,3408.515182495117,144686.7814901741
80,5,15552000,7.756125450134277,0.2663802206316177,38.540289033825196,2000,0.004101119804249417,5.29583814740181,-0.0013293193796926062,3060.8702850341797,142413.28631277496
81,5,15744000,7.859706878662109,0.2699479295121516,38.4449360454455,2000,0.004459827811922876,5.2933066338300705,-0.0015039101505180952,2655.756523132324,144817.0751727003
82,5,15936000,7.7129034996032715,0.26406772211703355,38.56046633049846,2000,0.004569895348366118,5.29415588080883,-0.0017806941946219013,3178.028076171875,142796.75884578264
83,5,16128000,7.809931755065918,0.2684270966862338,38.44450196251273,2000,0.004509900732659541,5.298526659607887,-0.0020898860980764766,2904.775924682617,145276.56537319397
84,5,16320000,7.786405563354492,0.26646355494085583,38.499433878809214,2000,0.003858604871614567,5.296734526753426,-0.0015040365874483541,3042.4522705078125,143104.58708501369
85,5,16512000,7.793428421020508,0.268817719676008,38.499528653609254,2000,0.0037155586787484957,5.299873739480972,-0.0020559211793624854,2709.5524139404297,144846.49457557424
86,5,16704000,7.717704772949219,0.2639010538890337,38.45436859006683,2000,0.004107921329288125,5.3002952337265015,-0.0017435710706195096,3375.7399139404297,143656.61898372488
87,5,16896000,7.745436668395996,0.26398438786539674,38.34567253664136,2000,0.0037487192550324858,5.293995872139931,-0.0011544740866611392,3012.6539764404297,143866.34007833572
88,5,17088000,7.745835304260254,0.2648750133297047,38.476123748191945,2000,0.0042408572235144715,5.289607122540474,-0.0013295106577970728,3277.156120300293,144553.60438509868
89,5,17280000,7.78423547744751,0.2664948052485367,38.49492722159872,2000,0.00411919243873126,5.28661236166954,-0.0016916979693633039,2789.065299987793,144078.88873817518
90,5,17472000,7.723101615905762,0.2629114711132085,38.4988697723796,2000,0.0038959397289872882,5.283315658569336,-0.0013607826995212235,3493.5880813598633,143949.59216095312
91,5,17664000,7.786507606506348,0.2672395957470144,38.53549793090982,2000,0.0037115902569906517,5.276859328150749,-0.0016250147436949192,3007.0799407958984,142494.02715074978
92,5,17856000,7.780501365661621,0.2643593868560856,38.462605802963175,2000,0.004222792192575681,5.267919272184372,-0.0015228148637334016,2652.363624572754,144169.82423264906
93,5,18048000,7.699195384979248,0.25990626193379285,38.481868059917666,2000,0.004993714994940092,5.264496073126793,-0.0010799972648101175,3196.6731491088867,143848.4163153226
94,5,18240000,7.69883394241333,0.26176043004367483,38.51991899808248,2000,0.004550290270194338,5.264683037996292,-0.0014788045673412853,3211.5725631713867,144660.22961462144
95,5,18432000,7.774343490600586,0.2632395947312034,38.45617756713182,2000,0.0039710486954524365,5.266201034188271,-0.0012061856386935688,3282.1053161621094,143366.9298451441
96,5,18624000,7.808445453643799,0.2654948068484373,38.42764614212016,2000,0.004502608895689868,5.266290932893753,-0.0018667740750970552,2936.316360473633,144479.7598892098
97,5,18816000,7.783059120178223,0.2634010528508952,38.453391425932445,2000,0.004598571596482845,5.260524943470955,-0.002004209818551317,2996.2167053222656,145086.13636382524
98,5,19008000,7.842233180999756,0.2668750121216969,38.498231786613665,2000,0.004364056908680747,5.253216579556465,-0.0022799351706908055,3035.256607055664,144400.56735251893
99,5,19200000,7.778078079223633,0.2638802223409584,38.452575167020164,2000,0.004102140653291522,5.250549212098122,-0.0014140578965680106,3603.4478759765625,144547.5714242648
100,5,19392000,7.78736686706543,0.2644062622396935,38.46067260578275,2000,0.004016260987780698,5.250311642885208,-0.0017396306238879333,2906.087760925293,144582.2501772612
101,5,19584000,7.873549461364746,0.26844792740242457,38.46714661464406,2000,0.0049498655859109356,5.241949766874313,-0.0012111271141748148,3112.294448852539,142941.97051351305
102,5,19776000,7.87370491027832,0.26592709609697823,38.31504842142264,2000,0.003878113078763512,5.234129935503006,-0.0015564385721518192,3238.157211303711,143447.99233024952
103,5,19968000,7.836843490600586,0.26355209536450275,38.48516753191749,2000,0.004419429855421188,5.228849723935127,-0.0011493132410578255,3598.953498840332,143945.26646832988
104,5,20160000,7.8689727783203125,0.2676093882976905,38.44773569327663,2000,0.004694047488417709,5.223305806517601,-0.0009171311555746797,3129.29443359375,143683.84840584794
105,5,20352000,7.8618879318237305,0.2660260532393295,38.465845436789095,2000,0.004034273682370741,5.226096525788307,-0.0014531992920865378,3259.8591690063477,144568.49380967199
106,5,20544000,7.815969944000244,0.26409897062694654,38.47966398966188,2000,0.0037692159603514783,5.224043503403664,-0.0018640989883351722,3210.849655151367,143811.30540157747
107,5,20736000,7.939059734344482,0.2694791792473552,38.47018150224661,2000,0.00408431483470971,5.21950963139534,-0.0013532721678757298,2833.6799392700195,144826.23373664226
108,5,20928000,7.824629306793213,0.26398959589884424,38.444455280977614,2000,0.003925591154251985,5.216544136404991,-0.0016345032790923142,3170.192184448242,143005.7451908493
109,5,21120000,7.986342430114746,0.2710833462667021,38.482408318668604,2000,0.004176875924662454,5.222946733236313,-0.0014575841996702366,2881.120590209961,144205.84248418402
110,5,21312000,7.880041599273682,0.26569272136657673,38.46231331862509,2000,0.004496891025191872,5.226590633392334,-0.0014317141040010029,2953.0370483398438,145470.2953683401
111,5,21504000,7.8799662590026855,0.26645834425532183,38.49920521117747,2000,0.004709127838800974,5.217535689473152,-0.001097302025755198,3372.7172927856445,144119.71747610456
112,5,21696000,7.815720081329346,0.26272397070412506,38.51173785763482,2000,0.0044904873061168485,5.207725837826729,-0.0017965630186154158,3489.3285522460938,144097.6359828472
113,5,21888000,7.922144412994385,0.2663489713195304,38.412433569940426,2000,0.0039062674284408155,5.200941175222397,-0.0017065916126739467,3341.998649597168,144356.64102052647
114,5,22080000,7.99547004699707,0.2707395954439562,38.43223738515129,2000,0.003853572228933143,5.196410745382309,-0.0014140188921771824,2774.3649826049805,143545.4738446424
115,5,22272000,7.890364646911621,0.26649480343379156,38.55985949188471,2000,0.004853600484833201,5.193756476044655,-0.0011002660714893864,3179.738883972168,142335.9021105521
116,5,22464000,7.932639122009277,0.26701042962425464,38.367039758091174,2000,0.0038793203711247753,5.194414258003235,-0.0017126636234934267,2947.282958984375,142925.12044900414
117,5,22656000,8.058420181274414,0.27451043030062766,38.51532772555947,2000,0.00402367102877179,5.186337903141975,-0.0014041340782569023,2879.7582397460938,142182.06453105216
118,5,22848000,8.042657852172852,0.2717448028209522,38.434077097879104,2000,0.004087145561303865,5.175729542970657,-0.0015532173346173295,3057.640594482422,143378.79085175897
119,5,23040000,7.914875507354736,0.2677864722973027,38.46235141158104,2000,0.00434434276283719,5.165917366743088,-0.0014377306140431756,3176.168930053711,141936.94483760447
120,5,23232000,7.979825973510742,0.26953647131449543,38.45876829042876,2000,0.0038983675513275876,5.159340366721153,-0.0013811792841806891,3071.6862869262695,143136.52895968204
121,5,23424000,8.025588035583496,0.27095313733661897,38.46973692563673,2000,0.004720775000101034,5.156320109963417,-0.001678212727256323,3147.723663330078,143605.87793922063
122,5,23616000,7.951818466186523,0.2678281366061128,38.46719827875495,2000,0.005090836267869846,5.152771040797234,-0.000936651276788325,3191.8175048828125,143102.46466947577
123,5,23808000,8.027494430541992,0.272416678695663,38.5295983000348,2000,0.003621990986789267,5.148711398243904,-0.0017452861684432719,3000.587471008301,143640.333974798
124,5,24000000,7.97279691696167,0.2690937613673062,38.45521923371901,2000,0.004165271080930934,5.143221944570541,-0.001372791192807199,3446.6235733032227,142931.03777687653
125,5,24192000,7.960429668426514,0.2665312617573363,38.416900841053575,2000,0.0038082836474786774,5.137923836708069,-0.0016159355286617938,3315.5279998779297,144018.98958802424
126,5,24384000,8.040042877197266,0.2714323034118327,38.487483258824795,2000,0.004218304667801327,5.131346449255943,-0.001182108402645099,3025.4252319335938,144120.76974670016
127,5,24576000,7.924286842346191,0.26696355238285224,38.48699554180106,2000,0.0036983771851325092,5.126157388091087,-0.0015969002461133641,3339.0877075195312,142357.94945275108
128,5,24768000,7.955864429473877,0.2672187616305261,38.50944293321421,2000,0.004844684853102084,5.1186878979206085,-0.0011801499813373084,2913.7888946533203,143947.5219895719
129,5,24960000,8.022777557373047,0.2698385551460281,38.466498409514315,2000,0.004441291657441372,5.110851496458054,-0.001396415771523607,3130.24796295166,143200.549818134
130,5,25152000,7.923231601715088,0.2663802203187515,38.45596245525909,2000,0.004710796112020035,5.107204169034958,-0.0013640811221193871,3297.8866424560547,144118.46541448106
131,5,25344000,7.93693208694458,0.2666927210339054,38.48699233774096,2000,0.003937845355515793,5.101731076836586,-0.001164854253246972,3897.415740966797,143813.60746160013
132,5,25536000,7.987032413482666,0.2675468888962011,38.45166191955408,2000,0.003459661263797896,5.100747659802437,-0.001544050107440853,3332.8027572631836,143599.2309909032
133,5,25728000,7.990208148956299,0.2691302200764767,38.47781288002928,2000,0.004197062764316799,5.1040084064006805,-0.001255636421547024,3287.054962158203,144336.02914256515
134,5,25920000,7.994693756103516,0.26810938896899944,38.53296795425316,2000,0.00438769343205786,5.107126861810684,-0.0012822618097061422,3265.885055541992,143221.7364864821
135,5,26112000,8.064011573791504,0.2714270947823631,38.491988182378314,2000,0.004825090301087284,5.106984362006187,-0.0010148599722015206,3073.682441711426,144007.28100866475
136,5,26304000,8.018462181091309,0.2704375114553841,38.508155066519976,2000,0.0043893960159669745,5.105467855930328,-0.0016436699954738287,3161.071662902832,143897.7768877087
137,5,26496000,7.9654998779296875,0.268572929081832,38.524494390934706,2000,0.004988286609775967,5.101297929883003,-0.0015447991427208763,3622.3687133789062,143332.7053107398
138,5,26688000,8.046509742736816,0.2698489714687942,38.49149521710933,2000,0.005208055275084916,5.09781676530838,-0.0006859440891275881,2535.5262756347656,144386.0516995301
139,5,26880000,7.967902183532715,0.26794272102658095,38.51051086746156,2000,0.004490816097357311,5.094464883208275,-0.0008909768081366565,3600.884651184082,142959.66376259315
140,5,27072000,8.003852844238281,0.2687031386424981,38.50324830172273,2000,0.004695376414902662,5.086828902363777,-0.0007785246880303021,3207.4919052124023,141468.77659910757
141,5,27264000,8.021576881408691,0.2705364723860839,38.50986097347535,2000,0.00369233643942668,5.08521494269371,-0.0015234692300509778,3383.550666809082,143665.37572056588
142,5,27456000,8.182456016540527,0.27617709486306313,38.52093805279583,2000,0.0038982343527895896,5.083754241466522,-0.0016991359361355762,3021.6674880981445,142607.37092761733
143,5,27648000,8.1702880859375,0.2767187632095253,38.553691455473505,2000,0.0038207839038198813,5.079955369234085,-0.0017704925867292332,2917.445831298828,141617.34809304404
144,5,27840000,8.105087280273438,0.2725781393255602,38.54030782915652,2000,0.004120085823199289,5.077330335974693,-0.0011736479700630298,2936.736618041992,142740.49509113855
145,5,28032000,8.019245147705078,0.26871355384416046,38.491667389520444,2000,0.004011462830991755,5.073217153549194,-0.0017266478907913552,3147.5488204956055,144112.63746539486
146,5,28224000,8.067717552185059,0.2703802215746691,38.52496612754961,2000,0.003910464420356828,5.068234026432037,-0.0014176590893839602,2946.2086181640625,144076.05317316324
147,5,28416000,8.100449562072754,0.27026563775143586,38.50980327247331,2000,0.003867908473524341,5.065793797373772,-0.0012120553692511749,3031.994941711426,142798.1872846151
148,5,28608000,8.118612289428711,0.2720416799814605,38.449412471304335,2000,0.00404468147322283,5.065072476863861,-0.001496351480454905,2922.6863403320312,142433.21371017722
149,5,28800000,8.079477310180664,0.2708281376756834,38.51392448390834,2000,0.004216685821239179,5.060395166277885,-0.0015756774837427656,3391.681182861328,141958.98661949855
150,5,28992000,8.121992111206055,0.27072917895141774,38.49963432457298,2000,0.00394325724076286,5.05086350440979,-0.00164570510798967,2840.1560134887695,142728.85924248968
151,5,29184000,8.148319244384766,0.27375522078364156,38.48029426050683,2000,0.003587404225853484,5.0390611588954926,-0.0014542985868502,3058.1362075805664,143730.6993361631
152,5,29376000,8.108912467956543,0.2717187618709431,38.544336503992476,2000,0.004293318201229947,5.02783028781414,-0.0017407979285053443,2992.324150085449,141633.40494799038
153,5,29568000,8.087166786193848,0.2710156366483716,38.51618922222406,2000,0.0040236290390991275,5.025642022490501,-0.0013829697381879669,3751.532371520996,143926.19946762978
154,5,29760000,8.073966026306152,0.27089584530222055,38.556830917174615,2000,0.0036918093579103375,5.022746041417122,-0.0013807087070745183,3157.168701171875,141369.39719568277
155,5,29952000,8.012825012207031,0.26809376273801416,38.648328649501,2000,0.004205006657090657,5.018713265657425,-0.0015298141370294616,3648.266830444336,142444.8528708581
156,5,30144000,8.11450481414795,0.2712708469480276,38.505631767834224,2000,0.0049748250906947455,5.016662999987602,-0.0005977502860332606,3478.6205444335938,142286.11216627533
157,5,30336000,8.106120109558105,0.2702031379485561,38.5040581918632,2000,0.004816771186092715,5.013609811663628,-0.0007851002146708197,3416.990852355957,141468.24697474143
158,5,30528000,8.119738578796387,0.27113022271199344,38.55503403457502,2000,0.004933079995098524,5.00825996696949,-0.0012306593898756546,3239.6672286987305,143474.55957738656
159,5,30720000,8.108114242553711,0.2717135555200609,38.62312807391087,2000,0.004195642190791354,5.003073439002037,-0.001233777009701953,3329.1814041137695,144535.6949247275
160,5,30912000,8.131945610046387,0.27305730362240865,38.56948905158788,2000,0.003819852675698107,5.002983018755913,-0.00147865031613037,3178.052276611328,142843.85508126658
161,5,31104000,8.117555618286133,0.2704739709376251,38.532983271715544,2000,0.003859828755987109,4.998650223016739,-0.001518173035037762,3179.4078369140625,142710.19117801794
162,5,31296000,8.208916664123535,0.27493230497808935,38.513793072818466,2000,0.00403882539472155,4.994553625583649,-0.0015247650180754135,2800.615921020508,141395.11630222452
163,5,31488000,8.120074272155762,0.2715520955789543,38.61174195756515,2000,0.003904122484013596,4.986924096941948,-0.0010313269704056438,3081.526885986328,142350.6445422139
164,5,31680000,8.1537504196167,0.27328126220891136,38.49025488148133,2000,0.004183004645805344,4.9833070039749146,-0.001528253109427169,3043.5615310668945,142972.1362816548
165,5,31872000,8.089204788208008,0.26970834670282784,38.59815435856581,2000,0.004111621436323425,4.9794158190488815,-0.0017091064864871441,3424.2178268432617,142633.93560723253
166,5,32064000,8.119303703308105,0.2699635557582951,38.49739408496922,2000,0.003720551603507677,4.972349017858505,-0.0014648294400103623,3445.6827545166016,144450.48066848723
167,5,32256000,8.17143726348877,0.2734218882311931,38.55654841847718,2000,0.0035950947696522517,4.969840556383133,-0.0016824711678964377,3331.484794616699,142920.87514625216
168,5,32448000,8.136714935302734,0.2722395959147737,38.571875286599,2000,0.003912772892203063,4.9636955708265305,-0.0013648080475832103,3147.8504028320312,143900.7396079144
169,5,32640000,8.168547630310059,0.27195834411274217,38.531466253101826,2000,0.003798562826969526,4.9649516344070435,-0.0017038655870749153,3224.0336532592773,144089.96296403965
170,5,32832000,8.067155838012695,0.2689375132437514,38.56080664445957,2000,0.004345958048366204,4.960682183504105,-0.0009778762009773345,3511.781509399414,144173.9651010146
171,5,33024000,8.153260231018066,0.2710937611524666,38.48541303103169,2000,0.00474989371438278,4.954166993498802,-0.0008473928446619539,3280.381805419922,144271.72204679917
172,5,33216000,8.217352867126465,0.27396355356965313,38.4971944934999,2000,0.004769980054096477,4.945367261767387,-0.000923643944588548,3089.154655456543,141967.8965143444
173,5,33408000,8.07017993927002,0.26767709451936145,38.48267237562686,2000,0.004151638057381203,4.935489654541016,-0.0014138213468868344,3665.4452896118164,143686.0731593421
174,5,33600000,8.148401260375977,0.2718854286716426,38.62601492678126,2000,0.0038840151112720656,4.931456923484802,-0.0018394381116877412,3079.1775817871094,144438.66922947404
175,5,33792000,8.184361457824707,0.27243230294819415,38.460511430477105,2000,0.0035765303807881246,4.9272653460502625,-0.0015916699267108925,3647.4972610473633,144272.67116634743
176,5,33984000,8.164945602416992,0.2712083450114733,38.49082552651331,2000,0.0042358361305183875,4.924350261688232,-0.0017131124645857199,3165.4020080566406,144063.22041608306
177,5,34176000,8.153829574584961,0.27167709560247505,38.59676550825437,2000,0.004199662377514568,4.92056642472744,-0.0017067496255549486,3116.5438842773438,144005.56473633504
178,5,34368000,8.19427490234375,0.2716458468991429,38.46531719450528,2000,0.0045805560895290295,4.914036244153976,-0.001446821317586,3128.4059143066406,144018.93719571494
179,5,34560000,8.135260581970215,0.26984376260043064,38.60322763274113,2000,0.00395785317095336,4.911748632788658,-0.001834203760154196,3001.4674377441406,144458.368427
180,5,34752000,8.266401290893555,0.274791680083581,38.55329995105664,2000,0.004293773797769976,4.907819494605064,-0.0009131542592513142,3266.5575790405273,143550.5379892403
181,5,34944000,8.19504165649414,0.272458345434643,38.5371158067137,2000,0.0037697881524727597,4.907742500305176,-0.001123575105339114,3323.2017211914062,143678.5376609626
182,5,35136000,8.119893074035645,0.2705989725376033,38.574272460614644,2000,0.004576317104064705,4.899844601750374,-0.0014051072885195026,3280.208808898926,142288.8888896481
183,5,35328000,8.161160469055176,0.27103647169375716,38.57770908127228,2000,0.004945370034693045,4.898259714245796,-0.001192889280446252,3632.638229370117,143226.96692783374
184,5,35520000,8.147406578063965,0.27041147101347934,38.49586327979341,2000,0.004304512615645462,4.896177813410759,-0.0010714600168739707,3306.320831298828,144044.2065530163
185,5,35712000,8.184662818908691,0.27160417941134557,38.55359353901198,2000,0.003714044063837116,4.887604624032974,-0.0017105638871726114,3254.2201766967773,143863.8158859673
186,5,35904000,8.180020332336426,0.27142188842420484,38.53831158640484,2000,0.003967804309606436,4.878168761730194,-0.0010048265758086927,3385.456771850586,144247.49075735058
187,5,36096000,8.140974998474121,0.2694531385635249,38.512822004655995,2000,0.005263510229541378,4.870509162545204,-0.0009876414305836079,3053.5401153564453,142285.5491993969
188,5,36288000,8.198653221130371,0.2705885544055491,38.4643040538455,2000,0.004144696228763983,4.8648272305727005,-0.0015336271571868565,3091.608528137207,143983.5831023521
189,5,36480000,8.152289390563965,0.26982813802654465,38.50767688949903,2000,0.003758693382561129,4.857183635234833,-0.0011347403185482108,3230.583869934082,145113.97801028134
190,5,36672000,8.224571228027344,0.27237501242962026,38.46609714262498,2000,0.004292318558844273,4.850648373365402,-0.0013054568125880905,3323.257392883301,145051.7062092758
191,5,36864000,8.091127395629883,0.2667552195725875,38.48334803401182,2000,0.004007201870762707,4.847636044025421,-0.0013810042571549275,3330.1440200805664,144687.37866343613
192,5,37056000,8.129755973815918,0.2693802215623388,38.499328535050154,2000,0.003486905491874498,4.845324441790581,-0.001227975678148141,3722.3595275878906,143889.2234289078
193,5,37248000,8.111677169799805,0.26833855490379693,38.51039017612735,2000,0.004322675661183897,4.843283608555794,-0.0015817048429198621,3881.8948364257812,145481.57449973674
194,5,37440000,8.275742530822754,0.27434376383098424,38.463245977958046,2000,0.004215158815456865,4.8360609114170074,-0.0014908143839420518,3069.449821472168,143861.51976317578
195,5,37632000,8.230514526367188,0.27325001293987344,38.486029527770974,2000,0.004421705277879183,4.823137700557709,-0.001009142174552835,3206.9703674316406,145173.20659813067
196,5,37824000,8.225859642028809,0.27292709679204563,38.51721983946239,2000,0.003580080029627425,4.813558131456375,-0.0016457087886010413,3206.510673522949,142809.3210724874
197,5,38016000,8.269817352294922,0.2735833456754335,38.513944311989086,2000,0.003924335616480673,4.812204733490944,-0.0013427740132101462,2957.5479278564453,144604.88287700785
198,5,38208000,8.223288536071777,0.2731562621023234,38.54164259197811,2000,0.004070450344593461,4.806293860077858,-0.0015457982453881414,3502.3659744262695,143927.54054588682
199,5,38400000,8.281540870666504,0.27315105394215305,38.47082725695024,2000,0.004590137029454731,4.802586689591408,-0.000837167157442309,3079.0875244140625,143444.73186366985
200,5,38592000,8.287127494812012,0.27509897113850457,38.49755365091065,2000,0.004010783268041752,4.795778900384903,-0.0015641426639376732,2767.4714584350586,144393.7183861394
201,5,38784000,8.241215705871582,0.2723593866709659,38.49645994106928,2000,0.0034281809580473527,4.7877955585718155,-0.001692818143965269,2980.0210876464844,142795.35655933697
202,5,38976000,8.236150741577148,0.27223959644470597,38.580222699170314,2000,0.0038070392419467664,4.782213062047958,-0.001269958640477853,2909.374038696289,144432.78895111717
203,5,39168000,8.268877983093262,0.27320834675992955,38.469126125487186,2000,0.00377568139099458,4.775773778557777,-0.0018192118638467036,3290.8415298461914,144604.3065308215
204,5,39360000,8.219194412231445,0.271343762638935,38.49780234973878,2000,0.004128560626008644,4.767639324069023,-0.0015569916258755256,3119.774856567383,143616.2604750165
205,5,39552000,8.21652889251709,0.27119272056431026,38.50676910703381,2000,0.0036570888683975997,4.757078185677528,-0.0015630827419954585,3434.4117431640625,142781.17785171603
206,5,39744000,8.224519729614258,0.2727291800468568,38.5091891894117,2000,0.004754365294230713,4.749957382678986,-0.0009681706878836849,3443.527030944824,142809.4571427278
207,5,39936000,8.225921630859375,0.2705364721884204,38.43198871560162,2000,0.004661335902016922,4.739518508315086,-0.0009559716718285927,2996.322929382324,144190.66934071583
208,5,40128000,8.203296661376953,0.2710625124927901,38.51090888973946,2000,0.004662484445434531,4.727795496582985,-0.0008580049034208059,3472.827323913574,143481.04294995192
209,5,40320000,8.187658309936523,0.2703281381879303,38.53112179630747,2000,0.004446958902835224,4.721052721142769,-0.0010421144570500473,3581.066734313965,141986.1144609593
210,5,40512000,8.254233360290527,0.2715364695353249,38.4617209546268,2000,0.005721750890646943,4.713667258620262,-0.0007410772059301962,3090.8750610351562,143625.45955719354
211,5,40704000,8.203781127929688,0.27135417927153566,38.61121713245908,2000,0.004223783717966098,4.70279635488987,-0.0015125384015846066,2974.572105407715,144906.68806696762
212,5,40896000,8.329450607299805,0.2762083466768672,38.54772509820759,2000,0.0038892817035254337,4.691604346036911,-0.0015495252874870857,3027.392646789551,144047.1835183605
213,5,41088000,8.240007400512695,0.27225001334287907,38.49463823499779,2000,0.0036815858188953554,4.681178465485573,-0.0011727688988685259,3390.0321655273438,143546.49155940823
214,5,41280000,8.199974060058594,0.2696770967207461,38.55219925008714,2000,0.004209803208546269,4.670746296644211,-0.0011510004633237259,3644.5691833496094,143212.89947066552
215,5,41472000,8.310498237609863,0.2745781379841598,38.56933892145753,2000,0.004877933921966664,4.66257381439209,-0.001511009116711648,3469.326560974121,144242.90223506044
216,5,41664000,8.260393142700195,0.27185417754117225,38.55327102417747,2000,0.004412647889830021,4.655165359377861,-0.001200730489244961,3038.818328857422,143810.1318339712
217,5,41856000,8.246675491333008,0.27149480430064915,38.566460109626256,2000,0.004746365777401174,4.647979632019997,-0.0015301523011430618,3181.477813720703,143327.62271246797
218,5,42048000,8.27021598815918,0.2721823058042598,38.54724892663459,2000,0.004016494343513234,4.645290598273277,-0.0013071959288026846,3364.0253295898438,143578.90987259473
219,5,42240000,8.265290260314941,0.2722812634820002,38.57570246607065,2000,0.003623287679530525,4.641677334904671,-0.0015793634574947646,3282.779052734375,142740.88157708463
220,5,42432000,8.296158790588379,0.27305730204958917,38.56513633353946,2000,0.0037284518395063054,4.634709447622299,-0.0015560883581429152,3053.89900970459,143541.89043274577
221,5,42624000,8.21444034576416,0.2695208482412757,38.56866162673881,2000,0.0047381038416642735,4.631502389907837,-0.0015009346270744572,3159.8048248291016,142786.69048221203
222,5,42816000,8.356450080871582,0.27491667856277974,38.49466595162327,2000,0.0047360514902587345,4.62585274875164,-0.001053222991686198,3264.351737976074,143642.97670960956
223,5,43008000,8.226967811584473,0.2715260541172029,38.574915141332895,2000,0.004138276641169794,4.621683716773987,-0.0011015580139428494,3336.5511322021484,144448.29423214632
224,5,43200000,8.260902404785156,0.27087501276461506,38.54377326089889,2000,0.004421022331410014,4.617389470338821,-0.0010867035625778954,3118.113121032715,144241.1220416982
225,5,43392000,8.302611351013184,0.27317188800225267,38.504229572989665,2000,0.003913013850290255,4.613422274589539,-0.0013953216250115474,3478.030860900879,144401.46690680136
226,5,43584000,8.319058418273926,0.27266147228268284,38.478817352375096,2000,0.00462664272831656,4.607050850987434,-0.0012388346724492294,3415.548927307129,144258.6444592011
227,5,43776000,8.19438648223877,0.2697500139189894,38.52505899230406,2000,0.004817750920735608,4.598839223384857,-0.0005061015172032057,3520.827278137207,143769.54126900897
228,5,43968000,8.205879211425781,0.26730730506763695,38.48626159663157,2000,0.004242520025805184,4.592111811041832,-0.0017850533322416595,3205.9057083129883,144257.89116491773
229,5,44160000,8.282195091247559,0.2721770957402138,38.54867698314289,2000,0.004036862036077463,4.5874156057834625,-0.0015976513391251501,3426.378860473633,144745.70413863225
230,5,44352000,8.196995735168457,0.26887501246649964,38.526191357833646,2000,0.003798154156040255,4.581894591450691,-0.0011924027148779714,3904.466697692871,144427.426180565
231,5,44544000,8.2509765625,0.27153647147497395,38.542481565692775,2000,0.003864730191535881,4.577626660466194,-0.001593284511272941,3342.5260467529297,145123.33245198155
232,5,44736000,8.347179412841797,0.27447396932257107,38.56821035190175,2000,0.0033670046995927516,4.571306824684143,-0.0015962478073561215,2843.011199951172,143584.38644748484
233,5,44928000,8.262078285217285,0.27239063872912084,38.56585421785712,2000,0.006029773747116753,4.5627352595329285,-0.00017253178157261573,3686.5390396118164,145045.13851848475
234,5,45120000,8.297447204589844,0.272937512148322,38.514761267542475,2000,0.004685412359482145,4.553591936826706,-0.0014920467809815818,3278.466018676758,143375.63791663435
235,5,45312000,8.254897117614746,0.27203647114583873,38.60391824195782,2000,0.004602269418091359,4.548083409667015,-0.0010707218616516911,3441.0548095703125,144634.87660061358
236,5,45504000,8.241662979125977,0.27011980411831854,38.45181900200745,2000,0.004214728743895349,4.539623260498047,-0.001538856230553165,3261.178047180176,145583.57032801927
237,5,45696000,8.306561470031738,0.2719687625770651,38.51187738745163,2000,0.004257701315645443,4.529352739453316,-0.0014099965114837687,2994.0137634277344,144306.1304845876
238,5,45888000,8.27259635925293,0.2715781383643237,38.503959282922246,2000,0.003972241406915905,4.5220291912555695,-0.0015573012415188714,3065.6932220458984,144819.7427048973
239,5,46080000,8.300924301147461,0.27225001256374526,38.514886286109686,2000,0.004134341832449234,4.515958219766617,-0.0013398758255220855,3135.0237350463867,143370.7840512814
240,5,46272000,8.302936553955078,0.27211459585608583,38.51033328784009,2000,0.003771910002513326,4.508565336465836,-0.001636221670651139,3499.382957458496,143765.9990923065
241,5,46464000,8.282026290893555,0.2705312621201301,38.54065449349582,2000,0.0034303107161006985,4.503376394510269,-0.001682790496488451,3234.542900085449,143198.9285457982
242,5,46656000,8.232932090759277,0.2688750101515325,38.54301916218052,2000,0.003612974530575838,4.497795090079308,-0.0015848032583107852,3768.1273498535156,144035.61698230935
243,5,46848000,8.372828483581543,0.2744635531798849,38.484831066802144,2000,0.003782443735344712,4.493935123085976,-0.001338090281933546,3035.8282623291016,142029.19276635814
244,5,47040000,8.385958671569824,0.27456251251836267,38.49368351775532,2000,0.004747971236759137,4.486211329698563,-0.000911930359507096,3064.411819458008,144122.14106489
245,5,47232000,8.347959518432617,0.27499480406974425,38.60168606042862,2000,0.004666880197890959,4.48064623773098,-0.0015330515542473222,3559.599151611328,144609.38695856204
246,5,47424000,8.339844703674316,0.27258334632945963,38.51358152615527,2000,0.004510456317696178,4.477351725101471,-0.0010469906192156486,3483.2153549194336,143423.70373007073
247,5,47616000,8.368085861206055,0.2740260557329748,38.57487929612398,2000,0.0034731293119621143,4.472727835178375,-0.0017114377915277146,3463.2837295532227,142861.64065914738
248,5,47808000,8.277273178100586,0.2717291795706842,38.52205691828082,2000,0.004253851633286107,4.46371953189373,-0.001606848921795745,3197.48380279541,143269.46651838213
249,5,48000000,8.28159236907959,0.2706198030706825,38.53221474013602,2000,0.003862889316551446,4.453926607966423,-0.0011200388976249087,3218.213966369629,144391.5312848938
250,5,48192000,8.349041938781738,0.2728281377658277,38.508367781837784,2000,0.004543846224832428,4.448357790708542,-0.0016155292396433651,2937.936134338379,144050.8234344738
251,5,48384000,8.335176467895508,0.27335938819184474,38.49102413111056,2000,0.004600677529245638,4.435276091098785,-0.001774683921439646,3316.1312942504883,143265.7105502991
252,5,48576000,8.350761413574219,0.2732864700677358,38.508103829187654,2000,0.008399823070300044,4.416488960385323,0.0009812532828163967,3101.260139465332,144322.2614354263
253,5,48768000,8.359189987182617,0.2738698045250203,38.52230085075522,2000,0.006081337629778624,4.408333197236061,-0.00039013625882944325,3238.170295715332,142640.85707784657
254,5,48960000,8.389596939086914,0.2740000136715632,38.43626735173166,2000,0.003653658857889243,4.402789860963821,-0.0011691956221966393,3203.5175399780273,143340.81572299093
255,5,49152000,8.337681770324707,0.2742343879708642,38.601138385012746,2000,0.0037123801503354745,4.396006777882576,-0.0014366043165097153,3354.8313217163086,143989.90609348044
256,5,49344000,8.32070541381836,0.27108334645890864,38.471100873546675,2000,0.0035092506576669055,4.387849822640419,-0.0013692393035853456,3537.759376525879,144296.61789392302
257,5,49536000,8.299976348876953,0.27136980469064537,38.54011148509259,2000,0.00365824801461713,4.378797635436058,-0.0015124455226214195,3273.230400085449,143689.98088932314
258,5,49728000,8.339502334594727,0.27344792895200953,38.532806798505284,2000,0.00371195377058757,4.371562510728836,-0.0016178380107589874,3536.828987121582,142419.569433536
259,5,49920000,8.345813751220703,0.2729218869359708,38.48832774086865,2000,0.0030001632039178133,4.362433612346649,-0.001344607656392327,3613.059112548828,143924.16901999692
260,5,50112000,8.356752395629883,0.2737864700920909,38.51226360661288,2000,0.003357894501760411,4.35684509575367,-0.001079463178939477,3420.0031204223633,143848.7274541368
261,5,50304000,8.373120307922363,0.2735989710393672,38.50946284473563,2000,0.004061254117919209,4.350459590554237,-0.001008710098631127,3239.6481857299805,142773.2652642596
262,5,50496000,8.331514358520508,0.2724531376982971,38.53542168958423,2000,0.004725333130646811,4.340949103236198,-0.0009742755557908822,3566.6038513183594,144180.8911125696
263,5,50688000,8.392706871032715,0.27441667863846914,38.54986459327241,2000,0.00487158309558678,4.333538711071014,-0.0012631205306092852,3180.7357177734375,144134.85188274595
264,5,50880000,8.3897066116333,0.27398959569958,38.499362245822944,2000,0.004803676578914749,4.327955812215805,-0.0012452376818430366,3239.1334075927734,144100.59200957566
265,5,51072000,8.328817367553711,0.2720937634967413,38.5757403318615,2000,0.003909996766403009,4.3253190368413925,-0.001310628984356299,3563.832633972168,143107.7416544823
266,5,51264000,8.40566635131836,0.27448959611380513,38.50201832689345,2000,0.004270839895121753,4.319786116480827,-0.0015027530352540452,3287.280960083008,144030.37960754512
267,5,51456000,8.395166397094727,0.27407813869831443,38.48664386120314,2000,0.0040371327172615545,4.309639096260071,-0.0013916044783854886,3456.1301193237305,143973.53550271998
268,5,51648000,8.389955520629883,0.27335938700828893,38.525379959493876,2000,0.0038946836414737243,4.302627727389336,-0.0017095697967306478,3207.83154296875,144683.97384423492
269,5,51840000,8.306017875671387,0.2701302236752478,38.47530632869651,2000,0.0034015226816045477,4.298177003860474,-0.0014302496243772111,3388.242347717285,143489.71824053384
270,5,52032000,8.393454551696777,0.27315626257707964,38.517391569058724,2000,0.00467689311828387,4.292511850595474,-0.0011328202699587564,3007.403923034668,144908.21907424383
271,5,52224000,8.370997428894043,0.27433334623492556,38.490594322172306,2000,0.00378224130013647,4.284347400069237,-0.0013526383925182017,3355.86319732666,143498.84234609947
272,5,52416000,8.361504554748535,0.2726770965430963,38.53192913904786,2000,0.0041809335212892595,4.277468606829643,-0.0013798761528960313,2832.5943908691406,144581.47826152865
273,5,52608000,8.455890655517578,0.2760781373599457,38.514223164257906,2000,0.005093779160515018,4.273199379444122,-0.0008327313225890975,3161.250129699707,144124.16628357215
274,5,52800000,8.419626235961914,0.27431251235915016,38.55045108590275,2000,0.004023476613855263,4.2681616097688675,-0.0014262594909411064,3134.553565979004,145131.1234924409
275,5,52992000,8.396764755249023,0.2729583463921396,38.54672949559366,2000,0.003848898957578062,4.26298351585865,-0.0016224930659518577,3066.1525344848633,142576.54309600143
276,5,53184000,8.342860221862793,0.271359387551153,38.42986315240463,2000,0.004052731687069655,4.258385062217712,-0.0012484077296903706,3279.1041412353516,144926.90906953724
277,5,53376000,8.351093292236328,0.27231251324095257,38.5777489868924,2000,0.0037183998356728545,4.254593461751938,-0.0012973316215720843,3364.932762145996,142546.37521469488
278,5,53568000,8.371039390563965,0.27351042906957446,38.507797328444816,2000,0.004535274174913263,4.249767109751701,-0.001200873397566582,3283.619239807129,143896.78837260196
279,5,53760000,8.371672630310059,0.27376563853916497,38.60840726457536,2000,0.0037059845115873027,4.245915576815605,-0.0010224896941508632,3150.5879974365234,144538.76056967702
280,5,53952000,8.39344310760498,0.27402084652203484,38.516951898578554,2000,0.003672185171308233,4.244170784950256,-0.0011057263081966084,3223.8724212646484,143276.07142828003
281,5,54144000,8.403735160827637,0.2746145979035646,38.5065634365504,2000,0.003946465725224696,4.242381691932678,-0.0016409863101216615,3557.1001586914062,143784.38385116705
282,5,54336000,8.384925842285156,0.2745364715847245,38.579208336770535,2000,0.004091408286794225,4.241936802864075,-0.001478043821407482,2934.504364013672,142968.72068964783
283,5,54528000,8.352266311645508,0.2731718886601205,38.58250093025466,2000,0.0037326781285422217,4.237963140010834,-0.0011225550060771639,3536.6099166870117,143805.7912495553
284,5,54720000,8.44303035736084,0.275770846667001,38.470981632980205,2000,0.00387350471704849,4.235629841685295,-0.0014137742335833536,2850.9891510009766,143506.03368269326
285,5,54912000,8.406867027282715,0.274531262017869,38.4322384292415,2000,0.004275637033043796,4.235643178224564,-0.0014185357831593137,3704.5504760742188,143735.46870477044
286,5,55104000,8.380607604980469,0.2745677197144687,38.522102447226644,2000,0.0033425394340204848,4.232578754425049,-0.0013558453165387618,3633.425148010254,143896.90506050055
287,5,55296000,8.48193645477295,0.2777448051219835,38.503396812205516,2000,0.003763733315950958,4.228568524122238,-0.0014511989426182481,2846.832679748535,143793.4155951514
288,5,55488000,8.403321266174316,0.274640637418391,38.47990514524281,2000,0.003474766947557023,4.225753381848335,-0.001293751600314863,3060.3589401245117,141550.89738023607
289,5,55680000,8.50429916381836,0.2785208458190027,38.556261462780334,2000,0.003927819626386435,4.223837852478027,-0.0015046382386572077,2789.15714263916,142711.80702114015
290,5,55872000,8.455940246582031,0.2788593881820513,38.67183739816149,2000,0.0037009029888892334,4.219208970665932,-0.001498846032518486,3055.127166748047,139188.66698457947
291,5,56064000,8.425474166870117,0.2743281369203032,38.468398277492575,2000,0.004139352543655453,4.215397670865059,-0.0010047402483905898,3322.4437408447266,142433.60223645903
292,5,56256000,8.323616981506348,0.2712812635897232,38.54254479100928,2000,0.004811010977617117,4.210386261343956,-0.001394908292695618,3235.052291870117,102262.76086482924
293,5,56448000,8.418461799621582,0.2749791819339104,38.534981299036495,2000,0.00328623309076162,4.201744079589844,-0.0019960905208336044,3234.46280670166,141901.47642693593
294,5,56640000,8.303126335144043,0.27055730453442567,38.54749358817935,2000,0.004500386780593543,4.195379123091698,-0.0016670493751007598,3552.805938720703,143605.66323119117
295,5,56832000,8.391362190246582,0.2743437635187244,38.5744054329892,2000,0.005652218247560084,4.19469279050827,-0.0006141647442063913,3477.998710632324,142859.33039118513
296,5,57024000,8.312146186828613,0.27143751121426857,38.5131513485685,2000,0.003932744043103106,4.190831393003464,-0.001496639905781194,3737.213966369629,143712.3400267824
297,5,57216000,8.318605422973633,0.27035938753579103,38.51066351868212,2000,0.0040944095118902665,4.186832934617996,-0.0015429832978952618,3442.413017272949,144135.77994212098
298,5,57408000,8.41503620147705,0.27537501273097104,38.5176185577487,2000,0.003629107351807763,4.17921045422554,-0.0011350645269203596,3559.022933959961,143919.46058326392
299,5,57600000,8.375502586364746,0.2730885545291433,38.526113199690975,2000,0.003772211798022909,4.172772452235222,-0.0015218209164231666,3760.5774154663086,144013.33440975143
300,5,57792000,8.343596458435059,0.2719114715697894,38.50106386638557,2000,0.003552306932358383,4.165898725390434,-0.0018363884094014793,3399.816909790039,142926.83053204807
301,5,57984000,8.439352989196777,0.27622397020240896,38.48071281829228,2000,0.0034195520994932532,4.161265596747398,-0.0013072123661004298,3256.955551147461,143785.23363832958
302,5,58176000,8.41469669342041,0.2747448043767993,38.498468871383615,2000,0.004062945552276993,4.15348556637764,-0.0014217262419151666,3115.1475143432617,143768.02744813322
303,5,58368000,8.346430778503418,0.2714010541767493,38.474419983414315,2000,0.0037531802938707767,4.14888608455658,-0.0015094771010808472,3492.7369842529297,143596.15867089006
304,5,58560000,8.38138198852539,0.2744479300781677,38.483357277077936,2000,0.0036456874287760024,4.144873097538948,-0.0016520533694119877,3795.235939025879,142835.09853499185
305,5,58752000,8.413743019104004,0.27484376467449084,38.44378348990964,2000,0.0033448229044552164,4.141109481453896,-0.0012154053893027594,3934.465362548828,142802.48563178082
306,5,58944000,8.403207778930664,0.2748958455922548,38.537396252155304,2000,0.004729113097205605,4.13456691801548,-0.001072272748388059,3094.5935974121094,143851.69526903436
307,5,59136000,8.355748176574707,0.27275522236717126,38.50979118887335,2000,0.0035463844141486317,4.131581142544746,-0.001446709453546191,3716.156608581543,143855.80936585707
308,5,59328000,8.465981483459473,0.27811459748409106,38.50257299207927,2000,0.0035699932427014566,4.127588123083115,-0.0016072932985480293,3492.44384765625,145577.12746274678
309,5,59520000,8.452503204345703,0.27606251388533565,38.45000893824423,2000,0.004037836061324927,4.1200998574495316,-0.001283854876874102,3305.145133972168,144540.91394407983
310,5,59712000,8.39551067352295,0.2733489699821803,38.4765545061479,2000,0.003446146767639831,4.114048033952713,-0.0013008503019591444,3341.8058013916016,144239.4194789326
311,5,59904000,8.478534698486328,0.27763543117847195,38.50260153459385,2000,0.004259000717807798,4.1086829006671906,-0.0008782301595147146,3389.6725158691406,145086.42579946018
312,5,60096000,8.367622375488281,0.27339063871962327,38.54688898473978,2000,0.004040641060244522,4.102289482951164,-0.001085561119907652,3532.6663513183594,144172.48659409478
313,5,60288000,8.435405731201172,0.2757968882736653,38.53889995549495,2000,0.004656013394958185,4.093465194106102,-0.001417134285532029,3179.4039154052734,144448.87455089483
314,5,60480000,8.40897274017334,0.2744218865700532,38.49663968446354,2000,0.0029324319467098903,4.090756341814995,-0.0015166075063461903,3115.1711502075195,143309.93764377167
315,5,60672000,8.511188507080078,0.2780468890547733,38.48707775802662,2000,0.0037004398663581656,4.086750105023384,-0.0011919171856789035,3047.1716079711914,144286.4467603271
316,5,60864000,8.40990924835205,0.2748906382785208,38.51220041932538,2000,0.003378195653761698,4.0790131986141205,-0.0016302372682730493,3516.7585830688477,144131.05634934755
317,5,61056000,8.45720386505127,0.27713022059348685,38.52816935287168,2000,0.003795998130660644,4.076879411935806,-0.0017815219916883507,3078.768928527832,144561.86923197872
318,5,61248000,8.473106384277344,0.2762500141446556,38.423987968203924,2000,0.003390048281273872,4.075157269835472,-0.0015566390029562172,2962.1226119995117,145554.45657053692
319,5,61440000,8.443705558776855,0.2747812632702941,38.51022897474468,2000,0.0039072037042788,4.0714413076639175,-0.0015937308812681295,3198.665481567383,143929.97256292627
320,5,61632000,8.392436981201172,0.27369793001101544,38.530211388133466,2000,0.003838063210352023,4.067405432462692,-0.0014842743065344166,3497.398597717285,145655.3835955351
321,5,61824000,8.392120361328125,0.27410418027344957,38.564205107589565,2000,0.0035668369025540145,4.063923493027687,-0.0015370738349247404,3539.387046813965,144343.6378888857
322,5,62016000,8.497479438781738,0.27723959674949583,38.44998613217225,2000,0.003966874287820249,4.055450662970543,-0.0015206693724394427,3000.0909423828125,144121.48623282937
323,5,62208000,8.520303726196289,0.2776927210610059,38.4953992953524,2000,0.004251565372697469,4.0467106103897095,-0.001128426602917898,2848.7981491088867,143276.5693407804
324,5,62400000,8.401019096374512,0.27393751201149524,38.508054808480665,2000,0.003663808948297327,4.044121325016022,-0.0010286902625011862,3167.7893447875977,144638.9060623386
325,5,62592000,8.471944808959961,0.27695834638567857,38.50710558270415,2000,0.00381535486634918,4.043302848935127,-0.001715999414500402,3229.7840881347656,144147.2726393396
326,5,62784000,8.461286544799805,0.275666680170616,38.45515352611741,2000,0.0030557456073098954,4.039499565958977,-0.0014333705349827142,3049.3176193237305,144361.4471404434
327,5,62976000,8.423540115356445,0.27394272059185215,38.482471448369324,2000,0.0038810310518892985,4.038077116012573,-0.0011379212555766571,3425.057228088379,144410.78467040337
328,5,63168000,8.42981243133545,0.27448438809612224,38.45972425894191,2000,0.0037974255165463544,4.034067168831825,-0.0018350055895552941,3637.445426940918,144367.802927417
329,5,63360000,8.45953369140625,0.27640105489202443,38.537428449839354,2000,0.0035499630815708505,4.031669870018959,-0.0014185764266585466,3099.301872253418,143804.12145820112
330,5,63552000,8.455148696899414,0.275291679490086,38.42975975448886,2000,0.00443591813573585,4.028271839022636,-0.0016123907783480718,2917.2725219726562,144972.6312775682
331,5,63744000,8.369555473327637,0.2729270963300223,38.51580997928977,2000,0.0037340683030197414,4.020844429731369,-0.001559706965508667,3706.810447692871,144182.76650764828
332,5,63936000,8.548880577087402,0.2793958450432304,38.412460335840784,2000,0.0038449251833468853,4.015087991952896,-0.0017259148041617323,2664.3654022216797,144730.25669848768
333,5,64128000,8.482171058654785,0.27676042933308054,38.498463956336,2000,0.004170263155479914,4.005479708313942,-0.0009964500768546714,3023.834686279297,142271.6238841902
334,5,64320000,8.459458351135254,0.2748333447858992,38.47130101143072,2000,0.004080689943832115,4.0014529302716255,-0.001294061820317438,3034.532745361328,143859.3973633148
335,5,64512000,8.445475578308105,0.2750989704721481,38.463800671199955,2000,0.0034680408937783833,3.997085489332676,-0.0018368910371009406,3263.031806945801,144093.64657113585
336,5,64704000,8.447510719299316,0.2764791801625203,38.55879972254237,2000,0.0030018866064929206,3.995647355914116,-0.0013453609872158268,3405.357353210449,140292.25820347076
337,5,64896000,8.335906028747559,0.27054688589729875,38.43231590309491,2000,0.0027171296390624752,3.9915076941251755,-0.0014283926750522369,3731.7131958007812,144226.31600745468
338,5,65088000,8.413010597229004,0.2724583439424653,38.43664181791246,2000,0.0034099798391738073,3.9853451922535896,-0.0015413901209058167,3409.459373474121,143797.05519107834
339,5,65280000,8.529279708862305,0.27766667984239274,38.420760384295136,2000,0.0033511354270000723,3.9776936918497086,-0.0010450046179357741,3024.0890579223633,143186.71136424798
340,5,65472000,8.453817367553711,0.2759843886839614,38.52595735542127,2000,0.003461859825295205,3.971539720892906,-0.0013549025186421204,3058.5395736694336,143922.75431871018
341,5,65664000,8.444160461425781,0.27735417895443487,38.55647279943029,2000,0.003675550598372261,3.9677781015634537,-0.0015764933177706553,3825.637062072754,142685.14069937967
342,5,65856000,8.433277130126953,0.27464063621846435,38.483392265314855,2000,0.0028621350894051517,3.963247500360012,-0.0013489748707797844,3111.284133911133,143521.05052088574
343,5,66048000,8.421717643737793,0.2738333455818065,38.460766382825874,2000,0.003049882313258423,3.959545746445656,-0.0014685132300655823,3391.884162902832,143267.95080841737
344,5,66240000,8.496437072753906,0.2769375129173568,38.41199479841938,2000,0.0035087867872086176,3.955244168639183,-0.001648572696208106,3382.920852661133,143802.48552478247
345,5,66432000,8.451142311096191,0.27551563827122055,38.48785946704447,2000,0.003066266339049134,3.9515992403030396,-0.0015612705210514832,3125.6488876342773,143712.30022660832
346,5,66624000,8.420302391052246,0.2736406395051745,38.48749251166979,2000,0.00329303535002691,3.946681469678879,-0.0014647963862444158,3617.514762878418,142401.2801230711
347,5,66816000,8.474752426147461,0.2755520966772262,38.452981879003346,2000,0.00349519568885686,3.9421332478523254,-0.0016751646562624956,3036.398468017578,143399.40536197752
348,5,67008000,8.38560676574707,0.2724843878574272,38.471934328476586,2000,0.00391137152101631,3.9391347244381905,-0.0018139783874175919,3229.317413330078,143491.92390281075
349,5,67200000,8.359067916870117,0.27176563779600355,38.4772897263368,2000,0.0035591315679218208,3.937341384589672,-0.0018272561055709957,3645.7367095947266,142831.57430733342
350,5,67392000,8.505885124206543,0.2770364724237879,38.493161491428815,2000,0.003246433051503121,3.936800956726074,-0.0017535685224174813,3295.6240310668945,143548.695962586
351,5,67584000,8.422792434692383,0.2738437612824782,38.48722315082947,2000,0.003262220700931115,3.93680602312088,-0.0010368797293267562,3386.405471801758,142228.71996743683
352,5,67776000,8.440013885498047,0.27530730274884263,38.524871724657714,2000,0.0033182678556040665,3.935668960213661,-0.0012362499592200038,3111.086265563965,142881.62292293113
353,5,67968000,8.41648006439209,0.27355730419913016,38.55944187846035,2000,0.004079545840868379,3.931603766977787,-0.0009713835169691265,3100.7097396850586,143377.54092389435
354,5,68160000,8.521469116210938,0.2782031395375573,38.53351256530732,2000,0.0036948548235377562,3.927470527589321,-0.00147577231791729,2741.796272277832,143030.73289448876
355,5,68352000,8.39633846282959,0.2736823042056737,38.57163555982212,2000,0.0029245356790476434,3.925359971821308,-0.0014750228870070714,3611.6200942993164,142910.66960350325
356,5,68544000,8.422691345214844,0.27421876252750127,38.47519501205534,2000,0.003510810564142354,3.923276834189892,-0.0015975847595655068,3067.939254760742,143051.0571864539
357,5,68736000,8.352044105529785,0.27123959643116297,38.5252091443787,2000,0.0035585402400756735,3.923735737800598,-0.0016942334405030124,3206.5000610351562,143330.98111074188
358,5,68928000,8.447607040405273,0.2747291797628956,38.49075203947723,2000,0.0035213975732525174,3.920794501900673,-0.001493025515401314,3242.150215148926,142945.6713229171
359,5,69120000,8.566234588623047,0.279755221912031,38.49885837640613,2000,0.0033638093328627328,3.9166329875588417,-0.0013164004067220958,2946.4195709228516,141077.02342511772
360,5,69312000,8.43435001373291,0.2740312637221602,38.47309618381163,2000,0.0028719764321831487,3.915706515312195,-0.001548017786717537,3619.1825637817383,142765.5059889879
361,5,69504000,8.487518310546875,0.2766354277179441,38.54323568940163,2000,0.0033109814914957167,3.9129914343357086,-0.001396627199028444,3293.301315307617,143552.18966436025
362,5,69696000,8.515241622924805,0.277421888926862,38.55342132349809,2000,0.003150675117241916,3.9101731032133102,-0.0013808633420921979,3140.327590942383,142272.3548896841
363,5,69888000,8.467530250549316,0.2758281364846577,38.494177824507155,2000,0.004016557641366186,3.903110943734646,-0.0015058623600907595,3275.7778091430664,141931.82875555084
364,5,70080000,8.465540885925293,0.2760781385847319,38.53229737157623,2000,0.0031223233662118835,3.8939428701996803,-0.0015289325860976533,3482.4306259155273,142413.3590944095
365,5,70272000,8.410428047180176,0.27328126326635055,38.52001249914368,2000,0.003289885483182542,3.8872950449585915,-0.0017080372482496387,3778.198066711426,141640.51511615035
366,5,70464000,8.565485954284668,0.2802135546341257,38.533164486289024,2000,0.0028923215500241614,3.8831225782632828,-0.001656128069157603,3232.564743041992,143759.32342285686
367,5,70656000,8.5652437210083,0.28056251303011476,38.53513151888425,2000,0.0030195211568655733,3.881097674369812,-0.0016906501960534115,3093.221725463867,142449.11728778484
368,5,70848000,8.504040718078613,0.27753647227655165,38.53178432025015,2000,0.0032967413853475583,3.8783284947276115,-0.0013366255843720865,3331.4852752685547,144059.48778291378
369,5,71040000,8.519563674926758,0.2771875143741151,38.46149563447883,2000,0.003208111541097118,3.8747600317001343,-0.001431154086276365,3031.609893798828,142435.1758938282
370,5,71232000,8.463228225708008,0.2759948046690018,38.43726143365105,2000,0.0029037793445022553,3.871452398598194,-0.001016899469505006,3454.000419616699,144058.76942477722
371,5,71424000,8.49502944946289,0.2774062632379355,38.521874075677864,2000,0.0033400852727306016,3.8674505949020386,-0.0012559438068819873,3138.280372619629,145015.72096037667
372,5,71616000,8.419178009033203,0.27416668007754197,38.54838912546014,2000,0.0033239659288519796,3.8658177331089973,-0.001427183142368449,3377.982749938965,144769.62031027235
373,5,71808000,8.452353477478027,0.27601043031730416,38.52370865239451,2000,0.00343038972420618,3.8656666427850723,-0.0012855014697379374,3227.812568664551,145040.59421631607
374,5,72000000,8.451138496398926,0.27467188612778654,38.53481435977543,2000,0.0036042690731568072,3.865172177553177,-0.0017918806815941934,3113.2236099243164,143290.1212531046
375,5,72192000,8.572439193725586,0.27935938957913703,38.434653613716364,2000,0.0030403573608612858,3.863120384514332,-0.001377085307467496,2804.5454864501953,143996.6761963482
376,5,72384000,8.4148588180542,0.2727135566353051,38.44774383562617,2000,0.003506833492579367,3.859834723174572,-0.0017846919736257405,3253.2057189941406,143202.00236798177
377,5,72576000,8.543563842773438,0.27958334608047153,38.5727641947257,2000,0.003740988706781842,3.8569167852401733,-0.0009999386718391179,3271.2946701049805,144775.31495605485
378,5,72768000,8.453031539916992,0.2752135549205074,38.49018434326475,2000,0.0033349530071403316,3.8533430323004723,-0.0012976827445072558,3542.009307861328,143605.12994628918
379,5,72960000,8.47545337677002,0.27555209657475643,38.56747962410251,2000,0.003086330453629972,3.8516028001904488,-0.0016769338735684869,3358.539680480957,144411.95112082124
380,5,73152000,8.575409889221191,0.27875001345152367,38.50410619471222,2000,0.003696051420517807,3.8486912101507187,-0.0015584633385969937,2915.0898208618164,143904.65330996836
381,5,73344000,8.465042114257812,0.2746250141311369,38.392792062213026,2000,0.003720468714391849,3.843631260097027,-0.0011928089875254955,3506.357131958008,143664.82189083679
382,5,73536000,8.514684677124023,0.2767187629366769,38.52141148193429,2000,0.0031032100376372287,3.841627836227417,-0.0013279282406983839,3357.464141845703,144451.67775147784
383,5,73728000,8.437278747558594,0.2728073032873605,38.51647091532747,2000,0.0029620666808684026,3.8379159420728683,-0.0017493102704975172,3415.719902038574,143718.28066206985
384,5,73920000,8.46774959564209,0.27574480456375267,38.54742440255359,2000,0.0032936291314545063,3.8319550901651382,-0.0014783309966333036,3160.996292114258,142985.94329587373
385,5,74112000,8.434603691101074,0.27346355371143244,38.50428217540806,2000,0.0033812343595006206,3.82795100659132,-0.0013964874337943911,3155.064727783203,142064.49306727547
386,5,74304000,8.413192749023438,0.27279167900269385,38.53424322651699,2000,0.002790917484688786,3.8248394951224327,-0.0016070233650680166,3407.0672302246094,144842.75970408876
387,5,74496000,8.429333686828613,0.27452084814831323,38.57779330946505,2000,0.002810312771439692,3.821685515344143,-0.0016956073009168904,3654.9871368408203,141989.93121583672
388,5,74688000,8.54715347290039,0.2785208460706296,38.52105258630278,2000,0.002841539970192118,3.822305791079998,-0.001895492991025094,3226.280342102051,144295.8524937167
389,5,74880000,8.451217651367188,0.27350522097670665,38.524043924873695,2000,0.0027517280205872074,3.821622595191002,-0.0015855554811423644,3436.190948486328,143315.48839388345
390,5,75072000,8.452951431274414,0.2744635551553074,38.52853331093987,2000,0.0035488197737916713,3.8163200318813324,-0.0010288909160180992,3302.043975830078,143159.3595088304
391,5,75264000,8.36950969696045,0.27119792917559,38.589741238082446,2000,0.00366185196081157,3.81219382584095,-0.0016919181593948451,3874.051239013672,144456.97961598937
392,5,75456000,8.527721405029297,0.27737501415685983,38.54854693636298,2000,0.0032722278928389026,3.80789428204298,-0.0015019805468909908,3128.665786743164,143892.74504681275
393,5,75648000,8.478231430053711,0.27481771928857296,38.51087593147531,2000,0.003234309736139647,3.8016817942261696,-0.0013413394108283683,3272.801071166992,143781.615423403
394,5,75840000,8.47014331817627,0.27551043002980197,38.48621487935694,2000,0.003305755019590531,3.7946158051490784,-0.001374183599693879,3384.640167236328,143606.32906450174
395,5,76032000,8.470001220703125,0.2759687642240654,38.51189639419317,2000,0.0034399885848712675,3.7909211963415146,-0.0015316180936224555,3324.8531036376953,144110.09510646184
396,5,76224000,8.53743839263916,0.277390637378024,38.41439506659905,2000,0.002830286257456467,3.7868332490324974,-0.0014089373931938098,3311.7406311035156,142316.49414481706
397,5,76416000,8.524053573608398,0.27679167712085473,38.460726235294715,2000,0.003019790314998924,3.7811064571142197,-0.0014079052704687456,3306.9702758789062,143499.91356573039
398,5,76608000,8.487208366394043,0.27520834830769064,38.45325868887206,2000,0.0038142832436133187,3.7747410982847214,-0.0014282602750199658,3335.181167602539,143840.6729380679
399,5,76800000,8.50777530670166,0.27715626287863415,38.53747405546407,2000,0.0032395894586394816,3.7686456069350243,-0.0016359375877073035,2966.731460571289,143070.32093772275
400,5,76992000,8.522257804870605,0.2783854300469102,38.55373117110381,2000,0.002960112633297589,3.7656444311141968,-0.0014783477577111626,3127.277214050293,143412.30737117128
401,5,77184000,8.543705940246582,0.2776718876442222,38.453767280715205,2000,0.0030618586773683426,3.7633709609508514,-0.0012153054258305929,3111.164939880371,141958.1291002276
402,5,77376000,8.4490385055542,0.275692721598413,38.599512082214154,2000,0.003218327377859778,3.7603986337780952,-0.0010609892051434144,3301.040672302246,143686.34026157545
403,5,77568000,8.486162185668945,0.27500522066535876,38.49971896167941,2000,0.00296996988912724,3.758526287972927,-0.0016004497875314883,3418.014144897461,143120.35332806018
404,5,77760000,8.47518253326416,0.27596355422489677,38.529825530946255,2000,0.0033453943715891638,3.75592702627182,-0.0016530810798940365,3170.0738372802734,143391.32579668146
405,5,77952000,8.527810096740723,0.2768541797953124,38.51252389093861,2000,0.003563243097950669,3.755567751824856,-0.0015574508295230771,3333.7514038085938,143761.6972334068
406,5,78144000,8.554048538208008,0.27823438787345367,38.49576742186522,2000,0.003576357424181574,3.7534757927060127,-0.001372813592752209,2980.983917236328,141991.80927216413
407,5,78336000,8.484817504882812,0.2769791801147221,38.640178579837084,2000,0.0029734307865995416,3.752602458000183,-0.0012862277814917888,3106.4993209838867,143201.11096915207
408,5,78528000,8.404179573059082,0.27223438677780604,38.477679159860905,2000,0.0030151300412556634,3.7527374923229218,-0.0011982844953308813,3626.374542236328,143799.3940573762
409,5,78720000,8.587035179138184,0.2794739700141993,38.549385202738144,2000,0.0029964620773777553,3.7504716590046883,-0.0016580102575289857,2859.738670349121,142841.26441345955
410,5,78912000,8.508846282958984,0.2773906388235143,38.564964957224824,2000,0.003349910461997452,3.747175171971321,-0.0011837447218567831,3435.500556945801,142836.8473770262
411,5,79104000,8.450636863708496,0.2742135553168434,38.502673643020294,2000,0.0032256317051772704,3.744633287191391,-0.0016070591177594906,2989.713996887207,142251.30818957722
412,5,79296000,8.460524559020996,0.27430730530553166,38.524132415652275,2000,0.0032740568096802855,3.7418805360794067,-0.0013499890019375016,3348.9758911132812,144399.98688137037
413,5,79488000,8.533417701721191,0.2778020971860921,38.54615032020956,2000,0.0030066866349928514,3.7379510030150414,-0.0014375173866483237,3145.142417907715,143886.76485812772
414,5,79680000,8.533522605895996,0.27726043128738337,38.55720315345874,2000,0.0033429521244555255,3.735245957970619,-0.0015122978747967863,2886.1499786376953,142821.35962548733
415,5,79872000,8.584843635559082,0.2808073060186871,38.53257684999456,2000,0.0036847710293392705,3.7328991740942,-0.0018379380608166684,3056.4051818847656,143162.77652977686
416,5,80064000,8.53114128112793,0.2774739720225625,38.52242799475789,2000,0.0037246967315586535,3.730370879173279,-0.0011590436406549998,3315.5517044067383,142474.93190738728
417,5,80256000,8.469991683959961,0.27537501293105987,38.54039934122314,2000,0.0028928030337713947,3.726438619196415,-0.001687474844402459,3183.412742614746,144336.78032256043
418,5,80448000,8.465302467346191,0.2753177210627958,38.56323186183969,2000,0.0030376275357630253,3.724535346031189,-0.0013134118157722696,3438.6112747192383,143428.4733177375
419,5,80640000,8.484137535095215,0.27631772277648753,38.56273677654099,2000,0.0032122677076743753,3.7226963490247726,-0.0013517115403374191,3305.1381301879883,143529.84288078776
420,5,80832000,8.484326362609863,0.2753906369689503,38.49927784766381,2000,0.0026827587698426206,3.718235395848751,-0.0015170296346695977,3423.375801086426,143296.52871603484
421,5,81024000,8.457815170288086,0.2749375135887628,38.55073821855088,2000,0.003051792690364284,3.7158918231725693,-0.0015242658441820822,3579.0059204101562,142071.5325261868
422,5,81216000,8.542755126953125,0.27838022132103407,38.55069459602237,2000,0.0034110482485339155,3.712053433060646,-0.001846004706749227,2786.712112426758,143496.20190947826
423,5,81408000,8.453824996948242,0.27434376293422247,38.49795069467897,2000,0.003412351212182939,3.706345282495022,-0.0014793939785704424,3352.4873428344727,143215.51581788677
424,5,81600000,8.493783950805664,0.2756041799621016,38.490063581382856,2000,0.003538119217417264,3.702169544994831,-0.0015554935783370638,2969.285499572754,143942.52022756953
425,5,81792000,8.542344093322754,0.27734376350842166,38.54989465201894,2000,0.003972065409145825,3.697417974472046,-0.001439095642126631,3215.590103149414,142877.01264926404
426,5,81984000,8.438385009765625,0.2736406391116664,38.4762578556935,2000,0.0033963098182139204,3.693846710026264,-0.001219249383893839,3373.8867797851562,143275.06673924674
427,5,82176000,8.578369140625,0.2807708467759464,38.57972618254522,2000,0.002905892887075122,3.6910970956087112,-0.0013785970563731098,3376.8884353637695,142331.8963308538
428,5,82368000,8.551153182983398,0.27836980476604367,38.538119085753955,2000,0.0025368911088286678,3.6883513927459717,-0.0012658425639529014,3389.5677795410156,143342.79303881657
429,5,82560000,8.567825317382812,0.2787604292904386,38.5568665942798,2000,0.0034664363558949834,3.686393193900585,-0.0016040838545450242,2920.7591705322266,142585.44470112748
430,5,82752000,8.52345085144043,0.276760428396301,38.46493571499983,2000,0.0032904704267639334,3.6836486160755157,-0.0016571675282648357,3052.9287872314453,143564.97039587225
431,5,82944000,8.534347534179688,0.2779843896702611,38.516598703339696,2000,0.0031271457298559374,3.6807498037815094,-0.0013560602696998103,3280.1950073242188,142385.20846126415
432,5,83136000,8.504108428955078,0.2767291785021371,38.528388839486674,2000,0.0026221370049424875,3.678574711084366,-0.0015255745383910835,3347.8430252075195,142975.38126428577
433,5,83328000,8.576115608215332,0.28034897253019153,38.568564462165035,2000,0.0027427380455186112,3.6764029636979103,-0.0014808173928031465,2957.676856994629,143708.85369591572
434,5,83520000,8.516522407531738,0.2773802203507027,38.59962158836424,2000,0.0028916780493940114,3.6731946915388107,-0.0014197795464951923,3338.795280456543,143067.7497617862
435,5,83712000,8.565153121948242,0.2782656387874643,38.504091571085155,2000,0.0031757404355982274,3.672175519168377,-0.0013360661846490984,2853.254837036133,142996.48410012908
436,5,83904000,8.478253364562988,0.2758906371879372,38.53929734074821,2000,0.002648459958511616,3.6698740646243095,-0.0008225384717661655,3641.9201049804688,141137.41869611217
437,5,84096000,8.53418254852295,0.2775781373135639,38.493153275145836,2000,0.002640793750784118,3.6687410101294518,-0.0013728116991842398,3316.7127990722656,144048.71597813815
438,5,84288000,8.604776382446289,0.2797656385779798,38.426515816400446,2000,0.003399021403184939,3.6673062667250633,-0.0014773914376746689,2890.5621948242188,143215.6186905291
439,5,84480000,8.549184799194336,0.27836980537176714,38.513145758770406,2000,0.0030095074927188187,3.663731835782528,-0.0015638964177924208,3202.231544494629,143885.9410381296
440,5,84672000,8.480670928955078,0.27475522198680363,38.520884284439184,2000,0.0023713982678564213,3.659030854701996,-0.0013674089166215708,3500.822540283203,142349.7493542672
441,5,84864000,8.583884239196777,0.2799791813486081,38.58803043949107,2000,0.003980214924764976,3.6573269367218018,-0.0010189187869400484,3271.8845138549805,142483.5876750329
442,5,85056000,8.528135299682617,0.2775156386699867,38.646486554294825,2000,0.002576841716488462,3.6551988646388054,-0.0012053602422383847,3628.5177688598633,142006.0029349889
443,5,85248000,8.432279586791992,0.2739948070381312,38.571276016533375,2000,0.0026827341635519905,3.6534620225429535,-0.001446861370368424,3912.606376647949,142942.7142807215
444,5,85440000,8.484578132629395,0.27515105414264934,38.518084052066115,2000,0.0029140216226357235,3.651799961924553,-0.0015592306308462867,3408.1083374023438,141480.6762000354
445,5,85632000,8.539533615112305,0.2777604290646802,38.52650385567298,2000,0.0024118417804296147,3.6480718329548836,-0.0013909925824009406,3114.6541137695312,142149.90635213864
446,5,85824000,8.502041816711426,0.2769687620190477,38.554859490444265,2000,0.002466536952781706,3.6452158391475677,-0.0015962373177416112,3497.170341491699,142360.9471646751
447,5,86016000,8.528563499450684,0.27740626453972556,38.575284872824945,2000,0.002744947906788489,3.6433395221829414,-0.0014495241633767364,3302.4011764526367,141160.11967878073
448,5,86208000,8.411675453186035,0.27186980527464283,38.505453498723604,2000,0.003138859937355541,3.6409598663449287,-0.00161991953245888,3775.534698486328,143236.34338752908
449,5,86400000,8.497588157653809,0.27595313735522115,38.547799710805215,2000,0.0029496691655537394,3.640526808798313,-0.001579853875568915,3449.6137771606445,141799.75862109027
450,5,86592000,8.500343322753906,0.2760520974231137,38.52064511769762,2000,0.003208023869294266,3.6390127912163734,-0.0013047690545135993,3243.3857803344727,143199.21456334522
451,5,86784000,8.440802574157715,0.2729739701444487,38.49791414321711,2000,0.0026035508476925304,3.637810379266739,-0.0010336337055036893,3767.004913330078,142719.56300444837
452,5,86976000,8.624614715576172,0.2798333448802926,38.462549680300675,2000,0.0026173119167069714,3.6364124342799187,-0.0010673280847868227,2973.1821212768555,142193.42184145568
453,5,87168000,8.489130973815918,0.2758958447466284,38.50593625512556,2000,0.0029404381529044843,3.634458117187023,-0.0014185045429258025,3425.1328659057617,144177.196549428
454,5,87360000,8.55615234375,0.2770885551393197,38.52149423211813,2000,0.0029564133437888843,3.631095513701439,-0.0017684111992366525,2999.318519592285,142867.72995149138
455,5,87552000,8.571710586547852,0.2788073061650114,38.52503198467699,2000,0.0027960970928785772,3.6285282149910927,-0.0013294573172970559,3566.360595703125,143102.53229038158
456,5,87744000,8.538119316101074,0.2773229302929394,38.52611557673663,2000,0.002766201411555813,3.6286556273698807,-0.0012239381848075936,2858.3924713134766,144236.69234008723
457,5,87936000,8.518189430236816,0.27713022156058287,38.58455801196396,2000,0.0032345501458476075,3.626665733754635,-0.0017833853880802053,3353.1610260009766,142519.21654105908
458,5,88128000,8.587407112121582,0.2793125127567085,38.54597761621699,2000,0.002924399223898949,3.62466948479414,-0.0014787913551117526,2773.289970397949,142499.24889203717
459,5,88320000,8.559653282165527,0.27867188740492566,38.53034514654428,2000,0.002545623803906591,3.623034603893757,-0.001741699058584345,3233.3146743774414,142819.7767832762
460,5,88512000,8.59349250793457,0.27945834702889744,38.550860634073615,2000,0.0034550882753622628,3.6196264550089836,-0.0014002419497955998,2749.6573944091797,143962.10363173447
461,5,88704000,8.505558967590332,0.27634376201118965,38.563966105381645,2000,0.0024561131446086334,3.6170972883701324,-0.0013613997653010301,3262.0370559692383,143174.92525006869
462,5,88896000,8.662521362304688,0.28183334688825806,38.565012852971755,2000,0.0025673686029737547,3.616390362381935,-0.0011934483090954018,2723.6493606567383,142414.8360728587
463,5,89088000,8.56536865234375,0.2794583471762356,38.564378202116735,2000,0.0022179277357924285,3.614168770611286,-0.0013756317098341242,3150.184730529785,143353.72067916932
464,5,89280000,8.515262603759766,0.27636980435333197,38.5913652429978,2000,0.002461304801812128,3.6122281551361084,-0.00130460966101964,3533.422637939453,143827.85233618057
465,5,89472000,8.583252906799316,0.2795937632921171,38.5158489930133,2000,0.0023811437436027857,3.6118812933564186,-0.0012843524363006509,3098.1279907226562,142146.8017615463
466,5,89664000,8.518987655639648,0.2761145959132894,38.58906958748897,2000,0.002099943076402877,3.610762394964695,-0.0010026495347119635,3390.4931716918945,142815.56610268404
467,5,89856000,8.446131706237793,0.27357292868812993,38.472787145059556,2000,0.0018068618696746239,3.608959086239338,-0.0008224856455854024,3468.1079483032227,142512.2109254455
468,5,90048000,8.525486946105957,0.27714584546326176,38.50766171421856,2000,0.0024618354965393052,3.6080625876784325,-0.0013326444401400295,3525.66365814209,142661.98179640752
469,5,90240000,8.575990676879883,0.2799531378465569,38.56979519780725,2000,0.0027456351572776247,3.608460210263729,-0.0017106940319990827,3009.482376098633,142950.49229196357
470,5,90432000,8.532760620117188,0.2774166792454101,38.50702948650966,2000,0.00269995606181328,3.6068138256669044,-0.0014491914125756011,3477.4029083251953,142155.821132192
471,5,90624000,8.565872192382812,0.27802605615822057,38.56048177368939,2000,0.0023823120761032116,3.605071537196636,-0.0013427083899841818,2997.9406204223633,142996.8164881069
472,5,90816000,8.552773475646973,0.2783125138885225,38.56475280225277,2000,0.0027578968311524205,3.6041973680257797,-0.0015662891719330219,3096.1441650390625,143353.02111415085
473,5,91008000,8.574410438537598,0.279187513553552,38.595906388635434,2000,0.002915460778981166,3.601988710463047,-0.0015625523083144799,3256.4182662963867,144016.98168883738
474,5,91200000,8.562756538391113,0.279744807865427,38.60975616301099,2000,0.002634177217546191,3.6003845930099487,-0.0014145397344691446,3502.4239349365234,143900.6927977839
475,5,91392000,8.528470039367676,0.27668230424145196,38.497223656003676,2000,0.002982156403360324,3.5986806079745293,-0.0012199308591789304,3018.310745239258,144508.98169270303
476,5,91584000,8.504680633544922,0.27571876275518054,38.56499006319791,2000,0.0026251276088939124,3.5979310423135757,-0.001573494871990988,3287.352554321289,145093.88777851217
477,5,91776000,8.541524887084961,0.2782343861775492,38.54986108948166,2000,0.002552847056357374,3.596126861870289,-0.001415358878148254,3228.203125,140632.80052157663
478,5,91968000,8.545750617980957,0.27670834571593633,38.50127343887774,2000,0.0024006129796337802,3.5935441851615906,-0.001235624046785233,3388.3930740356445,143646.620945435
479,5,92160000,8.511331558227539,0.2765416807493845,38.52401359844953,2000,0.0022124745888607647,3.5908570140600204,-0.0013825806806835317,3308.7560653686523,142801.47833114397
480,5,92352000,8.536345481872559,0.2768698042952262,38.496103119881205,2000,0.0034310591394605613,3.589935138821602,-0.0014360455352289136,2993.716438293457,143174.53630446692
481,5,92544000,8.474014282226562,0.27405730472310097,38.404568330695234,2000,0.0026860488137560104,3.588462993502617,-0.0012237135283612588,3508.7287673950195,144318.74631490465
482,5,92736000,8.524874687194824,0.2772343877392511,38.537147228606045,2000,0.0022024823757874415,3.585914820432663,-0.001279198230804468,3349.0803985595703,144602.81537461298
483,5,92928000,8.45883846282959,0.27439063759690424,38.567023251516126,2000,0.0026199490676490356,3.5850380435585976,-0.0014035274280104204,3617.9838333129883,143221.6395842836
484,5,93120000,8.516007423400879,0.2764895955751854,38.54051447504511,2000,0.002190340017587007,3.584658905863762,-0.001479437451166632,3660.8062286376953,144544.67048081712
485,5,93312000,8.558876037597656,0.27725001163647295,38.517278591791786,2000,0.0019773019059766764,3.5834313333034515,-0.0012665688092283744,3357.155143737793,143710.65809809545
486,5,93504000,8.549087524414062,0.27844272148649907,38.55742780600364,2000,0.0020043959863348115,3.581062391400337,-0.0014941063759579265,3316.738311767578,144312.4577565924
487,5,93696000,8.562519073486328,0.2779218890282209,38.560823284089565,2000,0.001993123340163945,3.579064220190048,-0.0010936624789792404,3447.284942626953,143267.6183348532
488,5,93888000,8.536480903625488,0.27781771970512636,38.57170422064761,2000,0.0027454767138612307,3.576742671430111,-0.0014948603266020655,3073.831398010254,144217.22178457386
489,5,94080000,8.548356056213379,0.2763125126572656,38.437618882084884,2000,0.0026873442683390744,3.5752831920981407,-0.0013880850483474205,3190.5650024414062,142970.49910169092
490,5,94272000,8.557977676391602,0.2778020975947584,38.50629614728192,2000,0.002556244948084596,3.5744435116648674,-0.0014505750912121584,3147.818145751953,144774.0249517974
491,5,94464000,8.613720893859863,0.2793750145368297,38.523185461953595,2000,0.0027539431261733027,3.573658511042595,-0.0013151847001608985,2743.747245788574,142824.178738256
492,5,94656000,8.525511741638184,0.2763177227752749,38.49441791449984,2000,0.0023639975470893387,3.5707171708345413,-0.0014659239179763972,3118.1794509887695,144317.46400166812
493,5,94848000,8.558903694152832,0.27856772254623746,38.621413884063564,2000,0.0022342477195331084,3.5679337233304977,-0.0013347778508432384,3402.1646270751953,142597.9284710546
494,5,95040000,8.436002731323242,0.27298959712728293,38.542625919294856,2000,0.0014620547137070977,3.5651399567723274,-0.001192155994431232,3484.9892959594727,144046.8678436415
495,5,95232000,8.556370735168457,0.2779739703419182,38.57745364867151,2000,0.002623995493956803,3.5653220638632774,-0.0014876124088232245,3103.8888778686523,144333.24952373552
496,5,95424000,8.495438575744629,0.27527605538186134,38.544925299162664,2000,0.0018940328038212703,3.565219037234783,-0.0009755182627486647,3400.8529510498047,144378.687432493
497,5,95616000,8.572653770446777,0.2789791805880668,38.632208313172065,2000,0.0026253243453866204,3.5644844844937325,-0.001311652951699216,3075.1162185668945,144040.301575932
498,5,95808000,8.539327621459961,0.2777968873530578,38.575370866184436,2000,0.0025225809004617364,3.562883399426937,-0.0014271145118982531,3470.1744384765625,143475.6959403283
499,5,96000000,8.560032844543457,0.2775364718666727,38.59044146661957,2000,0.0023389315214978196,3.5604321658611298,-0.001125851103097375,3578.4678649902344,144210.25252731668
500,5,96192000,8.607400894165039,0.2793125127215414,38.49215885500113,2000,0.002042784257653696,3.5583357885479927,-0.0010980958195432322,2876.9631881713867,143951.4396377048
501,5,96384000,8.54021167755127,0.2759583472828429,38.52289936167654,2000,0.0024348224852086195,3.5570224076509476,-0.0013353779359022155,3264.8841247558594,144159.2288063058
502,5,96576000,8.491175651550293,0.27601563826404646,38.526856386529595,2000,0.002677819333260535,3.5554130226373672,-0.0010860877055165474,3730.7007904052734,143699.17619363347
503,5,96768000,8.536894798278809,0.2760364719300317,38.50053833456089,2000,0.0023979899960080153,3.554139196872711,-0.0014132671972220123,3444.007553100586,144474.72204967297
504,5,96960000,8.481962203979492,0.27463022043048113,38.52307800514003,2000,0.0022974831084975472,3.5532455295324326,-0.0012672653062963946,3596.0828018188477,142465.91681917192
505,5,97152000,8.629637718200684,0.27945313848795195,38.516558083084725,2000,0.002417365330948086,3.5509393736720085,-0.001132658045946755,3311.9944458007812,143843.71132505324
506,5,97344000,8.544778823852539,0.2773541807667546,38.53704036795534,2000,0.001663248084112487,3.5481079071760178,-0.001086317145563953,3324.7597579956055,143536.3102204375
507,5,97536000,8.554834365844727,0.2771145964452444,38.52158862325208,2000,0.002045518333494936,3.5468748062849045,-0.0011831621543478832,3377.594955444336,144436.64179067116
508,5,97728000,8.551796913146973,0.27799480496832984,38.53263986483216,2000,0.00285966935593418,3.5462855100631714,-0.0013577633347949813,3364.87752532959,143506.02027817394
509,5,97920000,8.450433731079102,0.27282293026352517,38.521960650881134,2000,0.002236991934648054,3.5458721294999123,-0.0013478204116381676,3670.341728210449,144150.89272265224
510,5,98112000,8.466672897338867,0.2737916804617271,38.51280277579402,2000,0.0021914782268674243,3.545936092734337,-0.0015000657076598145,3556.3141021728516,142773.8084191599
511,5,98304000,8.521642684936523,0.2769270947774203,38.53808200204124,2000,0.002702721257770768,3.5463763773441315,-0.0013836703963079344,3451.452606201172,144080.643304899
512,5,98496000,8.558258056640625,0.2784895959024046,38.6234089496235,2000,0.0019496836819316715,3.5455233678221703,-0.0010283663387653519,3286.058807373047,143265.21399197888
513,5,98688000,8.540323257446289,0.27777605448318354,38.58317578149339,2000,0.002265485595590387,3.5449132323265076,-0.0014191659793141298,3283.000160217285,144284.87475943717
514,5,98880000,8.592312812805176,0.27825001323253673,38.53032948045681,2000,0.001762354770225405,3.543483816087246,-0.0010940766114799771,2942.6959838867188,143380.5659901996
515,5,99072000,8.577682495117188,0.2772083459409866,38.47644168068655,2000,0.0017031810122128954,3.5425187051296234,-0.0011531529639796645,2909.442222595215,144522.09851064548
516,5,99264000,8.584040641784668,0.27831251290808723,38.47642602123475,2000,0.001953271401547836,3.5409571528434753,-0.0012177571406937204,3294.6410369873047,143691.24272422912
517,5,99456000,8.506522178649902,0.2746927193766169,38.4791879580201,2000,0.002555008703959173,3.5401826351881027,-0.0012591950612659275,3358.0673065185547,144623.52139088995
518,5,99648000,8.464376449584961,0.27318230497500434,38.52158553370585,2000,0.0016864928827136916,3.54023128002882,-0.001103576013520069,3201.65909576416,143927.29088398794
519,5,99840000,8.516789436340332,0.2757448031115928,38.5386528239275,2000,0.0022568851763365566,3.5407130047678947,-0.0013818441179296315,3070.1768493652344,144835.6840828514
520,5,100032000,8.498686790466309,0.27510418113646057,38.539468033239245,2000,0.001340018028608482,3.539144441485405,-0.0009052711820913828,3492.006996154785,143169.7862563434
521,5,100224000,8.526788711547852,0.2763333470393263,38.576581391195454,2000,0.002180790426996891,3.5379141494631767,-0.0010859367507691786,3213.903289794922,144119.8429636753
522,5,100416000,8.586831092834473,0.2779739717540603,38.51994528217862,2000,0.0022985969295805236,3.5367575734853745,-0.0012494146594690392,3027.7527465820312,143412.19575147147
523,5,100608000,8.435791969299316,0.27365105342687457,38.55736786251267,2000,0.0015815302024684563,3.5353123173117638,-0.0008663917465128179,3427.4999465942383,144762.11906481197
524,5,100800000,8.484810829162598,0.2760260546686671,38.65474860121807,2000,0.002061138511951867,3.5356066524982452,-0.0013104062345803413,3603.543411254883,143604.2497360182
525,5,100992000,8.50849723815918,0.2756666796146116,38.54091707586,2000,0.0027344585026075965,3.5356764048337936,-0.0011051615733776998,3328.4661254882812,144329.36151545864
526,5,101184000,8.499326705932617,0.2753854290070497,38.49538460870584,2000,0.0016650560727709193,3.5346579179167747,-0.0009952777236321708,3364.9379348754883,143872.03686609163
527,5,101376000,8.510769844055176,0.275338556284017,38.482613925511636,2000,0.0016417294983049682,3.5334166660904884,-0.0011518157625687309,3099.6474075317383,144772.85046232515
528,5,101568000,8.42397403717041,0.27330730315346347,38.57484641112387,2000,0.0022036455486468196,3.5322579815983772,-0.0008275253883311962,3518.3088150024414,144265.94987866035
529,5,101760000,8.539735794067383,0.27696876379316865,38.545616671442986,2000,0.0022444867387745662,3.530960090458393,-0.001226070143630409,2911.6493377685547,144972.99010032706
530,5,101952000,8.518621444702148,0.2750781364544916,38.498262766283005,2000,0.002198244046537942,3.529371000826359,-0.001225551700372307,3154.781982421875,143265.18427363166
531,5,102144000,8.477783203125,0.2738020955639513,38.52770504013946,2000,0.0021978864842252116,3.5284062922000885,-0.0013226333630882436,2893.443145751953,144028.11976267712
532,5,102336000,8.510824203491211,0.275744804159937,38.51895979822924,2000,0.00195877678459571,3.527714788913727,-0.0010751586669357494,3481.7434463500977,144031.07953210964
533,5,102528000,8.512386322021484,0.2758125142421098,38.50187150559699,2000,0.0011961638063268457,3.527159683406353,-0.0009483344601903809,3134.6150665283203,142962.41649033784
534,5,102720000,8.546818733215332,0.27611980516485346,38.487967438685395,2000,0.001829825812676364,3.525624841451645,-0.0012908100477488915,3208.8649826049805,143950.6827479428
535,5,102912000,8.626052856445312,0.2792343884678606,38.482338005211204,2000,0.001606599649284668,3.5242436677217484,-0.0011708555344966953,2823.4309692382812,142627.5000575683
536,5,103104000,8.524406433105469,0.2769895975598047,38.56590875983238,2000,0.0015866061634030731,3.524118147790432,-0.00106504180854472,3366.029396057129,142881.0846878063
537,5,103296000,8.59325122833252,0.27840105365248746,38.562616927859686,2000,0.0024189230067061876,3.5228645280003548,-0.001457003622817865,2981.610206604004,143736.4152976511
538,5,103488000,8.47747802734375,0.2748229285522636,38.570944579318166,2000,0.0018708577187402028,3.5214105173945427,-0.0008916057536225708,3609.4492111206055,143488.27089295126
539,5,103680000,8.52907657623291,0.27744272255828645,38.6157450415194,2000,0.0018293569039092294,3.520881563425064,-0.0010809478035298525,3296.884323120117,143710.45641292987
540,5,103872000,8.577520370483398,0.2781770957196083,38.57160354716083,2000,0.002210963050742601,3.5202541425824165,-0.0012825130993405764,3123.5613708496094,142872.65432013563
541,5,104064000,8.53744888305664,0.276255221681519,38.524853335421845,2000,0.0011854012046172424,3.5184186920523643,-0.000894637497367512,3397.6883697509766,144488.98163503615
542,5,104256000,8.504255294799805,0.27560417935031484,38.57500057357053,2000,0.001348942401632712,3.5169748589396477,-0.001042924676767143,3600.1239471435547,144049.2935247827
543,5,104448000,8.589693069458008,0.2788958467948153,38.53264013412021,2000,0.002077617962133446,3.516392007470131,-0.0011265693256063969,3171.157615661621,143655.45600072388
544,5,104640000,8.500296592712402,0.27507292930507293,38.562449139232434,2000,0.001861206660100534,3.5157156959176064,-0.0011783091422330472,3451.633819580078,143930.13408338022
545,5,104832000,8.499208450317383,0.2757448030060914,38.592384374234825,2000,0.001554907242335507,3.51482941955328,-0.0011456812430878927,3344.091957092285,142106.25551743835
546,5,105024000,8.612177848815918,0.27982293130965746,38.60336606328686,2000,0.001808482104974321,3.5140193104743958,-0.0011397567486710614,3085.9372024536133,144001.38493422588
547,5,105216000,8.546246528625488,0.2781979281110883,38.63242823506395,2000,0.0022522790551023145,3.5136662274599075,-0.0010694432039599633,2978.198745727539,144111.59872439964
548,5,105408000,8.581161499023438,0.2784062629428566,38.538405518357955,2000,0.0020916603943689285,3.512809842824936,-0.0010104098723786592,3141.6098709106445,142514.33607378104
549,5,105600000,8.564849853515625,0.2770677214994066,38.498535222839564,2000,0.0014968160666088207,3.5120227858424187,-0.001018781411062264,3056.4202880859375,143294.76795532941
550,5,105792000,8.552152633666992,0.2769531383297969,38.538579201325774,2000,0.0016049247288794227,3.510722905397415,-0.0011057911633542972,3109.974334716797,144049.7776988897
551,5,105984000,8.598752975463867,0.2788385546797751,38.44975550224384,2000,0.0022823696098239477,3.509917914867401,-0.000922077480538519,3106.2467498779297,143936.0085689802
552,5,106176000,8.585047721862793,0.27824480467158236,38.56454826705158,2000,0.0018707361308955422,3.509224757552147,-0.0010818911559908884,3311.2919692993164,143761.15880408534
553,5,106368000,8.571438789367676,0.2776145976119248,38.53537270985544,2000,0.0014831446258860223,3.508260130882263,-0.0009709246390912085,3049.029998779297,142895.76819871258
554,5,106560000,8.457508087158203,0.2732083453859862,38.51516868220642,2000,0.0015990452495800583,3.5075703784823418,-0.0009618061085348018,3574.428756713867,144214.24395966792
555,5,106752000,8.516807556152344,0.2759010554127599,38.564241817221045,2000,0.001883474397412939,3.5069316253066063,-0.0012420262353316502,3206.657684326172,144104.36106179166
556,5,106944000,8.556077003479004,0.2763802223210708,38.47413940882931,2000,0.0012447693425045453,3.505858026444912,-0.0007076630035953713,3167.1404571533203,144011.1214378395
557,5,107136000,8.584759712219238,0.2789531377705619,38.51214711833745,2000,0.0017252218880906486,3.5050899758934975,-0.0009209019772242755,3230.2760162353516,143725.5714706957
558,5,107328000,8.522653579711914,0.27491668072131387,38.50040477273675,2000,0.0015104662537839125,3.504357859492302,-0.0008730782128623105,2954.047805786133,142676.2756244985
559,5,107520000,8.541865348815918,0.2768906384341487,38.57407408533618,2000,0.0014277899333436234,3.5039030238986015,-0.0007612943354615709,3201.659912109375,143940.9297011191
560,5,107712000,8.55693244934082,0.27776563801429194,38.5265403984425,2000,0.0017156713143444899,3.503658004105091,-0.00111441468538942,3034.951950073242,142413.16990658463
561,5,107904000,8.547891616821289,0.2763385567717099,38.4464345642676,2000,0.0018496540916548843,3.503602586686611,-0.0009036991350512835,3032.189277648926,142826.09486529086
562,5,108096000,8.539061546325684,0.2760625139829547,38.563579293588795,2000,0.0013287317756565525,3.503128081560135,-0.0007882241898187203,2985.150947570801,142663.5680320333
563,5,108288000,8.554537773132324,0.2766458484620671,38.49995122756809,2000,0.001281118451539158,3.502554841339588,-0.0008925654180984566,3101.3727645874023,142980.84064840578
564,5,108480000,8.601712226867676,0.27843751450867177,38.42935416350762,2000,0.001279552152318883,3.5020471438765526,-0.000713956247977876,3263.616470336914,143290.5861139339
565,5,108672000,8.594454765319824,0.27848959648751287,38.499706365788974,2000,0.00108911314819337,3.5018212124705315,-0.0007502391181333223,3096.651382446289,143878.33248836352
566,5,108864000,8.595465660095215,0.27877605555780366,38.470449612786375,2000,0.0019069141019490074,3.5012551620602608,-0.0009034054846779327,3071.774787902832,143286.49091273712
567,5,109056000,8.53598403930664,0.27725001217064954,38.59441400008897,2000,0.0016539284102884758,3.500472992658615,-0.001041816752149316,3258.2498779296875,143737.157346222
568,5,109248000,8.615819931030273,0.2803750144436587,38.524703758303076,2000,0.0014576578946547472,3.4996033310890198,-0.0007863976697990438,2936.693748474121,142482.39941078887
569,5,109440000,8.5616455078125,0.27728126437007933,38.53964333375916,2000,0.0010615730443236104,3.4989563152194023,-0.0007313205526315869,3146.0301666259766,143964.5026011111
570,5,109632000,8.606671333312988,0.2792343890493309,38.51246471889317,2000,0.0008589446395634096,3.498607784509659,-0.0006583029680768959,2862.2497482299805,143625.22298065826
571,5,109824000,8.535723686218262,0.27537501372232026,38.473143541098885,2000,0.001432449268244984,3.498012349009514,-0.0007529522154072765,3298.400520324707,143664.0782237493
572,5,110016000,8.500527381896973,0.27464584726233926,38.4781166347675,2000,0.0009608951129464818,3.4976828694343567,-0.0005733002894885431,3076.402732849121,143629.86350825592
573,5,110208000,8.6455717086792,0.2806145977653311,38.48137617763132,2000,0.001132542959510846,3.4974212050437927,-0.0006975558544581872,2985.8486938476562,142398.65690081628
574,5,110400000,8.47446060180664,0.2750000139646242,38.59326613135636,2000,0.0012977313281462913,3.4970418363809586,-0.0007965474487718893,3457.0303802490234,143458.0498828918
575,5,110592000,8.594367980957031,0.27924480559886433,38.5613990885516,2000,0.0008908456251052327,3.4968196526169777,-0.0006158626266596912,3140.0919799804688,142230.8803938406
576,5,110784000,8.504944801330566,0.27663543078172853,38.531786326008536,2000,0.00044918401490447873,3.4967165738344193,-0.0004100891892448999,3737.3404235839844,143998.37659767497
577,5,110976000,8.617077827453613,0.27917188950535393,38.49241197885325,2000,0.0014810179802524706,3.4966154769062996,-0.0010545941909185785,2904.350166320801,142885.06646853458
578,5,111168000,8.532025337219238,0.27692709795519477,38.549871780599155,2000,0.0009004614254318269,3.496325396001339,-0.000619286415485476,2936.2931213378906,143640.7434074093
579,5,111360000,8.584626197814941,0.2787448050209302,38.50042331746469,2000,0.000722725912513246,3.496248058974743,-0.0005824065335673367,3148.1738662719727,143748.33085033012
580,5,111552000,8.543529510498047,0.27612501269625983,38.465421049312376,2000,0.0013498711250111567,3.4961314350366592,-0.0008150431322064833,3427.592216491699,142743.41798589524
581,5,111744000,8.543166160583496,0.27752084666826704,38.49390518075476,2000,0.0008193946650139131,3.4959163814783096,-0.0004825111363970791,3230.9295196533203,142979.39289779705
582,5,111936000,8.516797065734863,0.2762239701132785,38.50459004441897,2000,0.0005282725900892377,3.49562606215477,-0.0003984246110348977,3330.7316284179688,143966.3383648953
583,5,112128000,8.550153732299805,0.2765833461623212,38.47393708939975,2000,0.000703586780618555,3.4956115633249283,-0.0004971790440322366,3288.392402648926,142596.4297939357
584,5,112320000,8.607962608337402,0.2799895953509501,38.47766231295342,2000,0.0006771332392552717,3.4954058080911636,-0.0006199903440347043,3186.2221908569336,143287.18095265253
585,5,112512000,8.59311294555664,0.27878647290162917,38.467309015492596,2000,0.0009719515883465785,3.495197743177414,-0.0006344094072119333,3021.2328872680664,142477.05996271383
586,5,112704000,8.56347942352295,0.278317722260302,38.530164966359735,2000,0.0006629158078621383,3.4951918944716454,-0.0003483515688458283,3232.312629699707,143476.20649650754
587,5,112896000,8.498113632202148,0.2751458467688887,38.55710103735328,2000,0.0003727617766206767,3.495154172182083,-0.0005282566175992542,3249.1857681274414,143340.24898234915
588,5,113088000,8.626977920532227,0.2804948033614589,38.5079802548668,2000,0.0005131764534920813,3.4949081391096115,-0.000434258083714667,2686.49324798584,142258.22788580033
589,5,113280000,8.658717155456543,0.28040105485585326,38.42878784645776,2000,0.000510416878953833,3.494845747947693,-0.0003907370028173318,2979.542350769043,142087.9464815892
590,5,113472000,8.576547622680664,0.2789427214356692,38.512745966513954,2000,0.00030137397689369155,3.4949308708310127,-0.00035806448727271345,3112.5924682617188,142918.44530116656
591,5,113664000,8.619216918945312,0.2795208462636462,38.52094985668858,2000,0.0007439160611890233,3.494891472160816,-0.00031927818372423644,2989.3670806884766,143753.6235037444
592,5,113856000,8.564910888671875,0.27760417979031143,38.51011065766215,2000,0.00027671717632399284,3.4947768673300743,-0.0003211099544842,3595.5530319213867,143528.68312989364
593,5,114048000,8.581148147583008,0.27793230424989207,38.46090157981962,2000,0.00022052351576497264,3.4946923330426216,-0.0002675427487019988,3067.1156158447266,144724.59003415995
594,5,114240000,8.478219985961914,0.2735573022625128,38.45874990864346,2000,0.00019554860816880376,3.4946377500891685,-0.0002206218741775956,3468.332473754883,143852.96576141217
595,5,114432000,8.54486083984375,0.2771093861792906,38.50840153118285,2000,0.00014994261345801368,3.494629457592964,-0.000185213268082407,3031.5456314086914,143447.48261427242
596,5,114624000,8.549880981445312,0.27750522215865203,38.53205079088608,2000,4.4501998053593506e-05,3.494629368185997,-0.00013712987129110843,3211.539352416992,142416.80619885746
597,5,114816000,8.574865341186523,0.2777604292405158,38.45436682738364,2000,4.1621680216492873e-05,3.4945786371827126,-8.981480777947581e-05,3151.7845458984375,142446.62165708013
598,5,115008000,8.477785110473633,0.2744583481811181,38.48310040310025,2000,1.6670466813022145e-05,3.494538366794586,-5.318407784216106e-05,3731.106758117676,144057.38947560958
599,5,115200000,8.615860939025879,0.2807656372418326,38.545280888055764,2000,1.1202935605261755e-05,3.4945209473371506,-5.089745991426753e-05,3273.8736572265625,142815.86492722548
