iter,stage,env_steps,mean_rew,success_rate,mean_depth_mm,ep_done,approx_kl,entropy,pol_loss,val_loss,steps_per_s
0,5,192000,0.6582686901092529,0.26059897047889535,38.3664519401888,2000,0.0045283364084316435,5.5066301971673965,-0.0006192807688876201,14002.093826293945,98132.28115674043
1,5,384000,0.6802086234092712,0.26097396955204505,38.36638328681389,2000,0.003753074472585771,5.487304702401161,-0.0003361375827353186,12038.450820922852,128423.9567630341
2,5,576000,0.7528697848320007,0.26300522011842986,38.334594992920756,2000,0.003906896371607828,5.47539584338665,-6.782917739656114e-05,10845.941177368164,128479.83733208833
3,5,768000,0.8032422065734863,0.2629427224370981,38.308203543536365,2000,0.004746095459471689,5.455735862255096,-0.00040066055044007953,8796.495361328125,127186.98568489126
4,5,960000,0.8284090757369995,0.26090626169146464,38.33978626752893,2000,0.006131885933243514,5.434151127934456,0.0006840880851086695,7775.042236328125,128897.65011048297
5,5,1152000,0.8607060313224792,0.2615312624602666,38.29850880553325,2000,0.006034271098479316,5.417387366294861,0.0006603690869724232,6566.538131713867,129194.61697598647
6,5,1344000,0.9220319986343384,0.2585989699558316,38.328718016544975,2000,0.010910476019605993,5.402849972248077,0.0041823705923889065,5155.395568847656,128965.16480414972
7,5,1536000,0.9834630489349365,0.26145313974302553,38.340423403928675,2000,0.009767443605388205,5.3856645077466965,0.002473263135925663,4164.794960021973,128374.5822260585
8,5,1728000,1.0558388233184814,0.25721876328801346,38.358564580480255,2000,0.008443114104137443,5.365917950868607,0.0012513108977145748,3339.2391510009766,128960.4188795411
9,5,1920000,1.1172641515731812,0.2578906365900669,38.34787328789631,2000,0.007658385120603878,5.34527063369751,0.0011278688413085547,2761.245361328125,128668.67971836918
10,5,2112000,1.1934949159622192,0.25698438660401735,38.34679573401809,2000,0.006386684766504912,5.3166574984788895,0.00046787643077550456,2334.9148559570312,128097.53765014054
11,5,2304000,1.3137545585632324,0.264026051299273,38.3758877919366,2000,0.020098816624687377,5.294065415859222,0.010943298693746328,2637.3225708007812,136386.7358964994
12,5,2496000,1.2975083589553833,0.2605729282986431,38.36641311521331,2000,0.008684871636059445,5.276952028274536,0.0007337196179832972,1953.493824005127,128476.40687724433
13,5,2688000,1.3634289503097534,0.26159897001222515,38.412819231549896,2000,0.022738449747518957,5.254325449466705,0.014591985731385648,2370.0631103515625,135941.72702061222
14,5,2880000,1.3973051309585571,0.25831772060761676,38.38096763379872,2000,0.007071927489674029,5.235736161470413,-0.0010318983877368737,1723.9240036010742,128211.0244902556
15,5,3072000,1.4732917547225952,0.25971355455779604,38.40416548587382,2000,0.00820418917690404,5.195756584405899,0.0009497716872033379,1535.1923599243164,128482.61926311802
16,5,3264000,1.5661722421646118,0.2651770951263946,38.33893862956514,2000,0.032168879787592836,5.1662182211875916,0.020352119900053367,1448.1838989257812,135376.1403967234
17,5,3456000,1.5632147789001465,0.2584270949925364,38.32264896482229,2000,0.01075766247297482,5.142770081758499,0.0018851089889722061,1223.931484222412,128380.8315519341
18,5,3648000,1.689365029335022,0.25628126093336806,38.352722415079675,2000,0.009065551080838001,5.091910928487778,0.0005167425683794136,1123.3249034881592,127518.79058648659
19,5,3840000,1.775633454322815,0.25198438670546847,38.31837936490774,2000,0.008629338823743941,5.03609099984169,0.00016963381699497404,1014.5389003753662,128085.48271512015
20,5,4032000,1.92109215259552,0.2610729315310891,38.411770045757294,2000,0.006939449484052604,4.983850330114365,-0.0017917967059020157,855.9303302764893,127114.4184210585
21,5,4224000,2.007275104522705,0.25615105248895514,38.39604884261886,2000,0.009731924947312412,4.924467816948891,0.00026585671002976596,836.3611736297607,127857.04142255946
22,5,4416000,2.1216354370117188,0.25359896919811337,38.3235220015049,2000,0.010444907764244518,4.876818045973778,0.0007771084974592668,718.7711086273193,127043.14961829348
23,5,4608000,2.2477972507476807,0.2499687618619646,38.38499386732777,2000,0.008449164081151442,4.81511814892292,-0.0013277339457999915,682.1330242156982,127690.7540217448
24,5,4800000,2.37164306640625,0.2524948033981976,38.419873962799706,2000,0.006112274474367345,4.752567529678345,-0.003665997766347573,627.2187385559082,126287.61861103847
25,5,4992000,2.5010762214660645,0.2518698039851491,38.36787947639823,2000,0.0052850165799706375,4.693783640861511,-0.0033613513709269682,589.175365447998,128482.91734913738
26,5,5184000,2.6352388858795166,0.25036980287707894,38.35230311999718,2000,0.007425050859776093,4.640885815024376,-0.0008237738438765518,569.4433670043945,128522.46102606504
27,5,5376000,2.7051308155059814,0.2502552201143165,38.390977477033935,2000,0.01790342896518996,4.6095685958862305,0.007826017592378776,577.8319187164307,128472.39315922758
28,5,5568000,2.7595162391662598,0.24900001216762271,38.33758904164036,2000,0.05879972693510355,4.594128847122192,0.037529658642597497,551.1043853759766,135828.73364620155
29,5,5760000,2.8004562854766846,0.2529843868602863,38.43486680959662,2000,0.018266293343932677,4.5854378789663315,0.008631009644886944,516.8082942962646,127202.69739260894
30,5,5952000,2.843196153640747,0.25096876136619056,38.4290067354838,2000,0.007155560223327487,4.5579831302165985,-0.0002316742429684382,537.4157047271729,128270.67275462717
31,5,6144000,2.919475793838501,0.2515573031105305,38.38972023439904,2000,0.0037496945724415157,4.5164263397455215,-0.0022072391448091366,513.8752145767212,128033.48698871545
32,5,6336000,2.9694533348083496,0.24592188680495988,38.33238309249282,2000,0.006669285703334027,4.474725633859634,0.00048278242684318684,532.8654527664185,127263.1096866673
33,5,6528000,3.0196785926818848,0.24736980352827231,38.33976578619331,2000,0.018924474809338183,4.44936791062355,0.010840589179679228,536.044810295105,127989.04354040355
34,5,6720000,3.0320305824279785,0.2443385520261169,38.326709562291704,2000,0.12328019473173965,4.437816381454468,0.07597934808018181,568.6983413696289,134605.22115369738
35,5,6912000,3.0214459896087646,0.23790105219995894,38.363998552163444,2000,0.02679362965068624,4.435755610466003,0.017310832292423584,576.3380813598633,134874.5943057147
36,5,7104000,3.0464446544647217,0.23900001299322562,38.38146022955576,2000,0.014808738750036965,4.426429599523544,0.007543375289969845,538.0324277877808,127600.24383155705
37,5,7296000,3.07472562789917,0.24004167843304458,38.33720870843778,2000,0.004396414432800762,4.402526438236237,-0.0014842767850495875,569.4021835327148,128095.4869876988
38,5,7488000,3.1385738849639893,0.24660938561767884,38.416224609439574,2000,0.0038582464170758626,4.377847820520401,-0.0022494396525871707,553.9347095489502,127710.2312749492
39,5,7680000,3.2134921550750732,0.25211980344405066,38.41601085973283,2000,0.0030056585255224533,4.355081096291542,-0.0020374985651869792,533.5006523132324,127441.98058943635
40,5,7872000,3.2245097160339355,0.24757293008284856,38.40059635664026,2000,0.0032835451121015144,4.331376731395721,-0.0020850606243811853,552.4848928451538,126280.24648593768
41,5,8064000,3.31972599029541,0.252963554916884,38.37791942308346,2000,0.00324788650543633,4.313957557082176,-0.0020218497129462776,500.23418045043945,127538.4863427417
42,5,8256000,3.361541748046875,0.254036471536286,38.36630389490165,2000,0.003135999737576639,4.292193710803986,-0.0016086620671558194,522.6756763458252,128158.84750907155
43,5,8448000,3.3835394382476807,0.2494166785630417,38.33373818329225,2000,0.003441515042883113,4.2694395035505295,-0.0014341206406243145,516.3891944885254,127202.53019337324
44,5,8640000,3.4214556217193604,0.2509479285624063,38.33738739043474,2000,0.0032795727049960977,4.2508236318826675,-0.0014430024746161507,509.1512680053711,128496.436216173
45,5,8832000,3.440826892852783,0.25014063680706994,38.37566894044479,2000,0.003119511155632304,4.228636622428894,-0.0019918204634450376,525.5078163146973,128627.49698153677
46,5,9024000,3.484095335006714,0.2531458444536838,38.385388587911926,2000,0.003654628414083469,4.210644170641899,-0.0014806348262936808,520.9547071456909,127965.31201686134
47,5,9216000,3.538125514984131,0.25427605304745765,38.38339259972175,2000,0.0035977489851114416,4.190882444381714,-0.0016355961852241307,499.72187519073486,128303.36166798593
48,5,9408000,3.5899384021759033,0.256770845502615,38.39472592497865,2000,0.008327245490404797,4.172988012433052,0.0020457910914046806,487.3283042907715,128060.42402941224
49,5,9600000,3.581089496612549,0.2513593865551229,38.28951233625412,2000,0.0996433299885442,4.158113360404968,0.05610895290737972,580.2224349975586,135681.21909677013
50,5,9792000,3.63413405418396,0.26239584439645114,38.428078470130764,2000,0.03785505475678172,4.155127167701721,0.025369685085024685,554.7626838684082,134877.99538201155
51,5,9984000,3.593046188354492,0.25478647141123173,38.26811151082317,2000,0.031236404423039252,4.152498662471771,0.02053572836848616,540.7121467590332,132823.65282030753
52,5,10176000,3.5394856929779053,0.2518541783034986,38.180547868832946,2000,0.003884631926698301,4.143195271492004,-0.001599635426828172,539.2839851379395,128325.09777746467
53,5,10368000,3.6745572090148926,0.26063022012810205,38.32366338496407,2000,0.0038043168055094945,4.1186729073524475,-0.001980082045065501,519.1535053253174,127960.1226769348
54,5,10560000,3.7281551361083984,0.26134897004097485,38.381982029570885,2000,0.006246070577360416,4.092437028884888,7.20456191629637e-05,509.70171642303467,128076.98989390637
55,5,10752000,3.693685531616211,0.25188022005689464,38.235825249304376,2000,0.005495963703307405,4.070084571838379,-0.00011275529914200888,555.8782730102539,128106.95760911405
56,5,10944000,3.7931504249572754,0.25898959494043083,38.34511928881208,2000,0.030000283942169817,4.05701208114624,0.018535397786763497,523.1642246246338,132639.89381144723
57,5,11136000,3.7280702590942383,0.25179688675355766,38.19032236685356,2000,0.01066737236350309,4.044137895107269,0.0026942121403408237,519.1729774475098,129051.51449357996
58,5,11328000,3.8125970363616943,0.25461980531326844,38.23515294864774,2000,0.009004363289199922,4.017241671681404,0.0015114730013010558,489.8239450454712,128508.21486326942
59,5,11520000,3.9204604625701904,0.26008334631175484,38.29162200167775,2000,0.006015689990318304,3.997920475900173,-0.0001996273108488822,496.2991466522217,128452.92312467084
60,5,11712000,3.9087252616882324,0.2567187606491643,38.29632189248999,2000,0.0036224326297475892,3.976333998143673,-0.002073707771160116,578.3994197845459,128854.7884764721
61,5,11904000,3.915290594100952,0.2513854288930209,38.205773052449025,2000,0.0036348580627915614,3.956271030008793,-0.0021965675259707496,491.0735340118408,128422.66647800503
62,5,12096000,4.026795387268066,0.25791147271957016,38.302456299463906,2000,0.004326995649712138,3.933390863239765,-0.0012848934029534576,547.7385606765747,128603.87458369105
63,5,12288000,4.025340557098389,0.25495313461336383,38.25201100731889,2000,0.00419885914994423,3.909736819565296,-0.001217765547153249,540.9268169403076,128100.08980876491
64,5,12480000,4.10745096206665,0.2574948040322245,38.33161211386323,2000,0.006411822143854808,3.8887371569871902,0.0002256387633678969,533.9774713516235,127172.21553103528
65,5,12672000,4.110683441162109,0.2532552198335907,38.219497099518776,2000,0.013141596669311792,3.875682659447193,0.004840120765720712,535.571891784668,128800.48661011313
66,5,12864000,4.145065784454346,0.2540208442678704,38.240020313610636,2000,0.06698257766074192,3.8655532002449036,0.03614348605424311,580.4184722900391,135818.6223727043
67,5,13056000,4.126924991607666,0.2527916780103017,38.25976667677363,2000,0.020803584600798786,3.8627163469791412,0.010864185212994926,574.6923217773438,135947.57508489932
68,5,13248000,4.145971298217773,0.2530781364651678,38.2468637196968,2000,0.007978672457529076,3.855335958302021,0.0008434451483481098,578.0969200134277,129232.33281748896
69,5,13440000,4.172394275665283,0.25220313620957313,38.20574910752475,2000,0.006712654731372218,3.8336784690618515,9.962737476598704e-05,540.7217330932617,128740.73470607115
70,5,13632000,4.202347278594971,0.25337501366084325,38.25758516788483,2000,0.005820089242450192,3.811783455312252,-0.0009007195719448191,523.7187328338623,129281.24261621725
71,5,13824000,4.238419055938721,0.2518489685038124,38.22870616801083,2000,0.004025951903381307,3.792512111365795,-0.0012559527440316742,551.5394849777222,129213.74510748933
72,5,14016000,4.311454772949219,0.2561145963342521,38.28702136874199,2000,0.0045490293340020235,3.772509902715683,-0.0012119143693780643,551.361515045166,128593.76774813708
73,5,14208000,4.375752925872803,0.2578541777444722,38.28389737196267,2000,0.00589550043072086,3.7556831166148186,0.00021753499822807498,535.4137468338013,129196.58691944763
74,5,14400000,4.371443271636963,0.25447397064878413,38.277445792530976,2000,0.005927618032166113,3.7410911917686462,0.00032678930438123643,559.0922060012817,129345.02894863182
75,5,14592000,4.344496250152588,0.24995834653297302,38.28940828268727,2000,0.0052553858188330235,3.7245394065976143,-0.0007724488782514527,580.4137115478516,128551.67015203898
76,5,14784000,4.496024131774902,0.2598281355276413,38.31363253109157,2000,0.004133167504978094,3.7036755979061127,-0.0014475905877588957,493.3333387374878,128850.67845157231
77,5,14976000,4.530436992645264,0.259682303481289,38.31382040927807,2000,0.004953272643722209,3.680802211165428,-0.0006195236510393443,533.99098777771,128829.82606413373
78,5,15168000,4.513848304748535,0.25406772031116515,38.24898441756765,2000,0.005217904405183313,3.666948489844799,-0.0004868572950726957,510.25835514068604,129033.68437134805
79,5,15360000,4.491062641143799,0.2526041778352616,38.25767814988891,2000,0.004189185613208489,3.6484362483024597,-0.0012001159284409368,600.7788200378418,128318.8306318437
80,5,15552000,4.571695804595947,0.2559062614861129,38.373707896719374,2000,0.005311961850888718,3.6269439086318016,-0.0005009497731407464,583.623104095459,128927.59502407421
81,5,15744000,4.643746852874756,0.26121355565495225,38.327234822014965,2000,0.004344605453797459,3.6103973388671875,-0.001026421477945405,519.6417837142944,129184.91035261161
82,5,15936000,4.58022928237915,0.2516562612502942,38.32114250026643,2000,0.00459396542351654,3.596309393644333,-0.0008408945313931326,579.7910385131836,129178.0021900832
83,5,16128000,4.644011497497559,0.2547135537224676,38.27654956762368,2000,0.006093795403527717,3.580256350338459,-0.0002161306133530161,558.2218894958496,128566.55354401434
84,5,16320000,4.6847991943359375,0.2571406376367425,38.32543504113952,2000,0.004140472020682261,3.5601232796907425,-0.0011115593583781447,554.0220041275024,128223.87247062419
85,5,16512000,4.727541446685791,0.2586145957878519,38.32567370124161,2000,0.004917228432944586,3.5376566350460052,-0.000803484575726543,563.7324199676514,128661.48221763452
86,5,16704000,4.719452857971191,0.25417188626003434,38.27171377465129,2000,0.003601669064601687,3.5207280442118645,-0.0013440800066746306,577.251407623291,127757.64290000727
87,5,16896000,4.704559326171875,0.2503906382056205,38.18306975547845,2000,0.004507669909100516,3.504811279475689,-0.0009899244159896625,608.765775680542,130128.29899177965
88,5,17088000,4.793507099151611,0.2563802195672906,38.312236784646906,2000,0.004743741162713075,3.489283800125122,-0.0008638753824925516,533.8173999786377,129052.43733821606
89,5,17280000,4.817915916442871,0.25603647004512214,38.30551660930117,2000,0.005053380886781575,3.473273403942585,-0.0012014408816867217,517.2520971298218,128784.94328471672
90,5,17472000,4.833209991455078,0.25451042775481864,38.32997232923905,2000,0.0065294671342320115,3.451898105442524,0.00016558780021114217,617.1523132324219,129840.17687113023
91,5,17664000,4.886316776275635,0.2560052202843508,38.33231886910895,2000,0.007767603143836219,3.4339876621961594,0.0013255795389568448,604.8830165863037,129036.75700573955
92,5,17856000,4.882750034332275,0.25197917883997434,38.2569314413704,2000,0.004637756521920285,3.4195601567626,-0.0010658646096999291,561.2121353149414,129017.73030348388
93,5,18048000,4.85577917098999,0.24886980314113316,38.24633586282531,2000,0.004690736544590131,3.4092883467674255,-0.0007961061243690892,603.3120632171631,129196.89267442151
94,5,18240000,4.924464225769043,0.25279167768106464,38.269692865510784,2000,0.004695018006100629,3.397180676460266,-0.0010412473948235856,576.8824253082275,128274.21126856722
95,5,18432000,4.941746711730957,0.2526354270939919,38.306197910259165,2000,0.005514225760756136,3.3776901438832283,-0.0007197890679435659,540.4045524597168,127064.11922549403
96,5,18624000,5.023277282714844,0.2568229282254227,38.29674859096607,2000,0.004697066018299667,3.3620705902576447,-0.001509217396232998,571.5329723358154,126592.22066018099
97,5,18816000,4.964709758758545,0.25197396999161964,38.2960472976168,2000,0.004941102566149012,3.3445184007287025,-0.0011281275819783332,594.8529758453369,129311.9160259956
98,5,19008000,5.038331031799316,0.2562448031403619,38.350166246294975,2000,0.004129976379908237,3.328758656978607,-0.001053069756039804,583.7654361724854,129266.41905644786
99,5,19200000,5.05988073348999,0.25332813690693,38.286829721182585,2000,0.004137193911990231,3.3100274801254272,-0.0012652143150262418,564.7633256912231,128390.96993164001
100,5,19392000,5.119007587432861,0.25716147149190266,38.29227516644945,2000,0.005091770689255405,3.2897059842944145,-0.0005089576461614342,625.6368064880371,128600.27548000796
101,5,19584000,5.147800922393799,0.2579531359424436,38.33195315425595,2000,0.0039630949418982125,3.272201716899872,-0.001298948355270113,635.9107398986816,128136.38247009288
102,5,19776000,5.15415096282959,0.25551042873545765,38.258514354005456,2000,0.004763273202426109,3.2593250200152397,-0.001282071425976028,551.9849071502686,126632.3129383958
103,5,19968000,5.183121681213379,0.25798438695831766,38.383411737779774,2000,0.0046783121863700206,3.2437645122408867,-0.0011878831410285784,671.1629104614258,127345.49340457557
104,5,20160000,5.208762168884277,0.2575208466763191,38.32850486971438,2000,0.004167406224994924,3.2290075346827507,-0.0011953149542023311,652.9064540863037,128593.06831680308
105,5,20352000,5.227837085723877,0.2574948032676427,38.32972311973572,2000,0.004548621644537586,3.2161803394556046,-0.0009789607162247194,560.1815042495728,127839.145032042
106,5,20544000,5.255241870880127,0.25723438867983833,38.35018800447384,2000,0.004256030073331203,3.1988950073719025,-0.0014841914992302918,655.3985786437988,128031.71234525647
107,5,20736000,5.3560991287231445,0.2651875121246121,38.370678124949336,2000,0.004169709808261056,3.1804202646017075,-0.001617892663261955,630.6205768585205,128685.59110237309
108,5,20928000,5.252777576446533,0.25583855397962907,38.28638985442618,2000,0.004285505181042634,3.1600755602121353,-0.0009837469851845526,608.2986297607422,127849.61561059396
109,5,21120000,5.385458946228027,0.26268751212107116,38.36898413673043,2000,0.0037068396863566416,3.1376297399401665,-0.001498035026315847,623.7516460418701,127327.96799423423
110,5,21312000,5.2657976150512695,0.2531614691858219,38.261343632514276,2000,0.006946588786008456,3.1184436455368996,0.0003278306594438618,596.4947566986084,127912.20703142694
111,5,21504000,5.3347086906433105,0.25868230299117084,38.34798792625467,2000,0.006370969957749668,3.100612297654152,-9.17789111554157e-05,644.4081687927246,127500.88097129807
112,5,21696000,5.319817543029785,0.2531666784319289,38.2903151580443,2000,0.003940633604608591,3.0828245654702187,-0.0012880777764792128,618.1186351776123,127819.35460830314
113,5,21888000,5.386191368103027,0.25765626268427394,38.265426417191826,2000,0.004750098422732357,3.0702544897794724,-0.000536604136641472,604.2984580993652,127814.02173759395
114,5,22080000,5.466568470001221,0.2614323046655045,38.30973597243428,2000,0.0041080042117779755,3.0569852516055107,-0.0010927649937571005,568.9579544067383,129661.69790088937
115,5,22272000,5.442432880401611,0.25981251041472814,38.360577303916216,2000,0.006333487803679115,3.042980395257473,3.6081790312891826e-05,631.9319896697998,127530.96695036648
116,5,22464000,5.447648048400879,0.25780209452326136,38.25373902233938,2000,0.004872313060652229,3.0302306190133095,-0.0011875536411025678,600.6320972442627,127599.27541268076
117,5,22656000,5.546270847320557,0.2630000131133177,38.40430308505893,2000,0.005455351671689035,3.013446494936943,-0.0006549655995513604,664.984016418457,129100.55729132552
118,5,22848000,5.579905033111572,0.2639739695726651,38.37920777065059,2000,0.005294164050118219,2.9990089386701584,-0.000847568427616352,574.9801177978516,128430.63588587753
119,5,23040000,5.473951816558838,0.2560520956885739,38.31975811223189,2000,0.005374670500032756,2.9813164696097374,-0.0008161961968653486,653.1422233581543,128783.13841924662
120,5,23232000,5.57623291015625,0.2610937614833044,38.33502070916196,2000,0.00633687369139322,2.9643110036849976,-0.0005815904407882044,639.9271984100342,128308.18719802084
121,5,23424000,5.57857084274292,0.2600364691334107,38.33884487301111,2000,0.005000286674864282,2.9459309726953506,-0.0011709290065482492,661.9136772155762,128140.76390983674
122,5,23616000,5.548884868621826,0.2550573030609182,38.288608737289906,2000,0.005223416728995893,2.9313297644257545,-0.00045764405217596504,664.8077163696289,129502.26346741742
123,5,23808000,5.619009017944336,0.2597864719197484,38.35934943333268,2000,0.005376327484118523,2.9173202216625214,-0.0006066012495011819,684.4927558898926,128137.78425221093
124,5,24000000,5.6155571937561035,0.25794792773558584,38.30666381244858,2000,0.0066249662674963475,2.9051661118865013,0.0002456675329085556,678.0413284301758,128155.09594761554
125,5,24192000,5.614843845367432,0.25602084802024666,38.278183314949274,2000,0.005796037531263815,2.894632026553154,-8.587635420553852e-05,639.639799118042,128446.87232192546
126,5,24384000,5.681028366088867,0.26132813762221,38.33929048726956,2000,0.004884672869899076,2.8781271651387215,-0.001025795602799917,629.6322536468506,129486.31819947566
127,5,24576000,5.633279800415039,0.25495834595373407,38.24124597323438,2000,0.0063719918964779965,2.8667333871126175,-0.0003431638679103344,685.5735969543457,127640.40031578303
128,5,24768000,5.663735389709473,0.25344272010503727,38.31884521742662,2000,0.005301612100796778,2.849853090941906,-0.0008684420295139716,666.0875568389893,128956.8437042543
129,5,24960000,5.744880199432373,0.2594427202366205,38.32522741643091,2000,0.004630581304906324,2.829289637506008,-0.0012467203441701713,676.8935966491699,126753.79839776593
130,5,25152000,5.70326566696167,0.2559791789026349,38.27536699486276,2000,0.0050885718280139075,2.811401806771755,-0.0010947997171797397,604.3416004180908,129355.55427849185
131,5,25344000,5.668749809265137,0.2507708450739301,38.27577947080135,2000,0.006874867031214912,2.791241593658924,0.00025052781660406254,611.9138927459717,127797.33744903073
132,5,25536000,5.723902225494385,0.2551302204095312,38.27151987142861,2000,0.0060422111818916185,2.774492509663105,-0.00036663953528659476,676.6488647460938,128452.4925734569
133,5,25728000,5.766787528991699,0.2572552202636871,38.32069508420924,2000,0.005467936590323616,2.7642816603183746,-0.0007165466777223628,656.7080345153809,128190.4021442332
134,5,25920000,5.854595184326172,0.2616302206018493,38.37768574183186,2000,0.004615277996383761,2.750409208238125,-0.0010150436355615966,660.4807624816895,128353.3061653803
135,5,26112000,5.849823951721191,0.2587031358537691,38.32301375145713,2000,0.008760073481207657,2.734383963048458,0.001718958396850212,563.7669916152954,126828.28706216512
136,5,26304000,5.819485664367676,0.25671355432374793,38.31513534362117,2000,0.005026570367626847,2.7184794023633003,-0.0006620158795271891,672.0694961547852,127084.19536707214
137,5,26496000,5.834779739379883,0.25668751230235404,38.29845210785667,2000,0.004509270746319093,2.704823173582554,-0.0008901808942027856,765.9660491943359,127643.6613597196
138,5,26688000,5.89310884475708,0.2585416796525048,38.30790514995655,2000,0.005050599694096793,2.6915920302271843,-0.0011391778618872195,667.906494140625,127480.28683819837
139,5,26880000,5.814730644226074,0.25314584532679874,38.27725219602386,2000,0.005036685018916617,2.678184524178505,-0.0010625551631164853,730.0422840118408,128159.52032523275
140,5,27072000,5.911749839782715,0.25873438740503235,38.285310023774706,2000,0.00549914571346017,2.6676204055547714,-0.0007610657835357415,705.5281391143799,128733.93093683191
141,5,27264000,5.9775390625,0.26254688798568776,38.31255070306361,2000,0.004163359105747076,2.6532527208328247,-0.0012580902389345283,684.318883895874,127952.90923452772
142,5,27456000,6.009322643280029,0.26348959560164076,38.37310776362816,2000,0.003987118383510582,2.6384384632110596,-0.0016862063384905923,644.2017498016357,127919.41954875152
143,5,27648000,6.0707011222839355,0.26600001348682173,38.40388799396654,2000,0.005656741820062355,2.6256788074970245,-0.00028412176379788434,690.9353427886963,127918.98924528716
144,5,27840000,5.995977878570557,0.26112501112705405,38.370984154442944,2000,0.004430101619063258,2.6146669685840607,-0.001508439910821835,725.6940574645996,128338.24828802446
145,5,28032000,5.947917938232422,0.2570312626970311,38.28104056914648,2000,0.004313488303601239,2.6023866087198257,-0.0011246011770253972,711.5431499481201,128130.46936158632
146,5,28224000,5.9986042976379395,0.2591718885244821,38.348852741221584,2000,0.005305810496472989,2.585849829018116,-0.0011463370983619825,679.3127307891846,126774.68497642918
147,5,28416000,6.082014083862305,0.2641354282307778,38.37984233225385,2000,0.004145780103630387,2.5757305324077606,-0.001341299946034269,663.3265151977539,126881.53612898597
148,5,28608000,6.046509265899658,0.26028126238331123,38.303018169788025,2000,0.005878595421342954,2.56090284883976,-0.0005447214666673972,617.8713512420654,128121.13417476766
149,5,28800000,6.086974620819092,0.26208334640189906,38.351999220748745,2000,0.006800552476585536,2.543972983956337,0.0002528831000745413,646.8288993835449,127587.28761681524
150,5,28992000,6.057398796081543,0.2587031375472482,38.34884047756592,2000,0.005840162272778494,2.527965523302555,-0.0008081581745500444,675.5356121063232,126507.02656877818
151,5,29184000,6.1176862716674805,0.2628177223317228,38.33122153456012,2000,0.010004230902375032,2.511320874094963,0.0026491469907341525,607.8623723983765,127507.37483372992
152,5,29376000,6.078761577606201,0.25971355403938406,38.324085698773466,2000,0.008411661334316402,2.502191297709942,0.0013726000370297697,702.3716716766357,128133.82877804375
153,5,29568000,6.103588581085205,0.2611979290686577,38.33524230619272,2000,0.005022935731317072,2.4892951995134354,-0.0011273430891378666,753.7557163238525,128294.05150561815
154,5,29760000,6.088521957397461,0.258739595528823,38.32797128086289,2000,0.003875876354024515,2.476173512637615,-0.0014075644000968168,755.7054901123047,127182.70671252307
155,5,29952000,6.108979225158691,0.2589479290375796,38.40386623330414,2000,0.004510441003697147,2.466043643653393,-0.0012459470353860524,751.2681312561035,128246.23242411284
156,5,30144000,6.1662278175354,0.2623802195121243,38.354761101305485,2000,0.005395081206127847,2.4541299417614937,-0.0007876119502725487,617.7431488037109,128072.15431631844
157,5,30336000,6.159824371337891,0.2613958455446361,38.329166616002716,2000,0.005268974465958309,2.4399964213371277,-0.0011790569715230959,680.9027442932129,127283.1913004551
158,5,30528000,6.1322102546691895,0.2571979299633919,38.327951376636825,2000,0.004043679761935589,2.430000528693199,-0.0015580655449412006,729.2302837371826,128050.01787312157
159,5,30720000,6.18681001663208,0.26112501371668867,38.4189178586627,2000,0.004534569657815155,2.419874206185341,-0.0013020437991144718,742.7581520080566,128059.92009041525
160,5,30912000,6.204126358032227,0.2609270954047436,38.366891257464886,2000,0.0062337084866206476,2.409837692975998,-0.0001040921652020188,775.4038505554199,127778.84548580028
161,5,31104000,6.2172980308532715,0.2605104279191437,38.35294942061106,2000,0.0064502566398393045,2.397356227040291,-7.027526953606866e-05,724.5385322570801,128056.28714225697
162,5,31296000,6.271618366241455,0.2627395958613003,38.34384301925699,2000,0.006162383539951407,2.385353237390518,-0.0004581968653383228,668.3476257324219,128845.14945129192
163,5,31488000,6.245449066162109,0.260958343799454,38.39923374230663,2000,0.007445831025620766,2.3758048340678215,0.00018160582055770647,776.7954616546631,128065.71418890984
164,5,31680000,6.246859073638916,0.26091668036072707,38.28232098929584,2000,0.004589871332466525,2.365989863872528,-0.0009269770062019234,699.9639434814453,127629.33123754126
165,5,31872000,6.278498649597168,0.26088022023638285,38.38590736500919,2000,0.004564538809179796,2.3565148785710335,-0.0013051354130766413,703.7287445068359,127876.5110179641
166,5,32064000,6.286683559417725,0.26163021972267114,38.31862933188677,2000,0.004468084676986717,2.344379961490631,-0.0015523601136919751,740.1209239959717,127776.95867433526
167,5,32256000,6.308189868927002,0.26283855483294855,38.3852983067433,2000,0.005159911513076321,2.3326702415943146,-0.0009121130465246097,786.8811416625977,127002.37895647103
168,5,32448000,6.30288553237915,0.2600208465119067,38.34254239499569,2000,0.00455536446904686,2.319476120173931,-0.0009608025529814768,682.5565013885498,126807.99805462219
169,5,32640000,6.30461311340332,0.25956772163165925,38.348113768423595,2000,0.00646224833726107,2.3035659715533257,-0.0007235495671409353,769.116247177124,128700.03768458198
170,5,32832000,6.3166351318359375,0.2601979280213224,38.30768416325251,2000,0.008739123047096654,2.2887169122695923,0.001501700496831404,710.4168434143066,128302.50386004066
171,5,33024000,6.356799602508545,0.26178126188642636,38.35250625759363,2000,0.004802562673498566,2.2747344076633453,-0.0012140189987803751,661.2460746765137,127220.59885976335
172,5,33216000,6.38008451461792,0.2628020937002778,38.36460732420286,2000,0.005709506677909908,2.2596076503396034,-0.0008974830618058149,685.2570323944092,128778.74101352805
173,5,33408000,6.300820827484131,0.25704688876794535,38.247296979029976,2000,0.006082943209272343,2.248726561665535,-0.0004509429313657165,727.13014793396,128380.01434186337
174,5,33600000,6.383792877197266,0.26233855501292663,38.421062456443906,2000,0.011336585262732114,2.2400348111987114,0.003154922383146186,707.949182510376,128245.92832505694
175,5,33792000,6.435898303985596,0.2637343867014958,38.302818055575095,2000,0.006509080826363062,2.2302115112543106,0.0006088115569582442,702.0563793182373,129175.19893009192
176,5,33984000,6.356529712677002,0.2585573032301909,38.2857358554999,2000,0.007799270408383262,2.216087266802788,0.0007702153197897132,667.5003547668457,126659.67833386212
177,5,34176000,6.4210429191589355,0.26099480418755167,38.36983527305225,2000,0.005886322891300855,2.2044738233089447,0.00010186728502503684,644.8163642883301,128437.5076416552
178,5,34368000,6.3886260986328125,0.25823438794335135,38.29540575047334,2000,0.005867993659805507,2.1906180381774902,-0.0003327573299429787,651.4944972991943,128229.6806449072
179,5,34560000,6.479684829711914,0.2632760548870768,38.37429660310348,2000,0.004605834383764886,2.1812920421361923,-0.0012795834054486477,658.1073017120361,128292.28892203225
180,5,34752000,6.513921737670898,0.2633177199246954,38.39431552837292,2000,0.005187263438516918,2.169855147600174,-0.0009737705354382342,623.6370792388916,127414.02679955529
181,5,34944000,6.494988441467285,0.2620781369338753,38.37677091856798,2000,0.004995250102248975,2.1566331312060356,-0.0011811923013738124,582.2845010757446,127101.58616686956
182,5,35136000,6.417836666107178,0.25722397167919553,38.33431560173631,2000,0.0057913337313608895,2.1400845050811768,-0.0002632176374390838,620.2616233825684,128364.26260701465
183,5,35328000,6.529335021972656,0.26515626242326107,38.39262373497089,2000,0.0071234011346435495,2.128519907593727,0.0005623600254693883,769.2358703613281,127817.8298518023
184,5,35520000,6.47432279586792,0.25951042777584615,38.305289982507624,2000,0.004011390386372417,2.119194321334362,-0.0011695188115812272,648.8785362243652,129115.49625481637
185,5,35712000,6.481507778167725,0.2604895961994771,38.31603595862786,2000,0.005584315294593883,2.1092910319566727,-0.00016866357691469602,730.5550956726074,128337.22419712825
186,5,35904000,6.586877346038818,0.26609376203850843,38.38934531187018,2000,0.005385236475674902,2.0981046855449677,-0.0014321292460408586,626.0290126800537,128510.00618058686
187,5,36096000,6.506583213806152,0.26058855286343413,38.3431682822605,2000,0.004566981971952677,2.080328054726124,-0.0011446152939242893,660.1393814086914,128491.98579065104
188,5,36288000,6.566643714904785,0.26418230473730847,38.343763618419565,2000,0.004624308884357258,2.0692993253469467,-0.0011487307060633611,718.5159149169922,128532.75610574159
189,5,36480000,6.540751934051514,0.2605625116169297,38.34284967804948,2000,0.004816326360431656,2.0599825978279114,-0.0012032396172116933,781.6169776916504,127834.57158050164
190,5,36672000,6.509732246398926,0.2585364700583644,38.29270000259081,2000,0.004034913869351536,2.0484062656760216,-0.0013880483302273205,835.1384887695312,128037.14460126836
191,5,36864000,6.477483749389648,0.2565416787601862,38.28585798417529,2000,0.005764038374337057,2.037838540971279,-0.00011528154391271528,831.1771755218506,128545.69765394801
192,5,37056000,6.5485639572143555,0.2595416811157823,38.31056654329101,2000,0.00517312259611208,2.02923284471035,-0.0007601292891195044,788.9943199157715,128271.58446544383
193,5,37248000,6.542778491973877,0.259750012740066,38.34700580934683,2000,0.005044603008835111,2.022011734545231,-0.0005697208395361031,836.8839626312256,129196.19927210244
194,5,37440000,6.628985404968262,0.26392709634819767,38.3277518885831,2000,0.0053847732983122116,2.013870395720005,-0.000722090744147863,663.6750526428223,127553.04621854804
195,5,37632000,6.613509178161621,0.26241147146720323,38.350863161186375,2000,0.004611542144150008,1.9998969249427319,-0.0010391942705609836,744.2937850952148,128445.53869686688
196,5,37824000,6.655674457550049,0.265270845729295,38.377636513362326,2000,0.004177289426739056,1.986133348196745,-0.0014243086206988664,691.5788040161133,128639.04412446765
197,5,38016000,6.663578033447266,0.2633073029986311,38.33789500159522,2000,0.004418580778719237,1.9769597984850407,-0.001328531674516853,592.1419048309326,127947.09779920493
198,5,38208000,6.667254447937012,0.2621250108368258,38.397770597289,2000,0.005745330072105086,1.9645846411585808,-0.0006236859271666617,651.9889869689941,128354.43271236362
199,5,38400000,6.650693893432617,0.26132813596692966,38.35729193687439,2000,0.004655374345127106,1.955460112541914,-0.0007964834721860825,695.6253566741943,127751.31826279502
200,5,38592000,6.7182297706604,0.26561459610153787,38.340744400862604,2000,0.006592846343060956,1.9440188445150852,-0.0003536172807798721,600.2844123840332,127160.45623470686
201,5,38784000,6.662630081176758,0.26201042934008,38.37755203743776,2000,0.005139354232834497,1.9300788901746273,-0.0007095956514326929,663.3699150085449,128652.92077865243
202,5,38976000,6.652756214141846,0.261442721540637,38.38054044855138,2000,0.0057762697194799935,1.9185044504702091,-0.0003434102998198796,725.1642112731934,128434.33899137993
203,5,39168000,6.688662528991699,0.2628281383482924,38.33580602581302,2000,0.005970920328225475,1.909205611795187,-0.0011284391257504467,643.0046920776367,127498.08974612498
204,5,39360000,6.701414108276367,0.26188022151230445,38.342865865677595,2000,0.00688436120985231,1.8995955660939217,0.0003863710771838669,646.7029476165771,127366.52695542909
205,5,39552000,6.709529399871826,0.2627916802915327,38.33449020733436,2000,0.007635638225377382,1.8901470862329006,0.00034035210592264775,705.2644462585449,127243.15078371736
206,5,39744000,6.734352111816406,0.2636666778428965,38.34491689379016,2000,0.008285616188465307,1.8758010864257812,0.0012221372987823997,691.2827167510986,129704.49896267333
207,5,39936000,6.736579418182373,0.26200521875155874,38.32474981248379,2000,0.006133929676822542,1.8590305149555206,-0.0007185172166828124,618.7444133758545,128446.38157507416
208,5,40128000,6.747937202453613,0.26343751264357707,38.347021635621786,2000,0.005572711933520623,1.842959612607956,-0.0006277156144278706,705.8500385284424,127796.56184404841
209,5,40320000,6.729563236236572,0.26205209819333203,38.358969911932945,2000,0.007495978477158739,1.8294293507933617,0.0005307435121721937,773.0719547271729,128853.51425446189
210,5,40512000,6.760377407073975,0.26390626342981705,38.336408657332264,2000,0.005366042812199642,1.8175236880779266,-0.0006138154221844161,712.4054107666016,128552.43067616875
211,5,40704000,6.751292705535889,0.263109388076676,38.432985665897526,2000,0.006636809195197808,1.80792773142457,-0.00022113684963187552,789.7223777770996,127313.04697692965
212,5,40896000,6.840389251708984,0.26659376234723214,38.37886932864785,2000,0.004739961674824978,1.7976827435195446,-0.001158809656772064,716.050947189331,128001.80473984718
213,5,41088000,6.815380573272705,0.26473438805017696,38.36319165676832,2000,0.004866111427361223,1.789806604385376,-0.0010997886956829461,655.9189739227295,127935.68681393213
214,5,41280000,6.760710716247559,0.26132813708439545,38.36345023910204,2000,0.011768042838346445,1.779923528432846,0.003208706694749708,792.2974338531494,128113.14466135166
215,5,41472000,6.835054397583008,0.26528646928575955,38.40667990967631,2000,0.005421644235088024,1.776328258216381,-0.0006315010477919714,695.4750347137451,127490.52965426345
216,5,41664000,6.792439937591553,0.2628802189083217,38.37483554457625,2000,0.004804989774827845,1.7713240273296833,-0.0010657646689651301,853.759407043457,128134.99705242814
217,5,41856000,6.778823375701904,0.26172917862459144,38.35946470871568,2000,0.005407392685612043,1.7669482678174973,-0.00039869592410468613,945.7378520965576,127939.58906009157
218,5,42048000,6.799368381500244,0.2624010537019785,38.359113869567715,2000,0.00475511568429647,1.761146605014801,-0.0011223435467400122,795.4901676177979,127602.31784934357
219,5,42240000,6.834019660949707,0.2647812622623557,38.3796312722067,2000,0.006105367429302229,1.7544106468558311,-0.00036783128871320514,800.0396022796631,127928.92524811708
220,5,42432000,6.8226776123046875,0.263791680027983,38.35375891377529,2000,0.004915953729068861,1.746833585202694,-0.0012702843641818617,789.7765140533447,127637.47850198754
221,5,42624000,6.785294055938721,0.2626770951628714,38.3695322163403,2000,0.004747839609723694,1.7426734305918217,-0.0007655239977566453,873.7916736602783,128584.71102748394
222,5,42816000,6.8240227699279785,0.26364063722091186,38.33422765880823,2000,0.004681412041740259,1.7347642183303833,-0.0010552059729889152,717.5609817504883,126728.27734480453
223,5,43008000,6.824904918670654,0.2639218865873166,38.3488161402444,2000,0.004854309040742616,1.7245134264230728,-0.0005852779122506035,837.9834938049316,128253.09714151984
224,5,43200000,6.797402381896973,0.2618750118429792,38.348292308549084,2000,0.00517045863061018,1.7172948233783245,-0.0004995775925635826,842.0968208312988,126918.52915832962
225,5,43392000,6.865141868591309,0.265869805234009,38.36475421488285,2000,0.006551767085446044,1.710938423871994,0.00015562887847409002,673.0098209381104,128637.62109717868
226,5,43584000,6.832821369171143,0.2641458448985456,38.34959124960005,2000,0.005784704713247872,1.704377170652151,-0.0008895780847524293,798.6236152648926,128211.13227976741
227,5,43776000,6.849628925323486,0.26399480514010065,38.33406364917755,2000,0.011282546423200984,1.7007422521710396,0.0028765199845111056,835.5543804168701,127974.40537594426
228,5,43968000,6.786888599395752,0.26047918146772037,38.30793899732331,2000,0.007292250107546958,1.6949505992233753,7.933787128422409e-05,716.5568675994873,127992.15536215591
229,5,44160000,6.851179599761963,0.2649270961537695,38.39812068206569,2000,0.004900135907907194,1.6855320036411285,-0.0008565529387851711,856.7101230621338,129307.9582738415
230,5,44352000,6.760772228240967,0.25874480347253365,38.319820235172905,2000,0.005017734581449379,1.677313156425953,-0.0009515476740489248,810.5728454589844,127793.6902939386
231,5,44544000,6.884195804595947,0.2650677206911496,38.35473689250648,2000,0.008627415143176526,1.6651133857667446,0.0013381222272528248,606.6722240447998,128032.00313461632
232,5,44736000,6.91796875,0.26641667741326575,38.41146802405516,2000,0.005708368767964809,1.6515303291380405,-0.00023473750843550079,671.0218334197998,128285.81249509216
233,5,44928000,6.837730407714844,0.2621770950136124,38.37532270948092,2000,0.0061659475812921305,1.6422729790210724,-7.492020449717529e-05,809.3971920013428,127811.77270846014
234,5,45120000,6.825479030609131,0.2616093894575897,38.325542702029146,2000,0.0043893789410358285,1.6345095410943031,-0.001316507718001958,769.6541194915771,128008.89363090029
235,5,45312000,6.8602447509765625,0.2645885553683911,38.405194925765194,2000,0.004902710087374241,1.6282765343785286,-0.0007243570671562338,885.5833778381348,128431.4214367078
236,5,45504000,6.831359386444092,0.26149480503772793,38.26439084018542,2000,0.0063104657875276944,1.6227757632732391,-0.0006902422182974988,769.2398719787598,128766.98543993964
237,5,45696000,6.880761623382568,0.2637343887217867,38.393068304906286,2000,0.010350514234451111,1.6155825518071651,0.002052660977369669,749.1987266540527,128088.82311024284
238,5,45888000,6.866722583770752,0.2621406364966485,38.31852736696601,2000,0.022298383830736082,1.6090553998947144,0.011464264680398628,808.901969909668,136100.28270239462
239,5,46080000,6.894228935241699,0.26457293139052734,38.33676582264403,2000,0.005115633588032021,1.6052105389535427,-0.000551314269159775,795.185224533081,127758.51103149234
240,5,46272000,6.825412750244141,0.26061980267695617,38.344182051718235,2000,0.00559605509256168,1.5980092696845531,-0.000447145359089518,849.0616550445557,127969.49957830676
241,5,46464000,6.830447673797607,0.25956251160581206,38.341416135430336,2000,0.005584020197653444,1.5914694517850876,-0.0009678497926870477,832.4323673248291,127357.9469019104
242,5,46656000,6.798141956329346,0.2578177194251718,38.295810487121344,2000,0.008332699849677737,1.5877955369651318,0.0010127016839760472,786.4538688659668,128812.2183160802
243,5,46848000,6.88635778427124,0.26260417846970086,38.320831697123744,2000,0.005557653033814858,1.5857558585703373,-0.0009750561166583793,636.1592807769775,128732.49372659335
244,5,47040000,6.89039945602417,0.2632291808228426,38.334702709689736,2000,0.005765168067843963,1.5818903297185898,-0.0004166848611930618,820.3734645843506,126820.26262519171
245,5,47232000,6.881839752197266,0.26407813727989077,38.39754299695293,2000,0.005000885126219752,1.5784651525318623,-0.0012131216999478056,913.2764778137207,125366.10452932844
246,5,47424000,6.830372333526611,0.2604427205145233,38.304849369451404,2000,0.005743286280388323,1.5757911801338196,-0.00040267665644933004,811.7421627044678,127701.93584964455
247,5,47616000,6.861972808837891,0.26187501181145006,38.36970641898612,2000,0.003988331300613936,1.5754336342215538,-0.0011065830067309435,824.3082847595215,126670.6449515615
248,5,47808000,6.827972412109375,0.25917188704988803,38.28022117788593,2000,0.005021132704666039,1.5762512348592281,-0.00044404543359632953,649.1724739074707,127178.52288871384
249,5,48000000,6.832503795623779,0.2604010532407604,38.30789451673627,2000,0.004540386038114472,1.5769565962255,-0.0005515572802323732,815.7887935638428,126432.75316296855
250,5,48192000,6.89566707611084,0.26406772076855606,38.33974188442031,2000,0.004111418251879513,1.580148607492447,-0.0009384779568790691,765.8904342651367,126310.89218390381
251,5,48384000,6.901504039764404,0.2638489711395475,38.34628744547566,2000,0.0048598625376519815,1.5831573456525803,-0.000905281169252703,831.1533679962158,125205.30262417097
252,5,48576000,6.89902925491333,0.2641927218094982,38.35769299045205,2000,0.0048637561522773464,1.583900574594736,-0.0006221429975994397,798.4706134796143,124111.15348981925
253,5,48768000,6.907351493835449,0.2639635552107696,38.364421201248966,2000,0.00565232634730637,1.5892573036253452,-0.0005328223437572888,729.0833683013916,125725.85670755828
254,5,48960000,6.864131450653076,0.26062501169629587,38.29682413674891,2000,0.004470149327768013,1.5916499644517899,-0.0003758707202905498,732.6571617126465,125071.27018451974
255,5,49152000,6.93568754196167,0.26478126232056337,38.410810597240925,2000,0.004626965104126915,1.590360440313816,-0.0008800963460089406,699.6638469696045,125410.41775794711
256,5,49344000,6.815764427185059,0.25863542765121866,38.29567315926155,2000,0.005032661909761373,1.5895361565053463,-0.0007439888067892753,934.9670467376709,127328.67517818336
257,5,49536000,6.836874961853027,0.25985417976031994,38.317023233821,2000,0.003997116356098559,1.591428253799677,-0.0008597043388718362,986.3866634368896,125191.15842098031
258,5,49728000,6.834280490875244,0.25902084548943094,38.27572648289303,2000,0.005629204768328539,1.5925797075033188,-0.0002208388524422844,816.5717678070068,126959.50943397608
259,5,49920000,6.9324564933776855,0.26583855302730325,38.35325117595494,2000,0.00529250789701473,1.5944304838776588,-0.0006426579784601927,854.393632888794,125150.47837831537
260,5,50112000,6.9232282638549805,0.2644687617175805,38.38238346825043,2000,0.004636007149005309,1.5955774709582329,-0.0006618563293159241,764.1358833312988,125952.70321269832
261,5,50304000,6.911468029022217,0.263635429594918,38.34924907237291,2000,0.004854426385349749,1.5954245030879974,-0.00043587456457316875,730.327018737793,127697.49867220652
262,5,50496000,6.905609130859375,0.2640468881848695,38.337663984547056,2000,0.0056767577225691635,1.5948020033538342,5.5853801995908725e-05,814.3698501586914,127145.90509602183
263,5,50688000,6.894695281982422,0.2626354289950541,38.38871466368437,2000,0.003997849912632471,1.5957018062472343,-0.00130405873824202,672.1714305877686,125711.78339060648
264,5,50880000,6.9025702476501465,0.26360417920174467,38.357329865296684,2000,0.003908024325447817,1.5963133722543716,-0.0011939850589612888,739.9064884185791,126128.81943028499
265,5,51072000,6.888200283050537,0.26315626243194856,38.35116754410168,2000,0.0040208390668655435,1.595108538866043,-0.0009305255587150896,852.6522750854492,128792.37421789287
266,5,51264000,6.85078239440918,0.26153647206592723,38.32832542434335,2000,0.00446349262490791,1.594615574926138,-0.00126336905577773,892.2315311431885,128189.24424262211
267,5,51456000,6.844727993011475,0.2599166778200015,38.30501959038278,2000,0.004772983352508163,1.5952936597168446,-0.0012806882104996475,1013.3725452423096,129863.0446738799
268,5,51648000,6.876001358032227,0.26133855380006327,38.34362917020917,2000,0.004440023319810279,1.5939203538000584,-0.0008897964453353779,832.175235748291,129437.8727763575
269,5,51840000,6.828183650970459,0.25898959683945577,38.296747114509344,2000,0.006486273993873814,1.5931906700134277,-0.0003336326042244764,803.6964683532715,128727.30722610294
270,5,52032000,6.829679489135742,0.2583125132150599,38.29515989186863,2000,0.005013869524176698,1.5930789448320866,-0.00048505081213079393,731.7956218719482,129009.98329314077
271,5,52224000,6.916078090667725,0.2649114704915216,38.34069239658614,2000,0.004608760875698257,1.594106551259756,-0.001193860706734995,739.306978225708,127431.78472809383
272,5,52416000,6.842586994171143,0.2586510540022573,38.28321401526531,2000,0.005997603362581382,1.5933090448379517,0.00010204606815022998,806.2011165618896,128212.14314634845
273,5,52608000,6.866927623748779,0.26097917722411995,38.32521530985832,2000,0.006226655119719605,1.5940287820994854,7.000628556852462e-07,800.459903717041,129017.29881895056
274,5,52800000,6.92061185836792,0.2631666788480895,38.3555580166479,2000,0.0067344441276509315,1.5969194993376732,0.0005073205757071264,758.4411277770996,129024.87529435575
275,5,52992000,6.935561180114746,0.265031262573757,38.383541628718376,2000,0.005452391219771622,1.5976813472807407,-0.0008086811531029525,889.3889465332031,127752.63699624644
276,5,53184000,6.803860664367676,0.25726563663435326,38.224583870731294,2000,0.0040909293648437595,1.5958888679742813,-0.0011566125609192568,762.2414569854736,127276.52485070558
277,5,53376000,6.8591742515563965,0.26017188703978417,38.36791938915849,2000,0.004699141414971867,1.5947151519358158,-0.0012851816341026279,739.2214393615723,125470.91373959364
278,5,53568000,6.876458168029785,0.26212501159413176,38.34994878619909,2000,0.003675297332364911,1.5950188264250755,-0.0007869187434152991,752.3173294067383,126905.10195271121
279,5,53760000,6.908812522888184,0.26385938882776827,38.412252727275096,2000,0.005104570131913837,1.594611544162035,-0.000707488016246316,781.6390323638916,127616.98501516317
280,5,53952000,6.895777702331543,0.26268230400334386,38.346245142941676,2000,0.004825120781257283,1.5938817709684372,-0.0010197289193456527,919.202693939209,127936.41091212694
281,5,54144000,6.931290149688721,0.26432813681458356,38.3567686000218,2000,0.005495144498068839,1.5924265906214714,-0.0007331258038902888,823.616455078125,128881.35133957613
282,5,54336000,6.901167869567871,0.2628489706809584,38.37440848723054,2000,0.00471250941765417,1.5901546962559223,-0.0016058570281529683,796.2590732574463,127955.31109601673
283,5,54528000,6.902011871337891,0.26348438615120057,38.428054793427386,2000,0.004921056906246425,1.590557113289833,-0.0008887883923307527,880.4848232269287,127708.45887164297
284,5,54720000,6.88016939163208,0.2617552206035422,38.314414693042636,2000,0.004917199298884952,1.5910651981830597,-0.0012288926718611037,711.0232467651367,126205.7096985738
285,5,54912000,6.860515594482422,0.26154167800693057,38.33546049209932,2000,0.004177074239982176,1.5929908528923988,-0.0015409965126309544,835.4066734313965,127282.54714537175
286,5,55104000,6.919032573699951,0.26482813939461874,38.36961267888546,2000,0.0038636778120223116,1.5930821634829044,-0.0011896296109625837,746.4146556854248,127419.91945785924
287,5,55296000,6.913286209106445,0.26375001276270876,38.32222482717285,2000,0.004488124432197461,1.5902513414621353,-0.000903322666999884,788.5051822662354,128533.22221477055
288,5,55488000,6.82195520401001,0.2593281390454649,38.2698348959287,2000,0.004412069485842949,1.588924303650856,-0.00042800327184977505,786.8424797058105,128935.13239100434
289,5,55680000,7.037193775177002,0.27097397154345043,38.46067917595307,2000,0.003822494409648547,1.5857947915792465,-0.0010415107362859999,756.5898723602295,126858.4539689213
290,5,55872000,6.943436145782471,0.26669792973795364,38.466186348348856,2000,0.004535072435547287,1.584866177290678,-0.0005604297568879701,858.4562530517578,127995.49199871713
291,5,56064000,6.953784942626953,0.2653333451247211,38.37489698330561,2000,0.005794292364036665,1.5852578319609165,-0.0005865728890057653,623.934986114502,126471.20794572466
292,5,56256000,6.90185546875,0.26384897096613713,38.360633670041956,2000,0.004728492201422341,1.5853657871484756,-0.001444210512090649,779.4572639465332,126645.30489385634
293,5,56448000,6.86440372467041,0.2616875120553838,38.340136720488466,2000,0.003733286065005814,1.5851593650877476,-0.001062090955201711,846.0413589477539,127475.64152722279
294,5,56640000,6.845752716064453,0.2595729282972267,38.33945316821337,2000,0.0038104840052498425,1.5837077423930168,-0.0012024356124129554,910.1105670928955,122006.83266571963
295,5,56832000,6.915158748626709,0.26523959673007386,38.434928373123206,2000,0.004058684087193494,1.5826475024223328,-0.001220672398524414,983.8763008117676,126720.89575073226
296,5,57024000,6.81972074508667,0.2581354294798075,38.32686376695832,2000,0.004576009671931388,1.5799417309463024,-0.0009090224957617465,955.3799724578857,127021.33928194206
297,5,57216000,6.846390724182129,0.2611823030765663,38.31655530259013,2000,0.005231968273971385,1.5747238621115685,-0.0005058089882368222,816.5290946960449,125824.69395329194
298,5,57408000,6.868515968322754,0.2620364717943933,38.36240672444304,2000,0.005292445945631092,1.570612471550703,-0.0005142721521238514,925.9694442749023,127302.08456813575
299,5,57600000,6.8704047203063965,0.2602760553648598,38.366167766973376,2000,0.0042715525174862705,1.5690977051854134,-0.0010518152485019527,767.9214859008789,126897.57453069818
300,5,57792000,6.860882759094238,0.2598437626747909,38.304115460564695,2000,0.009227873823838308,1.564206574112177,0.0016869250430318061,711.5345706939697,128175.54170266658
301,5,57984000,6.920164585113525,0.26310938606729906,38.31979873341819,2000,0.0052937276864734786,1.559968013316393,-0.0005374773013500089,725.8864593505859,127437.91062639318
302,5,58176000,6.882260799407959,0.2621458455020426,38.32535442151129,2000,0.003791839411229982,1.5589062422513962,-0.0007460068970885914,948.9372043609619,128689.69759092764
303,5,58368000,6.8553385734558105,0.2602448023008037,38.31739985446135,2000,0.003923594837726948,1.5580993592739105,-0.0009594589614607685,842.4990653991699,127454.82769335732
304,5,58560000,6.934319019317627,0.264546888480254,38.34540650124351,2000,0.004306790861786188,1.5581122748553753,-0.0008391663185420839,866.1653137207031,126579.55578646496
305,5,58752000,6.921819686889648,0.2639427198476672,38.33037918061018,2000,0.003588851931504905,1.5591907389461994,-0.0010660544460279198,917.0680103302002,126505.14053598359
306,5,58944000,6.958630084991455,0.26483855331631884,38.3844293281436,2000,0.0037009997013762283,1.5582460016012192,-0.0012742134404106764,725.0032615661621,126391.33224342532
307,5,59136000,6.8474016189575195,0.25889584700659424,38.328138556331396,2000,0.004372304584093703,1.556720457971096,-0.001074810694262851,670.613956451416,124849.09767538976
308,5,59328000,6.959481716156006,0.26689063681988046,38.40170372029146,2000,0.0048239289636549075,1.5568548329174519,-0.0007337685510719894,751.6115264892578,125396.48196044962
309,5,59520000,6.867295265197754,0.2600052205561951,38.307304767270885,2000,0.004870277666899104,1.5583451725542545,-0.0006191233942445251,744.7570648193359,125375.02485919377
310,5,59712000,6.881027698516846,0.26102084466462355,38.340101439505816,2000,0.005381540098169353,1.5625308528542519,-0.0005103611692902632,810.1739521026611,126493.19334629651
311,5,59904000,6.905120372772217,0.26312501322415,38.34009950980544,2000,0.005074865059898002,1.5641108006238937,-0.0008763629284658236,800.6751346588135,127291.72466089248
312,5,60096000,6.8963470458984375,0.2620104284524132,38.416408606494464,2000,0.004728806892332311,1.5627143941819668,-0.0011247395168538787,692.4831809997559,126426.27572431644
313,5,60288000,6.908385276794434,0.26310938628133346,38.350179151942335,2000,0.003798493159168477,1.5608987733721733,-0.0014266510593188286,799.0247192382812,126308.97535440097
314,5,60480000,6.846864700317383,0.2598229287747624,38.34263541176915,2000,0.004900640870075828,1.558098454028368,-0.0007481413877030718,793.9726581573486,126048.04824445993
315,5,60672000,6.887812614440918,0.26153647078293335,38.33933042238156,2000,0.004346494607928132,1.5564603246748447,-0.0008337276859222698,693.9354953765869,126937.61610216316
316,5,60864000,6.895370960235596,0.2618281370202264,38.34913439986607,2000,0.0049789644509728535,1.5556336604058743,-0.000883053492543695,667.5576820373535,127126.68745678123
317,5,61056000,6.902689456939697,0.2634114699097457,38.39041130493084,2000,0.004981090242402085,1.5562291964888573,-0.001321318892223644,782.6531257629395,127257.02521293756
318,5,61248000,6.9131999015808105,0.2630052222739323,38.323624523977436,2000,0.004486270192787439,1.554672472178936,-0.0006577725889655994,695.1962451934814,125337.61547182809
319,5,61440000,6.91741418838501,0.2631875117531308,38.40238232848545,2000,0.004878252009434315,1.5553884133696556,-0.0009167824623546039,663.9724712371826,127127.09594958826
320,5,61632000,6.834799289703369,0.2592656378601532,38.35899402822057,2000,0.0052969832470601734,1.5548704005777836,-0.00037958082612021826,964.088134765625,125964.93412301927
321,5,61824000,6.901221752166748,0.2624895952242999,38.40934644204875,2000,0.004709961952331166,1.552677933126688,-0.0013273674716174355,868.4481620788574,126625.2917593439
322,5,62016000,6.908290386199951,0.2627395976475479,38.33777661807835,2000,0.004163799324235393,1.5509667843580246,-0.0010368439859576029,746.2311420440674,127652.97360333656
323,5,62208000,6.914902210235596,0.2638593872155373,38.36358555033803,2000,0.005923146169846101,1.549256719648838,-0.0006408085364455474,648.536319732666,127272.56660272657
324,5,62400000,6.860583305358887,0.2611093866623075,38.31320581833521,2000,0.004208419818004283,1.547195978462696,-0.0008989555044536246,750.1489276885986,127798.06168279526
325,5,62592000,6.919031143188477,0.26314584712235956,38.395614045361675,2000,0.0044975871627005596,1.5445174500346184,-0.0012994218493531662,672.086669921875,127214.06168945399
326,5,62784000,6.871666431427002,0.26176042923907517,38.29104318842292,2000,0.004396766165368414,1.5423569940030575,-0.0007901099734226591,762.230583190918,127105.47353790195
327,5,62976000,6.920020580291748,0.2640625153635483,38.36356523633003,2000,0.004078044014740347,1.5404672846198082,-0.000976968512077292,781.4021053314209,127031.61941892674
328,5,63168000,6.899188041687012,0.26236980465910165,38.31672418676317,2000,0.0045541884618723995,1.539704293012619,-0.0005776105610948434,717.6164836883545,126921.89420852136
329,5,63360000,6.950063228607178,0.26608855317196384,38.44184314707915,2000,0.003624515810331408,1.5379804782569408,-0.0013314379011717392,794.5626926422119,127620.25190378712
330,5,63552000,6.9140729904174805,0.26369793114766554,38.310519653993346,2000,0.0035693716734749616,1.5383411534130573,-0.0015062379716255236,719.7728729248047,126808.32066652866
331,5,63744000,6.873566150665283,0.26109376187559974,38.35787745192647,2000,0.0041873212636176806,1.537140928208828,-0.0010615757382765878,727.2905883789062,127108.44206781517
332,5,63936000,6.966042995452881,0.26669271983458503,38.33628630110373,2000,0.004813046603735226,1.534517165273428,-0.0007685465016038506,596.4902267456055,127751.27516523948
333,5,64128000,6.939826965332031,0.2653125130442883,38.3512862889717,2000,0.004317622964891295,1.5314749404788017,-0.0012307066412944323,758.5027561187744,127102.69774675062
334,5,64320000,6.869914531707764,0.26095834321131406,38.344442346443735,2000,0.003964475596284805,1.531217597424984,-0.0006540418307849905,819.0469150543213,127587.47109081775
335,5,64512000,6.860475063323975,0.2601145961119376,38.316381676122546,2000,0.0029682987486109296,1.5303718820214272,-0.0009454647406528238,861.5935688018799,127047.21432856472
336,5,64704000,6.938807010650635,0.26502084573136625,38.41374421492219,2000,0.0041295755610966205,1.5291890017688274,-0.0013331786994967842,855.9799537658691,127133.41650920013
337,5,64896000,6.817213535308838,0.25872397217729787,38.26441863551736,2000,0.005042297277745092,1.5263377353549004,-0.0012897715782855812,864.0044002532959,128854.01555182158
338,5,65088000,6.836520671844482,0.25917188703169813,38.31228575234612,2000,0.0040492300871507415,1.5249883532524109,-0.000800276446625503,762.6828079223633,127780.44057538024
339,5,65280000,6.88224458694458,0.2624479294766691,38.328017822777234,2000,0.0037023608112940563,1.5245906561613083,-0.0010346626311275031,815.8116130828857,128627.50223817218
340,5,65472000,6.921486854553223,0.2646562630070548,38.37709174926082,2000,0.0045268150971484525,1.5251444689929485,-0.0008747467682042043,727.8594493865967,127702.18038271704
341,5,65664000,6.9218668937683105,0.26448438649458694,38.403053764874734,2000,0.004381552587796856,1.5239433273673058,-0.0006081375317421589,855.1724720001221,127737.73696863813
342,5,65856000,6.90373420715332,0.26361459504672285,38.38103472441435,2000,0.0038758000548017053,1.524782169610262,-0.001373878056938338,787.3824062347412,126698.96699139531
343,5,66048000,6.911700248718262,0.2634843882036269,38.36434821287791,2000,0.003846978055645498,1.5277657322585583,-0.001183621048767236,768.2212829589844,128465.58789573514
344,5,66240000,6.924345016479492,0.2648333476699918,38.37120748932163,2000,0.006011672638764139,1.5280097275972366,-0.0004635633349607815,694.873369216919,127605.99157461678
345,5,66432000,6.864573001861572,0.2610312629488665,38.37581862385074,2000,0.005774281253514346,1.5255470089614391,6.525897271103531e-05,776.2199993133545,128514.24804898606
346,5,66624000,6.878104209899902,0.26127605348968547,38.34856939564148,2000,0.003625481400871649,1.5237733833491802,-0.0013488446779774677,754.4276695251465,128527.22561916921
347,5,66816000,6.830542087554932,0.2590156376354571,38.306163715819515,2000,0.0034657781181109994,1.523867942392826,-0.0013049095941823907,812.8178634643555,128732.44746250386
348,5,67008000,6.851731777191162,0.2596041791960791,38.34757464006543,2000,0.0038251526511351892,1.522297527641058,-0.0011911943179256923,695.3489875793457,126097.98407642296
349,5,67200000,6.829413890838623,0.25825001155681093,38.2948179791371,2000,0.004142738891345895,1.5214375779032707,-0.0006168674808577634,772.8783321380615,128033.420308431
350,5,67392000,6.93005895614624,0.26404167932923883,38.388204323748745,2000,0.00454739255211704,1.5209206193685532,-0.0011086336353400839,844.4412612915039,126650.39022255555
351,5,67584000,6.909296989440918,0.26456772131617373,38.37492431576053,2000,0.004476934362556979,1.5201788991689682,-0.0009816607278025913,750.8986339569092,127593.49834294099
352,5,67776000,6.896174430847168,0.26308855360305944,38.369112368673086,2000,0.0034727482316763286,1.5170476362109184,-0.001135055860686407,808.5918083190918,128822.0637437812
353,5,67968000,6.859363079071045,0.26166147053057404,38.36765934651097,2000,0.0044906490686892845,1.5160959139466286,-0.0005687952789230621,819.8541793823242,127691.34685821686
354,5,68160000,6.956238269805908,0.2658541801714212,38.38474710037311,2000,0.004005936490687115,1.5152110420167446,-0.0010793939275117737,827.1225814819336,127431.37926679612
355,5,68352000,6.933672904968262,0.2643854300379947,38.400465777143836,2000,0.005115320094434234,1.5171827711164951,-0.0007673865320612094,870.8770198822021,127574.78685654698
356,5,68544000,6.860121250152588,0.26086980566166557,38.29332557506859,2000,0.004981662972917546,1.5162246115505695,-0.0008828032223391347,752.7690238952637,127593.64350765412
357,5,68736000,6.8080735206604,0.2576145956075682,38.32439132531484,2000,0.0038305788451010207,1.5141812711954117,-0.0010095775211311775,832.3844146728516,125503.33389777028
358,5,68928000,6.868576526641846,0.26136459702259646,38.33046246568362,2000,0.005059361959041174,1.5148155950009823,-0.001162515726264246,786.422420501709,128409.64139323335
359,5,69120000,7.00079870223999,0.26886980414928985,38.406139438351,2000,0.004101116382924375,1.514063935726881,-0.0008265674318863603,647.1557025909424,123897.36315599896
360,5,69312000,6.856057167053223,0.25990626288573065,38.35204991698265,2000,0.004398289124927638,1.5101463682949543,-0.00107906914877276,783.6111850738525,127636.13321062854
361,5,69504000,6.957509517669678,0.26647397009886237,38.383777026087046,2000,0.005120241375426607,1.506000105291605,-0.0006075211551319626,737.2160263061523,127884.62479398119
362,5,69696000,6.918147087097168,0.26388542820859584,38.39153907944759,2000,0.0050887153468017155,1.5053252018988132,-0.0005357594600354787,792.6991767883301,127114.66390558497
363,5,69888000,6.900039196014404,0.262526057032422,38.33226017219325,2000,0.003888057372736512,1.5070950873196125,-0.0009328911673947005,879.3839435577393,126242.34151248353
364,5,70080000,6.8998332023620605,0.26302084523861896,38.383066929876804,2000,0.004380693898162766,1.509388580918312,-0.0007907067774794996,714.575117111206,126806.22589996757
365,5,70272000,6.893500804901123,0.2627812610347367,38.39296526586016,2000,0.005360616069005725,1.5093967020511627,-0.0001610206281839055,802.9181785583496,128342.518117716
366,5,70464000,6.898601531982422,0.26277084538863466,38.358594454824924,2000,0.0035825044381781477,1.5074548684060574,-0.0011613680153459427,736.6630420684814,128588.3402617878
367,5,70656000,6.980101585388184,0.26738022106777254,38.39565577482184,2000,0.004468431622061568,1.5063679292798042,-0.0005115985175052629,646.4769382476807,127904.94036668232
368,5,70848000,6.926278591156006,0.2646562628275812,38.3743812267979,2000,0.004249301696264108,1.5057027339935303,-0.0007891203222243348,807.1147022247314,128856.8570362412
369,5,71040000,6.91353178024292,0.2631614716525898,38.310530077666044,2000,0.0036324828616925518,1.5036120638251305,-0.0010226167887594784,732.2543144226074,128509.51770486866
370,5,71232000,6.89835262298584,0.26235938776274753,38.31217121814067,2000,0.003909121690060905,1.5011857375502586,-0.00111275233575725,759.9240188598633,128806.4165275488
371,5,71424000,6.967933654785156,0.2665573028267924,38.390542251989245,2000,0.0032236922430505122,1.5006234496831894,-0.0012445971783563436,709.6362171173096,127700.87134991643
372,5,71616000,6.877480506896973,0.2622083456638696,38.3621311634779,2000,0.004014743646839633,1.4993494264781475,-0.001128687319578603,841.2760372161865,127996.69811203348
373,5,71808000,6.90062952041626,0.26255209567595256,38.32791472040117,2000,0.004093557369972889,1.4998765252530575,-0.0005284053257241794,890.1651611328125,128332.79560024467
374,5,72000000,6.882584095001221,0.26178126191795553,38.33633187909921,2000,0.0038202334013864555,1.4997263886034489,-0.000815749028333812,816.7767734527588,128473.33370485941
375,5,72192000,6.952515602111816,0.2654843879693847,38.33445581361108,2000,0.003577368964756412,1.4975856803357601,-0.0012470406345528318,745.5245265960693,128969.45548708901
376,5,72384000,6.8196282386779785,0.2582448043643429,38.28179963988563,2000,0.0036286890031818377,1.4963679574429989,-0.0011379494508219068,843.1913356781006,128721.13432494253
377,5,72576000,6.906360149383545,0.26432292944506725,38.38703346873323,2000,0.004544956869625215,1.4980637915432453,-0.000642230851099157,755.5197162628174,128355.19296232457
378,5,72768000,6.89696741104126,0.2636666790658637,38.353562946120896,2000,0.0039587587254354736,1.4983519911766052,-0.0010654893198989157,896.8737869262695,128051.11117529248
379,5,72960000,6.916968822479248,0.2645000134931858,38.41541455127299,2000,0.0036799363183478515,1.4960434027016163,-0.0011926262613997096,798.8851432800293,128752.20989220672
380,5,73152000,6.948652267456055,0.2661145942705237,38.39493260284265,2000,0.004048329141917445,1.493783202022314,-0.0012092411334378994,745.9446487426758,129002.64909729066
381,5,73344000,6.877593517303467,0.2602187618892155,38.29853711122026,2000,0.004079340566774287,1.4940523393452168,-0.0009501256981820916,714.5017700195312,128129.34024991594
382,5,73536000,6.922953128814697,0.2647916800827564,38.37934052199125,2000,0.005165039151256981,1.4911019802093506,-0.0006266572446520513,714.5654983520508,127515.88720856768
383,5,73728000,6.8353657722473145,0.25945834642940707,38.38153612241149,2000,0.0041772975218555075,1.4890440292656422,-0.001271905211979174,752.8511371612549,128487.52939717205
384,5,73920000,6.885526180267334,0.26173959545364295,38.34260423233112,2000,0.004449261089059291,1.4863660968840122,-0.00095497905749653,814.3980445861816,129033.0609652113
385,5,74112000,6.793961524963379,0.25616147050883836,38.28833912188808,2000,0.0042083836441743185,1.484903022646904,-0.0005842284981554258,856.5909729003906,126883.08701165576
386,5,74304000,6.903445243835449,0.26277084441365633,38.33242431034645,2000,0.0029031089017565437,1.4836690090596676,-0.0014329249597722082,922.1585159301758,128130.73905339267
387,5,74496000,6.907357215881348,0.2634114709538456,38.371419286976256,2000,0.0034541446182629445,1.4853236116468906,-0.0015258121084116283,914.4966926574707,128464.75645539236
388,5,74688000,6.887740612030029,0.26214584423178167,38.34544758312404,2000,0.0034267568319701243,1.4864719659090042,-0.001472080395615194,883.3019123077393,127231.14608568477
389,5,74880000,6.913132667541504,0.26411459619885136,38.35721616819501,2000,0.0034047756073523486,1.4850550144910812,-0.0013230372564976278,849.4278526306152,128317.01325492164
390,5,75072000,6.90287446975708,0.26352084540606785,38.372603537514806,2000,0.0037707351185914985,1.482528917491436,-0.0011375093775427558,725.3790988922119,128003.76655565437
391,5,75264000,6.865570068359375,0.2622656369452064,38.375940361991525,2000,0.004291375217474221,1.4809255301952362,-0.0010944121161173825,856.2101058959961,127380.0127762076
392,5,75456000,6.936229228973389,0.2658020949681183,38.40033666913708,2000,0.003745528810618756,1.4810100719332695,-0.0009443900052019671,798.276086807251,126693.32850787663
393,5,75648000,6.883762836456299,0.2619375137498234,38.33541362794737,2000,0.004151071855438204,1.4798577018082142,-0.0009459347020310815,825.8448944091797,128141.25189604428
394,5,75840000,6.897998809814453,0.2629687604591406,38.325599854812026,2000,0.0033741950599724072,1.4794806130230427,-0.0012380810117065266,824.4352493286133,128931.80641091755
395,5,76032000,6.910694122314453,0.2636458455550989,38.328951470553875,2000,0.0034061899156852937,1.4796592853963375,-0.00126004970722704,762.5283126831055,126366.01597381546
396,5,76224000,6.920583248138428,0.26351563725802407,38.27599257907908,2000,0.0031989767569830293,1.4809045195579529,-0.0010604481085465522,658.109209060669,128113.83922255105
397,5,76416000,6.953152179718018,0.26661459575916524,38.37019872044524,2000,0.0035762159660904826,1.479406163096428,-0.0012046049178024987,780.226095199585,126672.46112263549
398,5,76608000,6.9271039962768555,0.2643854295032118,38.316809786483645,2000,0.00300856246263235,1.4782015457749367,-0.0012458451528800651,709.4976425170898,128042.00606009527
399,5,76800000,6.927898406982422,0.26552084744495613,38.349249962717295,2000,0.0037848806953819196,1.480748362839222,-0.001476304319510291,810.2304134368896,127890.09296063946
400,5,76992000,6.972900390625,0.26738542851247377,38.38030412544807,2000,0.0030667829967254267,1.4803160429000854,-0.0008893813592294464,802.8983516693115,127601.17224282576
401,5,77184000,6.916933536529541,0.2639687621194753,38.32877871890863,2000,0.0038247578494677633,1.479013815522194,-0.0012099581708753249,772.7617149353027,127785.7366296673
402,5,77376000,6.963828086853027,0.26698438724148826,38.424553775539,2000,0.003490392671980468,1.4777965657413006,-0.0012850279309759571,847.3320693969727,126978.77287848442
403,5,77568000,6.900759220123291,0.26340105401141045,38.32912690192461,2000,0.0035646535468792234,1.4770141616463661,-0.0010937841843770002,735.3068733215332,128081.98109167074
404,5,77760000,6.925300121307373,0.26465105395072896,38.34080867345134,2000,0.0036180481599779636,1.475567139685154,-0.0011467355889180908,758.5396938323975,128022.56141838613
405,5,77952000,6.950131416320801,0.2659427217283034,38.348415891329445,2000,0.003358994358519946,1.473791554570198,-0.0014006103697283834,789.6594886779785,128638.78177030382
406,5,78144000,7.006065845489502,0.26941146933677373,38.40714569451908,2000,0.0049027307367020215,1.4728613384068012,-0.0007275271163962316,608.5263042449951,128796.1801213277
407,5,78336000,6.904227256774902,0.263635428909159,38.41689313389361,2000,0.003959478032620003,1.4717682786285877,-0.0008638087323333821,756.8956642150879,128081.5219249554
408,5,78528000,6.8365044593811035,0.2597343865260579,38.29034088241557,2000,0.0031567652272933627,1.4707242026925087,-0.0013895612537453417,895.3693428039551,128034.8094195842
409,5,78720000,6.997186183929443,0.26921355495566485,38.41251787046591,2000,0.00307333012323943,1.4694876037538052,-0.0011426329560890736,701.6682872772217,128492.19448990292
410,5,78912000,6.933330059051514,0.2655364693552353,38.37465294202169,2000,0.003411741294061358,1.4682073965668678,-0.0012781237746821716,817.601375579834,128321.49719255336
411,5,79104000,6.883113384246826,0.26140105366478866,38.29042444191873,2000,0.003413848904703627,1.4681475758552551,-0.001154784657046548,745.9035301208496,128673.73835253673
412,5,79296000,6.869370937347412,0.26114063603927207,38.3242089462777,2000,0.004206281908593761,1.466562144458294,-0.001193552055156033,738.6392784118652,127926.31060764365
413,5,79488000,6.926483631134033,0.2646875128921238,38.378859193374716,2000,0.002847518222391954,1.465840857475996,-0.0009288385062973248,772.342456817627,127736.52162296597
414,5,79680000,6.906384468078613,0.2637500111322879,38.328816716869675,2000,0.003543295225177037,1.4650781191885471,-0.0009812163273039687,785.8680191040039,126936.77436105184
415,5,79872000,6.951488971710205,0.266307302480224,38.357342482854925,2000,0.003987957977049518,1.463659729808569,-0.0013376438364502974,785.4601364135742,126472.89777002358
416,5,80064000,6.925966262817383,0.2637760534156162,38.327802470574774,2000,0.0042420496359797345,1.4623993784189224,-0.0008445780113106593,767.5963306427002,125877.97032487969
417,5,80256000,6.908241271972656,0.26326563810895703,38.35890671238303,2000,0.0036894339629288883,1.4605264961719513,-0.001055584943969734,683.7661876678467,128257.96147607935
418,5,80448000,6.887031078338623,0.2625677196998974,38.37461717737218,2000,0.004427153298514895,1.4574864245951176,-0.0010979068693472982,707.588005065918,127686.33545224689
419,5,80640000,6.895605564117432,0.2628229294017122,38.31551649173101,2000,0.004214987709109361,1.4552731812000275,-0.0008062804881774355,747.326587677002,128103.08925307821
420,5,80832000,6.940453052520752,0.26517709640150616,38.346600069353975,2000,0.0036164358610888785,1.453186497092247,-0.0016226201738294144,682.647253036499,127630.7570746052
421,5,81024000,6.897143840789795,0.26365626180813706,38.369031865770616,2000,0.0031774697161454247,1.450764812529087,-0.0010527678214202751,901.3500595092773,127814.21198822149
422,5,81216000,6.942261695861816,0.26588542931312986,38.35209362581372,2000,0.003032891866218658,1.448709812015295,-0.0014083647529332666,863.4716110229492,128589.66031623751
423,5,81408000,6.895625114440918,0.2630885544634414,38.30305982939899,2000,0.0032244344523375424,1.4485379345715046,-0.0016412939035035379,827.0779457092285,128089.39811633171
424,5,81600000,6.938573360443115,0.26546355330174265,38.32336676989993,2000,0.0036041322018912376,1.4500602409243584,-0.0011359565921793546,699.1090354919434,128272.72500199157
425,5,81792000,6.99966287612915,0.26857813609118847,38.40111302087704,2000,0.0032816543503334586,1.4507059678435326,-0.0012038095264870208,661.2289810180664,128026.43165552075
426,5,81984000,6.873732566833496,0.260781261712206,38.262900802617274,2000,0.0035572318733175044,1.4509087055921555,-0.001258419324130955,762.7687435150146,127670.84557843817
427,5,82176000,7.055205821990967,0.2724218885717467,38.464056779940925,2000,0.0031226671217785525,1.4510182403028011,-0.0013918914651185332,675.9885311126709,128147.67430484103
428,5,82368000,6.9153900146484375,0.26398438715720357,38.32491814469298,2000,0.0032011654217349132,1.4499630071222782,-0.0012926462168252328,715.1125259399414,123846.80882483734
429,5,82560000,6.9210124015808105,0.26423959498242766,38.36849137023091,2000,0.0036812066504232155,1.4491510204970837,-0.0013838670207633186,655.8440418243408,125652.471811579
430,5,82752000,6.926260471343994,0.26345313656687114,38.28380075531701,2000,0.00337181945091288,1.4493697844445705,-0.0011447041504197841,697.4671859741211,126364.22238808648
431,5,82944000,6.9234724044799805,0.2638906379209705,38.374998615433775,2000,0.0032517539058875018,1.4479951970279217,-0.0012089600075064766,783.0767517089844,124889.39076678408
432,5,83136000,6.949433326721191,0.2664062633824263,38.378010780240096,2000,0.0033574841385949792,1.4479664228856564,-0.0007895470284893236,732.6842136383057,126512.02585792211
433,5,83328000,6.9894633293151855,0.26772917840329075,38.39855695143342,2000,0.004187864787507958,1.4477484226226807,-0.0004310426247684518,723.6975517272949,127528.94844963666
434,5,83520000,6.998074054718018,0.2697812609300551,38.435548796628915,2000,0.0033570776274924963,1.446903508156538,-0.0012251557132003654,758.225923538208,126595.27578108037
435,5,83712000,6.953783988952637,0.2659948030874754,38.37866511195898,2000,0.004074869668644775,1.4478671178221703,-0.0011175559441198857,682.0694789886475,127402.20371973356
436,5,83904000,6.877132892608643,0.260843762159008,38.309747122228146,2000,0.0038207252224577437,1.448792953044176,-0.0007432308725583425,699.2082099914551,126072.48483849384
437,5,84096000,6.896378993988037,0.2630573049439893,38.34261612718304,2000,0.003649835373439903,1.4488743990659714,-0.0010131382505278452,777.6267852783203,126102.45539410529
438,5,84288000,6.956621170043945,0.2655625126365824,38.306274001700025,2000,0.003489157532346629,1.44789669662714,-0.0011569747907742567,709.2872085571289,125025.48273219484
439,5,84480000,6.912127494812012,0.2637343870986418,38.34424637878934,2000,0.003487484564359571,1.4467498436570168,-0.001178153524051595,735.3629856109619,127143.8283802187
440,5,84672000,6.8756327629089355,0.26125522119158023,38.314907152205706,2000,0.0037036293251439933,1.4442539140582085,-0.001240441988556995,674.8358135223389,126092.32467330572
441,5,84864000,7.008045673370361,0.2683958443916102,38.42170670752724,2000,0.0035160482223242674,1.443181924521923,-0.0012216319228173234,603.2404546737671,124959.3201272815
442,5,85056000,6.935133457183838,0.2647968878827669,38.4423317356656,2000,0.0036330756340830703,1.4419506303966045,-0.0007072002742916084,794.7029457092285,126159.34540970821
443,5,85248000,6.8780388832092285,0.260786471026222,38.35060605530938,2000,0.004054511908839533,1.4413527846336365,-0.0007301841483240423,826.4913082122803,125158.38508327113
444,5,85440000,6.945535182952881,0.265921887964699,38.35473805479705,2000,0.0035016142701424537,1.439854420721531,-0.0015379343703898485,795.1167259216309,126172.00501947085
445,5,85632000,6.918156147003174,0.2638593890903091,38.375204503536224,2000,0.003363935533860058,1.4379466027021408,-0.0012227259067003615,771.0451564788818,126873.41658548878
446,5,85824000,6.876974105834961,0.2618073028825165,38.35573707645138,2000,0.002749742826077029,1.4374116286635399,-0.0007092158966770512,873.5152606964111,127068.06182598566
447,5,86016000,6.963735580444336,0.26663021999047487,38.383751468112074,2000,0.003576317721943875,1.4362521767616272,-0.0010177133972320007,718.0671691894531,127964.60720793705
448,5,86208000,6.868422031402588,0.260010427718953,38.31753801057736,2000,0.003059322068884891,1.4343941621482372,-0.0008303898313783975,663.2360649108887,127196.11158590857
449,5,86400000,6.89940881729126,0.2639479303240175,38.38485679527124,2000,0.0033294178805129675,1.4335446506738663,-0.0011300861308427557,757.2388134002686,127554.02537923607
450,5,86592000,6.944619178771973,0.2651823061569303,38.36292843396465,2000,0.003137485780236602,1.4329167902469635,-0.00128909582781489,637.370195388794,127644.29059272425
451,5,86784000,6.91408634185791,0.26320313616209506,38.33825436855356,2000,0.0036622317964405127,1.4316634759306908,-0.001183711590783787,567.1490364074707,126656.85446858776
452,5,86976000,6.904367923736572,0.26223959493533283,38.318071722363435,2000,0.002886845253090238,1.4319925047457218,-0.0012450556369003607,699.9675407409668,127445.85226592113
453,5,87168000,6.939453125,0.26532292905418825,38.364119472603,2000,0.0024079826926196495,1.4326934441924095,-0.0011402819964132505,712.736234664917,124598.4013440426
454,5,87360000,6.94874906539917,0.2654375113694793,38.37682658433914,2000,0.0026445381225130406,1.4324664771556854,-0.0012601502075995086,819.9891815185547,127125.55744453745
455,5,87552000,6.982851505279541,0.2681302213107604,38.359917138392724,2000,0.0028384171078760113,1.4321204647421837,-0.0012970069701623288,758.0527324676514,126815.25025244654
456,5,87744000,6.962648868560791,0.26681251245766663,38.33714974361161,2000,0.002705313907378392,1.432219259440899,-0.0012026329459331464,795.4027347564697,127996.41772202989
457,5,87936000,6.9128618240356445,0.26416147221971187,38.37819449727734,2000,0.0035390229546319457,1.4345798715949059,-0.0015617683020536788,700.385570526123,125190.56898015326
458,5,88128000,6.966458320617676,0.2660052199717029,38.36738186826309,2000,0.0030286935163797656,1.4352823235094547,-0.0011458818698883988,587.9266052246094,126309.8358757434
459,5,88320000,6.921433448791504,0.2631875110891997,38.331180126716696,2000,0.0035085018633690193,1.434417262673378,-0.0011595707155720447,700.5236911773682,124815.85800929298
460,5,88512000,6.971860408782959,0.2667343893353973,38.40162722518047,2000,0.0033727209810264554,1.4343749918043613,-0.0012553620990729542,614.1953353881836,126836.48084730582
461,5,88704000,6.9880499839782715,0.2674323053518795,38.384486919889845,2000,0.0028887380702920682,1.4334592260420322,-0.001403281872626394,716.2414016723633,125660.46675054697
462,5,88896000,7.028913974761963,0.26984897139603464,38.43758123616377,2000,0.0037717659561458273,1.4325324855744839,-0.0013623138429466053,577.236569404602,125707.47331148108
463,5,89088000,7.006928443908691,0.26903647120646684,38.418399741252266,2000,0.004044374523844454,1.432464525103569,-0.0007681756378588034,691.4547691345215,125785.2622431571
464,5,89280000,6.954050540924072,0.2656145964992902,38.43104209005833,2000,0.003977383420725043,1.4323227033019066,-0.0008489549388599471,708.1509952545166,125920.93051378545
465,5,89472000,6.9738593101501465,0.2666979286914284,38.38298456619183,2000,0.003587223220694189,1.4311445243656635,-0.0014986984103870782,556.4740047454834,124589.1184723259
466,5,89664000,6.927488803863525,0.26547397173150483,38.408750746399164,2000,0.0034180810634085596,1.4290707223117352,-0.0008575176962040132,873.2892551422119,125696.93459121793
467,5,89856000,6.948800563812256,0.2657343878163374,38.33932435698807,2000,0.0027307205349619227,1.428452156484127,-0.0012145371292717755,578.4187135696411,126019.51800095335
468,5,90048000,6.941140651702881,0.2643229291843454,38.35365373020371,2000,0.0025358409136509476,1.4277721270918846,-0.0011440440047323364,746.4520511627197,125836.65176840297
469,5,90240000,6.986880302429199,0.2676041796185018,38.40100962047776,2000,0.0030307431958250764,1.4267953224480152,-0.0010448368639117689,636.5813865661621,127627.16998045299
470,5,90432000,6.896213054656982,0.2635468861881236,38.31134930128852,2000,0.0029427172238987017,1.4258875399827957,-0.00093203281643639,685.4526100158691,125097.23231314133
471,5,90624000,6.948983192443848,0.2661458454840613,38.38909042005738,2000,0.0027301259617937227,1.424899261444807,-0.0014047021221585965,805.2886619567871,126445.88123837908
472,5,90816000,6.899384021759033,0.2645781381100581,38.34691044439872,2000,0.0028816762505903173,1.4232236072421074,-0.0013481823152687866,885.9356231689453,127488.86755223169
473,5,91008000,6.9208984375,0.2655677220148694,38.41503177086512,2000,0.0026707623183538087,1.4230465739965439,-0.001099738537959638,880.1563835144043,126835.33889909211
474,5,91200000,6.948408603668213,0.2667083448298702,38.41367231681943,2000,0.0031011258166945485,1.4224685840308666,-0.0016243246100202668,804.7095737457275,126278.16339850015
475,5,91392000,6.937890529632568,0.26453126264520205,38.33228489880761,2000,0.0029080042749434747,1.4222648330032825,-0.0011390085846869624,752.8821754455566,125987.73052133535
476,5,91584000,6.963676452636719,0.2667187609707374,38.37169938782851,2000,0.003170467923196459,1.4230399578809738,-0.0009495300255366601,735.0316505432129,125860.36952365795
477,5,91776000,6.895025253295898,0.2626770969181962,38.3416320544978,2000,0.0035924523601036824,1.4241284430027008,-0.0007375338690280842,685.73193359375,126528.15691322897
478,5,91968000,6.932558536529541,0.2650781396914681,38.36238436525067,2000,0.002718880999161532,1.425173718482256,-0.000994235138023214,677.4321804046631,126349.39500390222
479,5,92160000,6.922968864440918,0.2644270947797243,38.345297034829855,2000,0.002977936562211349,1.4242794401943684,-0.0011197804251423804,794.5186214447021,125534.36891347104
480,5,92352000,6.923568248748779,0.26312501264995564,38.33493553350369,2000,0.002769506141956299,1.4234864935278893,-0.001317745402957371,767.876033782959,126570.65297469975
481,5,92544000,6.87135648727417,0.26098438606156077,38.24353887389103,2000,0.003093519246179009,1.4228941015899181,-0.0012648411225200107,751.5813732147217,127344.49565127565
482,5,92736000,6.9295172691345215,0.2650573059915284,38.35485458125671,2000,0.0025213099534715485,1.4212825782597065,-0.0012774997876476846,815.6417789459229,126939.25420869095
483,5,92928000,6.965079307556152,0.2666666812553255,38.40873957301179,2000,0.0024000453148558636,1.4188996218144894,-0.0009566814595700635,806.9038009643555,126728.6540874412
484,5,93120000,6.939774036407471,0.2654270974890096,38.38272726287445,2000,0.002682969118276863,1.4176644757390022,-0.0012185708055767464,799.88796043396,127543.51478801463
485,5,93312000,6.9473137855529785,0.26510417891283095,38.393526374051966,2000,0.0024596987043648067,1.4164403900504112,-0.001636057021414672,682.2435607910156,127197.73640274868
486,5,93504000,6.988717555999756,0.26856251099161454,38.38740142559012,2000,0.002884575503871019,1.415871188044548,-0.0012907148229714949,720.7352657318115,126126.63495343838
487,5,93696000,6.924482822418213,0.26406771948859387,38.42046440268556,2000,0.0033468904598460848,1.41533961892128,-0.0012926916224387242,709.0545902252197,127322.59169494039
488,5,93888000,6.986893177032471,0.26736980437090097,38.41101240366697,2000,0.004089542225017794,1.4138574935495853,-0.00101380537444129,617.8983020782471,127535.66356629162
489,5,94080000,6.935990810394287,0.264296886794303,38.28816386157026,2000,0.0031734162995805185,1.4118942506611347,-0.0013402070544543676,669.5312442779541,127652.74852521995
490,5,94272000,6.974738121032715,0.2669583462411538,38.347493290901184,2000,0.003579194833509973,1.4097357653081417,-0.0010943481920548948,745.0416030883789,127573.34565945296
491,5,94464000,6.9727654457092285,0.2666979295742446,38.35437821038067,2000,0.0032714148029893593,1.4082462340593338,-0.0011310406330267142,690.816032409668,127792.72973462097
492,5,94656000,6.965488433837891,0.26560417900933925,38.3347809339563,2000,0.0027591613049128983,1.4068149663507938,-0.001495608537879889,657.7277412414551,126823.54849259884
493,5,94848000,6.983149528503418,0.2688698050054275,38.452188916814826,2000,0.002354862511263491,1.4055268950760365,-0.001107758089347044,873.2296924591064,125317.4879406775
494,5,95040000,6.911514759063721,0.26337501322632306,38.32427761952082,2000,0.0026334201960695885,1.4051642045378685,-0.001243982840605895,830.6971912384033,127100.9658066531
495,5,95232000,6.954477787017822,0.2656770958674315,38.387312999616064,2000,0.0027656676795813837,1.404636312276125,-0.0014083452970226062,779.8850231170654,125668.50029800933
496,5,95424000,6.871949195861816,0.26151563740677375,38.34634439150492,2000,0.002792464546084375,1.404555942863226,-0.0015223000294355415,832.4461975097656,127525.0613051817
497,5,95616000,6.9588117599487305,0.26702084563779255,38.423281007135905,2000,0.0029085460383551738,1.4034141190350056,-0.0012917123974602873,695.8846836090088,126235.25586466625
498,5,95808000,6.957767963409424,0.2655573038688696,38.39445741164187,2000,0.0025876833939176627,1.402568656951189,-0.0011414115851948736,750.1699829101562,127627.49100366436
499,5,96000000,6.954342365264893,0.26629688753807085,38.42165579274297,2000,0.0031052723333535445,1.4023967869579792,-0.000794180706179759,738.7672958374023,126423.66562307675
500,5,96192000,6.988892078399658,0.26765626184048114,38.35009070672095,2000,0.00266678921849719,1.4021501317620277,-0.0006540188687722548,702.8028354644775,127221.01883219901
501,5,96384000,6.966301918029785,0.2669739689178338,38.375202026218176,2000,0.0026603877123458613,1.4014761224389076,-0.0011575881417229539,599.8620109558105,127867.95459816085
502,5,96576000,6.949857234954834,0.26577605428610696,38.35439104711016,2000,0.0028597047640366025,1.400965005159378,-0.0011860751260428515,780.8021068572998,127458.94214238429
503,5,96768000,6.939661502838135,0.26465626276149123,38.33164250726501,2000,0.0031456715995057793,1.3999357968568802,-0.001516754968179157,617.9181652069092,126884.56129046527
504,5,96960000,6.8894805908203125,0.26020834690280026,38.315392930060625,2000,0.002791522546256602,1.398819226771593,-0.0011990215630248713,656.8978271484375,126465.94023974096
505,5,97152000,6.963621139526367,0.2667968887872121,38.396888829767704,2000,0.002837151574327436,1.3989165164530277,-0.0009092247260014119,761.804594039917,126601.382201426
506,5,97344000,6.98486328125,0.2671979310077101,38.392068676650524,2000,0.00215728403035367,1.3983445465564728,-0.0011628310585365398,770.8734016418457,127536.52859732945
507,5,97536000,6.956885814666748,0.2655052195902196,38.340359477326274,2000,0.0023548515321963346,1.3969605043530464,-0.0009716884509316515,713.0520496368408,127188.22564169003
508,5,97728000,7.018748760223389,0.27008855314852553,38.45248262832562,2000,0.002223167049818585,1.395915687084198,-0.0010352907247579424,760.2613315582275,127764.1576712789
509,5,97920000,6.945958137512207,0.2658750141041916,38.383944921816386,2000,0.002840651555790828,1.3951022736728191,-0.0013940492863184772,771.7673034667969,126511.37414439596
510,5,98112000,6.897607326507568,0.26278646988127247,38.334589306265116,2000,0.0025698729723202026,1.3942273035645485,-0.0012164897384536744,734.879150390625,127338.72127665918
511,5,98304000,6.90994930267334,0.2633020940217345,38.350841035445534,2000,0.0034597892124972225,1.3931093104183674,-0.0011524738765729126,764.0299034118652,127568.14339448484
512,5,98496000,6.939062595367432,0.2654583453950181,38.43202597523729,2000,0.0025745856238936545,1.3921137116849422,-0.0010963569174009535,799.4479084014893,127795.44209771938
513,5,98688000,6.963868618011475,0.2666145977267054,38.402438186109066,2000,0.0025163427346979,1.3905053175985813,-0.0011168582676077676,773.2276382446289,127801.9261841195
514,5,98880000,6.954468250274658,0.26663022318462026,38.381868866582714,2000,0.0026664032715695302,1.3900178335607052,-0.0007617845712957205,750.3093147277832,128045.79096695645
515,5,99072000,6.985964775085449,0.2669114702457591,38.358319191262126,2000,0.002303794679045192,1.3905344605445862,-0.0012865955316101463,566.8173627853394,127289.80275285254
516,5,99264000,6.949001312255859,0.2648020952983643,38.36308435164392,2000,0.002201408707837497,1.390182290226221,-0.0009364201960124774,720.2339382171631,128234.89803612957
517,5,99456000,6.929497241973877,0.26437501240616257,38.3285881622384,2000,0.0026462915571337352,1.3896297104656696,-0.001342262844218567,657.1450519561768,127514.69107368797
518,5,99648000,6.894843578338623,0.26306251407307474,38.311938555290304,2000,0.0020674228769130424,1.3888890333473682,-0.0014398542343769805,740.2373523712158,126091.90458836217
519,5,99840000,6.9287943840026855,0.2647291795692581,38.34601115062833,2000,0.0027087984288167114,1.388074703514576,-0.0013541431758312683,672.1994457244873,128261.07404706873
520,5,100032000,6.9167160987854,0.264026054619535,38.39159355560938,2000,0.003430405926706347,1.387946955859661,-0.0010658501216767036,834.8678855895996,128075.97236022662
521,5,100224000,6.981894493103027,0.2679739700961363,38.42010329850018,2000,0.0025472611430256316,1.3876820169389248,-0.0012678619691541826,635.8085956573486,127092.6409863265
522,5,100416000,6.943819046020508,0.26462501218035567,38.36098852132758,2000,0.002152579310711493,1.3878985866904259,-0.0012305858235777123,649.8823776245117,127871.87519397821
523,5,100608000,6.9094438552856445,0.26371355319982587,38.34251649181048,2000,0.002030836457664312,1.3878508284687996,-0.0009767774133706553,759.9593391418457,127373.30068867326
524,5,100800000,6.911881446838379,0.264005222564568,38.39588453806937,2000,0.0023634817948780737,1.3877901770174503,-0.0009992899358621798,815.5549736022949,128229.5021709496
525,5,100992000,6.908246040344238,0.2639010523022686,38.34240321690837,2000,0.002755228686368961,1.3874718397855759,-0.0012033346229145536,843.9643440246582,128230.85726047803
526,5,101184000,6.922773838043213,0.26393751457969,38.30574183848997,2000,0.0024539529175369047,1.3871830068528652,-0.0010607220951897034,852.0270900726318,127608.56879706778
527,5,101376000,6.939098834991455,0.26577084530496603,38.35211172824105,2000,0.002869502752536694,1.3867110423743725,-0.0013349207174542244,635.9905548095703,128175.27849631736
528,5,101568000,6.925123691558838,0.26483855504193343,38.38494915018479,2000,0.002398023646034441,1.3854933306574821,-0.0011527555652719457,854.2835292816162,128739.81605519264
529,5,101760000,6.912574291229248,0.2635364704407645,38.35712234303355,2000,0.0019032031061782012,1.3851249665021896,-0.001205370264301564,702.7352352142334,128622.72977632548
530,5,101952000,6.914070129394531,0.263265635887971,38.32505615055561,2000,0.0022070058356412113,1.3851195871829987,-0.000979443640972022,777.1517562866211,128358.45699227524
531,5,102144000,6.928771495819092,0.26409896960528084,38.36143345758319,2000,0.002569551401890446,1.385258361697197,-0.0009948754154720518,682.6459197998047,129410.8331072286
532,5,102336000,6.915334701538086,0.2638750131627603,38.33967165524761,2000,0.0026734701868711755,1.3852070979773998,-0.0010984556438415893,823.1417007446289,128016.43142156593
533,5,102528000,6.948434829711914,0.26573959601895086,38.3300824171553,2000,0.0023369833710761064,1.3842298574745655,-0.001073395562116275,786.1723384857178,128325.47180791288
534,5,102720000,6.883607864379883,0.26133855386251525,38.31473258820673,2000,0.00244456332844796,1.3834756761789322,-0.000986826702273902,820.5467205047607,129050.53042123554
535,5,102912000,6.974880218505859,0.2673333474200869,38.34860271091262,2000,0.002757695334347469,1.383060548454523,-0.0010120403012479073,682.6715850830078,127847.81175543883
536,5,103104000,6.964202880859375,0.2662656371188253,38.392658277104296,2000,0.002330771914392244,1.3828850388526917,-0.0008906878420020803,671.9363555908203,128909.99031682301
537,5,103296000,6.986602783203125,0.2672916790403785,38.388546454409756,2000,0.0016683963607617138,1.3828055076301098,-0.0011665919428196503,662.8915615081787,127971.08510297304
538,5,103488000,6.890133857727051,0.2625625109764466,38.34302265569568,2000,0.002233530398299384,1.383125890046358,-0.0009033673854901281,790.240312576294,128706.53952406785
539,5,103680000,7.010293960571289,0.26986980416162015,38.436468905458845,2000,0.002256561197765525,1.3831504359841347,-0.0010963889097581614,695.4079742431641,128560.3244306398
540,5,103872000,7.001634120941162,0.26895313780914876,38.41684291511774,2000,0.0017225115887237429,1.3827477730810642,-0.0009288484216085635,792.1735000610352,129168.89914225574
541,5,104064000,6.926077842712402,0.263458344825267,38.32975669577718,2000,0.0021391551539481947,1.3825663886964321,-0.001050451272931241,616.1410255432129,128653.1721536725
542,5,104256000,6.943365573883057,0.265593762414331,38.35560415933529,2000,0.0023573761689961725,1.382076047360897,-0.0009827221488194482,809.5313053131104,128294.01035890484
543,5,104448000,6.931324005126953,0.26438022048265947,38.33128736913204,2000,0.0020554778654765567,1.3816259540617466,-0.0009300023393734591,711.3413505554199,128802.3551225604
544,5,104640000,6.936184883117676,0.2647656381923298,38.36471247548858,2000,0.0018371866303065571,1.38197623193264,-0.0008336905939358985,703.7686424255371,128586.62917603446
545,5,104832000,6.9613847732543945,0.2665104289080773,38.347869185109936,2000,0.0018479141470543253,1.3823199234902859,-0.0009983044355976745,739.934003829956,128518.93529955692
546,5,105024000,6.995871067047119,0.2686823058029404,38.4347097898523,2000,0.0021212460652240374,1.3822215013206005,-0.0009495070651155402,781.5651454925537,126882.2008838668
547,5,105216000,7.009044170379639,0.26952605494564824,38.43633578096827,2000,0.0024872969804127934,1.38187750056386,-0.0013044254383203224,641.5077781677246,128591.02156727716
548,5,105408000,6.932916641235352,0.26426563731365604,38.385941272601485,2000,0.0020460062685876135,1.381756354123354,-0.000927822053199634,804.4281330108643,129188.79946683328
549,5,105600000,6.952815532684326,0.26619792759932653,38.33381642587483,2000,0.0019344972647565243,1.3819705843925476,-0.001059695172443753,839.1149215698242,129028.62063642805
550,5,105792000,6.9659037590026855,0.2666302195393655,38.386890310794115,2000,0.0022558384042746793,1.3815496750175953,-0.0011946471444161944,772.392858505249,128400.52712395859
551,5,105984000,7.0629563331604,0.27251043080529297,38.383400266990066,2000,0.001983891310655357,1.3810648024082184,-0.0011485531222206191,694.1338310241699,128809.83282814645
552,5,106176000,6.977075576782227,0.2670625140114377,38.42216436068217,2000,0.0018942365374665917,1.3807524740695953,-0.0008168518706952455,795.0148067474365,128293.50963456015
553,5,106368000,6.976253986358643,0.266697930192701,38.40519212310513,2000,0.0024873595236776964,1.3807638064026833,-0.0011788197612077056,655.1726665496826,128724.41647829466
554,5,106560000,6.910111904144287,0.26378647151917295,38.30402431512872,2000,0.0014398084156079377,1.3805998712778091,-0.0008712000845889634,737.2808704376221,127960.11585645506
555,5,106752000,6.917815685272217,0.2650625113346905,38.34623690570394,2000,0.002008243182364822,1.38039917871356,-0.001179022146288844,787.0668869018555,129255.44643145606
556,5,106944000,6.918705463409424,0.2640208456941764,38.29139817506075,2000,0.002077012490612408,1.3802805356681347,-0.0009526571552669338,621.6950349807739,129507.40480509146
557,5,107136000,6.94708251953125,0.2648698038829025,38.31166777511438,2000,0.001998629055996768,1.380369532853365,-0.0010267470884173235,686.5940799713135,128947.031614433
558,5,107328000,6.933305263519287,0.26394792980984977,38.31500989571214,2000,0.0018501059903085967,1.3804670125246048,-0.0010721861563069979,647.957441329956,127773.61768953728
559,5,107520000,6.968805313110352,0.26670834367784363,38.37094093114138,2000,0.0014996417125212247,1.380085214972496,-0.0007172412696263564,758.7094821929932,129418.12437968743
560,5,107712000,6.930336952209473,0.26519792884816223,38.32940672213832,2000,0.002068448370952561,1.379466224461794,-0.0009997570850828197,944.6101531982422,128992.99685977706
561,5,107904000,6.9107184410095215,0.2624218866906934,38.277521276536085,2000,0.0015847720677562996,1.3792610168457031,-0.0006970768000797989,664.7671089172363,127360.78868153623
562,5,108096000,6.958984375,0.2656198031697083,38.35301819071174,2000,0.0015012654409166924,1.379225168377161,-0.0008023425298233633,747.1291656494141,128362.66286148461
563,5,108288000,6.908153057098389,0.26302084386043134,38.317254323512316,2000,0.001479653356478896,1.379125826060772,-0.0007461401355612907,781.9908618927002,128053.00002719394
564,5,108480000,6.958154201507568,0.26537501167028194,38.28928270780792,2000,0.0017704245319373512,1.3787716999650002,-0.001055450636158639,618.7916221618652,128797.232458562
565,5,108672000,6.989117622375488,0.26822397018865257,38.368197590112686,2000,0.00139224003876249,1.378320600837469,-0.0006263511422730517,767.1442165374756,128605.13991196392
566,5,108864000,6.953253746032715,0.26521355381676887,38.27313284374153,2000,0.0016327780245914405,1.3782310336828232,-0.0009124582979893603,691.7144622802734,126269.62596400014
567,5,109056000,6.972829341888428,0.2668125139255911,38.40636734788617,2000,0.0012621317819260488,1.378031026571989,-0.0005558896900765831,759.1448040008545,127672.97486706641
568,5,109248000,6.967920303344727,0.2669635550816262,38.3447814428558,2000,0.0023045149773912883,1.3779414780437946,-0.001080782212284248,578.1447973251343,128307.17756140023
569,5,109440000,6.936760425567627,0.2652968873165567,38.33338577238222,2000,0.001427303500763628,1.3776047118008137,-0.0008203373802189162,649.5137844085693,127702.87414862395
570,5,109632000,6.89243745803833,0.2619375130076757,38.28432786309471,2000,0.0019256956833011516,1.3770948387682438,-0.0009646717677469496,744.3822250366211,128656.83206815652
571,5,109824000,6.926196098327637,0.26256251445496065,38.30841832856337,2000,0.0017261824428510403,1.3767350614070892,-0.0006709463832521578,543.8871631622314,126240.10977355525
572,5,110016000,6.918733596801758,0.2638593869439016,38.287982661277056,2000,0.0011513349451489976,1.3765331245958805,-0.0007217382847102272,640.4877510070801,128361.66764256988
573,5,110208000,6.998043060302734,0.2684635524456098,38.33798901426295,2000,0.0013248367440141162,1.3763681128621101,-0.0007327371499741275,633.4348697662354,127890.03145509413
574,5,110400000,6.882643222808838,0.2616458452648658,38.341229901338615,2000,0.001339836877820971,1.376244880259037,-0.0007890462038631085,746.1798076629639,127403.86702711586
575,5,110592000,6.941985607147217,0.2664687635048419,38.37443324178457,2000,0.0015674842559612132,1.3761974573135376,-0.0005372005625758902,754.5983295440674,128055.43852843485
576,5,110784000,6.942486763000488,0.26517188835653843,38.372606882204614,2000,0.001410366334270369,1.3762474618852139,-0.000625693624442647,728.1756134033203,127138.31102701486
577,5,110976000,6.964639186859131,0.26679688793228706,38.3384610923628,2000,0.002312300978283322,1.3763742297887802,-0.0012047894688294036,597.6614036560059,128770.10229885901
578,5,111168000,6.938852787017822,0.26466147030381154,38.3391336761415,2000,0.0011961512319131392,1.3762543760240078,-0.000672668913466623,722.6360168457031,128181.26514351761
579,5,111360000,7.011816501617432,0.26926042943038436,38.38663577785095,2000,0.0009543807625887737,1.3762019723653793,-0.0007655926037841709,674.3149261474609,128762.98385777968
580,5,111552000,6.919437408447266,0.26411980448089406,38.31154124438763,2000,0.0009820566467172208,1.376265924423933,-0.0005899303541809786,858.8680725097656,128539.43467677667
581,5,111744000,6.964117050170898,0.2657968870759457,38.326143734777965,2000,0.0015520413909543241,1.3759865052998066,-0.0007222380415896623,634.7961406707764,128401.82726811891
582,5,111936000,6.951496124267578,0.2662812612882893,38.308054015195616,2000,0.0009942291865015704,1.3755552135407925,-0.00047158292397853074,652.8112125396729,128135.44617213473
583,5,112128000,6.910397052764893,0.26299480483855103,38.30580726390084,2000,0.0008983150543252806,1.3754965737462044,-0.0006307689109235071,646.1258220672607,127972.05192756714
584,5,112320000,6.996432781219482,0.26861459633255436,38.33338293991983,2000,0.0014067928370593563,1.375668365508318,-0.0006960360215089167,610.820987701416,125337.59542615556
585,5,112512000,6.948143005371094,0.2656666782289297,38.282920146826655,2000,0.0006743773147045431,1.3759320341050625,-0.00023469552797905635,817.7456645965576,125958.29389799363
586,5,112704000,6.953711986541748,0.2658333459488252,38.31026431297263,2000,0.0013122850065868195,1.3758799768984318,-0.0006264789642500546,656.8311462402344,125908.24279805976
587,5,112896000,6.919647216796875,0.263901054404414,38.327646907418966,2000,0.0011659952487646594,1.375741247087717,-0.0004798114392770003,756.280611038208,126923.08629769534
588,5,113088000,7.0440239906311035,0.2711614729244805,38.37440761178732,2000,0.0011009680713870386,1.3756429068744183,-0.000693264921210357,725.861629486084,127119.29750681562
589,5,113280000,6.976229190826416,0.26684376277929306,38.33017442934215,2000,0.0013344620976898317,1.3755820132791996,-0.0005378156836286507,665.7384719848633,125459.50007613098
590,5,113472000,7.014906883239746,0.26959376397583884,38.351599088559546,2000,0.0007432874124542839,1.3756983317434788,-0.0004277131811250001,718.6457233428955,125058.47151130874
591,5,113664000,6.985271453857422,0.26655209602116275,38.35982044786215,2000,0.00043537577917222847,1.3757822625339031,-0.0004578182961267885,723.6336116790771,125219.13544329263
592,5,113856000,6.910445213317871,0.26382813912277925,38.32521036018928,2000,0.0007468926083850722,1.3758279867470264,-0.00043846922562806867,735.3725490570068,127030.87325306452
593,5,114048000,6.980493545532227,0.2671198055826001,38.30470430664718,2000,0.00046288212297145893,1.3757959268987179,-0.0002614638524391921,663.374885559082,127255.85855539233
594,5,114240000,6.874182224273682,0.26115105480130296,38.21877925594648,2000,9.089091819307338e-05,1.3757446072995663,-0.00013659400951837597,749.2738590240479,125969.63089552645
595,5,114432000,6.971303462982178,0.2670312618841611,38.31310935256382,2000,0.00017783156419197074,1.3757467977702618,-0.0001858473183347087,682.2369499206543,126304.51629854664
596,5,114624000,6.957437515258789,0.26621355645208195,38.351793471723795,2000,0.0001234795006244977,1.375726405531168,-0.00022680274787489907,734.6917304992676,125826.51481073943
597,5,114816000,6.9480085372924805,0.2656770959632316,38.28779709773759,2000,0.0002487041045114917,1.375666756182909,-0.0001924860625877045,629.0694522857666,127073.26333195421
598,5,115008000,6.931404113769531,0.2643073044328048,38.30741011351347,2000,2.6567085922950956e-05,1.3756666705012321,-6.433992348320317e-05,736.9317207336426,126642.70762370876
599,5,115200000,7.044070243835449,0.2715364695050084,38.36000310008725,2000,5.57639128829536e-06,1.3756612166762352,-5.661280511048972e-05,631.2706413269043,127787.22523895181
